leave_id,employee_id,leave_type,start_date,end_date,total_leave_days,leave_reason,approval_status,approved_by
1,2620,Annual Leave,2025-01-19,2025-01-19,1,Marriage,Approved,Gaurangi Seshadri
2,915,Sick Leave,2024-10-19,2024-10-20,2,Medical Treatment,Approved,Vincent Ganesan
3,2419,Emergency Leave,2025-06-19,2025-06-19,1,Marriage,Approved,Nilima Tripathi
4,953,Maternity Leave,2024-04-29,2024-05-08,10,Marriage,Approved,Ayushman Rastogi
5,2933,Paternity Leave,2025-08-28,2025-09-05,9,Higher Education,Approved,Ishita Das
6,2414,Casual Leave,2024-11-27,2024-11-27,1,Family Emergency,Approved,Pushti Memon
7,2860,Emergency Leave,2025-12-29,2026-01-03,6,Marriage,Approved,Azad Balasubramanian
8,1379,Annual Leave,2025-04-11,2025-04-12,2,Religious Festival,Approved,Tamanna Mammen
9,1409,Maternity Leave,2024-10-07,2024-10-11,5,Higher Education,Approved,Waida Sule
10,2197,Annual Leave,2024-07-27,2024-08-02,7,Personal Work,Approved,Alexander Pingle
11,2575,Maternity Leave,2025-04-24,2025-04-29,6,Medical Treatment,Approved,Theodore Patla
12,188,Paternity Leave,2025-12-17,2025-12-20,4,Medical Treatment,Approved,Rachit Ganesh
13,954,Unpaid Leave,2024-05-07,2024-05-08,2,Higher Education,Approved,Mitali Prakash
14,2604,Unpaid Leave,2025-09-29,2025-10-04,6,Religious Festival,Approved,Ayaan Dash
15,859,Paternity Leave,2024-02-22,2024-02-26,5,Medical Treatment,Approved,Zashil Misra
16,2496,Paternity Leave,2025-02-20,2025-02-22,3,Marriage,Approved,Eta Bali
17,670,Emergency Leave,2025-06-15,2025-06-21,7,Marriage,Approved,Omisha Sahota
18,2805,Casual Leave,2024-11-04,2024-11-04,1,Vacation,Approved,Aarav Brahmbhatt
19,1293,Emergency Leave,2024-10-18,2024-10-22,5,Religious Festival,Approved,Yash Kala
20,871,Paternity Leave,2025-07-08,2025-07-15,8,Higher Education,Approved,Daniel Narayanan
21,586,Casual Leave,2024-07-05,2024-07-07,3,Personal Work,Approved,Yahvi Balakrishnan
22,2395,Emergency Leave,2024-07-30,2024-08-08,10,Marriage,Approved,Laksh Chopra
23,567,Maternity Leave,2025-07-11,2025-07-18,8,Vacation,Approved,Xavier Amble
24,450,Sick Leave,2025-08-18,2025-08-20,3,Child Care,Approved,Qadim Rout
25,2443,Annual Leave,2024-01-25,2024-01-31,7,Higher Education,Approved,Bachittar Behl
26,2168,Casual Leave,2024-08-28,2024-09-05,9,Vacation,Approved,Hemal Subramanian
27,2787,Paternity Leave,2024-03-10,2024-03-11,2,Personal Work,Approved,Urvashi Salvi
28,2626,Casual Leave,2024-12-23,2024-12-24,2,Family Emergency,Approved,Chasmum Borra
29,1859,Annual Leave,2025-04-10,2025-04-14,5,Family Emergency,Rejected,
30,2080,Annual Leave,2024-03-03,2024-03-07,5,Marriage,Approved,Triveni Bahri
31,627,Casual Leave,2025-07-30,2025-08-01,3,Vacation,Approved,Amruta Desai
32,2454,Casual Leave,2025-06-24,2025-07-01,8,Religious Festival,Approved,Quincy Gandhi
33,1260,Sick Leave,2024-09-22,2024-09-22,1,Medical Treatment,Approved,Azaan Sachar
34,351,Paternity Leave,2025-05-19,2025-05-26,8,Family Emergency,Approved,Eshana Savant
35,526,Paternity Leave,2025-04-01,2025-04-08,8,Family Emergency,Pending,
36,1086,Maternity Leave,2025-09-07,2025-09-16,10,Marriage,Approved,Qarin Shroff
37,2209,Unpaid Leave,2025-06-30,2025-07-03,4,Child Care,Approved,Balendra Mittal
38,2752,Paternity Leave,2024-11-02,2024-11-07,6,Higher Education,Approved,Ekalinga Warrior
39,496,Sick Leave,2025-01-30,2025-02-02,4,Vacation,Approved,Kashvi Gola
40,2410,Maternity Leave,2024-04-07,2024-04-10,4,Vacation,Approved,Jai Peri
41,291,Paternity Leave,2025-09-30,2025-09-30,1,Vacation,Approved,Vinaya Deshmukh
42,1354,Annual Leave,2024-07-02,2024-07-10,9,Higher Education,Approved,Mohini Mital
43,878,Maternity Leave,2025-09-14,2025-09-16,3,Higher Education,Approved,Ronith Sridhar
44,996,Unpaid Leave,2025-08-24,2025-08-31,8,Marriage,Approved,Raksha Banik
45,387,Annual Leave,2024-06-13,2024-06-19,7,Child Care,Approved,Rishi Sarna
46,1913,Unpaid Leave,2024-03-27,2024-03-27,1,Medical Treatment,Approved,Yashodhara Parmer
47,249,Emergency Leave,2024-02-03,2024-02-08,6,Medical Treatment,Approved,Bhavani Dash
48,1019,Sick Leave,2025-12-01,2025-12-04,4,Family Emergency,Approved,Benjamin Tara
49,1729,Sick Leave,2025-01-28,2025-02-01,5,Medical Treatment,Approved,Rayaan Sawhney
50,1816,Unpaid Leave,2025-05-08,2025-05-16,9,Vacation,Approved,Luke Hari
51,383,Unpaid Leave,2024-04-08,2024-04-11,4,Higher Education,Approved,Bhavani Agarwal
52,1972,Sick Leave,2025-02-22,2025-02-28,7,Family Emergency,Pending,
53,1553,Annual Leave,2025-06-07,2025-06-13,7,Higher Education,Approved,Amol Parmer
54,1169,Emergency Leave,2024-12-16,2024-12-24,9,Higher Education,Approved,Peter Loke
55,635,Sick Leave,2025-01-05,2025-01-09,5,Vacation,Approved,Ati Krishna
56,2373,Paternity Leave,2024-02-22,2024-03-01,9,Religious Festival,Approved,Aadi Trivedi
57,235,Annual Leave,2024-04-21,2024-04-30,10,Family Emergency,Approved,Charita Bir
58,233,Maternity Leave,2024-10-23,2024-10-24,2,Medical Treatment,Approved,Hemal Gandhi
59,2438,Annual Leave,2025-11-27,2025-11-30,4,Marriage,Approved,Frado Koshy
60,2372,Maternity Leave,2025-02-14,2025-02-14,1,Child Care,Approved,Nikita Choudhary
61,2693,Maternity Leave,2024-09-05,2024-09-14,10,Personal Work,Approved,Yochana Verma
62,837,Paternity Leave,2025-11-20,2025-11-25,6,Child Care,Approved,Rajata Patel
63,537,Paternity Leave,2024-02-04,2024-02-08,5,Medical Treatment,Approved,Raksha Krish
64,39,Emergency Leave,2024-11-18,2024-11-27,10,Medical Treatment,Rejected,
65,301,Maternity Leave,2025-10-04,2025-10-07,4,Family Emergency,Approved,Tanveer Patil
66,1430,Annual Leave,2025-11-05,2025-11-08,4,Family Emergency,Approved,Odika Randhawa
67,1795,Unpaid Leave,2025-09-25,2025-10-03,9,Vacation,Approved,Dakshesh Choudhry
68,2736,Unpaid Leave,2024-09-13,2024-09-21,9,Medical Treatment,Approved,Shaurya Johal
69,551,Casual Leave,2025-05-08,2025-05-09,2,Family Emergency,Pending,
70,1116,Casual Leave,2024-08-22,2024-08-31,10,Religious Festival,Approved,Rohan Golla
71,834,Paternity Leave,2025-11-11,2025-11-15,5,Personal Work,Approved,Rushil Setty
72,209,Annual Leave,2025-03-02,2025-03-08,7,Vacation,Approved,Kamala Master
73,15,Casual Leave,2024-07-02,2024-07-04,3,Personal Work,Approved,Alexander Bassi
74,662,Paternity Leave,2025-09-27,2025-10-04,8,Child Care,Approved,Kevin Pathak
75,2298,Annual Leave,2025-08-04,2025-08-05,2,Family Emergency,Approved,Urvashi Morar
76,2235,Annual Leave,2024-06-29,2024-07-04,6,Family Emergency,Approved,Madhavi Srinivasan
77,1761,Sick Leave,2025-09-01,2025-09-01,1,Vacation,Approved,Yochana Buch
78,1466,Sick Leave,2024-07-01,2024-07-04,4,Religious Festival,Approved,Patrick Kota
79,2294,Unpaid Leave,2025-07-27,2025-08-02,7,Family Emergency,Rejected,
80,970,Unpaid Leave,2024-10-23,2024-10-25,3,Family Emergency,Rejected,
81,1689,Annual Leave,2024-09-23,2024-09-25,3,Religious Festival,Approved,Yutika Agrawal
82,1687,Unpaid Leave,2025-04-07,2025-04-10,4,Medical Treatment,Approved,Aarna Murthy
83,1567,Unpaid Leave,2024-10-11,2024-10-11,1,Marriage,Approved,Dhriti Sharaf
84,818,Unpaid Leave,2024-03-06,2024-03-13,8,Marriage,Approved,Brijesh Karan
85,914,Annual Leave,2024-04-06,2024-04-09,4,Personal Work,Approved,Arya Sandal
86,285,Unpaid Leave,2024-03-20,2024-03-24,5,Child Care,Approved,Deepa Gola
87,2784,Unpaid Leave,2024-08-24,2024-09-01,9,Vacation,Approved,Vrishti Lalla
88,473,Casual Leave,2024-12-16,2024-12-18,3,Personal Work,Approved,Aditya Prabhakar
89,157,Annual Leave,2024-04-29,2024-05-08,10,Religious Festival,Approved,Chameli Shukla
90,1788,Maternity Leave,2024-07-29,2024-08-06,9,Marriage,Approved,Jason Mutti
91,1044,Annual Leave,2025-03-01,2025-03-07,7,Marriage,Approved,Shivani Yogi
92,1492,Emergency Leave,2025-12-30,2025-12-31,2,Religious Festival,Pending,
93,2553,Casual Leave,2024-09-11,2024-09-12,2,Personal Work,Approved,Gunbir Varty
94,2078,Casual Leave,2025-07-21,2025-07-27,7,Personal Work,Approved,Falguni Chokshi
95,2271,Sick Leave,2025-10-03,2025-10-06,4,Child Care,Approved,Jackson Jain
96,2775,Paternity Leave,2024-02-29,2024-03-02,3,Personal Work,Approved,Tejas Kapur
97,1664,Maternity Leave,2024-08-03,2024-08-03,1,Marriage,Approved,Anya Lalla
98,1761,Unpaid Leave,2025-05-06,2025-05-15,10,Religious Festival,Approved,Samarth Goda
99,1905,Emergency Leave,2024-06-05,2024-06-12,8,Higher Education,Approved,Kashish Varma
100,696,Paternity Leave,2025-11-24,2025-11-25,2,Religious Festival,Approved,Om Konda
101,383,Unpaid Leave,2025-11-10,2025-11-13,4,Marriage,Approved,Ekaja Tara
102,816,Sick Leave,2024-12-21,2024-12-21,1,Higher Education,Approved,Chandani Virk
103,2504,Unpaid Leave,2025-10-02,2025-10-03,2,Marriage,Approved,Ishaan Sant
104,2943,Paternity Leave,2024-07-30,2024-08-05,7,Marriage,Approved,Dayita Merchant
105,605,Paternity Leave,2025-10-18,2025-10-18,1,Medical Treatment,Pending,
106,1742,Sick Leave,2024-06-21,2024-06-23,3,Higher Education,Approved,Gayathri Walla
107,206,Maternity Leave,2024-12-04,2024-12-07,4,Medical Treatment,Pending,
108,1870,Sick Leave,2024-02-28,2024-03-06,8,Religious Festival,Approved,Nikita Bhatt
109,1813,Maternity Leave,2024-07-30,2024-08-07,9,Higher Education,Approved,Sachi Oommen
110,652,Paternity Leave,2025-08-17,2025-08-24,8,Marriage,Approved,Sarthak Bava
111,2612,Casual Leave,2024-09-04,2024-09-12,9,Marriage,Approved,Adweta Ganguly
112,1125,Emergency Leave,2025-07-01,2025-07-02,2,Marriage,Approved,Neelima Bail
113,1113,Casual Leave,2024-09-06,2024-09-11,6,Medical Treatment,Pending,
114,567,Sick Leave,2024-07-29,2024-08-01,4,Family Emergency,Approved,Rachit Prabhakar
115,2894,Sick Leave,2025-08-05,2025-08-06,2,Religious Festival,Approved,Ridhi Kamdar
116,2223,Emergency Leave,2025-10-25,2025-10-31,7,Child Care,Approved,Ansh Gulati
117,1596,Unpaid Leave,2024-11-05,2024-11-14,10,Vacation,Pending,
118,2359,Emergency Leave,2024-08-25,2024-09-01,8,Religious Festival,Approved,Ekantika Saran
119,1224,Unpaid Leave,2024-12-03,2024-12-09,7,Child Care,Approved,Ranveer Khanna
120,2205,Paternity Leave,2024-06-06,2024-06-14,9,Marriage,Approved,Nilima Krishna
121,2000,Sick Leave,2025-06-17,2025-06-21,5,Vacation,Approved,Zilmil Andra
122,1593,Casual Leave,2025-03-12,2025-03-18,7,Higher Education,Approved,Nachiket Ramanathan
123,523,Maternity Leave,2025-02-18,2025-02-26,9,Child Care,Approved,Urishilla Morar
124,2425,Maternity Leave,2024-06-30,2024-06-30,1,Child Care,Approved,Dakshesh Prakash
125,556,Unpaid Leave,2025-10-18,2025-10-25,8,Personal Work,Approved,Unnati Mander
126,1553,Casual Leave,2024-06-26,2024-06-29,4,Religious Festival,Approved,Dayita Naidu
127,1553,Casual Leave,2024-08-21,2024-08-27,7,Medical Treatment,Approved,Samarth Tara
128,1927,Annual Leave,2025-05-07,2025-05-15,9,Religious Festival,Approved,Kavya Golla
129,919,Paternity Leave,2025-10-18,2025-10-19,2,Vacation,Approved,Devika Sinha
130,128,Sick Leave,2025-08-13,2025-08-16,4,Family Emergency,Approved,Praneel Kurian
131,978,Sick Leave,2024-03-23,2024-03-30,8,Marriage,Approved,Shaurya Sandhu
132,1905,Paternity Leave,2025-07-13,2025-07-17,5,Family Emergency,Approved,Warjas Divan
133,2482,Maternity Leave,2025-06-29,2025-06-30,2,Family Emergency,Approved,Chakradev Bhargava
134,1275,Annual Leave,2024-10-26,2024-11-04,10,Personal Work,Approved,Yashoda Subramanian
135,2359,Paternity Leave,2025-10-09,2025-10-15,7,Marriage,Approved,Agastya Keer
136,312,Maternity Leave,2025-05-08,2025-05-11,4,Personal Work,Approved,Chanchal Mandal
137,2803,Maternity Leave,2025-12-13,2025-12-14,2,Vacation,Approved,Bachittar Gokhale
138,1423,Maternity Leave,2024-07-12,2024-07-18,7,Medical Treatment,Approved,Charita Patil
139,2073,Paternity Leave,2025-12-30,2026-01-04,6,Child Care,Approved,Yamini Lalla
140,2008,Annual Leave,2024-11-22,2024-11-28,7,Higher Education,Rejected,
141,2898,Sick Leave,2025-09-04,2025-09-10,7,Personal Work,Approved,Abhiram Narang
142,2523,Unpaid Leave,2024-06-08,2024-06-16,9,Higher Education,Approved,Hritik Chaudhuri
143,1785,Unpaid Leave,2024-04-11,2024-04-20,10,Marriage,Approved,Mohini Purohit
144,355,Casual Leave,2025-09-18,2025-09-25,8,Higher Education,Approved,Nirja Koshy
145,2335,Maternity Leave,2025-12-05,2025-12-11,7,Higher Education,Approved,Janaki Mand
146,1332,Sick Leave,2025-12-28,2026-01-04,8,Personal Work,Approved,Qabil Khanna
147,1395,Casual Leave,2025-11-18,2025-11-27,10,Personal Work,Approved,Kritika Khosla
148,2277,Annual Leave,2025-06-08,2025-06-16,9,Medical Treatment,Pending,
149,989,Paternity Leave,2024-12-30,2025-01-05,7,Marriage,Approved,Aahana Bawa
150,2829,Emergency Leave,2024-05-21,2024-05-28,8,Vacation,Approved,Harshil Chauhan
151,382,Casual Leave,2024-09-09,2024-09-12,4,Marriage,Approved,Lipika Anand
152,1255,Paternity Leave,2024-01-19,2024-01-28,10,Religious Festival,Approved,Brijesh Dash
153,1743,Paternity Leave,2025-11-27,2025-12-05,9,Higher Education,Approved,Farhan Peri
154,1110,Casual Leave,2024-12-15,2024-12-19,5,Marriage,Approved,Neha Nigam
155,1293,Annual Leave,2024-02-29,2024-03-08,9,Family Emergency,Pending,
156,785,Sick Leave,2025-06-14,2025-06-21,8,Personal Work,Approved,Vedika Mannan
157,412,Unpaid Leave,2025-06-28,2025-07-01,4,Religious Festival,Approved,Hamsini Kapadia
158,735,Casual Leave,2025-12-24,2025-12-24,1,Family Emergency,Approved,Aditya Nagy
159,1124,Annual Leave,2024-06-16,2024-06-16,1,Family Emergency,Approved,Qushi Vaidya
160,2613,Unpaid Leave,2024-03-23,2024-03-30,8,Vacation,Approved,Rishi Bail
161,2352,Casual Leave,2025-06-19,2025-06-26,8,Religious Festival,Approved,Udant Mittal
162,756,Annual Leave,2025-08-21,2025-08-25,5,Higher Education,Pending,
163,468,Unpaid Leave,2025-09-28,2025-09-29,2,Medical Treatment,Approved,Idika Palan
164,2364,Paternity Leave,2025-06-08,2025-06-08,1,Personal Work,Approved,Omisha Lata
165,349,Sick Leave,2025-10-24,2025-10-25,2,Child Care,Approved,Oscar Prashad
166,2484,Maternity Leave,2025-03-09,2025-03-18,10,Child Care,Approved,Quincy Narayan
167,1846,Emergency Leave,2024-05-15,2024-05-19,5,Child Care,Approved,Matthew Ganesh
168,1251,Maternity Leave,2025-09-11,2025-09-20,10,Medical Treatment,Approved,Alexander Chacko
169,852,Paternity Leave,2024-12-06,2024-12-09,4,Medical Treatment,Approved,Divya Sharma
170,644,Sick Leave,2025-09-27,2025-09-29,3,Family Emergency,Approved,Vasudha Bhatt
171,11,Emergency Leave,2024-12-21,2024-12-28,8,Higher Education,Approved,Vritti Sandal
172,1193,Annual Leave,2025-09-24,2025-09-27,4,Personal Work,Approved,Nilima Korpal
173,2880,Unpaid Leave,2025-03-05,2025-03-12,8,Marriage,Approved,Sudiksha Nagar
174,1084,Unpaid Leave,2025-11-01,2025-11-10,10,Marriage,Approved,Ayush Nagy
175,1742,Annual Leave,2025-10-21,2025-10-29,9,Family Emergency,Approved,Dayita Ben
176,1089,Unpaid Leave,2025-12-10,2025-12-12,3,Family Emergency,Approved,Jackson Batta
177,1260,Maternity Leave,2025-06-30,2025-07-09,10,Higher Education,Pending,
178,510,Emergency Leave,2024-02-19,2024-02-23,5,Personal Work,Approved,Amara Raju
179,2050,Maternity Leave,2025-08-13,2025-08-20,8,Vacation,Approved,Vanya Vyas
180,1770,Paternity Leave,2024-01-11,2024-01-16,6,Vacation,Approved,Lakshmi Shah
181,375,Sick Leave,2024-11-17,2024-11-26,10,Vacation,Approved,Nachiket Ramakrishnan
182,2754,Unpaid Leave,2024-10-14,2024-10-18,5,Family Emergency,Approved,Ijaya Wali
183,1928,Maternity Leave,2024-03-07,2024-03-14,8,Family Emergency,Pending,
184,2398,Emergency Leave,2024-04-29,2024-05-06,8,Higher Education,Rejected,
185,1426,Emergency Leave,2024-03-10,2024-03-15,6,Medical Treatment,Approved,Veda Borah
186,659,Casual Leave,2024-05-20,2024-05-26,7,Personal Work,Approved,Bina Saraf
187,2714,Emergency Leave,2024-03-16,2024-03-24,9,Medical Treatment,Approved,Ridhi Mukhopadhyay
188,1289,Casual Leave,2024-11-23,2024-11-28,6,Child Care,Approved,Sara Mandal
189,2108,Unpaid Leave,2025-07-22,2025-07-22,1,Higher Education,Approved,Sarthak Kurian
190,1693,Annual Leave,2025-03-08,2025-03-11,4,Higher Education,Approved,Radha Dar
191,2562,Emergency Leave,2025-06-26,2025-06-26,1,Family Emergency,Approved,Ekavir Hayer
192,1180,Emergency Leave,2024-12-12,2024-12-19,8,Marriage,Approved,Qushi Brahmbhatt
193,2908,Sick Leave,2025-03-03,2025-03-07,5,Child Care,Approved,Mohini Sarma
194,382,Sick Leave,2024-09-05,2024-09-06,2,Medical Treatment,Approved,Jyoti Chanda
195,2654,Unpaid Leave,2025-05-28,2025-05-30,3,Personal Work,Approved,Wyatt Setty
196,2085,Paternity Leave,2025-05-26,2025-05-30,5,Higher Education,Approved,Ishanvi Bhagat
197,1935,Sick Leave,2024-05-30,2024-06-06,8,Child Care,Approved,Bhavani Kapur
198,781,Maternity Leave,2024-05-19,2024-05-27,9,Family Emergency,Approved,Jeevika Nagarajan
199,286,Casual Leave,2025-07-07,2025-07-13,7,Personal Work,Approved,Dalaja Bumb
200,11,Casual Leave,2024-09-17,2024-09-21,5,Higher Education,Approved,Nisha Bains
201,609,Emergency Leave,2024-03-25,2024-04-02,9,Religious Festival,Approved,Vamakshi Choudhury
202,2261,Unpaid Leave,2025-10-08,2025-10-16,9,Religious Festival,Approved,Vivaan Ray
203,773,Paternity Leave,2025-12-10,2025-12-13,4,Marriage,Approved,Zaid Chowdhury
204,1683,Annual Leave,2024-03-16,2024-03-21,6,Child Care,Approved,Hemani Shetty
205,1582,Paternity Leave,2025-05-27,2025-05-29,3,Vacation,Approved,Wakeeta Loyal
206,518,Maternity Leave,2024-01-03,2024-01-12,10,Medical Treatment,Approved,Chakrika Brar
207,1804,Annual Leave,2024-07-27,2024-08-04,9,Vacation,Pending,
208,2960,Sick Leave,2025-07-29,2025-08-04,7,Family Emergency,Approved,Samesh Dhingra
209,307,Emergency Leave,2024-11-20,2024-11-24,5,Child Care,Approved,Ikbal Batra
210,2662,Annual Leave,2024-07-24,2024-07-29,6,Child Care,Approved,Kala Kunda
211,1298,Paternity Leave,2025-04-04,2025-04-11,8,Vacation,Approved,Tristan Gade
212,2530,Annual Leave,2024-07-16,2024-07-19,4,Personal Work,Approved,Vincent Sanghvi
213,932,Paternity Leave,2025-04-01,2025-04-02,2,Medical Treatment,Approved,Aarini Sunder
214,2596,Paternity Leave,2025-11-11,2025-11-12,2,Personal Work,Approved,Chaitanya Ratta
215,119,Annual Leave,2025-02-17,2025-02-22,6,Personal Work,Approved,Tarak Balasubramanian
216,1469,Casual Leave,2024-01-16,2024-01-22,7,Child Care,Approved,Unnati Pandya
217,2319,Paternity Leave,2024-07-07,2024-07-09,3,Medical Treatment,Approved,Hiral Narang
218,2497,Unpaid Leave,2025-03-29,2025-04-04,7,Marriage,Approved,Bhanumati Goel
219,2039,Maternity Leave,2024-01-04,2024-01-06,3,Personal Work,Approved,Jai Varkey
220,1883,Casual Leave,2024-07-14,2024-07-14,1,Higher Education,Pending,
221,1179,Paternity Leave,2024-08-10,2024-08-18,9,Higher Education,Approved,Udant Deol
222,1416,Maternity Leave,2024-12-23,2024-12-27,5,Child Care,Approved,Gavin Reddy
223,2828,Casual Leave,2025-09-23,2025-09-30,8,Marriage,Approved,Krish Bali
224,1576,Unpaid Leave,2024-05-08,2024-05-15,8,Child Care,Approved,Vasudha Anand
225,2343,Casual Leave,2025-11-21,2025-11-30,10,Personal Work,Approved,Wahab Sandhu
226,90,Unpaid Leave,2025-04-14,2025-04-20,7,Vacation,Approved,Yochana Ahuja
227,2484,Paternity Leave,2024-06-04,2024-06-11,8,Personal Work,Approved,Yashvi Chauhan
228,943,Maternity Leave,2025-04-30,2025-05-05,6,Marriage,Approved,Unnati Ben
229,2544,Casual Leave,2024-09-16,2024-09-18,3,Vacation,Approved,Jalsa Prakash
230,1266,Unpaid Leave,2025-04-11,2025-04-18,8,Religious Festival,Approved,Shaurya Pradhan
231,3000,Sick Leave,2025-02-23,2025-02-24,2,Religious Festival,Pending,
232,1702,Sick Leave,2025-04-16,2025-04-19,4,Religious Festival,Approved,Chakradhar Sidhu
233,2175,Maternity Leave,2024-02-02,2024-02-06,5,Personal Work,Approved,Imaran Rana
234,1974,Unpaid Leave,2025-08-02,2025-08-06,5,Religious Festival,Approved,Michael Raman
235,472,Emergency Leave,2025-05-27,2025-05-28,2,Marriage,Approved,Arin Kurian
236,2771,Paternity Leave,2025-07-27,2025-08-02,7,Religious Festival,Rejected,
237,370,Unpaid Leave,2024-09-26,2024-10-02,7,Medical Treatment,Approved,Kevin Venkataraman
238,1863,Casual Leave,2024-10-13,2024-10-17,5,Religious Festival,Approved,Ganga Vig
239,444,Paternity Leave,2025-11-29,2025-12-02,4,Religious Festival,Approved,Aahana Bobal
240,2499,Sick Leave,2025-09-25,2025-09-26,2,Higher Education,Approved,Udant Loyal
241,2872,Casual Leave,2024-11-16,2024-11-22,7,Vacation,Approved,Jeet Ranganathan
242,153,Casual Leave,2024-07-18,2024-07-25,8,Marriage,Approved,Chaman Bali
243,2202,Sick Leave,2025-07-31,2025-08-06,7,Child Care,Approved,Gunbir Chawla
244,2406,Paternity Leave,2024-02-29,2024-03-02,3,Medical Treatment,Pending,
245,2005,Maternity Leave,2025-10-05,2025-10-11,7,Personal Work,Pending,
246,135,Paternity Leave,2025-07-18,2025-07-23,6,Higher Education,Approved,Daniel Kurian
247,968,Unpaid Leave,2024-01-12,2024-01-17,6,Religious Festival,Approved,Harish Thaker
248,2231,Paternity Leave,2024-10-07,2024-10-12,6,Personal Work,Approved,Priya Konda
249,778,Annual Leave,2024-06-24,2024-07-01,8,Marriage,Approved,Samuel Lanka
250,2629,Paternity Leave,2024-11-01,2024-11-10,10,Vacation,Rejected,
251,1367,Sick Leave,2024-03-23,2024-03-25,3,Marriage,Approved,Ubika Bajwa
252,282,Unpaid Leave,2025-03-31,2025-04-08,9,Marriage,Approved,Yoshita Biswas
253,955,Casual Leave,2024-02-02,2024-02-04,3,Vacation,Approved,Nidra Vohra
254,1136,Unpaid Leave,2025-01-16,2025-01-18,3,Personal Work,Rejected,
255,715,Annual Leave,2025-08-29,2025-08-29,1,Religious Festival,Approved,Imaran Gill
256,975,Maternity Leave,2025-05-15,2025-05-20,6,Personal Work,Approved,Jasmit Oak
257,215,Sick Leave,2024-03-16,2024-03-22,7,Medical Treatment,Approved,Ekiya Gole
258,1951,Emergency Leave,2024-05-20,2024-05-25,6,Medical Treatment,Approved,Chameli Mangat
259,1852,Maternity Leave,2025-01-04,2025-01-07,4,Vacation,Pending,
260,2979,Unpaid Leave,2025-12-04,2025-12-12,9,Vacation,Approved,Krishna Nagarajan
261,250,Emergency Leave,2025-03-05,2025-03-11,7,Medical Treatment,Approved,Jalsa Bhatnagar
262,2009,Paternity Leave,2024-04-16,2024-04-23,8,Medical Treatment,Approved,Samarth Kata
263,1320,Maternity Leave,2024-06-05,2024-06-07,3,Personal Work,Approved,Noah Saraf
264,2558,Paternity Leave,2025-12-10,2025-12-19,10,Religious Festival,Approved,Deepa Wali
265,1561,Maternity Leave,2025-05-20,2025-05-28,9,Child Care,Approved,Hitesh Bir
266,407,Unpaid Leave,2024-09-18,2024-09-19,2,Marriage,Approved,Charles Devan
267,1762,Emergency Leave,2024-05-19,2024-05-22,4,Higher Education,Approved,Yug Sampath
268,1634,Emergency Leave,2024-11-23,2024-11-24,2,Religious Festival,Approved,Chaitaly Balasubramanian
269,2725,Casual Leave,2024-12-04,2024-12-09,6,Higher Education,Pending,
270,275,Annual Leave,2025-04-14,2025-04-15,2,Medical Treatment,Approved,Lucky Oommen
271,1527,Unpaid Leave,2024-11-04,2024-11-06,3,Religious Festival,Approved,Abha Sastry
272,2745,Annual Leave,2025-04-16,2025-04-22,7,Child Care,Approved,Madhav Lad
273,2954,Annual Leave,2024-07-22,2024-07-26,5,Religious Festival,Approved,Gaurav Sundaram
274,425,Maternity Leave,2025-11-25,2025-12-03,9,Higher Education,Approved,Warjas Srinivas
275,919,Unpaid Leave,2024-08-31,2024-09-01,2,Religious Festival,Approved,Anmol Dani
276,471,Unpaid Leave,2024-07-26,2024-07-30,5,Child Care,Approved,Bhavna Om
277,2298,Unpaid Leave,2024-07-17,2024-07-26,10,Vacation,Approved,Damyanti Gala
278,2495,Paternity Leave,2025-03-08,2025-03-12,5,Personal Work,Approved,Mason Kala
279,2879,Unpaid Leave,2024-02-24,2024-02-28,5,Religious Festival,Pending,
280,26,Sick Leave,2025-07-08,2025-07-10,3,Child Care,Approved,Ethan Rama
281,286,Sick Leave,2025-11-12,2025-11-12,1,Marriage,Approved,Eesha Sachar
282,1541,Emergency Leave,2025-05-16,2025-05-23,8,Religious Festival,Approved,Oliver Dhillon
283,1277,Paternity Leave,2025-04-02,2025-04-07,6,Medical Treatment,Approved,Azad Dasgupta
284,216,Sick Leave,2025-04-11,2025-04-13,3,Vacation,Approved,Irya Nagi
285,2761,Annual Leave,2025-03-27,2025-03-31,5,Child Care,Approved,Kritika Toor
286,1990,Maternity Leave,2025-04-04,2025-04-11,8,Marriage,Approved,Theodore Deo
287,2099,Annual Leave,2024-10-11,2024-10-16,6,Personal Work,Approved,Azad Padmanabhan
288,2778,Paternity Leave,2024-06-07,2024-06-16,10,Personal Work,Approved,Aashi Vaidya
289,187,Sick Leave,2024-06-29,2024-07-05,7,Vacation,Rejected,
290,32,Sick Leave,2024-04-17,2024-04-21,5,Family Emergency,Pending,
291,1047,Casual Leave,2025-07-24,2025-07-29,6,Higher Education,Approved,Keya Kohli
292,1764,Sick Leave,2025-12-16,2025-12-18,3,Marriage,Approved,Suhani Anne
293,2050,Maternity Leave,2025-02-28,2025-03-05,6,Vacation,Approved,Neel Shroff
294,1787,Annual Leave,2025-01-20,2025-01-27,8,Religious Festival,Pending,
295,2359,Emergency Leave,2024-02-11,2024-02-20,10,Child Care,Approved,Kashvi Sahni
296,1186,Annual Leave,2024-11-07,2024-11-13,7,Religious Festival,Approved,Unni Khosla
297,704,Unpaid Leave,2024-11-20,2024-11-29,10,Religious Festival,Approved,Patrick Raja
298,361,Emergency Leave,2025-04-16,2025-04-17,2,Child Care,Approved,Matthew Sidhu
299,2147,Annual Leave,2024-10-11,2024-10-17,7,Religious Festival,Approved,Ekavir Parmer
300,908,Casual Leave,2024-08-09,2024-08-11,3,Medical Treatment,Approved,Ekaja Dass
301,2174,Maternity Leave,2025-11-23,2025-11-26,4,Religious Festival,Pending,
302,1439,Paternity Leave,2024-09-21,2024-09-23,3,Family Emergency,Approved,Ekantika Walla
303,1049,Sick Leave,2025-03-25,2025-03-27,3,Medical Treatment,Approved,Aayush Mangal
304,726,Unpaid Leave,2025-03-23,2025-03-30,8,Higher Education,Approved,Jyoti Bora
305,2790,Maternity Leave,2025-09-10,2025-09-19,10,Religious Festival,Approved,Siya Chadha
306,619,Emergency Leave,2025-12-09,2025-12-10,2,Personal Work,Approved,Faraj Saini
307,1126,Maternity Leave,2025-10-24,2025-10-24,1,Medical Treatment,Approved,Leena Mammen
308,1272,Emergency Leave,2024-02-26,2024-03-04,8,Religious Festival,Approved,Daksha Butala
309,1176,Annual Leave,2024-03-27,2024-03-28,2,Child Care,Approved,Netra Reddy
310,1896,Maternity Leave,2024-02-19,2024-02-27,9,Vacation,Pending,
311,1843,Unpaid Leave,2024-01-11,2024-01-20,10,Religious Festival,Approved,Isaiah Dutt
312,2479,Emergency Leave,2025-10-01,2025-10-09,9,Vacation,Approved,Hemangini Kale
313,1846,Annual Leave,2025-09-04,2025-09-09,6,Medical Treatment,Rejected,
314,2067,Paternity Leave,2025-03-13,2025-03-15,3,Higher Education,Approved,Rajata Prashad
315,1800,Maternity Leave,2024-10-05,2024-10-13,9,Religious Festival,Approved,Jeremiah Ramesh
316,1528,Casual Leave,2025-10-06,2025-10-12,7,Religious Festival,Approved,Pranav Shroff
317,2781,Maternity Leave,2025-01-25,2025-01-25,1,Religious Festival,Approved,Aahana Malhotra
318,270,Casual Leave,2025-04-01,2025-04-02,2,Child Care,Approved,Ekalinga Lanka
319,1164,Casual Leave,2025-11-04,2025-11-13,10,Religious Festival,Approved,Kashvi Balakrishnan
320,334,Maternity Leave,2024-11-13,2024-11-15,3,Personal Work,Pending,
321,2688,Paternity Leave,2025-01-21,2025-01-27,7,Medical Treatment,Approved,Qasim Kari
322,1269,Maternity Leave,2024-05-12,2024-05-18,7,Religious Festival,Approved,Hiral Pandey
323,524,Paternity Leave,2024-11-23,2024-12-01,9,Child Care,Approved,Abdul Pandey
324,2083,Casual Leave,2025-07-12,2025-07-12,1,Family Emergency,Approved,Leela Sharaf
325,878,Casual Leave,2025-11-27,2025-12-04,8,Family Emergency,Approved,Neel Padmanabhan
326,635,Annual Leave,2025-02-11,2025-02-15,5,Medical Treatment,Approved,Nathaniel Dasgupta
327,2080,Unpaid Leave,2024-10-06,2024-10-14,9,Vacation,Approved,Inaya Vaidya
328,2712,Casual Leave,2025-05-22,2025-05-31,10,Child Care,Approved,Nimrat Sane
329,632,Sick Leave,2024-11-18,2024-11-20,3,Family Emergency,Approved,Xavier Atwal
330,2954,Emergency Leave,2024-08-14,2024-08-14,1,Marriage,Approved,Omkaar Arya
331,1820,Maternity Leave,2025-03-28,2025-04-01,5,Higher Education,Approved,Damini Gade
332,959,Maternity Leave,2025-12-02,2025-12-05,4,Higher Education,Approved,Urvi Kaur
333,795,Casual Leave,2024-09-21,2024-09-30,10,Higher Education,Rejected,
334,1155,Unpaid Leave,2025-02-10,2025-02-16,7,Child Care,Approved,Upasna Raja
335,664,Unpaid Leave,2025-06-01,2025-06-04,4,Family Emergency,Approved,Aarini Saxena
336,1025,Annual Leave,2024-07-15,2024-07-22,8,Medical Treatment,Approved,Patrick Dani
337,2914,Unpaid Leave,2025-02-03,2025-02-11,9,Personal Work,Approved,Chanchal Sood
338,344,Unpaid Leave,2025-09-10,2025-09-12,3,Family Emergency,Approved,Hemani Sridhar
339,1792,Annual Leave,2025-08-23,2025-08-26,4,Religious Festival,Approved,Yochana Gokhale
340,110,Emergency Leave,2024-02-15,2024-02-15,1,Religious Festival,Approved,Bimala Balasubramanian
341,966,Emergency Leave,2025-02-22,2025-02-23,2,Vacation,Approved,Laksh Panchal
342,1306,Annual Leave,2024-07-13,2024-07-18,6,Family Emergency,Approved,Ishaan Tak
343,157,Casual Leave,2024-12-18,2024-12-25,8,Family Emergency,Approved,Nidra Kumer
344,2890,Emergency Leave,2025-09-05,2025-09-12,8,Medical Treatment,Approved,Jagat Lal
345,78,Casual Leave,2024-01-11,2024-01-14,4,Child Care,Approved,Bakhshi Dixit
346,456,Unpaid Leave,2024-09-22,2024-09-26,5,Medical Treatment,Approved,Wyatt Kalla
347,196,Sick Leave,2025-04-25,2025-05-01,7,Higher Education,Approved,Damini Shanker
348,258,Annual Leave,2025-10-11,2025-10-18,8,Vacation,Approved,Dominic Wadhwa
349,2589,Maternity Leave,2024-08-28,2024-09-06,10,Family Emergency,Approved,Forum Chatterjee
350,1194,Emergency Leave,2024-02-07,2024-02-07,1,Marriage,Approved,Oliver Mitra
351,2338,Emergency Leave,2024-03-21,2024-03-23,3,Medical Treatment,Approved,Vrishti Chana
352,2145,Casual Leave,2025-07-21,2025-07-22,2,Vacation,Pending,
353,1600,Unpaid Leave,2024-11-23,2024-11-30,8,Child Care,Approved,Baljiwan Pandit
354,1530,Casual Leave,2024-11-25,2024-11-25,1,Medical Treatment,Approved,Lajita Kumer
355,1413,Sick Leave,2024-03-29,2024-03-30,2,Religious Festival,Approved,Mugdha Patil
356,547,Annual Leave,2024-07-01,2024-07-06,6,Family Emergency,Approved,Nilima Pandey
357,2805,Emergency Leave,2025-08-24,2025-08-31,8,Family Emergency,Approved,Mitesh Khare
358,259,Paternity Leave,2025-03-06,2025-03-13,8,Marriage,Approved,Joshua Kapoor
359,180,Unpaid Leave,2024-05-25,2024-05-28,4,Religious Festival,Pending,
360,1271,Maternity Leave,2024-05-17,2024-05-23,7,Higher Education,Rejected,
361,1038,Annual Leave,2025-10-11,2025-10-14,4,Vacation,Approved,Amol Pingle
362,2686,Casual Leave,2024-03-27,2024-03-31,5,Religious Festival,Approved,Sanaya Chaudhuri
363,1790,Emergency Leave,2024-01-01,2024-01-08,8,Child Care,Pending,
364,1389,Sick Leave,2024-01-30,2024-02-06,8,Religious Festival,Approved,Nitesh Golla
365,2127,Casual Leave,2024-06-24,2024-06-25,2,Medical Treatment,Approved,Darsh Dixit
366,1764,Maternity Leave,2024-07-28,2024-07-30,3,Religious Festival,Approved,Mahika Ravel
367,421,Annual Leave,2025-11-30,2025-12-05,6,Personal Work,Approved,Devansh Yohannan
368,1827,Maternity Leave,2025-11-10,2025-11-16,7,Higher Education,Approved,Pratyush Tiwari
369,1440,Emergency Leave,2024-04-16,2024-04-16,1,Religious Festival,Approved,Ranveer Bhat
370,2519,Emergency Leave,2024-08-05,2024-08-09,5,Vacation,Approved,Max Batta
371,308,Paternity Leave,2024-05-13,2024-05-19,7,Family Emergency,Approved,Gautami Shan
372,128,Sick Leave,2024-11-30,2024-12-09,10,Higher Education,Approved,Ekantika Ghosh
373,143,Sick Leave,2024-12-29,2024-12-30,2,Religious Festival,Approved,Ekani Cherian
374,1484,Emergency Leave,2024-04-30,2024-05-09,10,Family Emergency,Approved,Vedika Mody
375,2782,Emergency Leave,2024-02-13,2024-02-18,6,Medical Treatment,Approved,Owen Rai
376,2351,Sick Leave,2024-11-25,2024-12-03,9,Religious Festival,Approved,Akshay Sodhi
377,2661,Casual Leave,2025-01-17,2025-01-20,4,Vacation,Rejected,
378,763,Emergency Leave,2024-12-04,2024-12-12,9,Medical Treatment,Approved,Hitesh Acharya
379,1073,Unpaid Leave,2024-01-03,2024-01-07,5,Marriage,Approved,Dipta Natarajan
380,2507,Casual Leave,2025-06-30,2025-07-07,8,Family Emergency,Approved,Adya Dugar
381,304,Emergency Leave,2024-08-18,2024-08-20,3,Higher Education,Pending,
382,360,Unpaid Leave,2024-11-04,2024-11-09,6,Medical Treatment,Approved,Faqid Sengupta
383,2253,Maternity Leave,2024-12-10,2024-12-14,5,Family Emergency,Pending,
384,2916,Paternity Leave,2024-04-05,2024-04-07,3,Marriage,Approved,Aryan Aggarwal
385,498,Sick Leave,2024-10-15,2024-10-17,3,Higher Education,Approved,Aryan Ratta
386,108,Casual Leave,2025-01-15,2025-01-23,9,Higher Education,Approved,Robert Kala
387,2260,Sick Leave,2024-01-25,2024-02-03,10,Medical Treatment,Pending,
388,1267,Emergency Leave,2024-09-05,2024-09-12,8,Child Care,Approved,Ekalinga Chahal
389,2355,Annual Leave,2025-01-18,2025-01-20,3,Medical Treatment,Rejected,
390,1844,Emergency Leave,2024-11-30,2024-12-08,9,Family Emergency,Approved,Ekansh Shankar
391,529,Emergency Leave,2024-10-06,2024-10-14,9,Vacation,Pending,
392,509,Maternity Leave,2024-10-07,2024-10-09,3,Family Emergency,Approved,Zaitra Raghavan
393,1322,Paternity Leave,2024-05-04,2024-05-07,4,Personal Work,Approved,Krishna Zachariah
394,324,Casual Leave,2025-10-24,2025-10-27,4,Personal Work,Approved,Falan Manne
395,513,Paternity Leave,2024-04-17,2024-04-21,5,Medical Treatment,Approved,Chandani Parmar
396,2059,Paternity Leave,2025-04-21,2025-04-23,3,Family Emergency,Approved,Vedika Venkataraman
397,702,Paternity Leave,2024-07-02,2024-07-11,10,Religious Festival,Approved,Gautami Pathak
398,2309,Annual Leave,2024-09-25,2024-09-25,1,Personal Work,Approved,Arjun Rau
399,2668,Sick Leave,2025-06-23,2025-07-02,10,Vacation,Approved,Divya Mallick
400,2040,Paternity Leave,2025-12-03,2025-12-11,9,Personal Work,Approved,Luke Ranganathan
401,1979,Sick Leave,2025-07-25,2025-07-31,7,Medical Treatment,Approved,Veer Palan
402,2821,Annual Leave,2025-01-04,2025-01-06,3,Higher Education,Approved,Simon Deol
403,1903,Sick Leave,2024-05-30,2024-06-04,6,Religious Festival,Approved,Samuel Palan
404,2943,Casual Leave,2024-06-24,2024-06-29,6,Family Emergency,Rejected,
405,1518,Maternity Leave,2025-04-14,2025-04-22,9,Marriage,Approved,Ranveer Varma
406,1911,Annual Leave,2025-07-16,2025-07-20,5,Family Emergency,Approved,Tripti Kunda
407,397,Annual Leave,2024-09-25,2024-09-29,5,Child Care,Pending,
408,1017,Unpaid Leave,2025-12-09,2025-12-11,3,Religious Festival,Approved,Wahab Dhaliwal
409,778,Unpaid Leave,2025-02-27,2025-03-01,3,Higher Education,Approved,Raksha Kant
410,2043,Casual Leave,2025-08-29,2025-09-05,8,Child Care,Approved,Ira Chaudry
411,2071,Emergency Leave,2025-08-03,2025-08-06,4,Religious Festival,Approved,Advaith Chadha
412,200,Annual Leave,2025-09-05,2025-09-09,5,Higher Education,Approved,Balveer Majumdar
413,1171,Maternity Leave,2025-12-09,2025-12-09,1,Child Care,Approved,Keya Mammen
414,549,Casual Leave,2024-05-23,2024-05-28,6,Religious Festival,Approved,Rajeshri Bath
415,186,Emergency Leave,2024-05-21,2024-05-21,1,Marriage,Approved,Yashvi Dash
416,1485,Maternity Leave,2024-09-22,2024-09-26,5,Higher Education,Approved,Shivansh Sarma
417,2253,Casual Leave,2024-10-18,2024-10-27,10,Medical Treatment,Approved,Ijaya Gala
418,528,Annual Leave,2025-01-23,2025-01-29,7,Religious Festival,Approved,Hritik Natarajan
419,2285,Casual Leave,2024-12-30,2025-01-01,3,Child Care,Approved,Veer Yogi
420,2049,Annual Leave,2024-09-27,2024-09-27,1,Religious Festival,Approved,Ojasvi Tata
421,1941,Maternity Leave,2025-02-05,2025-02-12,8,Family Emergency,Approved,Om Tella
422,1344,Maternity Leave,2025-08-26,2025-08-31,6,Personal Work,Approved,Bimala Soman
423,2432,Casual Leave,2025-10-02,2025-10-10,9,Higher Education,Approved,Dhriti Kakar
424,2903,Maternity Leave,2025-08-23,2025-08-27,5,Vacation,Approved,Balendra Nori
425,1509,Casual Leave,2025-05-29,2025-05-30,2,Personal Work,Rejected,
426,2971,Unpaid Leave,2024-09-03,2024-09-03,1,Personal Work,Approved,Dominic Pradhan
427,2686,Unpaid Leave,2024-06-19,2024-06-28,10,Vacation,Approved,Triya Mishra
428,2391,Emergency Leave,2025-11-03,2025-11-05,3,Child Care,Approved,Balvan Gaba
429,606,Unpaid Leave,2024-06-22,2024-06-25,4,Medical Treatment,Approved,Madhav Suresh
430,782,Annual Leave,2024-09-01,2024-09-08,8,Family Emergency,Approved,Meghana Din
431,1692,Paternity Leave,2024-12-12,2024-12-15,4,Higher Education,Approved,Udant Mand
432,2980,Annual Leave,2025-03-04,2025-03-06,3,Religious Festival,Approved,Charvi Banik
433,2713,Emergency Leave,2024-04-08,2024-04-16,9,Family Emergency,Approved,Bhavya Handa
434,1883,Maternity Leave,2025-12-05,2025-12-10,6,Personal Work,Approved,Daksh Bhandari
435,2499,Emergency Leave,2025-10-14,2025-10-17,4,Personal Work,Pending,
436,2286,Casual Leave,2024-03-19,2024-03-22,4,Personal Work,Pending,
437,1184,Paternity Leave,2025-07-24,2025-07-27,4,Higher Education,Approved,Jhalak Lata
438,1299,Emergency Leave,2025-05-21,2025-05-26,6,Personal Work,Approved,Omya Dash
439,1179,Annual Leave,2025-12-16,2025-12-25,10,Child Care,Approved,Aarnav Chhabra
440,1617,Unpaid Leave,2024-10-15,2024-10-20,6,Family Emergency,Pending,
441,1190,Annual Leave,2025-02-05,2025-02-09,5,Medical Treatment,Pending,
442,1419,Emergency Leave,2025-02-24,2025-02-28,5,Marriage,Approved,Vedhika Goel
443,828,Unpaid Leave,2025-10-31,2025-11-08,9,Personal Work,Approved,Ranbir Bahri
444,563,Annual Leave,2025-05-22,2025-05-31,10,Marriage,Approved,Varenya Majumdar
445,994,Annual Leave,2024-07-17,2024-07-25,9,Marriage,Approved,Chanakya Kalla
446,216,Annual Leave,2025-11-08,2025-11-14,7,Higher Education,Approved,Yug Seshadri
447,412,Paternity Leave,2025-06-09,2025-06-11,3,Family Emergency,Approved,Pratyush Parsa
448,1667,Paternity Leave,2024-01-24,2024-01-31,8,Marriage,Approved,Urmi Banik
449,1177,Casual Leave,2025-08-09,2025-08-13,5,Medical Treatment,Approved,Ansh Panchal
450,2672,Maternity Leave,2024-03-15,2024-03-18,4,Vacation,Approved,Odika Sawhney
451,718,Emergency Leave,2024-01-27,2024-01-29,3,Vacation,Pending,
452,1627,Unpaid Leave,2024-05-09,2024-05-16,8,Personal Work,Approved,Yutika Krish
453,154,Annual Leave,2024-09-07,2024-09-11,5,Medical Treatment,Approved,Daksh Batta
454,1373,Casual Leave,2025-11-28,2025-12-05,8,Higher Education,Rejected,
455,550,Unpaid Leave,2025-03-28,2025-04-05,9,Marriage,Approved,Sathvik Mahajan
456,462,Casual Leave,2024-07-22,2024-07-24,3,Personal Work,Approved,Chatresh Gala
457,2944,Sick Leave,2025-10-25,2025-10-25,1,Personal Work,Approved,Kavya Patla
458,2326,Paternity Leave,2025-09-19,2025-09-22,4,Child Care,Approved,Arunima Kara
459,1752,Maternity Leave,2025-03-22,2025-03-27,6,Medical Treatment,Approved,Anya Chana
460,757,Sick Leave,2025-02-28,2025-03-07,8,Marriage,Approved,Aadi Radhakrishnan
461,28,Casual Leave,2024-06-02,2024-06-08,7,Personal Work,Approved,Umang Andra
462,1351,Casual Leave,2024-10-11,2024-10-20,10,Vacation,Approved,Triveni Khosla
463,1072,Paternity Leave,2025-02-22,2025-02-27,6,Vacation,Approved,Shivansh Murthy
464,2736,Annual Leave,2024-04-04,2024-04-11,8,Child Care,Approved,Rachita Mistry
465,2811,Maternity Leave,2024-08-12,2024-08-16,5,Personal Work,Approved,Warinder Rastogi
466,1506,Maternity Leave,2025-07-17,2025-07-20,4,Family Emergency,Approved,Varenya Butala
467,1959,Sick Leave,2025-06-14,2025-06-21,8,Religious Festival,Approved,Samesh Kota
468,1704,Paternity Leave,2025-10-16,2025-10-24,9,Marriage,Pending,
469,1014,Paternity Leave,2025-07-20,2025-07-29,10,Medical Treatment,Approved,Udant Banik
470,2153,Emergency Leave,2025-04-23,2025-05-01,9,Medical Treatment,Approved,Xalak Chokshi
471,2311,Annual Leave,2025-07-20,2025-07-20,1,Marriage,Approved,Jackson Dara
472,2346,Maternity Leave,2024-10-30,2024-11-01,3,Higher Education,Approved,Nidhi Dar
473,477,Paternity Leave,2024-01-08,2024-01-11,4,Higher Education,Approved,Ucchal Kuruvilla
474,373,Maternity Leave,2025-05-29,2025-06-05,8,Higher Education,Approved,Maanas Shenoy
475,541,Maternity Leave,2024-05-25,2024-05-31,7,Vacation,Approved,Vedika Sankaran
476,2289,Emergency Leave,2025-07-24,2025-07-28,5,Child Care,Approved,Elijah Chawla
477,1043,Unpaid Leave,2025-09-19,2025-09-19,1,Medical Treatment,Approved,Ekansh Cheema
478,186,Emergency Leave,2025-07-17,2025-07-22,6,Vacation,Approved,Meera Walla
479,283,Emergency Leave,2024-03-06,2024-03-06,1,Family Emergency,Approved,Yauvani Seth
480,555,Unpaid Leave,2025-01-14,2025-01-20,7,Child Care,Approved,Mason Borra
481,1838,Unpaid Leave,2025-11-14,2025-11-20,7,Family Emergency,Approved,Ekiya Grewal
482,2677,Unpaid Leave,2025-03-16,2025-03-21,6,Child Care,Approved,Rohan Prashad
483,2167,Sick Leave,2024-05-12,2024-05-15,4,Vacation,Approved,Radha Swaminathan
484,1223,Emergency Leave,2024-10-05,2024-10-13,9,Child Care,Approved,Pranav Saran
485,941,Sick Leave,2024-02-12,2024-02-19,8,Personal Work,Approved,Fitan Taneja
486,773,Paternity Leave,2024-11-17,2024-11-18,2,Child Care,Approved,Kashish Tank
487,2519,Unpaid Leave,2024-06-17,2024-06-17,1,Medical Treatment,Approved,Ridhi Dave
488,414,Maternity Leave,2025-08-12,2025-08-12,1,Vacation,Approved,Amara Atwal
489,1003,Paternity Leave,2024-06-15,2024-06-15,1,Marriage,Approved,Urvashi Dani
490,2211,Sick Leave,2025-10-03,2025-10-03,1,Personal Work,Approved,Jairaj Palla
491,960,Unpaid Leave,2025-10-11,2025-10-20,10,Religious Festival,Approved,Dakshesh Wali
492,971,Casual Leave,2024-08-13,2024-08-15,3,Marriage,Rejected,
493,1694,Casual Leave,2024-09-14,2024-09-18,5,Family Emergency,Approved,Raghav Palla
494,2565,Paternity Leave,2025-10-20,2025-10-26,7,Vacation,Approved,Azad Kata
495,1411,Paternity Leave,2025-11-15,2025-11-21,7,Religious Festival,Approved,Maanav Deshmukh
496,2853,Emergency Leave,2024-10-14,2024-10-20,7,Child Care,Approved,Jagat Raman
497,754,Unpaid Leave,2025-09-08,2025-09-16,9,Marriage,Approved,Chasmum Bedi
498,1232,Unpaid Leave,2025-01-19,2025-01-21,3,Vacation,Approved,Yoshita Koshy
499,2304,Emergency Leave,2024-09-03,2024-09-09,7,Family Emergency,Approved,Jeremiah Mohan
500,1591,Sick Leave,2025-02-26,2025-03-02,5,Medical Treatment,Approved,Onveer Dalal
501,1843,Unpaid Leave,2024-03-27,2024-04-01,6,Marriage,Approved,Bhavika Balay
502,212,Casual Leave,2025-05-25,2025-05-31,7,Vacation,Approved,Yatan Jhaveri
503,299,Sick Leave,2024-10-05,2024-10-14,10,Marriage,Approved,Kai Batta
504,1964,Sick Leave,2024-11-22,2024-11-27,6,Vacation,Approved,Ishita Saha
505,868,Sick Leave,2024-04-08,2024-04-09,2,Higher Education,Approved,Madhav Biswas
506,994,Paternity Leave,2025-03-31,2025-04-09,10,Child Care,Approved,Krisha Sur
507,981,Maternity Leave,2025-10-21,2025-10-26,6,Child Care,Approved,Ikbal Chokshi
508,1910,Maternity Leave,2024-02-22,2024-02-27,6,Religious Festival,Approved,Jagat Vaidya
509,2101,Emergency Leave,2025-02-01,2025-02-08,8,Higher Education,Approved,Kiaan Lall
510,1312,Sick Leave,2025-03-16,2025-03-21,6,Vacation,Approved,Manbir Shan
511,2305,Unpaid Leave,2025-07-25,2025-07-28,4,Vacation,Approved,Raghav Sinha
512,1069,Maternity Leave,2024-11-12,2024-11-21,10,Child Care,Approved,Ekiya Kaul
513,1210,Sick Leave,2025-09-25,2025-09-28,4,Child Care,Approved,Girindra Nagar
514,2334,Unpaid Leave,2025-02-02,2025-02-05,4,Religious Festival,Approved,Jyoti Krishnamurthy
515,1055,Unpaid Leave,2024-07-25,2024-08-01,8,Higher Education,Rejected,
516,1888,Sick Leave,2025-03-28,2025-04-02,6,Higher Education,Approved,Shivani Nayak
517,754,Maternity Leave,2024-07-27,2024-07-27,1,Medical Treatment,Approved,Unni Kata
518,2738,Annual Leave,2024-06-26,2024-06-26,1,Marriage,Approved,Yashvi Samra
519,279,Paternity Leave,2025-01-14,2025-01-16,3,Higher Education,Approved,Chameli Sachdeva
520,1529,Annual Leave,2024-01-03,2024-01-12,10,Higher Education,Approved,David Sahota
521,2701,Emergency Leave,2025-07-25,2025-07-25,1,Child Care,Approved,Xalak Narayanan
522,49,Annual Leave,2025-06-02,2025-06-10,9,Personal Work,Approved,Yamini Date
523,71,Maternity Leave,2024-01-28,2024-02-03,7,Family Emergency,Approved,Samuel Grewal
524,439,Annual Leave,2024-10-22,2024-10-30,9,Marriage,Approved,Vidhi Dugal
525,2539,Maternity Leave,2024-11-23,2024-11-27,5,Personal Work,Approved,Advik Madan
526,1626,Annual Leave,2024-06-14,2024-06-19,6,Higher Education,Pending,
527,2315,Sick Leave,2024-11-09,2024-11-12,4,Medical Treatment,Approved,Rudra Badami
528,2678,Unpaid Leave,2024-04-26,2024-04-26,1,Child Care,Approved,Omya Nair
529,1545,Maternity Leave,2025-02-05,2025-02-12,8,Vacation,Approved,Amrita Doctor
530,2879,Sick Leave,2024-12-05,2024-12-06,2,Child Care,Approved,Aryan Brar
531,2642,Unpaid Leave,2025-04-17,2025-04-22,6,Medical Treatment,Approved,Maanav Madan
532,2164,Annual Leave,2025-07-02,2025-07-05,4,Higher Education,Approved,Jai Johal
533,1111,Annual Leave,2025-04-21,2025-04-22,2,Personal Work,Approved,Chatresh Hora
534,2225,Maternity Leave,2025-10-02,2025-10-02,1,Religious Festival,Approved,Vyanjana Zachariah
535,65,Sick Leave,2025-05-17,2025-05-26,10,Child Care,Approved,Ishita Koshy
536,316,Casual Leave,2025-05-29,2025-05-31,3,Child Care,Approved,William Bumb
537,2774,Maternity Leave,2025-04-16,2025-04-21,6,Family Emergency,Approved,Yachana Rajagopal
538,2824,Paternity Leave,2025-08-10,2025-08-11,2,Religious Festival,Approved,Amruta Ahuja
539,220,Annual Leave,2024-03-01,2024-03-07,7,Medical Treatment,Approved,Sachi Dara
540,1396,Maternity Leave,2024-07-30,2024-08-08,10,Child Care,Pending,
541,1337,Annual Leave,2025-07-25,2025-07-29,5,Higher Education,Approved,Saanvi Bansal
542,2010,Sick Leave,2024-07-24,2024-07-29,6,Child Care,Approved,Ikshita Kumar
543,1769,Sick Leave,2025-06-09,2025-06-18,10,Medical Treatment,Approved,Rudra Nigam
544,2534,Casual Leave,2024-11-12,2024-11-15,4,Medical Treatment,Approved,Nihal Panchal
545,1098,Sick Leave,2024-04-21,2024-04-27,7,Family Emergency,Approved,Laban Borah
546,1596,Casual Leave,2025-12-22,2025-12-27,6,Vacation,Approved,Ryan Agrawal
547,1263,Emergency Leave,2024-03-22,2024-03-27,6,Medical Treatment,Approved,Chaman Sampath
548,543,Annual Leave,2025-04-01,2025-04-03,3,Child Care,Approved,Bachittar Ray
549,424,Annual Leave,2025-06-07,2025-06-08,2,Medical Treatment,Approved,Vanya Jain
550,2446,Maternity Leave,2024-06-28,2024-07-03,6,Vacation,Approved,Anmol Sampath
551,1196,Emergency Leave,2025-02-25,2025-03-03,7,Marriage,Approved,Bhavna Kaul
552,2343,Maternity Leave,2024-09-07,2024-09-09,3,Family Emergency,Approved,Jeremiah Kalita
553,569,Casual Leave,2025-04-11,2025-04-15,5,Family Emergency,Approved,Wyatt Venkataraman
554,260,Sick Leave,2024-10-24,2024-10-30,7,Personal Work,Approved,Wriddhish Chandra
555,1984,Unpaid Leave,2024-10-23,2024-10-24,2,Marriage,Approved,Varenya More
556,2953,Paternity Leave,2025-05-02,2025-05-09,8,Marriage,Approved,Vasatika Contractor
557,1876,Annual Leave,2024-02-04,2024-02-06,3,Child Care,Approved,Yash Maharaj
558,1361,Unpaid Leave,2024-10-28,2024-11-06,10,Religious Festival,Approved,Bishakha Banerjee
559,1804,Casual Leave,2024-06-21,2024-06-27,7,Family Emergency,Approved,Triveni Wagle
560,1231,Casual Leave,2025-01-23,2025-02-01,10,Marriage,Pending,
561,1963,Casual Leave,2024-05-12,2024-05-14,3,Religious Festival,Rejected,
562,1194,Paternity Leave,2024-05-22,2024-05-29,8,Marriage,Rejected,
563,1335,Emergency Leave,2024-03-03,2024-03-07,5,Child Care,Approved,Sai Ramesh
564,1496,Annual Leave,2024-05-31,2024-06-09,10,Family Emergency,Approved,Niharika Naidu
565,2793,Unpaid Leave,2024-09-26,2024-10-04,9,Higher Education,Approved,Aadhya Shere
566,2902,Sick Leave,2024-12-18,2024-12-25,8,Medical Treatment,Approved,Omya Garg
567,1676,Paternity Leave,2025-10-01,2025-10-08,8,Personal Work,Approved,Onkar Sachar
568,992,Casual Leave,2025-08-10,2025-08-12,3,Child Care,Approved,Joshua Vohra
569,303,Emergency Leave,2024-01-29,2024-02-07,10,Child Care,Approved,Ladli Vora
570,2189,Maternity Leave,2025-09-09,2025-09-15,7,Religious Festival,Approved,Anika Keer
571,2874,Unpaid Leave,2024-03-08,2024-03-16,9,Medical Treatment,Approved,Zashil Nanda
572,448,Unpaid Leave,2025-05-14,2025-05-17,4,Religious Festival,Approved,Gavin Wadhwa
573,682,Paternity Leave,2024-11-08,2024-11-17,10,Child Care,Approved,Veda Rai
574,1359,Unpaid Leave,2024-03-16,2024-03-22,7,Medical Treatment,Approved,Bimala Swaminathan
575,1060,Sick Leave,2025-01-30,2025-02-07,9,Marriage,Approved,Andrew Guha
576,1826,Casual Leave,2024-07-25,2024-07-31,7,Family Emergency,Approved,Chanakya Chatterjee
577,1413,Annual Leave,2024-03-01,2024-03-08,8,Child Care,Approved,Bhavika Sarkar
578,352,Annual Leave,2025-01-13,2025-01-15,3,Religious Festival,Approved,Wakeeta Hari
579,1866,Unpaid Leave,2024-09-16,2024-09-19,4,Religious Festival,Approved,Bachittar Koshy
580,1951,Annual Leave,2025-10-13,2025-10-20,8,Higher Education,Approved,Aarnav Manne
581,1307,Annual Leave,2025-02-21,2025-02-25,5,Medical Treatment,Approved,Nidhi Ramanathan
582,93,Unpaid Leave,2024-10-05,2024-10-10,6,Family Emergency,Approved,Brijesh Atwal
583,1000,Maternity Leave,2024-05-31,2024-06-02,3,Religious Festival,Approved,Damini Kamdar
584,2294,Emergency Leave,2024-07-31,2024-08-07,8,Child Care,Approved,Tripti Dhillon
585,2580,Sick Leave,2024-05-30,2024-06-01,3,Child Care,Approved,Advika Chokshi
586,1621,Annual Leave,2024-02-29,2024-03-09,10,Higher Education,Pending,
587,2426,Emergency Leave,2024-02-28,2024-03-05,7,Marriage,Approved,Udarsh Shankar
588,843,Casual Leave,2024-06-16,2024-06-17,2,Family Emergency,Approved,Noah Sandhu
589,1499,Casual Leave,2025-10-25,2025-10-28,4,Personal Work,Approved,Veda Mammen
590,2748,Unpaid Leave,2025-10-17,2025-10-24,8,Religious Festival,Approved,Nandini Char
591,2446,Emergency Leave,2024-07-03,2024-07-12,10,Medical Treatment,Approved,Harita Kanda
592,1426,Casual Leave,2025-11-04,2025-11-11,8,Personal Work,Approved,Gaurika Chanda
593,2517,Maternity Leave,2025-11-30,2025-12-01,2,Religious Festival,Approved,Dayamai Bahri
594,483,Sick Leave,2024-04-01,2024-04-05,5,Religious Festival,Approved,Vedika Saxena
595,2841,Sick Leave,2024-02-04,2024-02-12,9,Family Emergency,Approved,Sneha Nigam
596,2355,Emergency Leave,2025-07-03,2025-07-09,7,Family Emergency,Approved,Praneel Raja
597,2273,Sick Leave,2025-12-25,2026-01-01,8,Family Emergency,Approved,Frado Kar
598,1289,Unpaid Leave,2024-04-20,2024-04-27,8,Religious Festival,Approved,Urmi Bora
599,40,Emergency Leave,2024-11-30,2024-12-02,3,Child Care,Approved,Michael Wagle
600,2301,Maternity Leave,2024-11-13,2024-11-20,8,Higher Education,Approved,Ishwar Chaudhuri
601,1703,Paternity Leave,2024-03-17,2024-03-24,8,Medical Treatment,Approved,Oliver Deep
602,2316,Annual Leave,2025-01-05,2025-01-08,4,Personal Work,Approved,Osha Mittal
603,921,Maternity Leave,2025-10-30,2025-11-03,5,Higher Education,Approved,Jason Agrawal
604,2317,Paternity Leave,2024-12-09,2024-12-16,8,Medical Treatment,Approved,Zayan Parekh
605,2346,Annual Leave,2025-07-28,2025-08-01,5,Religious Festival,Approved,Yashawini Chandran
606,2221,Unpaid Leave,2025-12-08,2025-12-08,1,Higher Education,Approved,Sai Rana
607,2238,Sick Leave,2025-09-24,2025-09-30,7,Marriage,Approved,Yadavi Sandal
608,1220,Unpaid Leave,2025-01-25,2025-01-25,1,Religious Festival,Approved,Anthony Shere
609,357,Emergency Leave,2024-07-05,2024-07-06,2,Marriage,Approved,Damyanti Talwar
610,860,Unpaid Leave,2024-07-08,2024-07-17,10,Child Care,Approved,Fariq Pall
611,680,Maternity Leave,2025-08-05,2025-08-07,3,Marriage,Approved,Amaira Nayak
612,244,Maternity Leave,2024-08-27,2024-09-01,6,Family Emergency,Approved,Libni Pau
613,1326,Paternity Leave,2024-12-04,2024-12-08,5,Personal Work,Approved,Aryan Thakkar
614,2108,Paternity Leave,2025-04-16,2025-04-17,2,Child Care,Approved,Aarush Reddy
615,243,Casual Leave,2025-06-03,2025-06-05,3,Family Emergency,Approved,Ekaja Buch
616,1023,Sick Leave,2024-06-01,2024-06-06,6,Child Care,Approved,Advay Toor
617,2005,Sick Leave,2024-05-30,2024-06-08,10,Child Care,Approved,Devansh Radhakrishnan
618,1537,Emergency Leave,2025-05-05,2025-05-06,2,Medical Treatment,Approved,Vincent Suri
619,1651,Maternity Leave,2025-03-24,2025-03-28,5,Religious Festival,Approved,Vedika Baral
620,1863,Emergency Leave,2025-03-16,2025-03-21,6,Medical Treatment,Approved,Jackson Bail
621,2994,Emergency Leave,2025-07-12,2025-07-17,6,Child Care,Approved,Darsh Jain
622,893,Emergency Leave,2025-06-29,2025-07-02,4,Religious Festival,Approved,Warhi Rao
623,1162,Casual Leave,2025-09-23,2025-10-01,9,Higher Education,Approved,Ronith Lata
624,1408,Paternity Leave,2025-10-25,2025-10-25,1,Higher Education,Approved,Jack Nayar
625,67,Annual Leave,2024-11-03,2024-11-05,3,Vacation,Approved,Wriddhish Zachariah
626,1753,Sick Leave,2025-02-05,2025-02-07,3,Personal Work,Pending,
627,652,Unpaid Leave,2024-03-26,2024-03-30,5,Religious Festival,Approved,Sneha Kari
628,1026,Annual Leave,2025-06-28,2025-07-03,6,Family Emergency,Approved,Warjas Bhatti
629,213,Emergency Leave,2024-03-19,2024-03-23,5,Marriage,Approved,Ria Ravel
630,1759,Paternity Leave,2025-10-18,2025-10-19,2,Vacation,Approved,Oni Aurora
631,875,Emergency Leave,2025-04-03,2025-04-04,2,Marriage,Approved,Gaurav Chaudhry
632,2128,Paternity Leave,2025-04-09,2025-04-16,8,Religious Festival,Approved,Quincy Sura
633,494,Unpaid Leave,2025-05-23,2025-05-29,7,Higher Education,Approved,Upadhriti Char
634,291,Sick Leave,2025-10-11,2025-10-17,7,Medical Treatment,Approved,Zarna Gara
635,423,Casual Leave,2025-11-22,2025-11-27,6,Family Emergency,Pending,
636,1568,Unpaid Leave,2025-08-12,2025-08-14,3,Family Emergency,Approved,Samar Chokshi
637,281,Maternity Leave,2025-01-01,2025-01-10,10,Family Emergency,Approved,Baljiwan Bera
638,1803,Casual Leave,2024-02-24,2024-02-27,4,Family Emergency,Approved,Timothy Seth
639,1687,Maternity Leave,2024-11-21,2024-11-28,8,Medical Treatment,Approved,Anya Suresh
640,412,Sick Leave,2025-02-21,2025-02-22,2,Child Care,Approved,Ijaya Gandhi
641,1440,Emergency Leave,2024-08-24,2024-08-29,6,Marriage,Approved,Hredhaan Saxena
642,1135,Paternity Leave,2024-08-10,2024-08-11,2,Personal Work,Approved,Noah Chaudhry
643,2829,Annual Leave,2024-10-17,2024-10-21,5,Marriage,Approved,Yamini Lala
644,1605,Casual Leave,2024-12-26,2024-12-26,1,Marriage,Approved,Warhi Kade
645,2028,Emergency Leave,2025-03-27,2025-03-28,2,Medical Treatment,Approved,Finn Ben
646,2164,Annual Leave,2025-01-17,2025-01-22,6,Family Emergency,Pending,
647,1585,Unpaid Leave,2024-11-13,2024-11-22,10,Family Emergency,Approved,Pratyush Boase
648,1930,Unpaid Leave,2024-02-22,2024-02-23,2,Medical Treatment,Approved,Arunima Cheema
649,57,Casual Leave,2025-11-30,2025-12-03,4,Vacation,Approved,Tarak Chaudhari
650,1631,Maternity Leave,2025-07-29,2025-08-02,5,Child Care,Approved,Samarth Chander
651,1735,Paternity Leave,2025-08-09,2025-08-15,7,Family Emergency,Approved,Girindra Jani
652,1137,Annual Leave,2024-03-29,2024-04-02,5,Marriage,Approved,Charles Panchal
653,637,Maternity Leave,2024-02-27,2024-03-03,6,Medical Treatment,Approved,Zaitra Kulkarni
654,1271,Paternity Leave,2025-03-15,2025-03-21,7,Marriage,Approved,Faris Nagi
655,238,Sick Leave,2024-06-04,2024-06-05,2,Medical Treatment,Pending,
656,1858,Maternity Leave,2024-01-18,2024-01-27,10,Family Emergency,Approved,Jeet Bhatti
657,490,Annual Leave,2024-11-13,2024-11-15,3,Family Emergency,Approved,Inaya Kannan
658,2034,Casual Leave,2025-02-21,2025-03-01,9,Personal Work,Approved,Lekha Kala
659,684,Casual Leave,2025-01-31,2025-02-02,3,Personal Work,Approved,Vritti Kapoor
660,484,Unpaid Leave,2024-11-17,2024-11-17,1,Child Care,Approved,Unnati Ravel
661,1115,Maternity Leave,2024-01-07,2024-01-08,2,Medical Treatment,Approved,Yamini Rattan
662,2033,Emergency Leave,2024-04-18,2024-04-26,9,Higher Education,Approved,Riya Pai
663,2322,Sick Leave,2025-09-11,2025-09-16,6,Medical Treatment,Approved,Azad Padmanabhan
664,2351,Paternity Leave,2024-09-25,2024-09-26,2,Vacation,Approved,Upma Radhakrishnan
665,181,Unpaid Leave,2025-02-06,2025-02-06,1,Higher Education,Approved,Vasatika Cherian
666,1491,Emergency Leave,2024-12-25,2024-12-27,3,Vacation,Approved,Advay Aurora
667,2265,Unpaid Leave,2025-11-13,2025-11-19,7,Marriage,Approved,Triveni Ratti
668,1705,Paternity Leave,2025-10-19,2025-10-24,6,Medical Treatment,Approved,Andrew Jhaveri
669,2342,Casual Leave,2024-06-30,2024-07-01,2,Vacation,Approved,Anjali Ramakrishnan
670,735,Sick Leave,2024-04-19,2024-04-27,9,Child Care,Rejected,
671,283,Emergency Leave,2024-02-18,2024-02-22,5,Personal Work,Approved,Orinder Sarna
672,1341,Annual Leave,2025-04-20,2025-04-28,9,Religious Festival,Approved,Vaishnavi Kalla
673,822,Casual Leave,2024-07-07,2024-07-16,10,Marriage,Approved,Benjamin Gera
674,1901,Casual Leave,2024-08-10,2024-08-19,10,Marriage,Rejected,
675,2239,Unpaid Leave,2025-01-09,2025-01-12,4,Child Care,Approved,Samarth Dayal
676,98,Sick Leave,2024-07-21,2024-07-29,9,Vacation,Approved,Jagrati Kulkarni
677,1373,Annual Leave,2024-12-25,2024-12-31,7,Personal Work,Approved,Bishakha Kamdar
678,426,Sick Leave,2024-03-29,2024-04-06,9,Child Care,Rejected,
679,2016,Annual Leave,2025-10-05,2025-10-07,3,Medical Treatment,Approved,Keya Mander
680,180,Sick Leave,2025-12-02,2025-12-10,9,Religious Festival,Approved,Chasmum Hans
681,1878,Paternity Leave,2025-12-13,2025-12-14,2,Family Emergency,Approved,Kamya Pathak
682,2611,Unpaid Leave,2025-12-22,2025-12-28,7,Vacation,Approved,Pratyush Rai
683,1782,Paternity Leave,2025-10-18,2025-10-20,3,Personal Work,Approved,Udarsh Dua
684,1291,Unpaid Leave,2025-08-06,2025-08-12,7,Religious Festival,Approved,Henry Dyal
685,1303,Emergency Leave,2024-12-15,2024-12-19,5,Marriage,Approved,Bhavini Sabharwal
686,558,Unpaid Leave,2025-07-01,2025-07-10,10,Medical Treatment,Approved,Aarna Chacko
687,674,Emergency Leave,2024-06-16,2024-06-23,8,Medical Treatment,Approved,Kamya Narain
688,2196,Casual Leave,2025-06-26,2025-06-29,4,Higher Education,Approved,Dayamai Mitra
689,1086,Unpaid Leave,2024-06-28,2024-06-29,2,Personal Work,Approved,Pavani Parmer
690,2887,Paternity Leave,2025-04-18,2025-04-27,10,Religious Festival,Approved,Qushi Khurana
691,608,Annual Leave,2024-05-05,2024-05-08,4,Child Care,Rejected,
692,2104,Annual Leave,2024-09-05,2024-09-09,5,Family Emergency,Approved,Gaurika Reddy
693,128,Emergency Leave,2024-06-25,2024-07-02,8,Marriage,Approved,Pranav Deshpande
694,388,Emergency Leave,2025-10-02,2025-10-03,2,Family Emergency,Approved,Laksh Batra
695,498,Annual Leave,2024-01-01,2024-01-01,1,Marriage,Approved,Bina Tandon
696,536,Sick Leave,2024-09-02,2024-09-08,7,Medical Treatment,Approved,Amaira Misra
697,2386,Maternity Leave,2024-11-10,2024-11-14,5,Medical Treatment,Pending,
698,90,Annual Leave,2025-11-19,2025-11-22,4,Higher Education,Pending,
699,528,Annual Leave,2025-09-19,2025-09-24,6,Higher Education,Approved,Kabir Patil
700,208,Sick Leave,2025-12-09,2025-12-18,10,Child Care,Approved,Gunbir Munshi
701,2033,Annual Leave,2024-03-27,2024-04-02,7,Family Emergency,Approved,Lakshit Dutt
702,1450,Sick Leave,2024-03-13,2024-03-15,3,Higher Education,Approved,Farhan Karan
703,609,Annual Leave,2024-12-22,2024-12-31,10,Marriage,Approved,Bina Majumdar
704,2652,Casual Leave,2025-09-28,2025-10-05,8,Higher Education,Approved,Hemangini Keer
705,250,Annual Leave,2025-08-12,2025-08-16,5,Child Care,Approved,Dalbir Sami
706,817,Paternity Leave,2025-01-12,2025-01-20,9,Vacation,Approved,Dayamai Sidhu
707,1567,Unpaid Leave,2025-10-27,2025-11-01,6,Higher Education,Approved,Kavya Savant
708,1410,Maternity Leave,2024-11-16,2024-11-24,9,Personal Work,Approved,Kamala Madan
709,737,Annual Leave,2024-04-27,2024-05-02,6,Vacation,Approved,Samaksh Natt
710,1151,Annual Leave,2024-10-18,2024-10-25,8,Marriage,Approved,Isha Dhar
711,654,Annual Leave,2025-12-01,2025-12-04,4,Personal Work,Approved,Jairaj Sarna
712,2186,Unpaid Leave,2024-11-12,2024-11-12,1,Marriage,Approved,Hema Bath
713,2359,Unpaid Leave,2025-01-29,2025-02-04,7,Family Emergency,Approved,Kashish Mahajan
714,722,Sick Leave,2024-06-27,2024-07-06,10,Religious Festival,Approved,Jackson Chaudhuri
715,2424,Annual Leave,2024-04-29,2024-05-04,6,Family Emergency,Pending,
716,2307,Sick Leave,2024-11-26,2024-12-03,8,Family Emergency,Approved,Nirja Kamdar
717,2009,Annual Leave,2024-04-04,2024-04-05,2,Marriage,Approved,Jhalak Sinha
718,82,Maternity Leave,2025-03-20,2025-03-27,8,Marriage,Approved,Vihaan Pant
719,535,Casual Leave,2025-07-29,2025-07-31,3,Religious Festival,Pending,
720,244,Annual Leave,2024-10-13,2024-10-15,3,Family Emergency,Approved,Rachit Tank
721,455,Unpaid Leave,2024-09-14,2024-09-22,9,Medical Treatment,Approved,Naveen Kalita
722,1531,Paternity Leave,2024-06-23,2024-06-29,7,Religious Festival,Approved,Bhanumati Bora
723,1237,Casual Leave,2024-01-04,2024-01-06,3,Child Care,Rejected,
724,2619,Emergency Leave,2025-02-17,2025-02-22,6,Religious Festival,Approved,Nathaniel Shanker
725,915,Paternity Leave,2024-05-11,2024-05-20,10,Child Care,Approved,Gavin Dua
726,1257,Paternity Leave,2024-05-16,2024-05-20,5,Vacation,Approved,Vasudha Chad
727,2876,Maternity Leave,2024-07-02,2024-07-08,7,Vacation,Approved,Vrishti Shetty
728,746,Maternity Leave,2025-12-19,2025-12-24,6,Marriage,Pending,
729,2620,Maternity Leave,2024-07-03,2024-07-04,2,Family Emergency,Pending,
730,1357,Paternity Leave,2024-02-03,2024-02-04,2,Religious Festival,Approved,Manya Sachdev
731,688,Paternity Leave,2024-02-05,2024-02-06,2,Religious Festival,Approved,Deepa Goswami
732,1830,Annual Leave,2025-02-11,2025-02-15,5,Medical Treatment,Approved,Divya Parsa
733,1436,Casual Leave,2024-09-11,2024-09-12,2,Vacation,Approved,Devika Ravel
734,1581,Emergency Leave,2025-11-08,2025-11-14,7,Child Care,Rejected,
735,2020,Emergency Leave,2024-02-26,2024-03-02,6,Medical Treatment,Approved,Noah Subramaniam
736,1964,Unpaid Leave,2024-08-23,2024-09-01,10,Marriage,Approved,Vedant Tara
737,667,Emergency Leave,2025-08-12,2025-08-13,2,Vacation,Approved,Peter Srinivasan
738,1208,Annual Leave,2024-03-29,2024-04-03,6,Medical Treatment,Approved,Sarthak Chhabra
739,304,Casual Leave,2025-01-30,2025-02-01,3,Family Emergency,Pending,
740,2999,Annual Leave,2024-10-04,2024-10-12,9,Medical Treatment,Pending,
741,1385,Maternity Leave,2024-01-12,2024-01-21,10,Vacation,Pending,
742,1767,Paternity Leave,2024-09-15,2024-09-17,3,Child Care,Approved,Indrajit Sood
743,644,Annual Leave,2024-03-06,2024-03-07,2,Marriage,Approved,Peter Sen
744,1677,Paternity Leave,2025-08-01,2025-08-09,9,Personal Work,Approved,Fitan Narasimhan
745,2706,Casual Leave,2024-12-20,2024-12-24,5,Vacation,Approved,Zinal Nath
746,1610,Maternity Leave,2025-04-25,2025-05-03,9,Family Emergency,Approved,Ekiya Joshi
747,224,Casual Leave,2025-06-03,2025-06-03,1,Personal Work,Approved,Libni Nigam
748,2712,Paternity Leave,2025-03-09,2025-03-18,10,Medical Treatment,Approved,Balvan Badami
749,106,Sick Leave,2025-05-01,2025-05-03,3,Medical Treatment,Approved,Indira Chaudhuri
750,1940,Unpaid Leave,2024-01-14,2024-01-15,2,Child Care,Approved,Yoshita Narayanan
751,1929,Emergency Leave,2024-07-29,2024-08-02,5,Child Care,Approved,Parth Ghose
752,758,Casual Leave,2025-11-15,2025-11-21,7,Higher Education,Approved,Yashica Deshpande
753,183,Casual Leave,2024-09-20,2024-09-27,8,Marriage,Approved,Ekantika Pai
754,1101,Maternity Leave,2025-04-20,2025-04-20,1,Medical Treatment,Approved,Baghyawati Saran
755,352,Paternity Leave,2024-10-29,2024-11-03,6,Child Care,Approved,Bimala Raman
756,2416,Sick Leave,2025-06-13,2025-06-21,9,Child Care,Approved,Hitesh Acharya
757,2141,Emergency Leave,2024-12-12,2024-12-20,9,Higher Education,Approved,Faqid Boase
758,2346,Sick Leave,2024-02-03,2024-02-10,8,Child Care,Approved,Abdul Bhatnagar
759,2926,Annual Leave,2025-03-27,2025-04-04,9,Family Emergency,Approved,Jacob Raghavan
760,493,Unpaid Leave,2024-02-26,2024-03-04,8,Family Emergency,Approved,Tanmayi Sule
761,868,Unpaid Leave,2025-04-27,2025-04-30,4,Child Care,Approved,Bachittar Sant
762,321,Paternity Leave,2025-04-05,2025-04-11,7,Family Emergency,Approved,Hamsini Sane
763,2438,Casual Leave,2025-02-22,2025-02-27,6,Medical Treatment,Pending,
764,357,Emergency Leave,2025-05-17,2025-05-25,9,Religious Festival,Approved,Sanya Krish
765,1132,Maternity Leave,2024-06-09,2024-06-16,8,Vacation,Pending,
766,2869,Maternity Leave,2025-07-26,2025-08-04,10,Child Care,Approved,Xiti Mannan
767,461,Emergency Leave,2025-01-20,2025-01-22,3,Medical Treatment,Approved,Hemang Dey
768,433,Maternity Leave,2025-02-15,2025-02-16,2,Religious Festival,Approved,Xiti Kari
769,1684,Casual Leave,2024-02-18,2024-02-24,7,Higher Education,Approved,Aashi Sura
770,154,Sick Leave,2025-05-24,2025-05-28,5,Child Care,Approved,Akshay Bahl
771,159,Emergency Leave,2025-02-09,2025-02-14,6,Vacation,Approved,Max Modi
772,1947,Casual Leave,2025-03-30,2025-04-04,6,Personal Work,Approved,Abdul Bajwa
773,1274,Casual Leave,2025-12-02,2025-12-09,8,Medical Treatment,Approved,Leena Saraf
774,934,Sick Leave,2024-08-17,2024-08-21,5,Higher Education,Rejected,
775,1315,Casual Leave,2024-07-30,2024-08-05,7,Medical Treatment,Approved,Lohit Chakraborty
776,770,Emergency Leave,2025-08-13,2025-08-16,4,Child Care,Pending,
777,1985,Unpaid Leave,2024-03-10,2024-03-18,9,Vacation,Approved,Jagrati Biswas
778,2111,Unpaid Leave,2024-07-05,2024-07-07,3,Child Care,Approved,Banjeet Borah
779,556,Unpaid Leave,2025-10-18,2025-10-26,9,Vacation,Approved,Pahal Jani
780,712,Sick Leave,2024-11-17,2024-11-20,4,Marriage,Approved,Omaja Nayak
781,136,Emergency Leave,2025-07-17,2025-07-17,1,Marriage,Pending,
782,1123,Casual Leave,2024-02-09,2024-02-16,8,Medical Treatment,Approved,Reyansh Mittal
783,2791,Annual Leave,2024-06-19,2024-06-22,4,Higher Education,Approved,Abha Deo
784,728,Unpaid Leave,2024-03-22,2024-03-29,8,Religious Festival,Approved,Pratyush Contractor
785,1411,Sick Leave,2024-05-02,2024-05-06,5,Medical Treatment,Approved,Aarini Madan
786,1168,Annual Leave,2025-02-11,2025-02-17,7,Marriage,Approved,Hiral Rattan
787,907,Paternity Leave,2025-01-11,2025-01-14,4,Personal Work,Approved,Jalsa Palan
788,2669,Emergency Leave,2024-11-18,2024-11-26,9,Vacation,Approved,Kalpit Rout
789,1942,Sick Leave,2025-11-27,2025-11-29,3,Vacation,Approved,Onkar Sura
790,917,Casual Leave,2024-07-22,2024-07-31,10,Personal Work,Approved,Aditya Vala
791,2920,Paternity Leave,2025-05-12,2025-05-16,5,Child Care,Approved,Dev Soni
792,1429,Emergency Leave,2024-02-18,2024-02-22,5,Personal Work,Approved,Timothy Parekh
793,2774,Maternity Leave,2024-06-15,2024-06-24,10,Medical Treatment,Approved,Avi Divan
794,31,Maternity Leave,2025-06-23,2025-06-28,6,Personal Work,Approved,Harita Padmanabhan
795,1223,Paternity Leave,2024-02-26,2024-02-27,2,Religious Festival,Approved,Aarini Rajagopal
796,1133,Paternity Leave,2025-06-17,2025-06-22,6,Personal Work,Approved,Raghav Khurana
797,2688,Paternity Leave,2025-10-06,2025-10-10,5,Marriage,Approved,Wyatt Chacko
798,233,Unpaid Leave,2024-10-21,2024-10-30,10,Religious Festival,Approved,Meera Khurana
799,2789,Sick Leave,2025-09-16,2025-09-16,1,Personal Work,Approved,Rachita Goel
800,1063,Emergency Leave,2024-10-31,2024-11-06,7,Vacation,Approved,Akshay Karnik
801,2389,Paternity Leave,2025-01-20,2025-01-29,10,Religious Festival,Approved,Gagan Sachar
802,2976,Paternity Leave,2024-08-14,2024-08-17,4,Higher Education,Approved,Daniel Munshi
803,2752,Casual Leave,2025-11-28,2025-12-06,9,Family Emergency,Approved,Rayaan Sahni
804,2694,Maternity Leave,2024-09-17,2024-09-19,3,Higher Education,Approved,Akshay Arya
805,525,Paternity Leave,2025-04-26,2025-04-30,5,Family Emergency,Approved,Tripti Thaman
806,2785,Casual Leave,2025-11-06,2025-11-07,2,Marriage,Approved,Oscar Doctor
807,1258,Emergency Leave,2024-02-10,2024-02-15,6,Personal Work,Approved,Mitesh Prabhu
808,1900,Unpaid Leave,2025-03-27,2025-03-28,2,Medical Treatment,Approved,Janani Karpe
809,1935,Sick Leave,2025-04-06,2025-04-14,9,Child Care,Approved,Yashoda Jhaveri
810,2171,Casual Leave,2025-04-20,2025-04-26,7,Family Emergency,Approved,Anika Sagar
811,563,Sick Leave,2025-08-08,2025-08-13,6,Higher Education,Approved,Krishna Vig
812,587,Casual Leave,2025-11-01,2025-11-03,3,Higher Education,Approved,Vritti Chopra
813,1363,Paternity Leave,2025-09-14,2025-09-16,3,Vacation,Approved,Nidra Gopal
814,20,Emergency Leave,2024-02-22,2024-02-26,5,Family Emergency,Approved,Vedika Loyal
815,2361,Unpaid Leave,2024-07-04,2024-07-06,3,Medical Treatment,Approved,Rajata Tella
816,531,Maternity Leave,2025-12-01,2025-12-07,7,Child Care,Approved,Nimrat Padmanabhan
817,1758,Emergency Leave,2024-11-24,2024-11-30,7,Marriage,Approved,Neel Badal
818,2993,Casual Leave,2024-02-27,2024-02-27,1,Marriage,Pending,
819,74,Paternity Leave,2025-10-15,2025-10-15,1,Marriage,Approved,Anya Grewal
820,927,Paternity Leave,2025-01-17,2025-01-22,6,Medical Treatment,Approved,Neha Minhas
821,1572,Maternity Leave,2024-04-09,2024-04-18,10,Medical Treatment,Approved,Andrew Sridhar
822,188,Casual Leave,2024-09-02,2024-09-06,5,Religious Festival,Approved,Suhani Narain
823,1777,Paternity Leave,2025-02-05,2025-02-07,3,Higher Education,Approved,Anvi Koshy
824,1472,Unpaid Leave,2024-08-04,2024-08-07,4,Child Care,Approved,Umang Naik
825,79,Sick Leave,2024-05-30,2024-06-02,4,Family Emergency,Approved,Finn Nair
826,866,Paternity Leave,2024-04-17,2024-04-17,1,Family Emergency,Approved,Tanveer Pall
827,505,Casual Leave,2025-05-27,2025-05-27,1,Personal Work,Approved,Jasmit Bahl
828,2191,Maternity Leave,2024-12-20,2024-12-20,1,Vacation,Approved,Yauvani Saraf
829,2712,Annual Leave,2025-12-18,2025-12-18,1,Medical Treatment,Approved,Vincent Kakar
830,1708,Emergency Leave,2024-05-14,2024-05-20,7,Personal Work,Approved,Theodore Buch
831,1944,Paternity Leave,2025-10-15,2025-10-17,3,Vacation,Approved,Fariq Sarin
832,1234,Emergency Leave,2025-05-05,2025-05-06,2,Personal Work,Approved,Adya Bhatnagar
833,2551,Maternity Leave,2024-10-02,2024-10-04,3,Medical Treatment,Approved,Aarna Balakrishnan
834,2096,Paternity Leave,2024-11-24,2024-12-03,10,Medical Treatment,Approved,Darsh Chawla
835,436,Emergency Leave,2024-10-04,2024-10-07,4,Personal Work,Approved,Dipta Bora
836,2143,Sick Leave,2024-03-06,2024-03-11,6,Personal Work,Approved,Chavvi Dada
837,657,Annual Leave,2024-05-12,2024-05-20,9,Marriage,Approved,Benjamin Anne
838,2819,Emergency Leave,2024-12-06,2024-12-11,6,Vacation,Approved,Hardik Iyengar
839,2752,Annual Leave,2025-01-22,2025-01-23,2,Higher Education,Approved,Jalsa Bhat
840,611,Annual Leave,2024-12-07,2024-12-15,9,Medical Treatment,Approved,Chavvi Patel
841,1049,Paternity Leave,2024-08-03,2024-08-06,4,Personal Work,Approved,Janani Bahl
842,1082,Emergency Leave,2025-04-18,2025-04-18,1,Family Emergency,Approved,Xiti Balay
843,162,Unpaid Leave,2025-12-05,2025-12-09,5,Religious Festival,Approved,Zaid Atwal
844,1745,Paternity Leave,2024-04-02,2024-04-03,2,Vacation,Approved,Ranveer Mangal
845,40,Unpaid Leave,2025-08-08,2025-08-10,3,Family Emergency,Approved,Bakhshi Mital
846,1347,Casual Leave,2024-05-03,2024-05-10,8,Personal Work,Pending,
847,381,Casual Leave,2025-09-25,2025-09-30,6,Child Care,Approved,Tarak Bera
848,1640,Emergency Leave,2024-12-16,2024-12-20,5,Higher Education,Approved,Ekiya Gopal
849,1728,Paternity Leave,2024-12-25,2024-12-27,3,Vacation,Approved,Zinal Lall
850,653,Annual Leave,2024-06-11,2024-06-17,7,Higher Education,Pending,
851,2331,Paternity Leave,2024-01-05,2024-01-12,8,Child Care,Approved,Ekbal Thakur
852,1469,Maternity Leave,2024-01-13,2024-01-13,1,Family Emergency,Approved,Devika Sangha
853,1979,Emergency Leave,2024-12-30,2024-12-31,2,Higher Education,Pending,
854,189,Annual Leave,2025-09-29,2025-10-03,5,Vacation,Approved,Kalpit Dutta
855,2886,Unpaid Leave,2024-10-31,2024-11-08,9,Marriage,Approved,Hemal Bhargava
856,2744,Unpaid Leave,2024-06-10,2024-06-15,6,Medical Treatment,Approved,Rohan Karpe
857,1773,Paternity Leave,2025-09-28,2025-10-01,4,Child Care,Approved,Alka Mohanty
858,609,Unpaid Leave,2024-10-06,2024-10-14,9,Vacation,Pending,
859,48,Paternity Leave,2025-03-13,2025-03-15,3,Higher Education,Approved,Siya Varughese
860,2031,Unpaid Leave,2024-07-07,2024-07-09,3,Higher Education,Approved,Omaja Nagarajan
861,1314,Sick Leave,2024-08-16,2024-08-21,6,Vacation,Rejected,
862,2077,Sick Leave,2025-06-24,2025-07-02,9,Child Care,Approved,Xavier Chhabra
863,963,Annual Leave,2024-09-08,2024-09-15,8,Higher Education,Approved,Mohini Kalita
864,361,Unpaid Leave,2025-10-18,2025-10-25,8,Medical Treatment,Approved,Urvi Sampath
865,2038,Paternity Leave,2025-07-05,2025-07-05,1,Child Care,Approved,Ijaya Bera
866,147,Maternity Leave,2025-11-13,2025-11-21,9,Medical Treatment,Approved,Ikbal Hayre
867,2475,Maternity Leave,2024-06-22,2024-06-26,5,Marriage,Pending,
868,2682,Paternity Leave,2025-06-17,2025-06-24,8,Religious Festival,Pending,
869,223,Unpaid Leave,2025-10-25,2025-10-28,4,Religious Festival,Approved,Lila Sachdev
870,2295,Unpaid Leave,2024-11-04,2024-11-13,10,Religious Festival,Approved,Yashasvi Banik
871,2933,Emergency Leave,2025-09-08,2025-09-09,2,Marriage,Approved,Ishani Mammen
872,9,Casual Leave,2024-08-26,2024-08-31,6,Personal Work,Approved,Lucky Lal
873,2244,Maternity Leave,2025-08-01,2025-08-06,6,Vacation,Approved,Shravya Chopra
874,673,Emergency Leave,2024-12-15,2024-12-17,3,Child Care,Approved,Urvi Dhar
875,439,Casual Leave,2024-08-06,2024-08-15,10,Medical Treatment,Approved,Diya Kuruvilla
876,1610,Sick Leave,2024-07-07,2024-07-14,8,Marriage,Approved,Samarth Sen
877,2936,Casual Leave,2025-09-11,2025-09-12,2,Vacation,Approved,Arya Pillai
878,2594,Unpaid Leave,2024-07-31,2024-08-09,10,Higher Education,Approved,Atharv Bajwa
879,1874,Paternity Leave,2025-06-09,2025-06-18,10,Family Emergency,Pending,
880,2044,Annual Leave,2024-10-06,2024-10-14,9,Child Care,Approved,Lajita Tailor
881,2397,Emergency Leave,2025-07-04,2025-07-12,9,Family Emergency,Approved,Hemangini Babu
882,2834,Maternity Leave,2024-07-17,2024-07-19,3,Family Emergency,Approved,Quincy Sant
883,425,Emergency Leave,2025-02-23,2025-03-04,10,Religious Festival,Approved,Chakradhar Lanka
884,2065,Emergency Leave,2024-03-09,2024-03-15,7,Marriage,Rejected,
885,1121,Emergency Leave,2024-11-21,2024-11-26,6,Higher Education,Rejected,
886,547,Sick Leave,2024-11-11,2024-11-17,7,Personal Work,Approved,Aahana Vaidya
887,2874,Maternity Leave,2024-04-13,2024-04-18,6,Marriage,Approved,Yatin Palan
888,823,Sick Leave,2024-06-09,2024-06-18,10,Religious Festival,Approved,Dalaja Luthra
889,2755,Sick Leave,2025-04-26,2025-04-28,3,Religious Festival,Approved,Radha Tank
890,2910,Annual Leave,2025-11-17,2025-11-22,6,Child Care,Approved,Arya Sawhney
891,2762,Paternity Leave,2024-08-01,2024-08-09,9,Child Care,Approved,Jacob Amble
892,53,Maternity Leave,2024-05-31,2024-06-01,2,Family Emergency,Approved,Omkaar Khatri
893,218,Paternity Leave,2024-11-04,2024-11-04,1,Family Emergency,Approved,Champak Patla
894,1174,Paternity Leave,2025-02-20,2025-02-24,5,Vacation,Approved,Balveer Doctor
895,2829,Unpaid Leave,2025-06-16,2025-06-20,5,Vacation,Approved,Yug Bains
896,1470,Unpaid Leave,2024-06-08,2024-06-15,8,Marriage,Approved,Dipta Sundaram
897,2651,Maternity Leave,2024-05-31,2024-06-06,7,Personal Work,Approved,Pranav Borra
898,2839,Paternity Leave,2024-02-27,2024-02-27,1,Child Care,Pending,
899,1707,Unpaid Leave,2025-08-14,2025-08-19,6,Vacation,Rejected,
900,54,Paternity Leave,2025-07-29,2025-08-02,5,Higher Education,Approved,Udyati Hora
901,924,Paternity Leave,2024-04-21,2024-04-26,6,Marriage,Approved,Jai Vohra
902,2970,Sick Leave,2024-04-02,2024-04-06,5,Medical Treatment,Approved,Ranveer Vala
903,766,Sick Leave,2025-10-28,2025-11-05,9,Vacation,Approved,Gagan Sahni
904,1756,Casual Leave,2025-09-03,2025-09-11,9,Family Emergency,Approved,Balhaar Parmer
905,2393,Unpaid Leave,2024-09-14,2024-09-18,5,Higher Education,Approved,Balvan Bali
906,2907,Sick Leave,2025-06-17,2025-06-17,1,Religious Festival,Approved,Kala Sahni
907,2445,Annual Leave,2025-02-17,2025-02-26,10,Personal Work,Approved,Ekansh Dey
908,2010,Unpaid Leave,2024-03-12,2024-03-21,10,Medical Treatment,Approved,Tara Mangal
909,2899,Casual Leave,2024-09-02,2024-09-10,9,Family Emergency,Approved,Dakshesh Sarna
910,2133,Annual Leave,2025-07-20,2025-07-28,9,Child Care,Approved,Ishanvi Rau
911,377,Casual Leave,2024-01-08,2024-01-11,4,Religious Festival,Pending,
912,1357,Casual Leave,2025-08-10,2025-08-14,5,Higher Education,Approved,Zayyan Solanki
913,2300,Unpaid Leave,2025-02-22,2025-02-22,1,Religious Festival,Approved,Amol Srinivasan
914,1826,Sick Leave,2025-03-19,2025-03-28,10,Marriage,Pending,
915,164,Paternity Leave,2024-03-24,2024-03-29,6,Medical Treatment,Approved,Balendra Singh
916,1581,Casual Leave,2024-01-28,2024-02-05,9,Vacation,Approved,Sara Raval
917,2118,Unpaid Leave,2024-05-21,2024-05-26,6,Higher Education,Approved,Advika Kamdar
918,1994,Annual Leave,2024-10-31,2024-11-04,5,Marriage,Pending,
919,1313,Maternity Leave,2025-11-19,2025-11-20,2,Family Emergency,Pending,
920,2204,Maternity Leave,2024-06-22,2024-06-22,1,Marriage,Approved,Hritik Narain
921,2746,Paternity Leave,2024-01-03,2024-01-06,4,Child Care,Approved,Wishi Parikh
922,426,Sick Leave,2025-06-29,2025-07-07,9,Child Care,Approved,Hemal Bhandari
923,2649,Unpaid Leave,2024-03-20,2024-03-21,2,Family Emergency,Approved,Shivani Sankar
924,98,Emergency Leave,2025-05-16,2025-05-21,6,Medical Treatment,Approved,Ekavir Shankar
925,223,Sick Leave,2025-08-26,2025-08-30,5,Marriage,Approved,Saksham Chaudry
926,1060,Emergency Leave,2025-02-09,2025-02-15,7,Child Care,Approved,Jagvi Prakash
927,1774,Casual Leave,2025-10-30,2025-10-30,1,Medical Treatment,Approved,Suhani Chaudhry
928,2191,Annual Leave,2024-12-30,2025-01-08,10,Vacation,Approved,Odika Krishnamurthy
929,2871,Unpaid Leave,2024-11-26,2024-11-27,2,Medical Treatment,Approved,Peter D’Alia
930,1188,Unpaid Leave,2024-05-26,2024-05-30,5,Personal Work,Approved,Jhalak Kara
931,1793,Emergency Leave,2025-02-21,2025-02-27,7,Vacation,Approved,Saksham Jayaraman
932,1942,Sick Leave,2025-07-03,2025-07-11,9,Child Care,Approved,Imaran Sant
933,2236,Casual Leave,2024-02-14,2024-02-16,3,Religious Festival,Approved,Hritik Varty
934,46,Maternity Leave,2024-11-15,2024-11-23,9,Vacation,Approved,Hema Sachdeva
935,21,Maternity Leave,2025-05-16,2025-05-25,10,Medical Treatment,Approved,Warjas Srinivasan
936,1249,Sick Leave,2025-11-04,2025-11-09,6,Family Emergency,Approved,Meghana Bali
937,660,Sick Leave,2025-01-04,2025-01-07,4,Personal Work,Approved,Idika Lalla
938,796,Annual Leave,2025-02-11,2025-02-13,3,Vacation,Approved,Jacob Raju
939,2249,Emergency Leave,2024-06-20,2024-06-28,9,Medical Treatment,Approved,Christopher Sen
940,1027,Annual Leave,2025-06-03,2025-06-06,4,Higher Education,Approved,Upma Nagy
941,1356,Casual Leave,2024-04-03,2024-04-05,3,Marriage,Approved,Brinda Ganesan
942,410,Casual Leave,2024-09-10,2024-09-19,10,Marriage,Approved,Tanish Uppal
943,1302,Emergency Leave,2024-01-19,2024-01-26,8,Personal Work,Approved,Hamsini Brar
944,2841,Maternity Leave,2024-07-08,2024-07-10,3,Religious Festival,Approved,Karan Patla
945,1296,Emergency Leave,2025-02-15,2025-02-17,3,Marriage,Approved,Shivansh Bhargava
946,908,Paternity Leave,2025-11-11,2025-11-17,7,Religious Festival,Approved,Devika Munshi
947,551,Paternity Leave,2025-02-01,2025-02-06,6,Higher Education,Approved,Sudiksha Pau
948,1825,Casual Leave,2025-06-13,2025-06-17,5,Medical Treatment,Approved,Aditya Srivastava
949,720,Paternity Leave,2024-12-07,2024-12-16,10,Personal Work,Approved,Pranit Saxena
950,574,Maternity Leave,2025-02-01,2025-02-04,4,Medical Treatment,Approved,Siddharth Dutt
951,2980,Annual Leave,2024-06-04,2024-06-04,1,Vacation,Approved,Turvi Om
952,2384,Maternity Leave,2025-07-31,2025-08-06,7,Marriage,Approved,Nidhi Kashyap
953,151,Maternity Leave,2025-08-27,2025-08-31,5,Higher Education,Approved,Laban Bhardwaj
954,2679,Unpaid Leave,2024-12-29,2024-12-31,3,Marriage,Approved,Neha Shere
955,2416,Paternity Leave,2025-03-06,2025-03-10,5,Medical Treatment,Approved,Michael Gaba
956,1626,Casual Leave,2024-05-29,2024-06-06,9,Marriage,Approved,Zansi Ramakrishnan
957,2516,Paternity Leave,2024-06-11,2024-06-13,3,Family Emergency,Approved,Hemani Palan
958,1828,Sick Leave,2024-08-16,2024-08-18,3,Family Emergency,Approved,Nachiket Sen
959,2999,Emergency Leave,2025-07-16,2025-07-21,6,Higher Education,Approved,Widisha Mallick
960,950,Annual Leave,2025-03-21,2025-03-25,5,Vacation,Approved,Joshua Balasubramanian
961,2739,Sick Leave,2025-09-11,2025-09-19,9,Religious Festival,Pending,
962,1590,Emergency Leave,2025-07-16,2025-07-23,8,Vacation,Pending,
963,2657,Casual Leave,2025-07-29,2025-07-30,2,Personal Work,Approved,Samesh Bajaj
964,1079,Maternity Leave,2025-11-07,2025-11-15,9,Child Care,Approved,Darpan Mangal
965,2678,Emergency Leave,2024-09-13,2024-09-18,6,Medical Treatment,Approved,Turvi Dhar
966,2117,Casual Leave,2024-05-20,2024-05-26,7,Marriage,Rejected,
967,2116,Emergency Leave,2024-09-01,2024-09-06,6,Religious Festival,Approved,Naveen Ravel
968,1995,Unpaid Leave,2025-04-23,2025-04-30,8,Vacation,Pending,
969,2056,Sick Leave,2024-12-03,2024-12-10,8,Medical Treatment,Approved,Pahal Mital
970,2108,Paternity Leave,2024-02-08,2024-02-12,5,Family Emergency,Approved,Ayaan Choudhry
971,645,Casual Leave,2024-10-22,2024-10-31,10,Medical Treatment,Approved,Kala Chadha
972,2708,Sick Leave,2024-04-15,2024-04-21,7,Medical Treatment,Approved,Faras Mandal
973,1973,Paternity Leave,2025-12-24,2025-12-31,8,Family Emergency,Approved,Samarth Nayak
974,2652,Unpaid Leave,2025-09-27,2025-10-03,7,Vacation,Approved,Kritika Acharya
975,524,Maternity Leave,2025-03-26,2025-04-04,10,Vacation,Approved,Rohan Ramaswamy
976,2345,Sick Leave,2024-11-18,2024-11-18,1,Family Emergency,Approved,Liam Barman
977,2117,Emergency Leave,2025-02-01,2025-02-10,10,Vacation,Rejected,
978,2948,Paternity Leave,2025-06-29,2025-07-03,5,Marriage,Pending,
979,1840,Maternity Leave,2024-06-25,2024-07-02,8,Family Emergency,Approved,Harrison Wadhwa
980,899,Unpaid Leave,2025-09-11,2025-09-17,7,Family Emergency,Approved,Ekapad Sidhu
981,2553,Paternity Leave,2024-11-23,2024-12-01,9,Religious Festival,Approved,Viraj Dora
982,1858,Maternity Leave,2025-09-09,2025-09-18,10,Child Care,Approved,Neelima Hans
983,1579,Sick Leave,2025-10-04,2025-10-05,2,Child Care,Approved,Nakul Parikh
984,613,Maternity Leave,2025-12-14,2025-12-15,2,Vacation,Approved,Kevin Dash
985,2177,Maternity Leave,2024-10-22,2024-10-23,2,Family Emergency,Approved,Samar Bansal
986,2472,Maternity Leave,2024-10-10,2024-10-10,1,Child Care,Pending,
987,2139,Emergency Leave,2025-06-08,2025-06-13,6,Child Care,Approved,Brinda Chacko
988,940,Unpaid Leave,2025-08-14,2025-08-21,8,Child Care,Approved,Dalbir Handa
989,1436,Maternity Leave,2025-02-07,2025-02-16,10,Family Emergency,Approved,Aarna Luthra
990,1043,Emergency Leave,2024-01-03,2024-01-06,4,Medical Treatment,Pending,
991,1161,Maternity Leave,2024-12-01,2024-12-09,9,Marriage,Approved,Max Dayal
992,23,Paternity Leave,2024-07-19,2024-07-19,1,Medical Treatment,Approved,Frederick Chahal
993,2129,Annual Leave,2025-03-25,2025-03-31,7,Religious Festival,Approved,Krisha Varma
994,1675,Casual Leave,2024-08-29,2024-08-30,2,Personal Work,Approved,Balvan Sastry
995,1071,Unpaid Leave,2024-12-19,2024-12-27,9,Religious Festival,Approved,Atharv Nagarajan
996,2507,Casual Leave,2025-03-31,2025-04-06,7,Child Care,Approved,Jagat Mukherjee
997,2262,Unpaid Leave,2025-06-08,2025-06-16,9,Religious Festival,Approved,Kala Kulkarni
998,2291,Maternity Leave,2024-11-07,2024-11-14,8,Personal Work,Approved,Kamala Morar
999,2367,Casual Leave,2025-08-15,2025-08-21,7,Medical Treatment,Approved,Kalpit Rai
1000,942,Emergency Leave,2024-01-07,2024-01-09,3,Child Care,Approved,Yashica Date
1001,1387,Unpaid Leave,2025-11-11,2025-11-19,9,Vacation,Approved,Ubika Ratti
1002,659,Emergency Leave,2024-09-19,2024-09-19,1,Family Emergency,Approved,Yashoda Manne
1003,1932,Maternity Leave,2024-02-05,2024-02-11,7,Personal Work,Approved,Caleb Lala
1004,909,Casual Leave,2024-09-16,2024-09-17,2,Child Care,Approved,Bhavika Iyer
1005,1642,Maternity Leave,2024-10-08,2024-10-16,9,Vacation,Approved,Ijaya Taneja
1006,718,Paternity Leave,2024-12-28,2025-01-04,8,Marriage,Approved,Quincy Memon
1007,2691,Unpaid Leave,2025-10-12,2025-10-20,9,Vacation,Approved,Divya Ben
1008,2456,Maternity Leave,2024-11-16,2024-11-24,9,Family Emergency,Approved,Rehaan Suresh
1009,2761,Annual Leave,2024-03-09,2024-03-14,6,Vacation,Approved,Aarnav Basak
1010,645,Annual Leave,2025-02-28,2025-03-04,5,Religious Festival,Approved,Azaan Gola
1011,2743,Emergency Leave,2024-08-04,2024-08-10,7,Vacation,Approved,Saanvi Wagle
1012,2883,Annual Leave,2025-06-16,2025-06-17,2,Religious Festival,Approved,Niharika Kulkarni
1013,1424,Unpaid Leave,2025-12-14,2025-12-18,5,Marriage,Approved,Sneha Rajan
1014,1863,Emergency Leave,2024-07-11,2024-07-20,10,Family Emergency,Approved,Radha Keer
1015,1668,Maternity Leave,2025-06-11,2025-06-12,2,Personal Work,Approved,Teerth Vohra
1016,1393,Annual Leave,2025-06-15,2025-06-23,9,Personal Work,Pending,
1017,2844,Emergency Leave,2025-09-28,2025-10-04,7,Marriage,Approved,Laksh Devi
1018,1392,Unpaid Leave,2025-04-29,2025-05-06,8,Vacation,Approved,Zayan Bhatnagar
1019,1975,Annual Leave,2024-01-13,2024-01-17,5,Marriage,Approved,William Keer
1020,2773,Paternity Leave,2025-09-14,2025-09-17,4,Child Care,Approved,Ira Sarin
1021,1447,Maternity Leave,2024-12-21,2024-12-29,9,Personal Work,Approved,Theodore Balakrishnan
1022,1017,Casual Leave,2024-02-06,2024-02-07,2,Religious Festival,Approved,Rudra Barad
1023,312,Maternity Leave,2025-06-17,2025-06-19,3,Religious Festival,Approved,Onkar Anand
1024,896,Maternity Leave,2024-05-22,2024-05-26,5,Marriage,Approved,Neha Ben
1025,2044,Paternity Leave,2025-04-28,2025-05-01,4,Marriage,Approved,Lakshit Aggarwal
1026,1088,Sick Leave,2025-02-20,2025-02-23,4,Marriage,Approved,Joshua Keer
1027,2534,Casual Leave,2024-11-19,2024-11-21,3,Medical Treatment,Approved,Wriddhish Sura
1028,322,Paternity Leave,2024-09-20,2024-09-27,8,Vacation,Approved,Nidra Kota
1029,1976,Casual Leave,2025-10-19,2025-10-28,10,Personal Work,Approved,Chakradev Buch
1030,2011,Sick Leave,2024-11-23,2024-12-01,9,Marriage,Approved,Amol Pau
1031,2363,Sick Leave,2025-01-03,2025-01-03,1,Child Care,Approved,Pavani Hayre
1032,1960,Maternity Leave,2025-08-22,2025-08-22,1,Child Care,Approved,Jagdish Menon
1033,2812,Unpaid Leave,2024-06-27,2024-06-29,3,Medical Treatment,Approved,Vrishti Raja
1034,2861,Maternity Leave,2025-10-07,2025-10-14,8,Vacation,Approved,Ekalinga Mukhopadhyay
1035,49,Paternity Leave,2024-07-16,2024-07-19,4,Medical Treatment,Approved,Vasudha Minhas
1036,1333,Casual Leave,2024-11-02,2024-11-11,10,Family Emergency,Approved,Krishna Raju
1037,2247,Casual Leave,2024-08-28,2024-08-31,4,Religious Festival,Approved,Pavani Shah
1038,1499,Sick Leave,2025-06-05,2025-06-12,8,Child Care,Approved,Yuvraj Gara
1039,2871,Unpaid Leave,2025-05-13,2025-05-18,6,Child Care,Approved,Ayush Ram
1040,1146,Emergency Leave,2024-10-18,2024-10-20,3,Marriage,Approved,Wakeeta Batra
1041,410,Paternity Leave,2024-01-07,2024-01-11,5,Child Care,Approved,Isaiah Naidu
1042,1561,Sick Leave,2024-06-24,2024-06-26,3,Family Emergency,Approved,Ekani Narayan
1043,1938,Unpaid Leave,2024-05-01,2024-05-01,1,Higher Education,Approved,Nathaniel Sankar
1044,551,Unpaid Leave,2024-12-31,2025-01-08,9,Religious Festival,Approved,Eshana Pandey
1045,1994,Casual Leave,2024-02-09,2024-02-13,5,Vacation,Approved,Tanish Nazareth
1046,1632,Annual Leave,2024-12-08,2024-12-10,3,Personal Work,Approved,Matthew Devi
1047,1952,Unpaid Leave,2025-04-27,2025-04-28,2,Religious Festival,Approved,Kevin Borra
1048,1065,Casual Leave,2025-04-08,2025-04-13,6,Personal Work,Approved,Jasmit Chakrabarti
1049,1410,Annual Leave,2025-10-15,2025-10-21,7,Marriage,Approved,Ridhi Walla
1050,2363,Maternity Leave,2024-09-25,2024-10-03,9,Personal Work,Approved,Ijaya Dhawan
1051,1455,Casual Leave,2025-11-20,2025-11-28,9,Higher Education,Approved,Dalbir Saxena
1052,322,Emergency Leave,2025-08-10,2025-08-19,10,Family Emergency,Approved,Banjeet Randhawa
1053,687,Paternity Leave,2024-07-25,2024-07-30,6,Child Care,Approved,Aadi Swaminathan
1054,293,Annual Leave,2024-01-29,2024-01-31,3,Religious Festival,Approved,Krishna Chadha
1055,1298,Paternity Leave,2025-03-18,2025-03-22,5,Child Care,Approved,Patrick Sarin
1056,1112,Emergency Leave,2024-07-22,2024-07-27,6,Higher Education,Approved,Dalbir Sinha
1057,1696,Sick Leave,2024-07-18,2024-07-20,3,Family Emergency,Approved,Ridhi Kalita
1058,2981,Sick Leave,2025-03-19,2025-03-23,5,Medical Treatment,Pending,
1059,863,Sick Leave,2025-11-16,2025-11-22,7,Medical Treatment,Approved,Anvi Lad
1060,1939,Maternity Leave,2025-01-13,2025-01-13,1,Child Care,Approved,Harish Grewal
1061,2147,Unpaid Leave,2024-02-22,2024-02-23,2,Family Emergency,Approved,Aarush Dasgupta
1062,346,Paternity Leave,2025-11-21,2025-11-27,7,Marriage,Approved,Praneel Dua
1063,1164,Emergency Leave,2024-07-29,2024-07-31,3,Family Emergency,Approved,Neha Bir
1064,118,Annual Leave,2025-09-01,2025-09-06,6,Religious Festival,Approved,Saumya Chada
1065,1951,Emergency Leave,2024-07-24,2024-08-01,9,Higher Education,Pending,
1066,554,Paternity Leave,2025-12-07,2025-12-15,9,Higher Education,Approved,Keya Dutt
1067,2585,Paternity Leave,2025-04-29,2025-05-08,10,Personal Work,Approved,Janya Jayaraman
1068,1423,Emergency Leave,2025-09-03,2025-09-11,9,Medical Treatment,Approved,Gabriel Lall
1069,1810,Casual Leave,2024-11-04,2024-11-09,6,Family Emergency,Approved,Orinder Nagar
1070,1244,Annual Leave,2024-03-24,2024-03-24,1,Family Emergency,Approved,Bahadurjit Raja
1071,1409,Casual Leave,2025-02-09,2025-02-16,8,Higher Education,Approved,Gavin Munshi
1072,1955,Casual Leave,2025-12-08,2025-12-08,1,Personal Work,Approved,Nimrat Mandal
1073,2446,Sick Leave,2025-03-07,2025-03-07,1,Marriage,Approved,Janani Thakkar
1074,1687,Maternity Leave,2024-05-05,2024-05-11,7,Family Emergency,Approved,Max Garde
1075,2929,Paternity Leave,2024-06-06,2024-06-12,7,Marriage,Approved,Edhitha Solanki
1076,1078,Annual Leave,2025-09-08,2025-09-14,7,Personal Work,Approved,Gabriel Balakrishnan
1077,1167,Paternity Leave,2024-02-22,2024-03-01,9,Child Care,Approved,Jasmit Varty
1078,771,Unpaid Leave,2025-09-18,2025-09-19,2,Personal Work,Approved,Isha Gopal
1079,453,Paternity Leave,2024-09-01,2024-09-08,8,Personal Work,Approved,Omaja Ram
1080,2870,Maternity Leave,2024-05-18,2024-05-25,8,Vacation,Approved,Pallavi Mital
1081,624,Annual Leave,2025-06-25,2025-07-03,9,Medical Treatment,Approved,Vedhika Dhar
1082,1156,Casual Leave,2024-10-20,2024-10-22,3,Vacation,Approved,Faqid Kalita
1083,954,Annual Leave,2024-05-26,2024-05-28,3,Marriage,Approved,Manya Khanna
1084,1401,Emergency Leave,2025-11-13,2025-11-17,5,Higher Education,Approved,Widisha Padmanabhan
1085,1522,Emergency Leave,2025-01-14,2025-01-14,1,Family Emergency,Approved,Nirja Patla
1086,230,Casual Leave,2024-10-04,2024-10-10,7,Higher Education,Approved,Aahana Sawhney
1087,744,Sick Leave,2025-05-12,2025-05-16,5,Vacation,Approved,Eta Sane
1088,500,Unpaid Leave,2024-03-01,2024-03-04,4,Higher Education,Approved,Forum Kunda
1089,1013,Paternity Leave,2024-01-09,2024-01-09,1,Medical Treatment,Approved,Tripti Chacko
1090,2135,Paternity Leave,2025-06-22,2025-06-25,4,Personal Work,Approved,Gayathri Baria
1091,1324,Sick Leave,2024-06-25,2024-06-25,1,Medical Treatment,Approved,Dhriti Kala
1092,1038,Emergency Leave,2024-10-04,2024-10-08,5,Vacation,Approved,Vedika Bhandari
1093,2731,Sick Leave,2025-02-16,2025-02-17,2,Child Care,Approved,Baljiwan Kulkarni
1094,1330,Annual Leave,2025-11-23,2025-11-25,3,Medical Treatment,Approved,Devika Khosla
1095,1622,Unpaid Leave,2024-03-23,2024-03-26,4,Vacation,Approved,Max Kashyap
1096,2381,Unpaid Leave,2024-10-28,2024-11-04,8,Family Emergency,Approved,Aahana Choudhury
1097,1522,Unpaid Leave,2025-09-23,2025-09-24,2,Higher Education,Approved,Unni Bassi
1098,375,Paternity Leave,2025-09-24,2025-10-03,10,Vacation,Approved,Nilima Sheth
1099,245,Casual Leave,2025-09-29,2025-10-01,3,Medical Treatment,Approved,Tejas Balakrishnan
1100,516,Emergency Leave,2025-03-19,2025-03-22,4,Religious Festival,Approved,Chakrika Natt
1101,1797,Paternity Leave,2024-07-01,2024-07-04,4,Child Care,Approved,Finn Deol
1102,1468,Paternity Leave,2024-10-02,2024-10-04,3,Vacation,Approved,Udant Gandhi
1103,1988,Paternity Leave,2024-09-12,2024-09-19,8,Higher Education,Approved,Akshay Oza
1104,778,Maternity Leave,2024-06-29,2024-07-01,3,Religious Festival,Approved,Harish Nori
1105,3000,Emergency Leave,2025-09-19,2025-09-23,5,Family Emergency,Approved,Indrajit Date
1106,283,Maternity Leave,2025-03-14,2025-03-16,3,Personal Work,Approved,Manbir Rout
1107,2219,Casual Leave,2024-10-20,2024-10-27,8,Child Care,Approved,Manbir Kaur
1108,760,Annual Leave,2024-06-23,2024-07-02,10,Marriage,Approved,Sai Dara
1109,1314,Paternity Leave,2025-03-24,2025-03-25,2,Child Care,Approved,Tejas Dar
1110,778,Maternity Leave,2025-11-28,2025-12-05,8,Family Emergency,Approved,Charvi Loyal
1111,2512,Casual Leave,2025-04-24,2025-04-29,6,Religious Festival,Approved,Anya Khanna
1112,453,Annual Leave,2025-08-05,2025-08-13,9,Vacation,Approved,Kashish Gupta
1113,532,Sick Leave,2025-05-05,2025-05-05,1,Higher Education,Approved,Vrinda Sood
1114,785,Annual Leave,2025-01-12,2025-01-12,1,Child Care,Approved,Chaitaly Naik
1115,2695,Emergency Leave,2024-07-21,2024-07-29,9,Personal Work,Approved,Kavya Edwin
1116,202,Casual Leave,2024-12-20,2024-12-23,4,Medical Treatment,Approved,Inaya Dass
1117,54,Sick Leave,2025-02-09,2025-02-16,8,Medical Treatment,Pending,
1118,1918,Unpaid Leave,2025-10-22,2025-10-22,1,Child Care,Approved,Vivaan Salvi
1119,1512,Unpaid Leave,2025-09-06,2025-09-06,1,Personal Work,Approved,Wazir Sethi
1120,2167,Annual Leave,2024-01-21,2024-01-22,2,Medical Treatment,Approved,Tanvi Varty
1121,885,Maternity Leave,2024-12-15,2024-12-16,2,Marriage,Approved,Harsh Dubey
1122,2178,Emergency Leave,2025-11-30,2025-12-03,4,Marriage,Approved,Reva Chana
1123,2335,Paternity Leave,2024-06-29,2024-07-01,3,Child Care,Approved,Indali Tak
1124,433,Unpaid Leave,2025-09-09,2025-09-18,10,Higher Education,Approved,Omkaar Sehgal
1125,2878,Paternity Leave,2025-06-20,2025-06-26,7,Family Emergency,Pending,
1126,739,Maternity Leave,2024-07-27,2024-08-02,7,Family Emergency,Approved,Ekantika Sagar
1127,2187,Maternity Leave,2024-02-24,2024-03-02,8,Religious Festival,Pending,
1128,2254,Casual Leave,2025-12-22,2025-12-27,6,Child Care,Approved,Bahadurjit Varty
1129,2974,Casual Leave,2025-03-03,2025-03-12,10,Marriage,Approved,Januja Dave
1130,1537,Unpaid Leave,2025-10-03,2025-10-11,9,Personal Work,Pending,
1131,1475,Emergency Leave,2025-12-10,2025-12-17,8,Vacation,Pending,
1132,2975,Annual Leave,2025-06-27,2025-07-01,5,Family Emergency,Approved,Kabir Konda
1133,1237,Annual Leave,2024-05-02,2024-05-06,5,Marriage,Rejected,
1134,1290,Annual Leave,2025-07-03,2025-07-07,5,Family Emergency,Pending,
1135,387,Annual Leave,2024-05-29,2024-06-05,8,Family Emergency,Approved,Charan Taneja
1136,1086,Casual Leave,2024-09-30,2024-10-09,10,Personal Work,Approved,Chaaya Dugar
1137,1231,Annual Leave,2024-09-23,2024-10-02,10,Marriage,Approved,Isha Kothari
1138,317,Paternity Leave,2024-08-10,2024-08-15,6,Family Emergency,Approved,Ridhi Dubey
1139,2000,Unpaid Leave,2025-06-29,2025-07-08,10,Medical Treatment,Approved,Anika Mitra
1140,2439,Paternity Leave,2024-04-07,2024-04-11,5,Child Care,Approved,Hema Dhaliwal
1141,322,Unpaid Leave,2024-04-02,2024-04-02,1,Religious Festival,Pending,
1142,1426,Unpaid Leave,2024-06-09,2024-06-15,7,Medical Treatment,Approved,Mitali Sharaf
1143,929,Paternity Leave,2025-12-18,2025-12-27,10,Child Care,Pending,
1144,222,Casual Leave,2024-10-01,2024-10-09,9,Family Emergency,Approved,Avni Aurora
1145,1339,Maternity Leave,2024-08-25,2024-08-28,4,Child Care,Approved,Noah Srinivas
1146,1826,Unpaid Leave,2024-12-30,2025-01-08,10,Medical Treatment,Approved,Hemang Gola
1147,910,Emergency Leave,2024-03-03,2024-03-07,5,Family Emergency,Approved,Dipta Sabharwal
1148,542,Casual Leave,2024-04-25,2024-04-26,2,Vacation,Approved,Dalaja Parsa
1149,2246,Emergency Leave,2025-01-29,2025-02-02,5,Child Care,Approved,Ria Chhabra
1150,2859,Sick Leave,2025-09-07,2025-09-09,3,Marriage,Approved,Anjali Cherian
1151,1999,Emergency Leave,2024-04-04,2024-04-13,10,Marriage,Approved,Eta Hayer
1152,993,Annual Leave,2025-06-08,2025-06-12,5,Religious Festival,Approved,Amrita Sengupta
1153,2805,Maternity Leave,2024-08-14,2024-08-15,2,Child Care,Approved,Ishita Mitra
1154,1735,Casual Leave,2024-10-12,2024-10-17,6,Religious Festival,Approved,Mekhala Wable
1155,2433,Paternity Leave,2025-06-16,2025-06-16,1,Family Emergency,Approved,Harita Om
1156,1433,Maternity Leave,2025-03-16,2025-03-23,8,Higher Education,Approved,Frado Batta
1157,184,Unpaid Leave,2025-04-23,2025-04-26,4,Religious Festival,Approved,Fariq Kari
1158,639,Unpaid Leave,2025-08-20,2025-08-21,2,Vacation,Approved,Gagan Ben
1159,996,Maternity Leave,2024-09-28,2024-09-30,3,Personal Work,Approved,Pallavi Peri
1160,57,Casual Leave,2025-07-12,2025-07-13,2,Higher Education,Approved,Aditya Subramaniam
1161,94,Casual Leave,2024-03-15,2024-03-18,4,Marriage,Approved,Krish Kota
1162,835,Maternity Leave,2025-02-06,2025-02-14,9,Higher Education,Approved,Jackson Naik
1163,2552,Paternity Leave,2025-02-17,2025-02-19,3,Vacation,Approved,Parth Sami
1164,1543,Maternity Leave,2024-12-15,2024-12-23,9,Family Emergency,Approved,Simon Dutt
1165,247,Casual Leave,2024-06-25,2024-06-28,4,Personal Work,Approved,Aadi Kota
1166,218,Emergency Leave,2025-06-16,2025-06-16,1,Personal Work,Approved,Ekaja Bhat
1167,2716,Unpaid Leave,2024-04-13,2024-04-18,6,Vacation,Approved,Jalsa Palan
1168,1199,Unpaid Leave,2025-05-15,2025-05-21,7,Child Care,Approved,Harini More
1169,2083,Paternity Leave,2025-10-06,2025-10-07,2,Higher Education,Pending,
1170,2446,Maternity Leave,2025-03-11,2025-03-12,2,Higher Education,Approved,Kamya Bhatnagar
1171,2297,Paternity Leave,2024-10-09,2024-10-09,1,Personal Work,Approved,Januja Shanker
1172,1367,Emergency Leave,2025-11-13,2025-11-19,7,Vacation,Approved,Upkaar Wali
1173,1421,Paternity Leave,2024-02-26,2024-03-02,6,Personal Work,Approved,Netra Parmer
1174,968,Maternity Leave,2025-07-10,2025-07-14,5,Personal Work,Approved,Yash Mani
1175,1586,Unpaid Leave,2025-03-28,2025-03-28,1,Personal Work,Pending,
1176,924,Sick Leave,2025-06-04,2025-06-09,6,Family Emergency,Pending,
1177,360,Paternity Leave,2025-03-19,2025-03-25,7,Marriage,Approved,Nirja Dutta
1178,1710,Sick Leave,2024-07-03,2024-07-12,10,Personal Work,Approved,Rohan Mand
1179,2480,Casual Leave,2025-08-05,2025-08-12,8,Marriage,Approved,Hamsini Barman
1180,2673,Sick Leave,2024-02-21,2024-03-01,10,Marriage,Approved,Tanmayi Wali
1181,566,Casual Leave,2025-04-22,2025-04-30,9,Child Care,Pending,
1182,595,Paternity Leave,2024-03-08,2024-03-17,10,Religious Festival,Pending,
1183,278,Maternity Leave,2025-08-29,2025-09-06,9,Medical Treatment,Pending,
1184,755,Casual Leave,2024-05-05,2024-05-07,3,Religious Festival,Approved,Tara Kurian
1185,1696,Emergency Leave,2025-10-23,2025-10-27,5,Personal Work,Approved,Tristan Bajwa
1186,623,Unpaid Leave,2025-05-13,2025-05-16,4,Family Emergency,Approved,Vedhika Nair
1187,108,Unpaid Leave,2025-07-26,2025-08-04,10,Marriage,Approved,Lajita Hari
1188,2443,Sick Leave,2025-07-18,2025-07-21,4,Religious Festival,Approved,Gaurang Sarna
1189,326,Paternity Leave,2024-09-16,2024-09-23,8,Higher Education,Approved,Rayaan Rajagopalan
1190,2917,Paternity Leave,2025-10-10,2025-10-15,6,Child Care,Approved,Yug Ganguly
1191,2013,Emergency Leave,2024-02-24,2024-02-26,3,Marriage,Approved,David Dutt
1192,133,Emergency Leave,2025-09-21,2025-09-21,1,Child Care,Pending,
1193,912,Paternity Leave,2024-08-22,2024-08-25,4,Medical Treatment,Approved,Henry Bhattacharyya
1194,726,Emergency Leave,2024-05-04,2024-05-13,10,Religious Festival,Approved,Samesh Bawa
1195,1875,Sick Leave,2025-04-17,2025-04-23,7,Vacation,Approved,Vinaya Walia
1196,2491,Paternity Leave,2024-02-05,2024-02-11,7,Child Care,Approved,Vivaan Chad
1197,2505,Paternity Leave,2024-02-25,2024-03-05,10,Vacation,Approved,Pushti Bali
1198,2133,Annual Leave,2024-08-02,2024-08-09,8,Vacation,Approved,Neelima Ravi
1199,1007,Maternity Leave,2024-06-15,2024-06-23,9,Vacation,Approved,Nidhi Balasubramanian
1200,2285,Emergency Leave,2025-08-11,2025-08-19,9,Vacation,Approved,Kiaan Bhatia
1201,778,Casual Leave,2024-09-01,2024-09-08,8,Personal Work,Approved,Qasim Lad
1202,1172,Emergency Leave,2025-07-03,2025-07-05,3,Vacation,Approved,Saksham Dugar
1203,2827,Maternity Leave,2025-07-30,2025-08-01,3,Higher Education,Approved,Onveer Sarna
1204,371,Paternity Leave,2024-04-14,2024-04-22,9,Family Emergency,Approved,Vedika Shan
1205,1611,Emergency Leave,2024-12-03,2024-12-08,6,Family Emergency,Approved,Aachal Kapoor
1206,1859,Maternity Leave,2025-04-27,2025-04-30,4,Medical Treatment,Pending,
1207,1025,Casual Leave,2024-09-13,2024-09-15,3,Medical Treatment,Approved,Pavani Brahmbhatt
1208,374,Annual Leave,2025-08-26,2025-09-02,8,Medical Treatment,Approved,Hiral Chad
1209,2146,Paternity Leave,2025-11-30,2025-12-06,7,Family Emergency,Approved,Suhani Bhagat
1210,1552,Maternity Leave,2024-03-26,2024-04-01,7,Family Emergency,Approved,Qushi Verma
1211,1373,Maternity Leave,2024-05-31,2024-06-02,3,Family Emergency,Approved,Meera Lalla
1212,733,Unpaid Leave,2024-05-11,2024-05-11,1,Personal Work,Approved,Tanveer Sachdeva
1213,2991,Unpaid Leave,2025-01-18,2025-01-25,8,Family Emergency,Approved,Bhavini Sandhu
1214,482,Sick Leave,2024-11-22,2024-11-25,4,Personal Work,Approved,Vasana Shenoy
1215,51,Emergency Leave,2024-07-03,2024-07-10,8,Vacation,Approved,Amol Gill
1216,2491,Emergency Leave,2024-06-20,2024-06-23,4,Higher Education,Approved,Leena Radhakrishnan
1217,1859,Emergency Leave,2025-10-09,2025-10-16,8,Vacation,Approved,Arunima Bera
1218,1003,Maternity Leave,2025-02-20,2025-02-24,5,Marriage,Approved,Triveni Venkatesh
1219,201,Sick Leave,2025-08-02,2025-08-04,3,Religious Festival,Approved,Balendra Seshadri
1220,151,Sick Leave,2024-09-19,2024-09-19,1,Personal Work,Approved,Yashawini Pillay
1221,1357,Annual Leave,2024-08-25,2024-08-25,1,Family Emergency,Approved,Hamsini Tella
1222,661,Paternity Leave,2024-12-05,2024-12-09,5,Family Emergency,Approved,Adweta Bhargava
1223,1866,Paternity Leave,2025-06-23,2025-07-02,10,Vacation,Approved,Rishi Luthra
1224,382,Unpaid Leave,2025-05-30,2025-06-03,5,Child Care,Approved,Harita Dugar
1225,278,Unpaid Leave,2024-02-12,2024-02-18,7,Medical Treatment,Approved,Ekapad Loke
1226,1200,Emergency Leave,2025-09-10,2025-09-12,3,Personal Work,Approved,Qushi Prabhu
1227,1349,Maternity Leave,2024-07-06,2024-07-12,7,Marriage,Approved,Vincent Sekhon
1228,2507,Annual Leave,2025-03-18,2025-03-19,2,Medical Treatment,Approved,Vanya Gour
1229,1982,Paternity Leave,2024-02-09,2024-02-18,10,Personal Work,Pending,
1230,1750,Maternity Leave,2025-07-13,2025-07-18,6,Religious Festival,Approved,Devika Kalita
1231,532,Maternity Leave,2025-07-12,2025-07-21,10,Higher Education,Approved,Garima Sura
1232,2018,Unpaid Leave,2025-02-22,2025-02-24,3,Marriage,Pending,
1233,2903,Casual Leave,2024-12-20,2024-12-23,4,Vacation,Approved,Anay Balasubramanian
1234,1905,Paternity Leave,2025-12-19,2025-12-20,2,Marriage,Approved,Lavanya Varty
1235,2521,Emergency Leave,2024-06-14,2024-06-20,7,Religious Festival,Approved,Kritika Kaul
1236,2296,Unpaid Leave,2025-06-05,2025-06-08,4,Marriage,Approved,Ridhi Andra
1237,2827,Casual Leave,2024-08-09,2024-08-13,5,Personal Work,Approved,Prisha Grover
1238,1230,Maternity Leave,2025-05-15,2025-05-23,9,Vacation,Approved,Sathvik Shanker
1239,467,Paternity Leave,2025-10-02,2025-10-07,6,Vacation,Approved,Riya Gera
1240,720,Sick Leave,2024-08-01,2024-08-06,6,Higher Education,Approved,Kamala Chatterjee
1241,1944,Unpaid Leave,2025-05-06,2025-05-06,1,Higher Education,Approved,Gayathri Raval
1242,637,Paternity Leave,2025-10-29,2025-11-05,8,Religious Festival,Pending,
1243,1895,Unpaid Leave,2024-02-03,2024-02-09,7,Vacation,Pending,
1244,2135,Casual Leave,2025-05-24,2025-06-02,10,Religious Festival,Approved,Avi Keer
1245,2275,Maternity Leave,2025-03-25,2025-03-25,1,Religious Festival,Approved,Lakshit Purohit
1246,1449,Annual Leave,2025-08-01,2025-08-03,3,Vacation,Approved,Sarthak Walia
1247,1390,Emergency Leave,2025-08-21,2025-08-29,9,Child Care,Approved,Ojasvi Gaba
1248,768,Maternity Leave,2024-09-01,2024-09-02,2,Personal Work,Approved,Bimala Parsa
1249,2889,Unpaid Leave,2025-11-02,2025-11-07,6,Personal Work,Approved,Pushti Cherian
1250,1696,Annual Leave,2025-06-02,2025-06-09,8,Religious Festival,Approved,Nidhi Hari
1251,1852,Unpaid Leave,2024-07-01,2024-07-05,5,Personal Work,Approved,Atharv Mukherjee
1252,717,Annual Leave,2024-10-08,2024-10-13,6,Marriage,Approved,Jyoti Dalal
1253,380,Emergency Leave,2025-06-30,2025-07-08,9,Higher Education,Approved,Vihaan Reddy
1254,2049,Sick Leave,2024-05-21,2024-05-24,4,Higher Education,Approved,Devika Pingle
1255,2145,Casual Leave,2025-06-07,2025-06-12,6,Medical Treatment,Approved,Andrew Bath
1256,2115,Paternity Leave,2025-08-24,2025-08-26,3,Vacation,Approved,Yachana Savant
1257,1882,Emergency Leave,2024-09-09,2024-09-17,9,Personal Work,Approved,Atharv Parsa
1258,181,Paternity Leave,2024-11-08,2024-11-17,10,Religious Festival,Approved,Falguni Mander
1259,1913,Annual Leave,2025-04-21,2025-04-22,2,Personal Work,Approved,Nandini Kalita
1260,93,Maternity Leave,2024-08-01,2024-08-05,5,Marriage,Approved,Ridhi Cherian
1261,1315,Sick Leave,2024-12-19,2024-12-22,4,Religious Festival,Approved,Harrison Chand
1262,1807,Paternity Leave,2025-01-14,2025-01-15,2,Family Emergency,Approved,Pranit Mangal
1263,1121,Annual Leave,2024-10-09,2024-10-09,1,Medical Treatment,Pending,
1264,847,Maternity Leave,2025-09-09,2025-09-14,6,Personal Work,Approved,Patrick Kothari
1265,580,Paternity Leave,2024-07-29,2024-08-02,5,Family Emergency,Approved,Janaki Sood
1266,292,Casual Leave,2024-05-23,2024-06-01,10,Higher Education,Pending,
1267,208,Sick Leave,2025-08-29,2025-08-29,1,Vacation,Approved,Nidra Sen
1268,434,Emergency Leave,2024-08-24,2024-08-24,1,Child Care,Approved,Damyanti Koshy
1269,734,Paternity Leave,2025-04-19,2025-04-28,10,Higher Education,Pending,
1270,2525,Casual Leave,2024-09-21,2024-09-25,5,Marriage,Approved,Hardik Panchal
1271,2921,Unpaid Leave,2024-09-27,2024-10-05,9,Higher Education,Approved,Ridhi Shetty
1272,2326,Sick Leave,2024-10-07,2024-10-08,2,Higher Education,Approved,Baljiwan Suri
1273,399,Emergency Leave,2025-11-24,2025-11-28,5,Higher Education,Approved,Vincent Sachdev
1274,1928,Sick Leave,2024-04-30,2024-05-03,4,Personal Work,Approved,Banjeet Shanker
1275,1489,Emergency Leave,2024-06-20,2024-06-22,3,Religious Festival,Approved,Kai Doctor
1276,1331,Emergency Leave,2024-10-04,2024-10-11,8,Higher Education,Approved,Imaran Dhillon
1277,463,Casual Leave,2024-05-25,2024-06-01,8,Family Emergency,Approved,Jagvi Dada
1278,1157,Unpaid Leave,2025-03-26,2025-03-31,6,Family Emergency,Approved,Garima Loke
1279,2081,Annual Leave,2024-04-23,2024-04-29,7,Medical Treatment,Approved,Netra Pall
1280,1335,Maternity Leave,2025-11-11,2025-11-12,2,Higher Education,Approved,Sanaya Chauhan
1281,1642,Maternity Leave,2025-07-31,2025-08-06,7,Marriage,Approved,Kritika Brahmbhatt
1282,2245,Sick Leave,2024-01-11,2024-01-18,8,Religious Festival,Approved,Nikita De
1283,853,Unpaid Leave,2025-01-17,2025-01-26,10,Child Care,Approved,Lipika Srivastava
1284,2324,Unpaid Leave,2025-01-03,2025-01-08,6,Marriage,Approved,Ansh Bhalla
1285,709,Paternity Leave,2025-05-20,2025-05-21,2,Higher Education,Approved,Gautam Shenoy
1286,469,Maternity Leave,2024-10-05,2024-10-14,10,Medical Treatment,Approved,Ishanvi Karan
1287,1824,Sick Leave,2025-10-11,2025-10-15,5,Medical Treatment,Pending,
1288,2451,Annual Leave,2025-09-16,2025-09-25,10,Child Care,Approved,Om Shukla
1289,1342,Emergency Leave,2025-09-24,2025-09-24,1,Family Emergency,Approved,Riya Biswas
1290,2379,Unpaid Leave,2025-07-18,2025-07-18,1,Family Emergency,Approved,Vrinda Dhingra
1291,1856,Maternity Leave,2025-01-26,2025-01-30,5,Higher Education,Approved,Peter Saran
1292,802,Sick Leave,2025-07-24,2025-07-29,6,Personal Work,Approved,Hemani Cherian
1293,1781,Paternity Leave,2025-11-12,2025-11-17,6,Vacation,Rejected,
1294,2505,Maternity Leave,2024-09-11,2024-09-17,7,Personal Work,Approved,Abeer Jain
1295,256,Casual Leave,2024-10-16,2024-10-24,9,Vacation,Rejected,
1296,2881,Maternity Leave,2025-05-02,2025-05-07,6,Personal Work,Approved,Meghana Bhatt
1297,128,Sick Leave,2025-06-28,2025-07-04,7,Child Care,Approved,Jhalak Venkataraman
1298,2561,Casual Leave,2024-06-29,2024-07-05,7,Child Care,Approved,Hredhaan Nanda
1299,2233,Sick Leave,2025-11-08,2025-11-10,3,Marriage,Approved,Nicholas Seth
1300,2276,Emergency Leave,2024-01-29,2024-02-03,6,Family Emergency,Approved,Rushil Saxena
1301,1182,Unpaid Leave,2025-03-19,2025-03-21,3,Medical Treatment,Approved,Zaid Basak
1302,2656,Annual Leave,2025-07-06,2025-07-08,3,Higher Education,Approved,Lekha Ray
1303,2695,Emergency Leave,2025-01-31,2025-02-02,3,Child Care,Approved,Kabir Bora
1304,1868,Unpaid Leave,2025-05-16,2025-05-25,10,Family Emergency,Pending,
1305,1862,Maternity Leave,2024-07-23,2024-07-29,7,Higher Education,Approved,Ekapad Chaudhari
1306,1576,Casual Leave,2025-03-10,2025-03-13,4,Vacation,Approved,Meghana Kar
1307,2368,Emergency Leave,2024-08-10,2024-08-13,4,Personal Work,Approved,Daksha Pradhan
1308,1683,Maternity Leave,2024-02-20,2024-02-29,10,Vacation,Approved,Vihaan Trivedi
1309,2328,Emergency Leave,2025-08-08,2025-08-13,6,Higher Education,Approved,Nathaniel Rout
1310,2829,Annual Leave,2025-11-06,2025-11-08,3,Personal Work,Approved,Andrew Raja
1311,1905,Maternity Leave,2025-06-27,2025-06-28,2,Medical Treatment,Approved,Janya Chacko
1312,1005,Emergency Leave,2024-05-19,2024-05-20,2,Personal Work,Approved,Ekapad Misra
1313,2512,Annual Leave,2024-10-30,2024-11-04,6,Vacation,Approved,Benjamin Kant
1314,1921,Emergency Leave,2025-07-26,2025-08-03,9,Religious Festival,Pending,
1315,1725,Casual Leave,2024-03-03,2024-03-07,5,Vacation,Approved,Brijesh Mammen
1316,2847,Maternity Leave,2024-09-02,2024-09-06,5,Personal Work,Approved,Girindra Hayer
1317,252,Paternity Leave,2025-05-01,2025-05-08,8,Vacation,Approved,Qadim Grewal
1318,2689,Casual Leave,2025-09-08,2025-09-17,10,Higher Education,Approved,Raagini Pandey
1319,338,Sick Leave,2024-07-12,2024-07-20,9,Personal Work,Approved,Chasmum Chaudhuri
1320,1033,Sick Leave,2024-01-01,2024-01-10,10,Personal Work,Approved,Bhavna Balay
1321,59,Paternity Leave,2025-11-27,2025-11-28,2,Family Emergency,Approved,Chandani Singhal
1322,2700,Emergency Leave,2025-04-25,2025-04-30,6,Personal Work,Approved,Aarnav Dutt
1323,2871,Sick Leave,2025-10-24,2025-10-31,8,Vacation,Approved,Charles Ranganathan
1324,1405,Annual Leave,2025-03-27,2025-03-29,3,Family Emergency,Approved,Quincy Saha
1325,2032,Unpaid Leave,2025-07-12,2025-07-18,7,Marriage,Approved,Gaurav Lanka
1326,2707,Emergency Leave,2025-09-16,2025-09-18,3,Religious Festival,Approved,Ira Sathe
1327,223,Paternity Leave,2025-04-18,2025-04-22,5,Medical Treatment,Approved,Shravya Mahajan
1328,216,Sick Leave,2024-06-27,2024-07-04,8,Personal Work,Approved,Darpan Mallick
1329,1951,Paternity Leave,2024-03-12,2024-03-20,9,Child Care,Approved,Zilmil Gala
1330,1944,Casual Leave,2025-08-25,2025-08-27,3,Child Care,Approved,Bhavani Krish
1331,49,Casual Leave,2025-07-17,2025-07-24,8,Religious Festival,Approved,Divya Bhalla
1332,2172,Paternity Leave,2024-12-04,2024-12-04,1,Religious Festival,Approved,Ishaan Master
1333,1769,Maternity Leave,2025-10-17,2025-10-21,5,Personal Work,Approved,Indrajit Bhardwaj
1334,403,Casual Leave,2024-10-29,2024-11-07,10,Marriage,Approved,Rachana Parsa
1335,2753,Maternity Leave,2025-03-05,2025-03-08,4,Family Emergency,Approved,Gunbir Brahmbhatt
1336,1284,Maternity Leave,2024-07-27,2024-07-27,1,Medical Treatment,Approved,Ikbal Saraf
1337,49,Emergency Leave,2025-11-06,2025-11-07,2,Higher Education,Approved,Kiaan Madan
1338,1440,Sick Leave,2024-08-25,2024-08-29,5,Vacation,Approved,Hiral Lall
1339,98,Maternity Leave,2024-05-11,2024-05-12,2,Marriage,Approved,Kevin Banik
1340,2456,Paternity Leave,2024-06-02,2024-06-03,2,Medical Treatment,Approved,Tara Ramesh
1341,354,Unpaid Leave,2025-08-16,2025-08-25,10,Family Emergency,Approved,Sanaya Batra
1342,455,Paternity Leave,2024-10-03,2024-10-05,3,Higher Education,Approved,Rehaan Kar
1343,2706,Annual Leave,2024-01-06,2024-01-13,8,Personal Work,Pending,
1344,1749,Paternity Leave,2025-10-28,2025-11-02,6,Medical Treatment,Approved,Divya Kalla
1345,1136,Unpaid Leave,2024-12-13,2024-12-13,1,Religious Festival,Approved,Ansh Mahal
1346,247,Casual Leave,2024-11-10,2024-11-14,5,Medical Treatment,Approved,Ekbal Balasubramanian
1347,2015,Sick Leave,2025-02-01,2025-02-10,10,Higher Education,Approved,Harini Viswanathan
1348,445,Sick Leave,2024-11-05,2024-11-13,9,Marriage,Approved,Chanakya Uppal
1349,2515,Paternity Leave,2025-03-18,2025-03-19,2,Personal Work,Pending,
1350,424,Annual Leave,2024-12-15,2024-12-16,2,Personal Work,Approved,Priya Agrawal
1351,1827,Annual Leave,2025-02-25,2025-03-04,8,Vacation,Approved,Chavvi Zachariah
1352,155,Paternity Leave,2024-09-23,2024-09-29,7,Religious Festival,Approved,Yashasvi Kale
1353,1603,Maternity Leave,2025-12-13,2025-12-13,1,Higher Education,Approved,Owen Kaul
1354,1959,Emergency Leave,2025-09-22,2025-09-28,7,Medical Treatment,Approved,Theodore Sundaram
1355,2213,Sick Leave,2025-06-11,2025-06-11,1,Higher Education,Approved,Barkha Manda
1356,497,Maternity Leave,2024-06-22,2024-06-30,9,Religious Festival,Pending,
1357,1366,Paternity Leave,2025-12-21,2025-12-25,5,Medical Treatment,Approved,David Bahl
1358,1497,Maternity Leave,2024-08-08,2024-08-13,6,Higher Education,Approved,Shravya Mukhopadhyay
1359,1188,Paternity Leave,2024-07-22,2024-07-25,4,Vacation,Approved,Hitesh Nair
1360,1574,Paternity Leave,2024-04-02,2024-04-05,4,Child Care,Approved,Ranveer Konda
1361,438,Paternity Leave,2024-11-14,2024-11-19,6,Higher Education,Approved,Charita Sundaram
1362,777,Sick Leave,2024-01-05,2024-01-05,1,Marriage,Approved,Vamakshi Narayan
1363,2004,Emergency Leave,2024-07-23,2024-07-24,2,Personal Work,Approved,Kiaan Deshpande
1364,2047,Maternity Leave,2024-02-15,2024-02-22,8,Vacation,Rejected,
1365,152,Casual Leave,2025-10-12,2025-10-12,1,Vacation,Approved,Bakhshi Upadhyay
1366,1661,Annual Leave,2025-04-17,2025-04-20,4,Higher Education,Approved,Krish Rattan
1367,2778,Unpaid Leave,2025-12-11,2025-12-19,9,Marriage,Approved,Vivaan Ganesh
1368,296,Annual Leave,2025-10-23,2025-10-25,3,Vacation,Approved,Kalpit Cherian
1369,1931,Maternity Leave,2025-09-21,2025-09-21,1,Family Emergency,Approved,Gauri Zachariah
1370,59,Sick Leave,2024-08-15,2024-08-15,1,Medical Treatment,Pending,
1371,1869,Maternity Leave,2025-12-16,2025-12-18,3,Medical Treatment,Approved,Meera Agate
1372,436,Annual Leave,2024-10-12,2024-10-19,8,Marriage,Approved,Peter Ram
1373,259,Unpaid Leave,2025-09-20,2025-09-23,4,Child Care,Approved,Ikbal Nayak
1374,1329,Annual Leave,2024-03-11,2024-03-20,10,Religious Festival,Approved,Anusha Badami
1375,874,Unpaid Leave,2025-04-26,2025-04-26,1,Religious Festival,Approved,Henry Uppal
1376,259,Annual Leave,2024-05-22,2024-05-26,5,Child Care,Approved,Chaman Walia
1377,689,Paternity Leave,2024-10-08,2024-10-13,6,Higher Education,Approved,Chaman Chana
1378,998,Maternity Leave,2024-10-13,2024-10-13,1,Child Care,Approved,Rushil Pau
1379,647,Annual Leave,2024-05-13,2024-05-20,8,Vacation,Approved,Yashica Bansal
1380,735,Annual Leave,2024-07-21,2024-07-30,10,Child Care,Pending,
1381,2841,Unpaid Leave,2025-05-20,2025-05-27,8,Marriage,Approved,Gaurika Sidhu
1382,587,Paternity Leave,2025-03-06,2025-03-10,5,Child Care,Approved,Suhani Sarma
1383,980,Sick Leave,2025-03-19,2025-03-28,10,Family Emergency,Approved,Naksh Babu
1384,2938,Emergency Leave,2025-08-10,2025-08-19,10,Personal Work,Pending,
1385,1425,Emergency Leave,2025-02-10,2025-02-10,1,Marriage,Approved,Ekapad Chandran
1386,482,Maternity Leave,2025-11-16,2025-11-17,2,Marriage,Approved,Ira Jhaveri
1387,1902,Unpaid Leave,2024-08-05,2024-08-08,4,Marriage,Approved,Hema Zacharia
1388,462,Unpaid Leave,2024-09-27,2024-09-29,3,Higher Education,Approved,Ikbal Chacko
1389,2038,Sick Leave,2025-09-23,2025-09-25,3,Vacation,Approved,Victor Raja
1390,222,Paternity Leave,2024-07-13,2024-07-18,6,Child Care,Approved,Mugdha Parmar
1391,1030,Casual Leave,2025-04-05,2025-04-14,10,Higher Education,Approved,Bakhshi Chaudry
1392,178,Annual Leave,2025-12-16,2025-12-16,1,Family Emergency,Pending,
1393,648,Unpaid Leave,2025-01-31,2025-01-31,1,Medical Treatment,Approved,Harini Krish
1394,291,Sick Leave,2024-11-15,2024-11-22,8,Religious Festival,Approved,Watika Nayar
1395,1717,Sick Leave,2024-09-07,2024-09-12,6,Medical Treatment,Approved,Ladli Parekh
1396,1336,Sick Leave,2024-11-29,2024-11-30,2,Child Care,Approved,Bakhshi Kibe
1397,820,Emergency Leave,2025-01-01,2025-01-04,4,Higher Education,Approved,Chakradhar Tiwari
1398,223,Emergency Leave,2024-01-11,2024-01-13,3,Higher Education,Approved,Sathvik Master
1399,730,Emergency Leave,2025-06-23,2025-06-28,6,Marriage,Approved,Ganga Sharaf
1400,2589,Casual Leave,2024-09-11,2024-09-15,5,Family Emergency,Approved,Rishi Sem
1401,132,Paternity Leave,2025-07-23,2025-08-01,10,Family Emergency,Approved,Unnati Thakur
1402,456,Unpaid Leave,2024-02-01,2024-02-08,8,Family Emergency,Approved,Oeshi Gokhale
1403,1408,Sick Leave,2024-06-11,2024-06-15,5,Family Emergency,Approved,Frado Borde
1404,2368,Maternity Leave,2024-06-27,2024-06-30,4,Higher Education,Approved,Gaurangi Chand
1405,887,Maternity Leave,2025-05-04,2025-05-11,8,Personal Work,Approved,Nirja Murty
1406,60,Paternity Leave,2024-06-16,2024-06-22,7,Marriage,Approved,Upkaar Prasad
1407,1016,Casual Leave,2024-01-07,2024-01-13,7,Family Emergency,Approved,Hemani Pandya
1408,2350,Annual Leave,2024-04-08,2024-04-14,7,Vacation,Rejected,
1409,1928,Paternity Leave,2024-03-25,2024-04-02,9,Child Care,Approved,Jason Venkatesh
1410,1964,Unpaid Leave,2025-06-28,2025-06-29,2,Marriage,Approved,Rayaan Tiwari
1411,341,Maternity Leave,2024-05-15,2024-05-15,1,Child Care,Approved,Baghyawati Chokshi
1412,893,Sick Leave,2025-09-05,2025-09-10,6,Medical Treatment,Approved,Amol Minhas
1413,66,Emergency Leave,2024-09-01,2024-09-05,5,Higher Education,Approved,Radhika Sheth
1414,2337,Paternity Leave,2024-03-06,2024-03-15,10,Higher Education,Approved,Kiaan Kamdar
1415,1900,Unpaid Leave,2024-10-03,2024-10-05,3,Child Care,Approved,Arya Iyengar
1416,758,Unpaid Leave,2024-12-07,2024-12-12,6,Vacation,Approved,Arjun Vohra
1417,2570,Annual Leave,2024-11-21,2024-11-27,7,Religious Festival,Pending,
1418,2175,Annual Leave,2025-04-20,2025-04-24,5,Personal Work,Approved,Lipika Tiwari
1419,2860,Maternity Leave,2024-11-04,2024-11-12,9,Marriage,Approved,Keya Naik
1420,2805,Annual Leave,2024-02-29,2024-03-09,10,Vacation,Pending,
1421,2109,Paternity Leave,2025-01-11,2025-01-16,6,Medical Treatment,Pending,
1422,1569,Casual Leave,2024-12-06,2024-12-13,8,Religious Festival,Approved,Vamakshi Kale
1423,1501,Sick Leave,2025-08-11,2025-08-19,9,Marriage,Approved,Advay Dhawan
1424,567,Casual Leave,2025-02-05,2025-02-08,4,Higher Education,Approved,Vedika Roy
1425,2377,Unpaid Leave,2025-01-05,2025-01-08,4,Marriage,Approved,Yasti Kala
1426,1313,Casual Leave,2024-11-30,2024-12-04,5,Child Care,Approved,Kamya Chatterjee
1427,1136,Annual Leave,2025-02-04,2025-02-05,2,Higher Education,Approved,Aayush Sridhar
1428,1992,Maternity Leave,2025-11-19,2025-11-27,9,Higher Education,Approved,Rayaan Chawla
1429,2908,Maternity Leave,2024-01-21,2024-01-29,9,Higher Education,Pending,
1430,2544,Casual Leave,2025-12-06,2025-12-07,2,Higher Education,Approved,Advik Sharma
1431,358,Annual Leave,2025-01-16,2025-01-22,7,Personal Work,Pending,
1432,316,Annual Leave,2025-01-01,2025-01-03,3,Family Emergency,Approved,Tanveer Korpal
1433,2033,Sick Leave,2025-01-02,2025-01-05,4,Vacation,Approved,Chaaya Prashad
1434,1201,Emergency Leave,2024-11-24,2024-12-02,9,Higher Education,Pending,
1435,1421,Emergency Leave,2025-12-03,2025-12-10,8,Vacation,Approved,Balveer Virk
1436,1195,Sick Leave,2025-09-27,2025-09-28,2,Marriage,Approved,Shaurya Nadig
1437,2129,Paternity Leave,2025-06-21,2025-06-26,6,Religious Festival,Approved,Mahika Suresh
1438,2686,Paternity Leave,2025-09-21,2025-09-26,6,Higher Education,Approved,Krish Bal
1439,1876,Casual Leave,2024-10-28,2024-11-06,10,Personal Work,Approved,Oviya Radhakrishnan
1440,704,Unpaid Leave,2024-10-14,2024-10-18,5,Religious Festival,Approved,Aryan Morar
1441,1181,Unpaid Leave,2024-10-31,2024-10-31,1,Personal Work,Approved,Charita Sharma
1442,1868,Sick Leave,2025-01-07,2025-01-16,10,Personal Work,Pending,
1443,747,Sick Leave,2024-03-27,2024-03-29,3,Medical Treatment,Approved,Andrew Sama
1444,169,Casual Leave,2024-02-11,2024-02-20,10,Personal Work,Approved,Chandresh Balakrishnan
1445,1515,Sick Leave,2024-06-26,2024-06-29,4,Vacation,Approved,Timothy Sinha
1446,2727,Casual Leave,2024-09-17,2024-09-22,6,Higher Education,Approved,Janya Wagle
1447,2212,Sick Leave,2025-10-12,2025-10-20,9,Vacation,Approved,Udyati Kulkarni
1448,1658,Emergency Leave,2024-02-26,2024-02-28,3,Religious Festival,Pending,
1449,640,Annual Leave,2025-05-23,2025-05-31,9,Religious Festival,Rejected,
1450,2652,Paternity Leave,2024-06-14,2024-06-18,5,Personal Work,Approved,Pavani Sheth
1451,2350,Paternity Leave,2025-05-29,2025-05-31,3,Higher Education,Approved,Vrishti Tank
1452,1388,Paternity Leave,2024-10-16,2024-10-17,2,Vacation,Approved,Chaman Thakkar
1453,572,Paternity Leave,2025-08-13,2025-08-21,9,Vacation,Approved,Eta Kumer
1454,1646,Maternity Leave,2024-10-01,2024-10-04,4,Medical Treatment,Approved,Maya Pathak
1455,1337,Annual Leave,2025-04-29,2025-05-08,10,Marriage,Approved,Jason Sane
1456,1139,Sick Leave,2024-06-30,2024-06-30,1,Higher Education,Approved,Maanas Rattan
1457,2774,Paternity Leave,2024-02-15,2024-02-16,2,Child Care,Rejected,
1458,797,Emergency Leave,2025-12-09,2025-12-14,6,Vacation,Approved,Bhanumati Manda
1459,2732,Casual Leave,2024-06-15,2024-06-21,7,Child Care,Approved,Dayamai Kumar
1460,1515,Emergency Leave,2025-01-25,2025-01-30,6,Religious Festival,Approved,Abdul Rajan
1461,1440,Casual Leave,2025-09-24,2025-10-01,8,Medical Treatment,Approved,Parth Loyal
1462,884,Paternity Leave,2025-10-14,2025-10-21,8,Child Care,Approved,Anjali Varughese
1463,1813,Casual Leave,2024-04-02,2024-04-04,3,Child Care,Approved,Upma Balakrishnan
1464,2985,Emergency Leave,2025-10-07,2025-10-09,3,Medical Treatment,Approved,Ayaan Atwal
1465,589,Sick Leave,2025-12-27,2025-12-31,5,Religious Festival,Approved,Gavin Purohit
1466,271,Maternity Leave,2025-10-14,2025-10-20,7,Child Care,Approved,Charles Batta
1467,2617,Casual Leave,2024-04-07,2024-04-13,7,Higher Education,Approved,Zilmil Behl
1468,2910,Maternity Leave,2025-11-23,2025-11-25,3,Child Care,Approved,Ayush Bajaj
1469,1186,Maternity Leave,2024-10-19,2024-10-26,8,Personal Work,Approved,Vansha Raval
1470,2398,Casual Leave,2024-04-15,2024-04-22,8,Higher Education,Approved,Sai Ratta
1471,920,Annual Leave,2024-05-28,2024-05-28,1,Personal Work,Approved,Anay Jha
1472,2624,Unpaid Leave,2025-05-10,2025-05-17,8,Personal Work,Approved,Tristan Gill
1473,1709,Sick Leave,2024-11-20,2024-11-27,8,Marriage,Pending,
1474,117,Annual Leave,2024-05-12,2024-05-16,5,Medical Treatment,Approved,Jai Madan
1475,2454,Paternity Leave,2025-09-02,2025-09-07,6,Child Care,Approved,Faqid Biswas
1476,1057,Paternity Leave,2025-11-01,2025-11-08,8,Medical Treatment,Rejected,
1477,1529,Maternity Leave,2025-08-12,2025-08-21,10,Personal Work,Approved,Jeet Sandhu
1478,668,Maternity Leave,2025-07-29,2025-07-29,1,Higher Education,Approved,Vedhika Bose
1479,2840,Sick Leave,2024-12-24,2024-12-29,6,Personal Work,Approved,Ishita Thaker
1480,1480,Emergency Leave,2025-02-03,2025-02-08,6,Personal Work,Approved,Vinaya Minhas
1481,2170,Paternity Leave,2024-05-20,2024-05-21,2,Family Emergency,Approved,Onkar Char
1482,388,Maternity Leave,2024-09-03,2024-09-05,3,Religious Festival,Approved,Bhavika Minhas
1483,2806,Unpaid Leave,2025-05-07,2025-05-11,5,Religious Festival,Approved,Om Mann
1484,393,Maternity Leave,2025-08-04,2025-08-13,10,Family Emergency,Approved,Wazir Aurora
1485,53,Sick Leave,2024-09-11,2024-09-19,9,Higher Education,Approved,Zansi Nanda
1486,1688,Casual Leave,2025-04-04,2025-04-06,3,Family Emergency,Approved,Teerth Pradhan
1487,2062,Sick Leave,2025-12-17,2025-12-20,4,Medical Treatment,Approved,Viraj Contractor
1488,1710,Emergency Leave,2024-02-01,2024-02-02,2,Family Emergency,Approved,Dayita Lalla
1489,72,Emergency Leave,2024-10-26,2024-10-31,6,Religious Festival,Approved,Henry Aurora
1490,570,Unpaid Leave,2024-12-26,2025-01-02,8,Religious Festival,Pending,
1491,706,Paternity Leave,2024-01-30,2024-02-03,5,Medical Treatment,Approved,Vinaya Ramachandran
1492,911,Sick Leave,2024-06-16,2024-06-18,3,Personal Work,Approved,Manthan Chanda
1493,514,Sick Leave,2024-06-28,2024-06-30,3,Child Care,Rejected,
1494,2830,Unpaid Leave,2024-03-21,2024-03-22,2,Higher Education,Approved,Keya Nagar
1495,1767,Annual Leave,2025-09-05,2025-09-08,4,Vacation,Approved,Frederick Menon
1496,1922,Annual Leave,2024-06-19,2024-06-23,5,Personal Work,Approved,Ucchal Dass
1497,2735,Annual Leave,2024-09-02,2024-09-03,2,Marriage,Approved,Hredhaan Shere
1498,2407,Sick Leave,2024-04-03,2024-04-05,3,Vacation,Approved,Hiral Badami
1499,372,Sick Leave,2024-09-21,2024-09-25,5,Religious Festival,Pending,
1500,1443,Sick Leave,2024-03-02,2024-03-10,9,Marriage,Approved,Veda Hegde
1501,2069,Maternity Leave,2024-05-13,2024-05-14,2,Vacation,Approved,Jeet Tandon
1502,2167,Sick Leave,2025-08-04,2025-08-07,4,Family Emergency,Rejected,
1503,2201,Annual Leave,2025-02-18,2025-02-19,2,Higher Education,Pending,
1504,1502,Paternity Leave,2024-10-17,2024-10-26,10,Medical Treatment,Approved,Hiral Walia
1505,741,Unpaid Leave,2025-10-27,2025-11-01,6,Child Care,Rejected,
1506,878,Maternity Leave,2024-10-28,2024-10-31,4,Religious Festival,Approved,Wriddhish Minhas
1507,507,Emergency Leave,2024-12-26,2024-12-27,2,Higher Education,Approved,Manbir Bal
1508,1480,Paternity Leave,2025-10-15,2025-10-19,5,Vacation,Approved,Gaurav Ramesh
1509,337,Casual Leave,2025-01-09,2025-01-16,8,Personal Work,Approved,Rajeshri Seshadri
1510,1872,Maternity Leave,2025-09-08,2025-09-12,5,Higher Education,Approved,Ekapad Tandon
1511,926,Maternity Leave,2025-10-20,2025-10-26,7,Child Care,Approved,Dhruv Mannan
1512,774,Unpaid Leave,2025-03-07,2025-03-08,2,Higher Education,Pending,
1513,2782,Casual Leave,2025-08-01,2025-08-03,3,Higher Education,Approved,Joshua Sanghvi
1514,2753,Annual Leave,2024-08-02,2024-08-08,7,Medical Treatment,Approved,Ojas Karpe
1515,489,Sick Leave,2025-05-17,2025-05-23,7,Medical Treatment,Approved,Dipta Vohra
1516,692,Annual Leave,2025-07-15,2025-07-20,6,Religious Festival,Rejected,
1517,821,Maternity Leave,2024-09-27,2024-10-03,7,Child Care,Approved,Irya Sibal
1518,2971,Emergency Leave,2024-12-15,2024-12-19,5,Personal Work,Approved,Brinda Shanker
1519,2638,Emergency Leave,2024-12-14,2024-12-19,6,Child Care,Approved,Arunima Banerjee
1520,1985,Maternity Leave,2025-12-11,2025-12-15,5,Higher Education,Approved,Damini Mander
1521,443,Annual Leave,2025-12-27,2025-12-31,5,Marriage,Approved,Umang Basu
1522,2574,Sick Leave,2025-04-27,2025-04-27,1,Vacation,Approved,Balvan Jhaveri
1523,280,Emergency Leave,2024-08-07,2024-08-07,1,Child Care,Rejected,
1524,2477,Paternity Leave,2025-11-19,2025-11-24,6,Medical Treatment,Approved,Yug Dubey
1525,314,Paternity Leave,2024-06-07,2024-06-15,9,Higher Education,Approved,Ekani Jhaveri
1526,828,Casual Leave,2024-08-19,2024-08-26,8,Personal Work,Approved,Devansh Pandya
1527,2222,Casual Leave,2025-01-26,2025-02-03,9,Vacation,Approved,Suhani Chacko
1528,1763,Annual Leave,2025-02-14,2025-02-20,7,Child Care,Approved,Rachit Deshmukh
1529,1813,Emergency Leave,2024-10-17,2024-10-17,1,Personal Work,Approved,Prisha Joshi
1530,2893,Sick Leave,2024-05-21,2024-05-28,8,Personal Work,Approved,Baljiwan Chatterjee
1531,2932,Emergency Leave,2024-03-02,2024-03-09,8,Higher Education,Approved,Jeet Agrawal
1532,2704,Maternity Leave,2024-01-18,2024-01-26,9,Higher Education,Approved,Girindra Dar
1533,2303,Unpaid Leave,2025-05-04,2025-05-06,3,Child Care,Approved,Udyati Dugar
1534,1079,Emergency Leave,2025-05-14,2025-05-23,10,Religious Festival,Rejected,
1535,1166,Casual Leave,2024-11-04,2024-11-04,1,Vacation,Approved,Krisha Oza
1536,526,Unpaid Leave,2024-05-06,2024-05-11,6,Vacation,Approved,Vedant Trivedi
1537,2561,Casual Leave,2025-04-11,2025-04-17,7,Religious Festival,Approved,Devika Chhabra
1538,1464,Emergency Leave,2024-09-12,2024-09-17,6,Marriage,Approved,Edhitha Dora
1539,1015,Sick Leave,2024-05-16,2024-05-20,5,Medical Treatment,Approved,Pallavi Banerjee
1540,1249,Annual Leave,2024-06-07,2024-06-12,6,Religious Festival,Approved,Advika Majumdar
1541,154,Emergency Leave,2024-07-11,2024-07-17,7,Child Care,Approved,Tristan Sunder
1542,1093,Annual Leave,2025-01-30,2025-02-06,8,Religious Festival,Approved,Netra Nadig
1543,1548,Maternity Leave,2025-06-14,2025-06-20,7,Medical Treatment,Approved,Megha Virk
1544,2001,Annual Leave,2025-05-07,2025-05-10,4,Religious Festival,Approved,Ridhi Bahl
1545,683,Maternity Leave,2025-12-15,2025-12-19,5,Child Care,Approved,Gagan Dayal
1546,827,Emergency Leave,2024-12-31,2025-01-01,2,Marriage,Approved,Jason Sachdeva
1547,1178,Casual Leave,2024-10-02,2024-10-02,1,Child Care,Approved,Lila Nagarajan
1548,926,Maternity Leave,2025-06-26,2025-06-27,2,Medical Treatment,Approved,Jeevika Grover
1549,2425,Casual Leave,2025-01-01,2025-01-05,5,Higher Education,Approved,Manan Natt
1550,1750,Sick Leave,2025-07-29,2025-08-03,6,Personal Work,Approved,Ayushman Thakur
1551,2068,Unpaid Leave,2025-06-27,2025-07-01,5,Religious Festival,Approved,Janani Samra
1552,820,Emergency Leave,2025-05-17,2025-05-23,7,Higher Education,Approved,Hema Dayal
1553,2751,Unpaid Leave,2025-01-12,2025-01-20,9,Vacation,Approved,Omya Mitter
1554,2572,Paternity Leave,2025-04-26,2025-05-04,9,Higher Education,Approved,Ranveer Contractor
1555,873,Paternity Leave,2025-05-20,2025-05-27,8,Child Care,Approved,Neha Nagarajan
1556,2319,Paternity Leave,2025-11-08,2025-11-08,1,Religious Festival,Approved,Turvi Bhasin
1557,1895,Sick Leave,2025-10-18,2025-10-21,4,Personal Work,Approved,Kashvi Chhabra
1558,1784,Emergency Leave,2024-10-02,2024-10-07,6,Medical Treatment,Approved,Hredhaan Deol
1559,2597,Sick Leave,2024-11-14,2024-11-20,7,Personal Work,Approved,Falan Loke
1560,2647,Sick Leave,2024-07-18,2024-07-22,5,Marriage,Approved,Ridhi Vaidya
1561,1663,Sick Leave,2024-10-09,2024-10-10,2,Vacation,Approved,Adweta Deol
1562,1006,Unpaid Leave,2025-04-19,2025-04-23,5,Child Care,Approved,Frederick Kala
1563,1729,Paternity Leave,2024-10-28,2024-10-28,1,Personal Work,Approved,Lekha Mann
1564,559,Annual Leave,2025-01-07,2025-01-11,5,Personal Work,Approved,Daksh De
1565,2698,Maternity Leave,2024-09-14,2024-09-16,3,Vacation,Approved,Aahana Dyal
1566,2960,Emergency Leave,2024-05-08,2024-05-08,1,Medical Treatment,Approved,Mekhala Choudhry
1567,1286,Maternity Leave,2024-03-17,2024-03-21,5,Child Care,Approved,Ranbir Chandran
1568,1489,Paternity Leave,2025-01-14,2025-01-15,2,Family Emergency,Approved,Chanakya Bhargava
1569,967,Annual Leave,2025-06-22,2025-07-01,10,Medical Treatment,Approved,Eshana Aggarwal
1570,2138,Paternity Leave,2025-11-06,2025-11-15,10,Personal Work,Pending,
1571,2034,Annual Leave,2025-04-24,2025-04-27,4,Religious Festival,Approved,Dalbir Apte
1572,1349,Unpaid Leave,2024-01-15,2024-01-24,10,Marriage,Approved,Vritti Parikh
1573,1733,Sick Leave,2024-01-27,2024-01-29,3,Marriage,Approved,Vincent Ravel
1574,1125,Emergency Leave,2025-12-01,2025-12-07,7,Vacation,Approved,Harsh Divan
1575,2009,Maternity Leave,2025-11-27,2025-12-02,6,Medical Treatment,Approved,Oscar Nanda
1576,1297,Maternity Leave,2024-05-20,2024-05-26,7,Marriage,Approved,Saanvi Koshy
1577,1138,Unpaid Leave,2025-09-19,2025-09-21,3,Religious Festival,Approved,Ishanvi Gandhi
1578,1263,Annual Leave,2024-01-31,2024-02-09,10,Vacation,Approved,Ethan Prabhu
1579,2830,Unpaid Leave,2024-01-15,2024-01-18,4,Child Care,Approved,Gaurang Goda
1580,1267,Paternity Leave,2024-11-23,2024-11-28,6,Medical Treatment,Pending,
1581,2191,Unpaid Leave,2025-09-08,2025-09-11,4,Child Care,Approved,Jeevika Saini
1582,33,Emergency Leave,2024-08-26,2024-08-30,5,Marriage,Approved,Yashvi Ahluwalia
1583,1219,Sick Leave,2025-02-20,2025-02-22,3,Religious Festival,Pending,
1584,2640,Emergency Leave,2024-12-20,2024-12-20,1,Medical Treatment,Approved,Priya Bhatia
1585,2014,Emergency Leave,2025-08-20,2025-08-26,7,Religious Festival,Pending,
1586,2939,Emergency Leave,2025-07-30,2025-07-31,2,Personal Work,Approved,Chaitaly Bahri
1587,2074,Annual Leave,2025-02-10,2025-02-15,6,Religious Festival,Approved,Raghav Balan
1588,1857,Paternity Leave,2025-03-12,2025-03-12,1,Family Emergency,Approved,Gauri Bobal
1589,2582,Emergency Leave,2025-05-08,2025-05-10,3,Marriage,Approved,Zashil Butala
1590,2574,Casual Leave,2025-04-30,2025-05-05,6,Medical Treatment,Approved,Januja Ghosh
1591,647,Sick Leave,2025-04-28,2025-05-06,9,Family Emergency,Approved,Agastya Krishna
1592,2434,Paternity Leave,2025-09-01,2025-09-07,7,Religious Festival,Approved,Waida Subramaniam
1593,1850,Emergency Leave,2024-12-08,2024-12-10,3,Religious Festival,Approved,Pratyush Suresh
1594,1155,Sick Leave,2024-08-17,2024-08-18,2,Family Emergency,Approved,Chandran Rajagopal
1595,1612,Emergency Leave,2025-04-30,2025-05-09,10,Vacation,Approved,Hamsini Ganesh
1596,2288,Paternity Leave,2024-02-25,2024-03-05,10,Medical Treatment,Approved,Nitara Ramesh
1597,1895,Sick Leave,2024-01-22,2024-01-26,5,Family Emergency,Approved,Barkha Ray
1598,204,Emergency Leave,2024-03-05,2024-03-14,10,Personal Work,Approved,Jyoti Savant
1599,612,Annual Leave,2025-06-17,2025-06-22,6,Medical Treatment,Approved,Pallavi Tak
1600,58,Paternity Leave,2025-04-13,2025-04-21,9,Higher Education,Approved,Farhan Dey
1601,2760,Emergency Leave,2025-11-23,2025-11-24,2,Marriage,Approved,Vrinda Bera
1602,781,Unpaid Leave,2025-05-31,2025-06-04,5,Higher Education,Approved,Chakrika Magar
1603,1565,Sick Leave,2025-10-31,2025-11-06,7,Marriage,Approved,Tejas Salvi
1604,1160,Paternity Leave,2024-10-24,2024-10-27,4,Child Care,Approved,Bishakha Dua
1605,598,Annual Leave,2024-08-01,2024-08-05,5,Marriage,Rejected,
1606,2531,Emergency Leave,2025-06-17,2025-06-20,4,Higher Education,Approved,Udarsh Mishra
1607,352,Annual Leave,2024-06-25,2024-07-02,8,Religious Festival,Approved,Saumya Vaidya
1608,2839,Emergency Leave,2025-12-05,2025-12-08,4,Child Care,Approved,Triveni Mammen
1609,2447,Casual Leave,2024-02-04,2024-02-05,2,Vacation,Approved,Advik Dara
1610,214,Casual Leave,2025-07-16,2025-07-19,4,Religious Festival,Approved,Irya Doctor
1611,2484,Paternity Leave,2025-03-28,2025-04-06,10,Vacation,Approved,Anusha Salvi
1612,22,Casual Leave,2024-06-19,2024-06-27,9,Personal Work,Approved,Vasudha Kibe
1613,1617,Paternity Leave,2025-04-16,2025-04-21,6,Vacation,Approved,Odika Nagy
1614,2378,Sick Leave,2025-12-02,2025-12-06,5,Higher Education,Approved,Aditya Majumdar
1615,1390,Emergency Leave,2024-02-12,2024-02-14,3,Child Care,Approved,Amruta Nori
1616,581,Casual Leave,2024-08-11,2024-08-12,2,Family Emergency,Approved,Pooja Mandal
1617,2045,Unpaid Leave,2025-11-28,2025-12-02,5,Child Care,Approved,Lucky Pal
1618,1159,Casual Leave,2025-05-28,2025-06-06,10,Personal Work,Approved,Manbir Hans
1619,2118,Casual Leave,2025-01-27,2025-02-02,7,Religious Festival,Pending,
1620,2013,Unpaid Leave,2024-11-09,2024-11-11,3,Higher Education,Approved,Bhanumati Edwin
1621,218,Sick Leave,2024-09-29,2024-10-01,3,Family Emergency,Approved,Bhavna Parikh
1622,147,Emergency Leave,2025-11-28,2025-12-02,5,Higher Education,Approved,Hitesh Sangha
1623,1788,Annual Leave,2025-05-11,2025-05-18,8,Religious Festival,Approved,Kashish Bumb
1624,2905,Maternity Leave,2024-04-20,2024-04-27,8,Medical Treatment,Approved,Abeer Barad
1625,2949,Unpaid Leave,2025-02-10,2025-02-12,3,Medical Treatment,Approved,Jagvi Dyal
1626,835,Unpaid Leave,2024-12-11,2024-12-15,5,Family Emergency,Approved,Tamanna Mody
1627,2084,Unpaid Leave,2024-11-17,2024-11-21,5,Marriage,Approved,Udyati Apte
1628,2391,Annual Leave,2025-04-01,2025-04-09,9,Family Emergency,Approved,Harshil Cheema
1629,1706,Annual Leave,2025-10-02,2025-10-05,4,Medical Treatment,Approved,Darpan Vig
1630,1347,Annual Leave,2025-06-02,2025-06-06,5,Medical Treatment,Approved,Tamanna Varughese
1631,1615,Casual Leave,2025-01-17,2025-01-26,10,Medical Treatment,Pending,
1632,1326,Sick Leave,2025-12-25,2025-12-25,1,Higher Education,Approved,Alexander Wable
1633,1860,Paternity Leave,2025-08-11,2025-08-15,5,Vacation,Approved,Nidra Bandi
1634,1350,Annual Leave,2025-05-05,2025-05-14,10,Religious Festival,Pending,
1635,2997,Paternity Leave,2025-01-30,2025-02-08,10,Vacation,Approved,Dhruv Sarna
1636,2637,Casual Leave,2024-10-28,2024-11-02,6,Medical Treatment,Approved,Varenya Ahluwalia
1637,2242,Maternity Leave,2024-10-05,2024-10-11,7,Personal Work,Approved,Tanmayi Naik
1638,730,Sick Leave,2024-10-03,2024-10-09,7,Marriage,Approved,Nathaniel Lala
1639,668,Emergency Leave,2024-12-03,2024-12-09,7,Family Emergency,Approved,Logan Venkatesh
1640,494,Casual Leave,2025-06-16,2025-06-23,8,Personal Work,Approved,Joshua Mangat
1641,2806,Maternity Leave,2025-06-30,2025-07-02,3,Medical Treatment,Approved,Omisha Tank
1642,1506,Maternity Leave,2025-05-21,2025-05-24,4,Child Care,Approved,Frederick Das
1643,1952,Casual Leave,2024-10-12,2024-10-21,10,Medical Treatment,Approved,Mugdha Seth
1644,1731,Unpaid Leave,2025-12-06,2025-12-11,6,Child Care,Approved,Siya Chana
1645,2584,Emergency Leave,2024-02-23,2024-02-24,2,Religious Festival,Approved,Kamya Nanda
1646,1899,Paternity Leave,2024-11-08,2024-11-11,4,Family Emergency,Approved,Shaurya Apte
1647,2029,Maternity Leave,2024-09-06,2024-09-14,9,Higher Education,Approved,Warinder Rau
1648,1792,Annual Leave,2025-06-16,2025-06-23,8,Family Emergency,Approved,Patrick Yogi
1649,2803,Casual Leave,2025-12-28,2025-12-31,4,Personal Work,Approved,Gaurang Deo
1650,2329,Annual Leave,2024-06-06,2024-06-14,9,Vacation,Approved,Harinakshi Sarkar
1651,2103,Annual Leave,2024-09-23,2024-10-01,9,Medical Treatment,Approved,Samar Agarwal
1652,1904,Paternity Leave,2025-11-05,2025-11-14,10,Religious Festival,Approved,Aishani Uppal
1653,1044,Maternity Leave,2024-10-19,2024-10-20,2,Vacation,Approved,Leena Agrawal
1654,467,Paternity Leave,2024-05-25,2024-06-01,8,Family Emergency,Approved,Ekaraj Thaker
1655,1610,Annual Leave,2024-08-24,2024-08-25,2,Personal Work,Approved,Manthan Kapoor
1656,1286,Maternity Leave,2024-07-04,2024-07-11,8,Higher Education,Approved,Kalpit Modi
1657,2556,Unpaid Leave,2025-08-03,2025-08-07,5,Family Emergency,Approved,Dalbir Sachdeva
1658,865,Sick Leave,2025-09-23,2025-09-24,2,Personal Work,Approved,Girindra Karan
1659,2759,Annual Leave,2024-06-21,2024-06-27,7,Vacation,Approved,Caleb Shere
1660,1618,Annual Leave,2025-10-20,2025-10-20,1,Higher Education,Approved,Tripti Talwar
1661,1885,Paternity Leave,2025-02-19,2025-02-25,7,Higher Education,Approved,Yochana Korpal
1662,1241,Maternity Leave,2025-12-09,2025-12-18,10,Child Care,Approved,Bishakha Loke
1663,1240,Annual Leave,2024-02-26,2024-02-28,3,Marriage,Approved,Xiti Sibal
1664,459,Unpaid Leave,2025-02-16,2025-02-16,1,Marriage,Approved,Yachana Bawa
1665,110,Sick Leave,2024-11-30,2024-12-07,8,Marriage,Approved,Sara Lad
1666,1785,Unpaid Leave,2025-09-18,2025-09-26,9,Personal Work,Approved,Zehaan Trivedi
1667,1899,Sick Leave,2024-05-08,2024-05-15,8,Medical Treatment,Approved,Jhalak Kapur
1668,681,Sick Leave,2024-01-24,2024-01-31,8,Higher Education,Rejected,
1669,81,Unpaid Leave,2024-08-20,2024-08-27,8,Marriage,Approved,Gopal Memon
1670,1208,Maternity Leave,2025-03-29,2025-04-04,7,Vacation,Approved,Vyanjana Setty
1671,421,Paternity Leave,2024-02-24,2024-03-01,7,Higher Education,Rejected,
1672,2371,Maternity Leave,2024-04-25,2024-05-03,9,Vacation,Rejected,
1673,1997,Emergency Leave,2024-10-14,2024-10-21,8,Higher Education,Approved,Quincy Patla
1674,950,Paternity Leave,2024-03-26,2024-03-26,1,Child Care,Approved,Urvi Saxena
1675,2361,Casual Leave,2025-10-30,2025-11-07,9,Child Care,Approved,Nathaniel Setty
1676,1939,Annual Leave,2025-09-05,2025-09-12,8,Religious Festival,Approved,Meera Chatterjee
1677,1837,Paternity Leave,2024-09-02,2024-09-08,7,Personal Work,Approved,Xiti Mody
1678,2975,Sick Leave,2025-04-23,2025-04-30,8,Marriage,Approved,Maanav Dyal
1679,2080,Sick Leave,2024-03-03,2024-03-12,10,Religious Festival,Pending,
1680,2467,Unpaid Leave,2024-02-24,2024-03-02,8,Personal Work,Approved,Bhavna Gupta
1681,2962,Paternity Leave,2025-12-19,2025-12-25,7,Religious Festival,Pending,
1682,1935,Unpaid Leave,2024-12-19,2024-12-21,3,Personal Work,Approved,Chaitanya Bala
1683,2830,Paternity Leave,2024-09-20,2024-09-21,2,Family Emergency,Approved,Tarak Buch
1684,710,Sick Leave,2025-05-28,2025-05-30,3,Medical Treatment,Approved,Bishakha Srinivas
1685,1704,Emergency Leave,2025-11-04,2025-11-08,5,Vacation,Approved,Ishani Pandey
1686,75,Casual Leave,2024-10-18,2024-10-22,5,Family Emergency,Approved,Widisha Panchal
1687,716,Unpaid Leave,2025-12-15,2025-12-23,9,Medical Treatment,Approved,Aachal Pau
1688,1384,Emergency Leave,2024-01-31,2024-02-01,2,Medical Treatment,Approved,Jai Chhabra
1689,2302,Sick Leave,2024-09-28,2024-10-05,8,Religious Festival,Approved,Vasana Gill
1690,1456,Unpaid Leave,2024-05-29,2024-05-29,1,Personal Work,Approved,Kala Tank
1691,620,Unpaid Leave,2024-12-23,2024-12-31,9,Medical Treatment,Approved,Chasmum Chokshi
1692,2894,Annual Leave,2025-02-19,2025-02-26,8,Medical Treatment,Approved,Abha Ravel
1693,434,Unpaid Leave,2025-09-28,2025-10-07,10,Medical Treatment,Approved,Aadi Kashyap
1694,2304,Annual Leave,2025-12-26,2026-01-03,9,Medical Treatment,Approved,Nikita Rao
1695,842,Casual Leave,2025-10-29,2025-10-31,3,Higher Education,Approved,Dev Butala
1696,2073,Emergency Leave,2025-04-18,2025-04-19,2,Religious Festival,Approved,Advay Manne
1697,1371,Unpaid Leave,2024-11-08,2024-11-10,3,Marriage,Approved,Yoshita Dyal
1698,1799,Emergency Leave,2025-03-23,2025-03-23,1,Higher Education,Approved,Chatresh Bajwa
1699,1399,Casual Leave,2024-10-17,2024-10-25,9,Personal Work,Approved,Pallavi Doshi
1700,1526,Paternity Leave,2024-01-09,2024-01-15,7,Marriage,Approved,Siddharth Jain
1701,621,Unpaid Leave,2024-07-03,2024-07-11,9,Marriage,Approved,Tanvi Kanda
1702,566,Unpaid Leave,2024-07-17,2024-07-23,7,Child Care,Approved,Ekiya Talwar
1703,1880,Unpaid Leave,2024-10-15,2024-10-23,9,Religious Festival,Approved,Pavani Mani
1704,122,Emergency Leave,2025-11-10,2025-11-12,3,Medical Treatment,Approved,Lipika Chaudhari
1705,348,Casual Leave,2025-09-09,2025-09-14,6,Family Emergency,Approved,Unnati Parekh
1706,1778,Annual Leave,2024-12-26,2025-01-01,7,Family Emergency,Approved,Geetika Naik
1707,2354,Annual Leave,2024-08-09,2024-08-17,9,Child Care,Rejected,
1708,1647,Paternity Leave,2024-04-21,2024-04-29,9,Religious Festival,Approved,David Bhasin
1709,1410,Annual Leave,2025-01-26,2025-01-30,5,Family Emergency,Pending,
1710,2869,Emergency Leave,2025-06-14,2025-06-21,8,Higher Education,Approved,Nihal Chatterjee
1711,2857,Casual Leave,2024-04-03,2024-04-09,7,Personal Work,Approved,Reyansh Ramachandran
1712,346,Annual Leave,2025-04-13,2025-04-21,9,Family Emergency,Approved,Diya Baria
1713,2132,Maternity Leave,2025-10-02,2025-10-06,5,Personal Work,Approved,William Vala
1714,2136,Casual Leave,2025-01-19,2025-01-21,3,Personal Work,Approved,Balhaar Batta
1715,989,Unpaid Leave,2025-12-09,2025-12-13,5,Medical Treatment,Approved,Dayamai Mane
1716,2999,Annual Leave,2025-01-16,2025-01-21,6,Religious Festival,Approved,Lajita Hari
1717,508,Annual Leave,2024-09-24,2024-09-25,2,Vacation,Approved,Nihal Bhattacharyya
1718,1857,Casual Leave,2024-03-21,2024-03-24,4,Marriage,Approved,Laksh Saraf
1719,1435,Casual Leave,2024-09-15,2024-09-19,5,Family Emergency,Approved,Anusha Pradhan
1720,2926,Emergency Leave,2025-09-05,2025-09-13,9,Medical Treatment,Approved,Tanvi Sahota
1721,1343,Maternity Leave,2025-06-09,2025-06-18,10,Religious Festival,Approved,Reva Ganesan
1722,1861,Annual Leave,2024-09-27,2024-09-29,3,Child Care,Approved,Samar Khalsa
1723,336,Annual Leave,2024-06-09,2024-06-09,1,Family Emergency,Approved,Netra Loyal
1724,1951,Sick Leave,2025-10-22,2025-10-29,8,Child Care,Approved,Vinaya Bandi
1725,2410,Maternity Leave,2025-08-08,2025-08-16,9,Personal Work,Approved,William Reddy
1726,2394,Emergency Leave,2024-06-20,2024-06-26,7,Higher Education,Rejected,
1727,2998,Emergency Leave,2024-03-21,2024-03-23,3,Family Emergency,Approved,Jagvi Chahal
1728,1986,Paternity Leave,2025-04-24,2025-05-01,8,Medical Treatment,Approved,Pratyush Prakash
1729,2845,Sick Leave,2025-09-02,2025-09-09,8,Family Emergency,Approved,Faqid Pant
1730,2290,Casual Leave,2025-09-02,2025-09-03,2,Child Care,Approved,Diya Dhillon
1731,452,Annual Leave,2025-02-26,2025-03-03,6,Vacation,Approved,Vanya Bora
1732,2142,Sick Leave,2024-09-02,2024-09-03,2,Religious Festival,Approved,Jagrati Raj
1733,1243,Casual Leave,2024-05-08,2024-05-15,8,Family Emergency,Approved,Fitan Bahri
1734,583,Unpaid Leave,2024-09-29,2024-10-08,10,Personal Work,Approved,Devika Arya
1735,1162,Sick Leave,2024-07-29,2024-07-31,3,Higher Education,Approved,Jeevika Sabharwal
1736,9,Annual Leave,2025-06-20,2025-06-28,9,Vacation,Approved,Rachita Dara
1737,1711,Emergency Leave,2025-02-21,2025-03-02,10,Higher Education,Approved,Abdul Sur
1738,1384,Unpaid Leave,2025-03-17,2025-03-23,7,Family Emergency,Approved,Yachana Shroff
1739,568,Maternity Leave,2024-05-15,2024-05-22,8,Higher Education,Approved,Naksh Buch
1740,611,Unpaid Leave,2025-06-28,2025-07-03,6,Child Care,Approved,Ekaraj Vaidya
1741,1587,Sick Leave,2024-08-01,2024-08-07,7,Vacation,Approved,Bhavna Arora
1742,2747,Emergency Leave,2024-12-15,2024-12-19,5,Family Emergency,Approved,Pranit Sunder
1743,2897,Annual Leave,2024-12-10,2024-12-19,10,Personal Work,Approved,Mugdha Das
1744,2299,Paternity Leave,2024-12-11,2024-12-12,2,Medical Treatment,Approved,Shivani Ganesan
1745,789,Maternity Leave,2025-01-07,2025-01-15,9,Vacation,Approved,Noah Sama
1746,2336,Maternity Leave,2025-02-05,2025-02-08,4,Vacation,Approved,Jatin Mani
1747,493,Paternity Leave,2025-06-28,2025-07-06,9,Vacation,Approved,Inaya Kant
1748,1127,Unpaid Leave,2025-10-19,2025-10-22,4,Higher Education,Approved,Ojasvi Oza
1749,347,Unpaid Leave,2024-08-12,2024-08-20,9,Child Care,Approved,Yashoda Shere
1750,2413,Annual Leave,2024-10-12,2024-10-19,8,Vacation,Approved,Udarsh Sarma
1751,1393,Emergency Leave,2025-06-08,2025-06-10,3,Religious Festival,Approved,Gabriel Sachdeva
1752,1565,Casual Leave,2024-01-24,2024-01-25,2,Medical Treatment,Approved,Triya Borde
1753,2220,Sick Leave,2025-03-26,2025-03-30,5,Personal Work,Approved,Chandani Sachdeva
1754,368,Sick Leave,2025-04-13,2025-04-17,5,Family Emergency,Pending,
1755,242,Maternity Leave,2025-08-23,2025-08-28,6,Vacation,Approved,Sachi Balasubramanian
1756,1221,Emergency Leave,2024-02-12,2024-02-13,2,Child Care,Approved,Nikita Sarma
1757,1328,Casual Leave,2025-02-16,2025-02-22,7,Medical Treatment,Pending,
1758,213,Sick Leave,2024-02-25,2024-02-28,4,Marriage,Approved,Chaitaly Sahni
1759,2020,Maternity Leave,2025-11-03,2025-11-11,9,Medical Treatment,Approved,Warjas Parikh
1760,1104,Annual Leave,2025-04-15,2025-04-20,6,Child Care,Approved,Zayan Chaudhry
1761,269,Emergency Leave,2024-07-10,2024-07-10,1,Marriage,Approved,Advay Golla
1762,77,Casual Leave,2025-03-30,2025-04-07,9,Medical Treatment,Rejected,
1763,1009,Unpaid Leave,2024-04-05,2024-04-13,9,Family Emergency,Approved,Isha Dubey
1764,1248,Maternity Leave,2025-10-14,2025-10-20,7,Marriage,Approved,Jyoti Tailor
1765,584,Casual Leave,2025-01-30,2025-02-07,9,Marriage,Rejected,
1766,2202,Emergency Leave,2024-05-19,2024-05-27,9,Vacation,Approved,Ethan Nath
1767,1904,Unpaid Leave,2024-10-29,2024-11-07,10,Family Emergency,Approved,Bhavika Sachdeva
1768,3,Annual Leave,2025-07-12,2025-07-19,8,Personal Work,Approved,Amaira Lad
1769,2786,Emergency Leave,2024-04-05,2024-04-10,6,Marriage,Approved,Jason Mahal
1770,2397,Unpaid Leave,2025-04-24,2025-05-02,9,Family Emergency,Approved,Warda Zacharia
1771,2188,Maternity Leave,2024-02-24,2024-02-25,2,Child Care,Approved,Janaki Baria
1772,2861,Annual Leave,2025-10-18,2025-10-20,3,Personal Work,Approved,Osha Kata
1773,1770,Sick Leave,2025-10-18,2025-10-27,10,Religious Festival,Approved,Chanchal Gala
1774,2794,Casual Leave,2024-01-11,2024-01-15,5,Higher Education,Rejected,
1775,1119,Sick Leave,2025-03-08,2025-03-13,6,Higher Education,Approved,Yashvi Gole
1776,2456,Casual Leave,2025-10-07,2025-10-07,1,Family Emergency,Pending,
1777,2648,Annual Leave,2024-01-14,2024-01-23,10,Vacation,Approved,Chandresh Din
1778,2756,Sick Leave,2025-08-10,2025-08-16,7,Higher Education,Approved,Fitan Kunda
1779,1609,Maternity Leave,2025-07-31,2025-08-01,2,Medical Treatment,Approved,Yashodhara Walla
1780,2207,Annual Leave,2024-08-26,2024-09-02,8,Religious Festival,Approved,Urvashi Parmer
1781,1542,Unpaid Leave,2024-06-26,2024-07-05,10,Family Emergency,Approved,Urvashi Chadha
1782,2856,Annual Leave,2025-11-03,2025-11-04,2,Marriage,Approved,Kashish Narang
1783,1821,Annual Leave,2024-04-12,2024-04-15,4,Personal Work,Approved,Edhitha Wali
1784,2788,Paternity Leave,2025-05-29,2025-06-03,6,Personal Work,Approved,Teerth Tak
1785,2941,Sick Leave,2024-07-08,2024-07-11,4,Religious Festival,Rejected,
1786,151,Casual Leave,2024-08-20,2024-08-27,8,Marriage,Pending,
1787,30,Sick Leave,2024-03-15,2024-03-21,7,Personal Work,Approved,Ubika Dhar
1788,2332,Maternity Leave,2025-05-04,2025-05-11,8,Marriage,Approved,Ubika Dora
1789,2703,Paternity Leave,2025-01-21,2025-01-30,10,Family Emergency,Approved,Forum Jani
1790,268,Maternity Leave,2025-06-26,2025-06-28,3,Family Emergency,Approved,Lopa Borra
1791,1064,Maternity Leave,2025-09-26,2025-09-29,4,Personal Work,Pending,
1792,786,Unpaid Leave,2024-09-21,2024-09-21,1,Personal Work,Rejected,
1793,2789,Maternity Leave,2024-10-31,2024-11-07,8,Child Care,Approved,Ekapad Bal
1794,2626,Paternity Leave,2025-08-19,2025-08-19,1,Religious Festival,Approved,Victor Nadig
1795,1772,Unpaid Leave,2025-04-25,2025-05-01,7,Higher Education,Approved,Rajata Buch
1796,2030,Casual Leave,2025-12-16,2025-12-24,9,Marriage,Approved,Leena Atwal
1797,193,Casual Leave,2024-06-21,2024-06-27,7,Religious Festival,Approved,Ekbal Munshi
1798,22,Emergency Leave,2025-02-23,2025-02-26,4,Vacation,Approved,Krishna Mandal
1799,925,Paternity Leave,2024-06-09,2024-06-15,7,Marriage,Pending,
1800,807,Sick Leave,2024-03-22,2024-03-27,6,Medical Treatment,Approved,William Borra
1801,115,Emergency Leave,2024-10-30,2024-11-05,7,Religious Festival,Approved,Zinal Rao
1802,1026,Sick Leave,2024-08-09,2024-08-10,2,Religious Festival,Approved,Charles Lal
1803,223,Unpaid Leave,2024-06-26,2024-07-01,6,Marriage,Approved,Ekavir Barad
1804,299,Unpaid Leave,2025-02-13,2025-02-22,10,Medical Treatment,Approved,Zaid Chaudhari
1805,2562,Emergency Leave,2025-11-19,2025-11-28,10,Vacation,Approved,Vansha Rastogi
1806,137,Emergency Leave,2024-10-16,2024-10-21,6,Medical Treatment,Pending,
1807,523,Annual Leave,2024-02-03,2024-02-10,8,Child Care,Approved,Laban Bora
1808,270,Annual Leave,2025-04-24,2025-04-24,1,Personal Work,Approved,Aahana Jain
1809,1563,Emergency Leave,2024-01-16,2024-01-17,2,Child Care,Approved,Dipta Dhar
1810,955,Unpaid Leave,2025-08-29,2025-09-07,10,Vacation,Approved,Lohit Garg
1811,1858,Emergency Leave,2024-07-03,2024-07-10,8,Medical Treatment,Approved,Jeet Bhargava
1812,1392,Paternity Leave,2025-12-18,2025-12-18,1,Religious Festival,Approved,William Kuruvilla
1813,2408,Sick Leave,2025-06-09,2025-06-10,2,Medical Treatment,Approved,Rishi Vig
1814,2429,Unpaid Leave,2024-06-09,2024-06-12,4,Family Emergency,Pending,
1815,2611,Maternity Leave,2025-10-30,2025-11-03,5,Higher Education,Approved,Dipta Bassi
1816,2969,Maternity Leave,2025-07-26,2025-08-02,8,Family Emergency,Approved,Chakradev Chaudhuri
1817,181,Annual Leave,2025-04-25,2025-04-27,3,Child Care,Approved,Alka Gaba
1818,2102,Paternity Leave,2025-02-19,2025-02-24,6,Family Emergency,Approved,Naksh Sidhu
1819,604,Emergency Leave,2025-12-01,2025-12-05,5,Personal Work,Approved,Banjeet Bail
1820,1511,Annual Leave,2025-04-03,2025-04-11,9,Family Emergency,Approved,Ansh Bhavsar
1821,235,Sick Leave,2024-12-05,2024-12-13,9,Vacation,Approved,Baljiwan Kohli
1822,1729,Casual Leave,2025-12-24,2025-12-27,4,Marriage,Rejected,
1823,281,Casual Leave,2024-01-26,2024-01-29,4,Higher Education,Approved,Jyoti Cherian
1824,2457,Paternity Leave,2025-09-20,2025-09-25,6,Religious Festival,Approved,Vedant Vyas
1825,2524,Casual Leave,2024-03-19,2024-03-25,7,Medical Treatment,Approved,Arunima Dhingra
1826,1861,Unpaid Leave,2024-03-19,2024-03-19,1,Vacation,Approved,Vidhi Lata
1827,2617,Sick Leave,2025-02-27,2025-03-02,4,Marriage,Approved,Avni Rajan
1828,980,Emergency Leave,2025-03-11,2025-03-16,6,Child Care,Approved,Yadavi Chada
1829,841,Emergency Leave,2025-12-23,2025-12-25,3,Vacation,Approved,Dayita Dada
1830,1487,Annual Leave,2025-08-23,2025-08-24,2,Medical Treatment,Approved,Kalpit Kapadia
1831,584,Casual Leave,2024-09-17,2024-09-24,8,Religious Festival,Approved,Lakshmi Soni
1832,180,Annual Leave,2024-10-02,2024-10-05,4,Family Emergency,Approved,Turvi Sawhney
1833,897,Casual Leave,2025-09-19,2025-09-21,3,Marriage,Approved,Leena Raja
1834,732,Sick Leave,2024-05-19,2024-05-19,1,Personal Work,Approved,Lakshmi Varma
1835,415,Annual Leave,2024-08-15,2024-08-17,3,Medical Treatment,Approved,Shaurya Ramanathan
1836,1387,Sick Leave,2024-11-16,2024-11-20,5,Religious Festival,Approved,Vihaan Trivedi
1837,1526,Paternity Leave,2025-12-02,2025-12-04,3,Child Care,Pending,
1838,2913,Annual Leave,2025-02-24,2025-02-25,2,Family Emergency,Approved,Ladli Hora
1839,777,Sick Leave,2024-07-31,2024-08-08,9,Religious Festival,Approved,Wishi Chakrabarti
1840,1303,Maternity Leave,2024-08-23,2024-08-29,7,Marriage,Rejected,
1841,190,Unpaid Leave,2025-10-30,2025-11-08,10,Personal Work,Approved,Meera Master
1842,609,Casual Leave,2025-07-04,2025-07-07,4,Personal Work,Approved,Ranveer Mallick
1843,518,Unpaid Leave,2024-11-17,2024-11-25,9,Higher Education,Rejected,
1844,858,Paternity Leave,2025-05-28,2025-05-29,2,Medical Treatment,Approved,Victor Narayan
1845,686,Maternity Leave,2024-11-09,2024-11-15,7,Religious Festival,Approved,Urvashi Rama
1846,2043,Maternity Leave,2024-12-02,2024-12-09,8,Religious Festival,Approved,Naveen Balasubramanian
1847,2153,Paternity Leave,2024-05-05,2024-05-12,8,Higher Education,Approved,Theodore Bhatia
1848,1941,Casual Leave,2024-11-12,2024-11-21,10,Vacation,Approved,Victor Tak
1849,849,Sick Leave,2024-09-22,2024-09-25,4,Marriage,Approved,Bhavini Sant
1850,1622,Sick Leave,2024-10-21,2024-10-25,5,Child Care,Approved,Urvashi Kapoor
1851,2341,Sick Leave,2025-03-14,2025-03-19,6,Medical Treatment,Approved,Mekhala Nagy
1852,551,Unpaid Leave,2025-01-29,2025-01-30,2,Religious Festival,Approved,Rajeshri Gole
1853,943,Maternity Leave,2025-01-05,2025-01-05,1,Religious Festival,Approved,Balvan Varghese
1854,1746,Emergency Leave,2024-01-12,2024-01-19,8,Religious Festival,Approved,Noah Kibe
1855,2038,Casual Leave,2024-04-13,2024-04-17,5,Family Emergency,Approved,Dev Bhattacharyya
1856,1810,Sick Leave,2024-01-28,2024-02-01,5,Religious Festival,Approved,Robert Pillai
1857,338,Casual Leave,2024-02-07,2024-02-15,9,Medical Treatment,Approved,Falguni Dhawan
1858,1133,Sick Leave,2024-08-11,2024-08-12,2,Religious Festival,Approved,Fiyaz Badal
1859,157,Maternity Leave,2025-09-24,2025-09-27,4,Religious Festival,Approved,Jagdish Virk
1860,1025,Casual Leave,2025-03-08,2025-03-12,5,Family Emergency,Approved,Ikbal Krishnan
1861,2934,Paternity Leave,2025-12-08,2025-12-16,9,Vacation,Pending,
1862,1227,Casual Leave,2025-06-22,2025-06-27,6,Child Care,Approved,Omkaar Patla
1863,1662,Unpaid Leave,2025-10-01,2025-10-10,10,Vacation,Approved,Logan Deep
1864,1934,Paternity Leave,2025-05-01,2025-05-09,9,Family Emergency,Rejected,
1865,1629,Sick Leave,2025-03-02,2025-03-05,4,Marriage,Approved,Samuel Apte
1866,1944,Sick Leave,2025-11-17,2025-11-25,9,Higher Education,Approved,Radhika Minhas
1867,2960,Unpaid Leave,2024-04-18,2024-04-25,8,Medical Treatment,Approved,Lopa Jain
1868,1283,Unpaid Leave,2024-08-30,2024-09-02,4,Child Care,Approved,Gautami Sehgal
1869,859,Emergency Leave,2024-09-19,2024-09-26,8,Vacation,Approved,Harshil Chaudhari
1870,1535,Sick Leave,2025-12-27,2026-01-05,10,Personal Work,Approved,Henry Majumdar
1871,40,Emergency Leave,2024-05-19,2024-05-24,6,Child Care,Approved,Benjamin Sunder
1872,1744,Paternity Leave,2025-01-31,2025-02-06,7,Personal Work,Approved,Megha Viswanathan
1873,1336,Maternity Leave,2024-09-18,2024-09-18,1,Vacation,Approved,Krisha Agrawal
1874,570,Sick Leave,2025-10-05,2025-10-10,6,Child Care,Approved,Ria Agarwal
1875,1562,Sick Leave,2025-04-08,2025-04-14,7,Child Care,Approved,Zaid Karan
1876,772,Emergency Leave,2024-02-08,2024-02-09,2,Higher Education,Approved,Ekiya Andra
1877,2618,Casual Leave,2024-02-01,2024-02-02,2,Family Emergency,Approved,Kashvi Keer
1878,132,Unpaid Leave,2024-12-03,2024-12-12,10,Family Emergency,Approved,Lekha Barad
1879,816,Annual Leave,2024-05-23,2024-05-29,7,Marriage,Approved,Pushti Som
1880,1193,Paternity Leave,2025-11-03,2025-11-11,9,Vacation,Approved,Isha Kurian
1881,1510,Maternity Leave,2024-01-29,2024-01-29,1,Child Care,Approved,Faqid Hari
1882,1602,Sick Leave,2025-07-08,2025-07-09,2,Child Care,Approved,Pranit Doctor
1883,1959,Paternity Leave,2024-10-27,2024-10-28,2,Marriage,Approved,Raghav Shankar
1884,533,Unpaid Leave,2024-10-19,2024-10-22,4,Higher Education,Approved,Ayush Nori
1885,651,Maternity Leave,2025-10-19,2025-10-28,10,Marriage,Pending,
1886,2059,Paternity Leave,2025-05-26,2025-06-02,8,Vacation,Approved,Urvi Sandal
1887,585,Emergency Leave,2025-09-30,2025-10-01,2,Marriage,Approved,Yasti Apte
1888,2154,Casual Leave,2024-07-27,2024-08-05,10,Higher Education,Approved,Keya Varghese
1889,1896,Maternity Leave,2024-11-13,2024-11-13,1,Personal Work,Approved,Hemal Chand
1890,2648,Emergency Leave,2024-05-15,2024-05-20,6,Personal Work,Approved,Upma Thaker
1891,1602,Maternity Leave,2024-10-10,2024-10-12,3,Family Emergency,Approved,Warhi Sangha
1892,2531,Paternity Leave,2025-01-02,2025-01-08,7,Family Emergency,Approved,Imaran Bhandari
1893,2862,Maternity Leave,2025-08-23,2025-08-24,2,Vacation,Approved,Eshana Bora
1894,982,Unpaid Leave,2024-05-03,2024-05-05,3,Personal Work,Approved,Imaran Pathak
1895,2731,Annual Leave,2024-10-06,2024-10-09,4,Child Care,Pending,
1896,2265,Annual Leave,2024-10-23,2024-10-28,6,Medical Treatment,Approved,Vedhika Basak
1897,2067,Unpaid Leave,2024-11-27,2024-12-02,6,Family Emergency,Approved,Pahal Parmar
1898,1036,Sick Leave,2025-06-18,2025-06-26,9,Vacation,Approved,Rachita Chanda
1899,300,Paternity Leave,2025-04-27,2025-05-04,8,Child Care,Approved,Dalbir Hari
1900,797,Emergency Leave,2024-02-06,2024-02-06,1,Medical Treatment,Approved,Sanaya Saxena
1901,2905,Sick Leave,2025-06-27,2025-07-02,6,Higher Education,Approved,Mahika Ramakrishnan
1902,1986,Emergency Leave,2025-12-23,2025-12-24,2,Marriage,Approved,Suhani Sheth
1903,2923,Emergency Leave,2024-06-07,2024-06-09,3,Personal Work,Approved,Gauri Yogi
1904,661,Sick Leave,2024-12-21,2024-12-21,1,Family Emergency,Approved,Inaya Raman
1905,1205,Annual Leave,2024-05-10,2024-05-18,9,Family Emergency,Approved,Oliver Nagy
1906,318,Paternity Leave,2025-03-17,2025-03-17,1,Family Emergency,Approved,Falak Murty
1907,1805,Casual Leave,2024-05-17,2024-05-19,3,Vacation,Approved,Zehaan Bail
1908,2765,Maternity Leave,2024-03-01,2024-03-04,4,Vacation,Approved,Chandran Modi
1909,2601,Unpaid Leave,2025-09-13,2025-09-21,9,Medical Treatment,Approved,Wishi Bhakta
1910,1600,Paternity Leave,2025-12-09,2025-12-13,5,Vacation,Approved,Shaurya Aggarwal
1911,200,Unpaid Leave,2025-03-08,2025-03-14,7,Marriage,Approved,Victor Kibe
1912,1535,Sick Leave,2025-04-18,2025-04-21,4,Child Care,Approved,Amaira Boase
1913,115,Annual Leave,2025-10-30,2025-11-04,6,Medical Treatment,Approved,Samuel Mital
1914,904,Annual Leave,2025-05-17,2025-05-19,3,Vacation,Approved,Gaurika Johal
1915,1703,Maternity Leave,2025-05-03,2025-05-04,2,Religious Festival,Approved,Wakeeta Chandran
1916,2303,Paternity Leave,2024-06-05,2024-06-08,4,Child Care,Approved,Ishwar Randhawa
1917,1753,Annual Leave,2024-01-28,2024-01-31,4,Religious Festival,Approved,Upkaar Lall
1918,1325,Sick Leave,2025-05-03,2025-05-03,1,Religious Festival,Approved,Bakhshi Talwar
1919,50,Emergency Leave,2025-11-29,2025-12-02,4,Medical Treatment,Approved,Dayita Gera
1920,2696,Unpaid Leave,2024-10-30,2024-11-03,5,Religious Festival,Approved,Rishi Karpe
1921,180,Annual Leave,2024-02-09,2024-02-12,4,Higher Education,Approved,Qabil Kannan
1922,418,Paternity Leave,2024-04-05,2024-04-13,9,Family Emergency,Approved,Jagat Ghose
1923,1032,Annual Leave,2025-08-07,2025-08-16,10,Child Care,Approved,Samaksh Mishra
1924,2777,Unpaid Leave,2024-02-28,2024-03-01,3,Religious Festival,Approved,Laksh Tella
1925,2730,Emergency Leave,2025-10-16,2025-10-17,2,Higher Education,Approved,Geetika Wable
1926,1567,Maternity Leave,2025-11-25,2025-11-28,4,Vacation,Approved,Om Nazareth
1927,953,Annual Leave,2024-10-02,2024-10-11,10,Medical Treatment,Approved,Rayaan Char
1928,1266,Sick Leave,2024-04-16,2024-04-22,7,Medical Treatment,Approved,Nidra Ganesh
1929,246,Sick Leave,2025-09-25,2025-09-30,6,Marriage,Approved,Ranveer Dugar
1930,622,Emergency Leave,2025-07-30,2025-08-02,4,Marriage,Approved,Sara Saran
1931,2971,Maternity Leave,2025-06-16,2025-06-23,8,Religious Festival,Approved,Jonathan Kari
1932,550,Casual Leave,2024-06-09,2024-06-14,6,Vacation,Approved,Zehaan Bhatnagar
1933,2134,Unpaid Leave,2025-11-05,2025-11-11,7,Personal Work,Approved,Warhi Sarin
1934,98,Sick Leave,2024-06-18,2024-06-23,6,Marriage,Approved,Yahvi Comar
1935,2210,Annual Leave,2024-03-28,2024-03-31,4,Marriage,Approved,Faras Chatterjee
1936,2491,Unpaid Leave,2025-01-28,2025-02-03,7,Family Emergency,Approved,Amruta Balay
1937,1812,Paternity Leave,2025-10-29,2025-10-29,1,Higher Education,Approved,Andrew Varma
1938,287,Sick Leave,2024-08-26,2024-08-26,1,Family Emergency,Approved,Devika Mistry
1939,837,Sick Leave,2024-11-02,2024-11-03,2,Marriage,Approved,Banjeet Ravi
1940,968,Maternity Leave,2025-05-30,2025-05-31,2,Higher Education,Approved,Samaksh Puri
1941,1276,Sick Leave,2024-04-07,2024-04-10,4,Family Emergency,Approved,Udarsh Atwal
1942,2482,Sick Leave,2025-09-19,2025-09-23,5,Higher Education,Approved,Guneet Wagle
1943,2604,Sick Leave,2024-08-25,2024-08-29,5,Higher Education,Approved,Zashil Viswanathan
1944,328,Casual Leave,2025-11-24,2025-11-30,7,Higher Education,Approved,Aarush Rout
1945,1808,Emergency Leave,2024-06-01,2024-06-09,9,Child Care,Approved,Priya Date
1946,639,Unpaid Leave,2024-08-17,2024-08-24,8,Child Care,Approved,Maanav Bhasin
1947,1751,Unpaid Leave,2025-08-17,2025-08-18,2,Personal Work,Approved,Samar Grewal
1948,2438,Maternity Leave,2024-07-11,2024-07-13,3,Family Emergency,Approved,Rachita Singh
1949,1054,Emergency Leave,2024-09-27,2024-10-04,8,Personal Work,Approved,Advik Dutt
1950,1537,Maternity Leave,2024-04-06,2024-04-15,10,Religious Festival,Approved,Om Yadav
1951,560,Paternity Leave,2024-06-25,2024-07-02,8,Marriage,Approved,Upadhriti Sanghvi
1952,18,Annual Leave,2024-01-01,2024-01-09,9,Religious Festival,Approved,Anvi Parikh
1953,2013,Emergency Leave,2025-12-28,2026-01-03,7,Religious Festival,Pending,
1954,1574,Emergency Leave,2025-03-22,2025-03-26,5,Medical Treatment,Approved,Balhaar Saini
1955,1675,Annual Leave,2024-09-20,2024-09-21,2,Family Emergency,Approved,Azaan Rastogi
1956,796,Unpaid Leave,2025-05-23,2025-05-29,7,Religious Festival,Pending,
1957,2088,Paternity Leave,2024-03-01,2024-03-08,8,Religious Festival,Approved,Manbir Raj
1958,2853,Annual Leave,2025-04-21,2025-04-27,7,Marriage,Pending,
1959,993,Emergency Leave,2025-06-12,2025-06-12,1,Religious Festival,Pending,
1960,2585,Paternity Leave,2024-10-08,2024-10-08,1,Family Emergency,Approved,Gavin Patil
1961,1071,Maternity Leave,2025-08-07,2025-08-14,8,Family Emergency,Pending,
1962,1042,Sick Leave,2024-06-17,2024-06-26,10,Family Emergency,Approved,Vasatika Bal
1963,51,Annual Leave,2025-06-21,2025-06-22,2,Child Care,Approved,Anika Sathe
1964,1629,Paternity Leave,2024-06-30,2024-07-09,10,Medical Treatment,Rejected,
1965,2124,Sick Leave,2024-03-19,2024-03-25,7,Child Care,Approved,Chaman Shanker
1966,1036,Paternity Leave,2024-05-06,2024-05-10,5,Child Care,Approved,Januja Chana
1967,2401,Casual Leave,2025-03-24,2025-03-30,7,Medical Treatment,Approved,Ekiya Lala
1968,448,Paternity Leave,2025-05-29,2025-06-07,10,Religious Festival,Approved,Amruta Krishnan
1969,585,Casual Leave,2025-05-30,2025-06-02,4,Child Care,Pending,
1970,2864,Casual Leave,2024-01-14,2024-01-14,1,Higher Education,Rejected,
1971,7,Annual Leave,2024-10-11,2024-10-12,2,Child Care,Approved,Vasana Dixit
1972,2151,Emergency Leave,2024-08-19,2024-08-23,5,Family Emergency,Approved,Wriddhish Amble
1973,723,Casual Leave,2025-03-18,2025-03-20,3,Marriage,Approved,Utkarsh Kumar
1974,1993,Sick Leave,2025-04-21,2025-04-29,9,Higher Education,Pending,
1975,2323,Unpaid Leave,2025-06-20,2025-06-23,4,Vacation,Approved,Ganga Srivastava
1976,749,Unpaid Leave,2024-02-07,2024-02-10,4,Child Care,Approved,Nirja Buch
1977,1806,Paternity Leave,2025-05-21,2025-05-30,10,Family Emergency,Approved,Harsh Arya
1978,327,Casual Leave,2025-07-15,2025-07-16,2,Personal Work,Approved,Veda D’Alia
1979,264,Casual Leave,2024-05-07,2024-05-07,1,Higher Education,Approved,Harinakshi Kapadia
1980,1988,Paternity Leave,2025-05-26,2025-05-27,2,Personal Work,Approved,Saumya Buch
1981,30,Paternity Leave,2024-01-03,2024-01-12,10,Vacation,Approved,Daksha Swaminathan
1982,397,Sick Leave,2025-10-08,2025-10-16,9,Child Care,Approved,Jai Walia
1983,2470,Maternity Leave,2024-05-18,2024-05-22,5,Higher Education,Pending,
1984,1381,Maternity Leave,2025-03-27,2025-04-02,7,Religious Festival,Approved,Wishi Mukherjee
1985,1292,Unpaid Leave,2024-01-26,2024-01-29,4,Child Care,Pending,
1986,1551,Maternity Leave,2025-05-03,2025-05-03,1,Religious Festival,Rejected,
1987,411,Annual Leave,2024-05-23,2024-05-30,8,Child Care,Approved,Ladli Viswanathan
1988,2971,Unpaid Leave,2024-10-02,2024-10-04,3,Medical Treatment,Approved,Imaran Nagarajan
1989,2174,Casual Leave,2025-10-04,2025-10-07,4,Higher Education,Approved,Udarsh Bajwa
1990,2110,Emergency Leave,2024-11-03,2024-11-06,4,Religious Festival,Approved,Ekaja Srinivas
1991,69,Paternity Leave,2024-11-07,2024-11-12,6,Religious Festival,Approved,Mekhala Naik
1992,2777,Emergency Leave,2024-06-11,2024-06-14,4,Child Care,Approved,Champak Sagar
1993,2510,Unpaid Leave,2024-10-03,2024-10-04,2,Higher Education,Approved,Turvi Ratti
1994,2697,Unpaid Leave,2025-05-21,2025-05-22,2,Personal Work,Approved,Unni Karpe
1995,2487,Sick Leave,2024-11-08,2024-11-10,3,Vacation,Approved,Patrick Tandon
1996,524,Emergency Leave,2025-06-20,2025-06-21,2,Higher Education,Approved,Bakhshi Som
1997,689,Emergency Leave,2025-12-08,2025-12-09,2,Marriage,Approved,Robert Om
1998,997,Sick Leave,2024-12-13,2024-12-15,3,Medical Treatment,Approved,Ayushman Basu
1999,433,Emergency Leave,2024-11-28,2024-11-28,1,Religious Festival,Approved,Bimala Amble
2000,1571,Unpaid Leave,2025-09-01,2025-09-05,5,Personal Work,Approved,Dipta Borra
2001,2728,Emergency Leave,2024-10-08,2024-10-09,2,Higher Education,Approved,Udyati Kumer
2002,371,Unpaid Leave,2025-05-16,2025-05-21,6,Medical Treatment,Approved,Neel Mody
2003,2638,Casual Leave,2024-11-21,2024-11-27,7,Child Care,Pending,
2004,2679,Paternity Leave,2024-10-26,2024-11-03,9,Child Care,Rejected,
2005,956,Sick Leave,2025-05-31,2025-06-04,5,Medical Treatment,Approved,Jacob Bajaj
2006,457,Annual Leave,2025-05-05,2025-05-10,6,Marriage,Approved,Yashvi Chakrabarti
2007,476,Maternity Leave,2024-02-29,2024-03-05,6,Religious Festival,Approved,Rajeshri Garg
2008,1558,Maternity Leave,2025-05-22,2025-05-22,1,Marriage,Approved,Aarush Dugar
2009,1590,Emergency Leave,2024-02-16,2024-02-21,6,Family Emergency,Approved,Imaran Barad
2010,2129,Paternity Leave,2025-06-16,2025-06-25,10,Medical Treatment,Approved,Darsh Vyas
2011,1620,Annual Leave,2025-05-13,2025-05-21,9,Religious Festival,Approved,Ridhi Bassi
2012,593,Unpaid Leave,2024-07-20,2024-07-24,5,Higher Education,Approved,Oviya Pal
2013,2786,Emergency Leave,2024-10-03,2024-10-05,3,Family Emergency,Approved,Anirudh Varkey
2014,2726,Unpaid Leave,2025-11-22,2025-11-22,1,Personal Work,Approved,Darika Nayar
2015,2058,Paternity Leave,2025-09-08,2025-09-09,2,Higher Education,Approved,Gavin Kakar
2016,2585,Unpaid Leave,2024-07-02,2024-07-05,4,Child Care,Approved,Upasna Nori
2017,241,Unpaid Leave,2024-12-22,2024-12-27,6,Marriage,Approved,Leena Pillai
2018,922,Paternity Leave,2025-12-24,2025-12-24,1,Family Emergency,Pending,
2019,1997,Paternity Leave,2024-12-22,2024-12-28,7,Family Emergency,Approved,Jack D’Alia
2020,89,Maternity Leave,2024-01-15,2024-01-21,7,Higher Education,Approved,Nidhi Dhawan
2021,1427,Unpaid Leave,2024-08-17,2024-08-23,7,Personal Work,Approved,Aradhana Nagi
2022,1157,Paternity Leave,2024-04-23,2024-04-26,4,Child Care,Approved,Jhalak Toor
2023,399,Sick Leave,2025-10-17,2025-10-22,6,Vacation,Approved,Kiaan Dara
2024,2907,Casual Leave,2024-11-17,2024-11-24,8,Family Emergency,Approved,Yagnesh Misra
2025,1810,Paternity Leave,2025-08-16,2025-08-23,8,Family Emergency,Approved,Lekha Mallick
2026,860,Sick Leave,2024-04-24,2024-04-27,4,Vacation,Approved,Triveni Sengupta
2027,1484,Paternity Leave,2024-09-03,2024-09-12,10,Family Emergency,Approved,Ira Amble
2028,1543,Emergency Leave,2025-07-19,2025-07-21,3,Medical Treatment,Pending,
2029,1457,Emergency Leave,2024-05-17,2024-05-19,3,Medical Treatment,Pending,
2030,2112,Paternity Leave,2024-08-29,2024-09-03,6,Family Emergency,Approved,Charles Randhawa
2031,2569,Paternity Leave,2024-11-29,2024-12-05,7,Medical Treatment,Approved,Samarth Upadhyay
2032,987,Emergency Leave,2025-05-25,2025-06-01,8,Family Emergency,Approved,Radha Thakkar
2033,2674,Paternity Leave,2024-06-04,2024-06-10,7,Medical Treatment,Approved,Daksha Vasa
2034,1900,Unpaid Leave,2024-08-28,2024-09-03,7,Higher Education,Approved,Bhavna Kaul
2035,1505,Annual Leave,2024-12-26,2024-12-27,2,Medical Treatment,Approved,Gagan Wason
2036,2004,Paternity Leave,2025-09-02,2025-09-10,9,Higher Education,Approved,Bishakha Chaudhry
2037,1122,Paternity Leave,2025-11-14,2025-11-15,2,Family Emergency,Approved,Amol Sidhu
2038,1573,Emergency Leave,2025-03-26,2025-04-01,7,Family Emergency,Approved,Bahadurjit Agarwal
2039,408,Casual Leave,2025-12-08,2025-12-09,2,Family Emergency,Approved,Aradhana Modi
2040,1661,Unpaid Leave,2024-12-07,2024-12-07,1,Higher Education,Approved,Sara Dutta
2041,262,Maternity Leave,2025-04-22,2025-05-01,10,Medical Treatment,Approved,Nimrat Deo
2042,850,Paternity Leave,2024-05-26,2024-05-27,2,Family Emergency,Approved,Laban Prasad
2043,22,Maternity Leave,2024-08-08,2024-08-15,8,Medical Treatment,Approved,Urishilla Kuruvilla
2044,161,Sick Leave,2024-02-17,2024-02-26,10,Family Emergency,Approved,Advika Kata
2045,360,Maternity Leave,2024-12-06,2024-12-10,5,Vacation,Approved,Yoshita Nanda
2046,347,Annual Leave,2025-01-03,2025-01-11,9,Family Emergency,Approved,Chameli Grover
2047,1733,Paternity Leave,2024-04-29,2024-04-29,1,Vacation,Approved,Tripti Krishnan
2048,2128,Unpaid Leave,2025-09-13,2025-09-17,5,Higher Education,Approved,Amol Panchal
2049,573,Maternity Leave,2024-05-12,2024-05-19,8,Religious Festival,Approved,Chaitanya Shetty
2050,2483,Maternity Leave,2025-12-06,2025-12-14,9,Medical Treatment,Approved,Umang Bath
2051,2715,Unpaid Leave,2025-11-23,2025-11-23,1,Marriage,Approved,Siddharth Gera
2052,581,Casual Leave,2025-02-25,2025-02-28,4,Marriage,Pending,
2053,2424,Casual Leave,2024-07-14,2024-07-18,5,Child Care,Approved,Saksham Mannan
2054,305,Maternity Leave,2025-06-17,2025-06-21,5,Family Emergency,Approved,Girish Handa
2055,1639,Emergency Leave,2024-04-04,2024-04-05,2,Child Care,Pending,
2056,2845,Sick Leave,2025-03-18,2025-03-26,9,Personal Work,Approved,Jonathan Karnik
2057,2594,Paternity Leave,2024-07-14,2024-07-17,4,Family Emergency,Approved,Arjun Thaker
2058,1720,Unpaid Leave,2025-09-10,2025-09-12,3,Child Care,Approved,Saanvi Batta
2059,1553,Annual Leave,2025-09-20,2025-09-29,10,Personal Work,Approved,Ekantika Chaudhry
2060,511,Maternity Leave,2025-01-01,2025-01-02,2,Child Care,Approved,Ekani Dugal
2061,271,Casual Leave,2024-08-02,2024-08-03,2,Religious Festival,Approved,Janani Sahota
2062,1120,Sick Leave,2025-01-11,2025-01-14,4,Medical Treatment,Approved,Tejas Oak
2063,1545,Sick Leave,2024-02-02,2024-02-08,7,Medical Treatment,Pending,
2064,720,Maternity Leave,2025-08-08,2025-08-12,5,Higher Education,Approved,Nikita Patil
2065,392,Maternity Leave,2025-10-02,2025-10-07,6,Personal Work,Approved,Ekaja Bobal
2066,2260,Casual Leave,2024-12-20,2024-12-29,10,Vacation,Approved,Oviya Banerjee
2067,700,Casual Leave,2024-11-22,2024-11-28,7,Child Care,Approved,Anthony Kuruvilla
2068,1954,Maternity Leave,2024-02-13,2024-02-15,3,Family Emergency,Approved,Harsh Pillay
2069,2694,Sick Leave,2025-07-10,2025-07-12,3,Personal Work,Approved,Tripti Bhardwaj
2070,217,Paternity Leave,2025-07-28,2025-08-02,6,Marriage,Approved,Ishani Tailor
2071,2778,Maternity Leave,2025-01-26,2025-02-01,7,Family Emergency,Approved,Samesh Sankar
2072,1798,Casual Leave,2024-05-06,2024-05-13,8,Personal Work,Approved,Chasmum Jhaveri
2073,1753,Maternity Leave,2025-08-21,2025-08-24,4,Medical Treatment,Approved,Ethan Khare
2074,1252,Emergency Leave,2025-01-26,2025-01-31,6,Medical Treatment,Approved,Adya Bali
2075,315,Paternity Leave,2025-08-18,2025-08-21,4,Family Emergency,Pending,
2076,2357,Annual Leave,2024-12-21,2024-12-22,2,Higher Education,Approved,Aarna Rana
2077,44,Emergency Leave,2024-08-24,2024-09-01,9,Family Emergency,Pending,
2078,1965,Emergency Leave,2025-07-23,2025-07-31,9,Medical Treatment,Approved,Advay Mallick
2079,1661,Annual Leave,2025-06-07,2025-06-16,10,Vacation,Approved,Wyatt Dua
2080,2926,Emergency Leave,2024-12-18,2024-12-26,9,Marriage,Approved,Ijaya Mitter
2081,2709,Unpaid Leave,2024-01-06,2024-01-14,9,Vacation,Approved,Jairaj Gara
2082,2488,Emergency Leave,2025-08-11,2025-08-13,3,Marriage,Approved,Panini Cheema
2083,717,Annual Leave,2024-07-12,2024-07-17,6,Religious Festival,Approved,Ranveer Mitter
2084,209,Emergency Leave,2024-01-04,2024-01-11,8,Religious Festival,Approved,Eiravati Dass
2085,464,Casual Leave,2025-09-01,2025-09-04,4,Medical Treatment,Approved,Kiaan Bandi
2086,1189,Casual Leave,2025-06-06,2025-06-13,8,Marriage,Approved,Aachal Mane
2087,10,Paternity Leave,2025-02-07,2025-02-16,10,Personal Work,Approved,Max Pal
2088,2634,Maternity Leave,2024-01-07,2024-01-07,1,Higher Education,Pending,
2089,236,Casual Leave,2025-02-02,2025-02-02,1,Religious Festival,Approved,Ishwar Bora
2090,1223,Casual Leave,2025-10-24,2025-10-25,2,Family Emergency,Approved,Chatura Arya
2091,1647,Casual Leave,2025-05-29,2025-05-29,1,Higher Education,Approved,Nidra Sachdeva
2092,810,Annual Leave,2025-11-25,2025-12-03,9,Family Emergency,Approved,Amara Sarma
2093,1683,Annual Leave,2024-10-26,2024-11-02,8,Personal Work,Approved,Nidra Sandhu
2094,927,Emergency Leave,2025-06-09,2025-06-15,7,Religious Festival,Approved,Ishaan Chaudhuri
2095,1755,Sick Leave,2025-03-26,2025-04-03,9,Medical Treatment,Approved,Gopal Varghese
2096,1797,Paternity Leave,2024-12-22,2024-12-29,8,Religious Festival,Approved,Gavin Singh
2097,1778,Annual Leave,2025-05-31,2025-06-05,6,Marriage,Pending,
2098,454,Sick Leave,2025-09-26,2025-09-30,5,Child Care,Approved,Prisha Bansal
2099,1725,Paternity Leave,2024-07-11,2024-07-16,6,Family Emergency,Pending,
2100,2729,Sick Leave,2025-01-09,2025-01-16,8,Personal Work,Pending,
2101,487,Emergency Leave,2024-08-13,2024-08-20,8,Family Emergency,Approved,Harsh Narayan
2102,1331,Unpaid Leave,2025-04-15,2025-04-21,7,Child Care,Approved,Saanvi Ramachandran
2103,539,Annual Leave,2025-01-13,2025-01-14,2,Family Emergency,Approved,Yashica Karan
2104,638,Casual Leave,2025-05-08,2025-05-16,9,Marriage,Approved,Dayita Bhardwaj
2105,214,Paternity Leave,2025-11-14,2025-11-19,6,Vacation,Approved,Balvan Kakar
2106,1780,Emergency Leave,2025-07-11,2025-07-15,5,Medical Treatment,Approved,Anmol Ganesan
2107,1757,Sick Leave,2024-04-15,2024-04-24,10,Family Emergency,Approved,Vivaan Dash
2108,1022,Casual Leave,2025-07-14,2025-07-15,2,Marriage,Approved,Mahika Reddy
2109,2730,Unpaid Leave,2024-06-23,2024-06-29,7,Medical Treatment,Approved,Garima Subramaniam
2110,2872,Paternity Leave,2025-09-24,2025-10-02,9,Marriage,Approved,Pavani Pall
2111,2422,Paternity Leave,2024-10-30,2024-11-01,3,Family Emergency,Approved,Sai Varkey
2112,1644,Annual Leave,2025-02-03,2025-02-07,5,Family Emergency,Rejected,
2113,1747,Annual Leave,2024-12-30,2025-01-08,10,Vacation,Approved,Yuvraj Ravel
2114,1558,Emergency Leave,2024-10-07,2024-10-15,9,Marriage,Approved,Abha Gopal
2115,909,Casual Leave,2025-03-16,2025-03-22,7,Child Care,Approved,Owen Panchal
2116,2638,Annual Leave,2024-08-11,2024-08-15,5,Religious Festival,Approved,Priya Saxena
2117,1150,Casual Leave,2024-08-19,2024-08-25,7,Vacation,Approved,Ubika Basu
2118,745,Annual Leave,2024-09-28,2024-09-28,1,Religious Festival,Approved,Xiti Narayanan
2119,869,Casual Leave,2025-11-03,2025-11-10,8,Medical Treatment,Approved,Jagdish Kadakia
2120,1765,Sick Leave,2025-01-07,2025-01-11,5,Religious Festival,Pending,
2121,1370,Casual Leave,2025-10-30,2025-10-31,2,Vacation,Approved,Zehaan Saran
2122,2798,Maternity Leave,2024-07-20,2024-07-22,3,Religious Festival,Approved,Sudiksha Gill
2123,2413,Maternity Leave,2024-07-15,2024-07-24,10,Personal Work,Approved,Hitesh Bhavsar
2124,861,Maternity Leave,2024-04-04,2024-04-10,7,Medical Treatment,Approved,Arin Anne
2125,535,Paternity Leave,2025-03-06,2025-03-15,10,Marriage,Approved,Charvi Rama
2126,791,Paternity Leave,2025-01-25,2025-02-01,8,Medical Treatment,Pending,
2127,2239,Maternity Leave,2024-07-03,2024-07-08,6,Higher Education,Approved,Zayyan Uppal
2128,828,Maternity Leave,2024-10-02,2024-10-04,3,Marriage,Approved,Teerth Bassi
2129,1713,Maternity Leave,2024-11-18,2024-11-22,5,Religious Festival,Pending,
2130,1500,Emergency Leave,2024-10-03,2024-10-04,2,Medical Treatment,Pending,
2131,1978,Emergency Leave,2025-10-04,2025-10-12,9,Vacation,Pending,
2132,684,Maternity Leave,2024-03-25,2024-03-29,5,Family Emergency,Approved,Sachi Balay
2133,1187,Annual Leave,2025-08-29,2025-09-07,10,Marriage,Approved,Vedant Bora
2134,1629,Emergency Leave,2024-12-19,2024-12-27,9,Medical Treatment,Approved,Ojasvi Saraf
2135,678,Emergency Leave,2025-08-14,2025-08-22,9,Child Care,Approved,Viraj Singhal
2136,1642,Maternity Leave,2024-10-25,2024-10-29,5,Vacation,Approved,Viraj Dhaliwal
2137,656,Maternity Leave,2025-03-20,2025-03-23,4,Vacation,Approved,Alka Kale
2138,2101,Emergency Leave,2025-03-08,2025-03-16,9,Personal Work,Approved,Arunima Verma
2139,1243,Unpaid Leave,2025-08-08,2025-08-11,4,Personal Work,Approved,Rayaan Khalsa
2140,2262,Annual Leave,2025-01-24,2025-01-26,3,Marriage,Approved,Ekbal Kamdar
2141,1196,Annual Leave,2025-09-12,2025-09-14,3,Personal Work,Pending,
2142,545,Casual Leave,2025-05-22,2025-05-22,1,Marriage,Approved,Inaya Venkatesh
2143,861,Maternity Leave,2024-08-29,2024-08-30,2,Religious Festival,Approved,Gabriel Malhotra
2144,2592,Maternity Leave,2024-03-28,2024-04-02,6,Personal Work,Approved,Ishanvi Khatri
2145,2958,Sick Leave,2024-09-01,2024-09-07,7,Personal Work,Pending,
2146,1330,Annual Leave,2025-03-30,2025-03-30,1,Marriage,Approved,Bahadurjit Garg
2147,2993,Casual Leave,2025-04-11,2025-04-13,3,Vacation,Approved,Thomas Jaggi
2148,2202,Paternity Leave,2024-02-12,2024-02-21,10,Child Care,Approved,Ikbal Behl
2149,2679,Casual Leave,2025-10-10,2025-10-19,10,Higher Education,Approved,Gayathri Tandon
2150,904,Casual Leave,2024-05-18,2024-05-22,5,Child Care,Approved,Pranav Dey
2151,638,Emergency Leave,2025-02-19,2025-02-22,4,Child Care,Approved,Chameli Sanghvi
2152,1510,Sick Leave,2024-09-15,2024-09-22,8,Family Emergency,Approved,Nachiket Sibal
2153,1882,Sick Leave,2025-02-17,2025-02-19,3,Higher Education,Approved,Pallavi Wali
2154,2988,Sick Leave,2025-11-05,2025-11-09,5,Family Emergency,Approved,Mahika Rege
2155,728,Unpaid Leave,2025-03-12,2025-03-18,7,Marriage,Approved,Caleb Anand
2156,285,Sick Leave,2025-03-12,2025-03-13,2,Higher Education,Approved,Urishilla Devan
2157,2643,Emergency Leave,2024-04-08,2024-04-09,2,Family Emergency,Approved,Kashish Parikh
2158,2977,Unpaid Leave,2025-11-30,2025-11-30,1,Child Care,Approved,Abhiram Savant
2159,1573,Annual Leave,2024-04-30,2024-05-01,2,Vacation,Approved,Charita Grewal
2160,542,Sick Leave,2024-06-02,2024-06-03,2,Vacation,Approved,Sanya Om
2161,39,Unpaid Leave,2025-01-28,2025-01-29,2,Religious Festival,Approved,Anay Gokhale
2162,2898,Annual Leave,2025-08-07,2025-08-10,4,Higher Education,Approved,Bina Yohannan
2163,669,Casual Leave,2025-01-22,2025-01-27,6,Marriage,Approved,Laksh Kulkarni
2164,229,Maternity Leave,2025-08-09,2025-08-13,5,Medical Treatment,Approved,Varenya Nagi
2165,87,Unpaid Leave,2025-02-02,2025-02-02,1,Personal Work,Approved,Henry Issac
2166,421,Maternity Leave,2025-09-12,2025-09-18,7,Marriage,Approved,Siya Mitter
2167,99,Sick Leave,2024-04-24,2024-04-30,7,Religious Festival,Approved,Ubika Sandal
2168,2685,Casual Leave,2024-05-30,2024-06-02,4,Child Care,Pending,
2169,2813,Paternity Leave,2025-07-13,2025-07-14,2,Medical Treatment,Approved,Abdul Bera
2170,920,Annual Leave,2024-06-18,2024-06-22,5,Religious Festival,Approved,Samuel Lala
2171,485,Casual Leave,2024-03-20,2024-03-21,2,Family Emergency,Pending,
2172,730,Emergency Leave,2024-01-30,2024-02-07,9,Family Emergency,Approved,Jatin Shere
2173,2783,Emergency Leave,2025-10-26,2025-10-28,3,Personal Work,Pending,
2174,2560,Unpaid Leave,2025-01-28,2025-02-01,5,Medical Treatment,Approved,Netra Mody
2175,1111,Emergency Leave,2025-07-29,2025-08-03,6,Medical Treatment,Pending,
2176,9,Unpaid Leave,2025-12-12,2025-12-14,3,Family Emergency,Approved,Lila Parsa
2177,1312,Sick Leave,2025-04-10,2025-04-16,7,Higher Education,Approved,Yashica Korpal
2178,276,Annual Leave,2024-06-19,2024-06-28,10,Personal Work,Approved,Timothy Dhar
2179,593,Annual Leave,2025-07-11,2025-07-16,6,Family Emergency,Rejected,
2180,1578,Casual Leave,2024-03-14,2024-03-19,6,Higher Education,Approved,Megha Rout
2181,2841,Emergency Leave,2025-08-24,2025-09-02,10,Religious Festival,Approved,Meghana Nadig
2182,567,Unpaid Leave,2024-02-14,2024-02-17,4,Higher Education,Approved,Rajata Dave
2183,2207,Maternity Leave,2024-02-01,2024-02-08,8,Marriage,Approved,Rehaan Srinivasan
2184,1576,Annual Leave,2024-05-26,2024-06-04,10,Marriage,Approved,Aryan Gill
2185,2880,Annual Leave,2025-09-20,2025-09-23,4,Marriage,Approved,Chameli Krish
2186,71,Casual Leave,2024-10-02,2024-10-10,9,Family Emergency,Approved,Dipta Bali
2187,452,Annual Leave,2024-10-28,2024-11-02,6,Family Emergency,Approved,Sanya Wason
2188,1208,Emergency Leave,2024-08-09,2024-08-11,3,Child Care,Approved,Tanvi Pandit
2189,994,Sick Leave,2024-11-26,2024-11-29,4,Family Emergency,Approved,Wishi Krishna
2190,481,Paternity Leave,2024-04-16,2024-04-18,3,Vacation,Approved,Brijesh Baria
2191,2852,Emergency Leave,2024-04-30,2024-05-05,6,Medical Treatment,Approved,Darsh Bawa
2192,2715,Maternity Leave,2025-03-31,2025-04-01,2,Family Emergency,Approved,Aarush Ganesan
2193,124,Sick Leave,2025-05-24,2025-05-29,6,Marriage,Approved,Chaitaly Bal
2194,316,Annual Leave,2025-12-11,2025-12-20,10,Child Care,Approved,Laksh More
2195,614,Unpaid Leave,2025-06-17,2025-06-19,3,Family Emergency,Approved,Jalsa Thakkar
2196,2161,Paternity Leave,2025-06-23,2025-06-27,5,Religious Festival,Approved,Devika Mander
2197,1819,Unpaid Leave,2025-05-11,2025-05-11,1,Family Emergency,Approved,Manbir Dhillon
2198,246,Paternity Leave,2024-02-21,2024-02-21,1,Family Emergency,Approved,Ethan Narayanan
2199,2062,Sick Leave,2024-07-22,2024-07-22,1,Child Care,Approved,Arjun Palla
2200,2785,Emergency Leave,2024-07-17,2024-07-25,9,Personal Work,Approved,Harrison Batra
2201,2344,Maternity Leave,2025-03-16,2025-03-20,5,Child Care,Approved,Panini Sankar
2202,643,Casual Leave,2024-12-03,2024-12-04,2,Family Emergency,Approved,Lucky Nayar
2203,868,Emergency Leave,2025-08-13,2025-08-22,10,Child Care,Approved,Max Virk
2204,753,Unpaid Leave,2025-11-02,2025-11-10,9,Medical Treatment,Approved,Qushi Menon
2205,2837,Emergency Leave,2025-11-20,2025-11-27,8,Child Care,Approved,Ishani Krishnamurthy
2206,1559,Sick Leave,2024-01-02,2024-01-02,1,Child Care,Approved,Shivansh Cheema
2207,798,Casual Leave,2025-08-07,2025-08-08,2,Religious Festival,Approved,Jagat Divan
2208,2471,Unpaid Leave,2025-06-19,2025-06-24,6,Personal Work,Approved,Bhavna Walla
2209,667,Maternity Leave,2024-06-23,2024-06-24,2,Vacation,Approved,Arunima Bera
2210,1267,Sick Leave,2024-05-23,2024-05-31,9,Vacation,Approved,Chaitaly Krishna
2211,985,Casual Leave,2024-01-16,2024-01-17,2,Vacation,Rejected,
2212,2310,Unpaid Leave,2025-08-26,2025-09-02,8,Religious Festival,Approved,Naksh Krishnan
2213,382,Casual Leave,2024-09-29,2024-09-29,1,Personal Work,Rejected,
2214,1631,Maternity Leave,2024-07-12,2024-07-15,4,Child Care,Approved,Tanveer Saran
2215,2973,Casual Leave,2024-10-05,2024-10-07,3,Medical Treatment,Approved,Ira Pall
2216,1358,Emergency Leave,2025-07-27,2025-08-04,9,Family Emergency,Approved,Faqid Verma
2217,98,Maternity Leave,2024-05-11,2024-05-17,7,Vacation,Approved,Jackson Sunder
2218,1189,Sick Leave,2024-02-18,2024-02-20,3,Medical Treatment,Approved,Jagdish Chaudhary
2219,2564,Annual Leave,2024-05-04,2024-05-07,4,Family Emergency,Pending,
2220,2944,Sick Leave,2025-05-11,2025-05-19,9,Religious Festival,Approved,Amruta Tailor
2221,1833,Unpaid Leave,2024-06-05,2024-06-07,3,Religious Festival,Approved,Urmi Munshi
2222,2554,Unpaid Leave,2025-07-22,2025-07-28,7,Child Care,Approved,Bishakha Nori
2223,980,Sick Leave,2025-01-10,2025-01-19,10,Family Emergency,Approved,Hardik Dash
2224,2323,Paternity Leave,2025-01-11,2025-01-18,8,Vacation,Approved,Oeshi Kalla
2225,585,Unpaid Leave,2024-07-11,2024-07-15,5,Medical Treatment,Approved,Baghyawati Chopra
2226,2044,Annual Leave,2024-04-24,2024-05-01,8,Personal Work,Approved,Pavani Sanghvi
2227,662,Annual Leave,2025-09-02,2025-09-06,5,Religious Festival,Approved,Eta Dave
2228,366,Annual Leave,2024-11-24,2024-11-26,3,Higher Education,Approved,Bishakha Sawhney
2229,1057,Emergency Leave,2024-07-18,2024-07-22,5,Higher Education,Approved,Pranit Sawhney
2230,2664,Sick Leave,2024-05-28,2024-05-29,2,Higher Education,Rejected,
2231,163,Casual Leave,2025-10-31,2025-11-04,5,Family Emergency,Approved,Rajeshri Zachariah
2232,1806,Casual Leave,2025-01-06,2025-01-14,9,Religious Festival,Approved,Anirudh Nanda
2233,1531,Annual Leave,2025-05-27,2025-06-02,7,Personal Work,Approved,Nicholas Ram
2234,2796,Annual Leave,2025-10-11,2025-10-20,10,Vacation,Rejected,
2235,1003,Paternity Leave,2025-12-17,2025-12-25,9,Medical Treatment,Approved,Indrajit Prabhu
2236,1191,Emergency Leave,2025-11-04,2025-11-06,3,Medical Treatment,Approved,Fiyaz Sachar
2237,914,Emergency Leave,2025-08-29,2025-09-05,8,Religious Festival,Approved,Girish Gupta
2238,1909,Emergency Leave,2024-06-20,2024-06-28,9,Higher Education,Pending,
2239,447,Annual Leave,2024-10-21,2024-10-23,3,Child Care,Approved,Gautami Krishnan
2240,1775,Sick Leave,2024-06-15,2024-06-21,7,Religious Festival,Approved,Frado Mandal
2241,1403,Maternity Leave,2025-10-30,2025-11-06,8,Higher Education,Approved,Hitesh D’Alia
2242,469,Casual Leave,2024-11-18,2024-11-25,8,Family Emergency,Approved,Hemani Suri
2243,1925,Sick Leave,2024-05-02,2024-05-05,4,Vacation,Approved,Jhalak Sastry
2244,2463,Unpaid Leave,2024-06-04,2024-06-10,7,Religious Festival,Approved,Anvi Madan
2245,1762,Emergency Leave,2025-04-11,2025-04-14,4,Vacation,Approved,Banjeet Sastry
2246,2801,Emergency Leave,2024-08-21,2024-08-25,5,Family Emergency,Approved,Darsh Sabharwal
2247,343,Sick Leave,2024-05-18,2024-05-19,2,Medical Treatment,Approved,Vansha Chad
2248,1222,Unpaid Leave,2024-03-05,2024-03-12,8,Marriage,Approved,Panini Nagy
2249,2743,Casual Leave,2025-07-28,2025-07-30,3,Medical Treatment,Approved,Varenya Yogi
2250,1756,Casual Leave,2024-05-20,2024-05-24,5,Religious Festival,Approved,Yashoda Nigam
2251,1717,Emergency Leave,2024-08-09,2024-08-16,8,Family Emergency,Approved,Nilima Sastry
2252,2854,Emergency Leave,2024-01-29,2024-02-03,6,Child Care,Pending,
2253,41,Maternity Leave,2024-01-27,2024-02-05,10,Family Emergency,Approved,Daksha Deshmukh
2254,1327,Paternity Leave,2025-09-09,2025-09-14,6,Higher Education,Approved,Kala Buch
2255,605,Emergency Leave,2024-05-17,2024-05-22,6,Child Care,Approved,Yatan Kibe
2256,1077,Maternity Leave,2024-01-02,2024-01-02,1,Family Emergency,Rejected,
2257,2599,Emergency Leave,2025-07-09,2025-07-18,10,Marriage,Approved,Dakshesh Thakur
2258,769,Emergency Leave,2025-12-20,2025-12-28,9,Child Care,Approved,Suhani Desai
2259,886,Casual Leave,2024-06-26,2024-06-29,4,Vacation,Pending,
2260,1517,Unpaid Leave,2024-03-08,2024-03-13,6,Personal Work,Approved,Tanmayi Yohannan
2261,2057,Unpaid Leave,2024-02-23,2024-02-24,2,Higher Education,Approved,Charles Kakar
2262,1696,Emergency Leave,2025-08-26,2025-08-31,6,Child Care,Approved,Brinda Oak
2263,2143,Unpaid Leave,2024-04-02,2024-04-07,6,Family Emergency,Approved,Raagini Reddy
2264,1880,Emergency Leave,2024-10-13,2024-10-18,6,Family Emergency,Approved,Lila Doshi
2265,2224,Emergency Leave,2025-03-28,2025-04-03,7,Child Care,Approved,Jairaj Atwal
2266,2598,Casual Leave,2024-11-11,2024-11-20,10,Medical Treatment,Pending,
2267,359,Unpaid Leave,2025-03-14,2025-03-15,2,Vacation,Approved,Baljiwan Thaker
2268,2525,Emergency Leave,2025-03-31,2025-04-01,2,Medical Treatment,Approved,Yutika Yogi
2269,2595,Emergency Leave,2025-05-26,2025-06-03,9,Vacation,Approved,Kashvi Nigam
2270,2735,Casual Leave,2024-10-05,2024-10-11,7,Higher Education,Approved,Jagrati Soni
2271,2260,Emergency Leave,2024-11-13,2024-11-14,2,Higher Education,Approved,Kala Bandi
2272,510,Casual Leave,2024-04-01,2024-04-08,8,Child Care,Approved,Matthew Lad
2273,32,Casual Leave,2024-02-27,2024-03-01,4,Personal Work,Approved,Nimrat Bhatti
2274,2698,Casual Leave,2025-06-30,2025-07-04,5,Child Care,Approved,Yashawini Mitra
2275,2758,Sick Leave,2024-07-20,2024-07-20,1,Child Care,Pending,
2276,134,Annual Leave,2024-06-27,2024-06-27,1,Religious Festival,Approved,Omya Mann
2277,2126,Unpaid Leave,2024-07-31,2024-08-09,10,Family Emergency,Approved,Abhimanyu Mitra
2278,2344,Emergency Leave,2025-03-02,2025-03-05,4,Child Care,Approved,Mason Babu
2279,790,Maternity Leave,2025-12-18,2025-12-24,7,Child Care,Approved,Ekaja Kadakia
2280,528,Paternity Leave,2025-04-11,2025-04-17,7,Family Emergency,Rejected,
2281,1652,Casual Leave,2024-02-02,2024-02-10,9,Marriage,Approved,Balendra Jha
2282,408,Paternity Leave,2025-07-24,2025-07-26,3,Child Care,Approved,Aishani Parmer
2283,2570,Casual Leave,2024-02-20,2024-02-28,9,Religious Festival,Approved,Sanaya Goswami
2284,835,Annual Leave,2024-07-29,2024-07-30,2,Vacation,Approved,Abha Chaudhry
2285,2576,Unpaid Leave,2024-12-18,2024-12-27,10,Medical Treatment,Approved,Harrison Ramakrishnan
2286,2343,Emergency Leave,2024-11-13,2024-11-13,1,Family Emergency,Approved,Chaman Bahri
2287,1859,Paternity Leave,2025-11-16,2025-11-21,6,Marriage,Approved,Thomas Sethi
2288,1217,Sick Leave,2024-02-04,2024-02-12,9,Child Care,Approved,Urishilla Din
2289,1067,Paternity Leave,2024-02-06,2024-02-06,1,Family Emergency,Approved,Kalpit Munshi
2290,2570,Annual Leave,2024-06-01,2024-06-10,10,Medical Treatment,Approved,Adweta Sani
2291,1881,Maternity Leave,2024-05-23,2024-05-24,2,Personal Work,Approved,Vamakshi Bedi
2292,1074,Sick Leave,2024-11-10,2024-11-11,2,Religious Festival,Approved,Alexander Acharya
2293,852,Emergency Leave,2025-06-21,2025-06-22,2,Vacation,Approved,Bachittar Vohra
2294,1695,Annual Leave,2024-12-03,2024-12-10,8,Medical Treatment,Pending,
2295,862,Paternity Leave,2024-04-09,2024-04-15,7,Religious Festival,Approved,Chandresh Shukla
2296,2596,Emergency Leave,2025-03-21,2025-03-23,3,Vacation,Approved,Nilima Agate
2297,732,Paternity Leave,2025-03-18,2025-03-27,10,Vacation,Approved,Arjun Nagi
2298,481,Casual Leave,2024-07-09,2024-07-14,6,Vacation,Approved,Rehaan Kapur
2299,649,Maternity Leave,2025-04-02,2025-04-06,5,Marriage,Pending,
2300,2483,Annual Leave,2024-04-21,2024-04-29,9,Family Emergency,Approved,Yashoda Agrawal
2301,886,Unpaid Leave,2025-08-13,2025-08-18,6,Marriage,Approved,Ranveer Pillai
2302,121,Casual Leave,2025-03-09,2025-03-11,3,Family Emergency,Approved,Frado Raju
2303,1097,Casual Leave,2024-06-14,2024-06-21,8,Medical Treatment,Approved,Manbir Vala
2304,1428,Paternity Leave,2025-09-18,2025-09-26,9,Higher Education,Approved,Edhitha Anne
2305,2031,Emergency Leave,2024-05-11,2024-05-19,9,Marriage,Pending,
2306,1025,Sick Leave,2024-01-17,2024-01-20,4,Personal Work,Approved,Gautami Mani
2307,1610,Annual Leave,2024-01-27,2024-02-05,10,Personal Work,Approved,Watika Ghose
2308,679,Unpaid Leave,2025-08-19,2025-08-22,4,Higher Education,Pending,
2309,1776,Emergency Leave,2025-04-21,2025-04-27,7,Personal Work,Approved,Chameli Chadha
2310,1306,Maternity Leave,2025-12-16,2025-12-17,2,Child Care,Approved,Eesha Sawhney
2311,819,Maternity Leave,2024-01-01,2024-01-06,6,Medical Treatment,Approved,Aditya Mannan
2312,1841,Sick Leave,2024-10-11,2024-10-11,1,Personal Work,Pending,
2313,2404,Emergency Leave,2024-10-20,2024-10-24,5,Religious Festival,Approved,Girindra Randhawa
2314,1632,Annual Leave,2025-03-08,2025-03-09,2,Religious Festival,Approved,Vyanjana Yadav
2315,1759,Unpaid Leave,2025-11-01,2025-11-03,3,Medical Treatment,Approved,Vamakshi Amble
2316,882,Paternity Leave,2024-11-07,2024-11-12,6,Religious Festival,Approved,Dakshesh Nadkarni
2317,501,Annual Leave,2025-06-30,2025-07-05,6,Religious Festival,Approved,Tamanna Nagarajan
2318,876,Emergency Leave,2024-11-22,2024-12-01,10,Marriage,Approved,Raksha Taneja
2319,2301,Annual Leave,2024-04-07,2024-04-13,7,Marriage,Approved,Jhalak Prasad
2320,2160,Sick Leave,2024-03-11,2024-03-12,2,Medical Treatment,Approved,Lopa Sandhu
2321,2351,Paternity Leave,2025-08-02,2025-08-08,7,Child Care,Approved,Isaac Khurana
2322,1302,Unpaid Leave,2025-05-14,2025-05-19,6,Vacation,Approved,Gaurav Ranganathan
2323,2024,Emergency Leave,2024-01-08,2024-01-08,1,Child Care,Rejected,
2324,489,Annual Leave,2025-04-15,2025-04-22,8,Religious Festival,Approved,Mitali Krish
2325,2422,Emergency Leave,2024-03-28,2024-03-31,4,Personal Work,Approved,Xalak Samra
2326,74,Paternity Leave,2024-04-30,2024-05-09,10,Higher Education,Rejected,
2327,1165,Sick Leave,2025-09-06,2025-09-12,7,Vacation,Approved,Yashoda Madan
2328,1382,Paternity Leave,2025-08-31,2025-08-31,1,Medical Treatment,Approved,Radha Raja
2329,1701,Paternity Leave,2025-09-02,2025-09-06,5,Religious Festival,Approved,Harshil Jhaveri
2330,1640,Annual Leave,2025-01-11,2025-01-19,9,Higher Education,Approved,Hemal Palla
2331,2509,Annual Leave,2025-11-28,2025-12-04,7,Higher Education,Approved,Chakrika Bajwa
2332,2021,Unpaid Leave,2025-10-17,2025-10-18,2,Medical Treatment,Approved,Tamanna Dhawan
2333,120,Sick Leave,2025-08-24,2025-08-24,1,Family Emergency,Approved,Dayamai Dewan
2334,431,Casual Leave,2024-11-18,2024-11-24,7,Medical Treatment,Approved,Yochana Kala
2335,783,Paternity Leave,2024-04-30,2024-05-05,6,Vacation,Approved,Vinaya Issac
2336,2820,Unpaid Leave,2025-04-06,2025-04-06,1,Vacation,Approved,Finn Parekh
2337,454,Annual Leave,2024-05-14,2024-05-18,5,Religious Festival,Approved,Oeshi Gade
2338,2818,Maternity Leave,2024-06-07,2024-06-13,7,Family Emergency,Approved,Frado Luthra
2339,565,Maternity Leave,2024-10-12,2024-10-19,8,Religious Festival,Approved,Daksh Apte
2340,607,Unpaid Leave,2024-08-05,2024-08-14,10,Child Care,Pending,
2341,2609,Emergency Leave,2025-10-18,2025-10-19,2,Marriage,Approved,Suhani Batta
2342,2368,Emergency Leave,2025-11-24,2025-12-01,8,Religious Festival,Rejected,
2343,2994,Emergency Leave,2025-12-03,2025-12-06,4,Personal Work,Approved,Jeet Mandal
2344,2914,Annual Leave,2024-12-21,2024-12-26,6,Marriage,Approved,Chavvi Raval
2345,2702,Paternity Leave,2024-05-16,2024-05-19,4,Medical Treatment,Approved,Jai Mangat
2346,2026,Annual Leave,2025-02-21,2025-02-24,4,Marriage,Approved,Kamala Bhatti
2347,1918,Unpaid Leave,2025-05-17,2025-05-23,7,Medical Treatment,Approved,Vamakshi Som
2348,1395,Sick Leave,2024-03-13,2024-03-22,10,Religious Festival,Approved,Anika Hayre
2349,1278,Paternity Leave,2024-02-03,2024-02-10,8,Medical Treatment,Approved,Fariq Dasgupta
2350,533,Sick Leave,2024-10-18,2024-10-23,6,Higher Education,Approved,Jack Badal
2351,2542,Maternity Leave,2024-10-21,2024-10-24,4,Marriage,Approved,Max Kar
2352,282,Casual Leave,2025-10-21,2025-10-27,7,Personal Work,Approved,Megha Bawa
2353,2365,Paternity Leave,2024-10-07,2024-10-08,2,Medical Treatment,Approved,Varenya Kara
2354,452,Sick Leave,2024-09-20,2024-09-20,1,Family Emergency,Pending,
2355,1093,Annual Leave,2025-12-17,2025-12-24,8,Higher Education,Approved,Janaki Bhatia
2356,1442,Casual Leave,2025-08-14,2025-08-15,2,Medical Treatment,Pending,
2357,1452,Emergency Leave,2024-08-30,2024-09-02,4,Child Care,Approved,Sanaya Bera
2358,2081,Casual Leave,2025-12-01,2025-12-01,1,Religious Festival,Approved,Anita Bhargava
2359,401,Annual Leave,2025-06-22,2025-06-28,7,Child Care,Approved,Yutika Manda
2360,795,Casual Leave,2024-07-06,2024-07-09,4,Personal Work,Approved,Nimrat Dyal
2361,2170,Maternity Leave,2025-08-11,2025-08-18,8,Medical Treatment,Approved,Aarush Menon
2362,2791,Annual Leave,2025-10-20,2025-10-23,4,Marriage,Pending,
2363,472,Annual Leave,2024-01-19,2024-01-19,1,Marriage,Approved,Akshay Arora
2364,270,Maternity Leave,2025-07-05,2025-07-06,2,Child Care,Approved,Amaira Sangha
2365,1606,Emergency Leave,2025-10-08,2025-10-09,2,Personal Work,Approved,Pratyush Bhatnagar
2366,2029,Sick Leave,2025-03-13,2025-03-15,3,Religious Festival,Approved,Ria Sankaran
2367,2609,Casual Leave,2024-09-09,2024-09-18,10,Vacation,Approved,Balveer Jani
2368,387,Sick Leave,2025-04-12,2025-04-20,9,Higher Education,Pending,
2369,1251,Unpaid Leave,2024-01-11,2024-01-14,4,Medical Treatment,Approved,Yatan Sabharwal
2370,683,Sick Leave,2024-04-23,2024-04-28,6,Family Emergency,Pending,
2371,53,Paternity Leave,2024-10-09,2024-10-16,8,Vacation,Approved,Irya Srinivas
2372,728,Casual Leave,2025-08-09,2025-08-10,2,Vacation,Approved,Sachi Shere
2373,2434,Casual Leave,2024-05-17,2024-05-24,8,Higher Education,Approved,Rushil Kant
2374,1014,Emergency Leave,2024-04-15,2024-04-16,2,Vacation,Approved,Devansh Gupta
2375,2324,Paternity Leave,2024-04-28,2024-05-02,5,Family Emergency,Approved,Arin Kamdar
2376,601,Unpaid Leave,2024-02-28,2024-02-29,2,Religious Festival,Approved,Ekaja Patla
2377,1854,Emergency Leave,2025-01-09,2025-01-14,6,Personal Work,Rejected,
2378,2718,Emergency Leave,2025-09-28,2025-10-02,5,Vacation,Approved,Dalbir Shere
2379,1445,Casual Leave,2025-01-07,2025-01-12,6,Higher Education,Pending,
2380,462,Casual Leave,2024-03-21,2024-03-29,9,Vacation,Approved,George Misra
2381,606,Emergency Leave,2025-11-06,2025-11-09,4,Family Emergency,Approved,Vrinda Peri
2382,1464,Emergency Leave,2024-07-18,2024-07-18,1,Child Care,Approved,Suhani Bansal
2383,1473,Sick Leave,2024-01-18,2024-01-19,2,Child Care,Approved,Omaja Kapadia
2384,2617,Annual Leave,2024-04-27,2024-05-01,5,Higher Education,Approved,Advika Naik
2385,2159,Sick Leave,2025-10-23,2025-10-27,5,Religious Festival,Pending,
2386,1357,Emergency Leave,2025-09-12,2025-09-21,10,Personal Work,Approved,Max Thakkar
2387,1267,Sick Leave,2024-08-26,2024-08-26,1,Religious Festival,Approved,Zilmil Modi
2388,2509,Annual Leave,2025-05-03,2025-05-09,7,Religious Festival,Approved,Liam Keer
2389,1182,Annual Leave,2024-06-28,2024-06-28,1,Family Emergency,Approved,Wyatt Dey
2390,1911,Paternity Leave,2024-02-24,2024-02-26,3,Personal Work,Approved,Advay Patla
2391,2556,Maternity Leave,2025-02-01,2025-02-03,3,Personal Work,Approved,Inaya Seth
2392,265,Unpaid Leave,2024-07-10,2024-07-14,5,Vacation,Approved,Atharv Sarkar
2393,891,Casual Leave,2025-08-12,2025-08-21,10,Higher Education,Approved,Manbir Gokhale
2394,1253,Annual Leave,2024-04-21,2024-04-27,7,Vacation,Approved,Rajeshri Halder
2395,205,Casual Leave,2024-07-09,2024-07-11,3,Personal Work,Approved,Lekha Borra
2396,2057,Paternity Leave,2024-01-22,2024-01-30,9,Medical Treatment,Approved,Vasatika Sandhu
2397,2922,Casual Leave,2025-08-17,2025-08-19,3,Marriage,Rejected,
2398,1770,Maternity Leave,2025-10-30,2025-10-31,2,Vacation,Approved,Vedant Kashyap
2399,1939,Casual Leave,2024-05-09,2024-05-12,4,Child Care,Approved,Gaurang Garde
2400,1731,Emergency Leave,2025-11-08,2025-11-09,2,Personal Work,Pending,
2401,2446,Casual Leave,2024-12-05,2024-12-07,3,Religious Festival,Approved,Krisha Taneja
2402,2369,Sick Leave,2024-07-12,2024-07-15,4,Child Care,Approved,Pavani Bhatti
2403,2271,Sick Leave,2024-09-25,2024-09-29,5,Personal Work,Approved,Zilmil Dey
2404,2322,Paternity Leave,2024-10-24,2024-10-31,8,Child Care,Approved,Ranbir Sur
2405,1790,Annual Leave,2025-09-29,2025-10-01,3,Religious Festival,Approved,Shaurya Shanker
2406,2064,Paternity Leave,2024-11-08,2024-11-13,6,Child Care,Approved,Raksha Warrior
2407,1911,Emergency Leave,2025-02-11,2025-02-17,7,Vacation,Approved,Daniel Bajaj
2408,1725,Annual Leave,2025-02-05,2025-02-07,3,Personal Work,Approved,Edhitha Saini
2409,994,Maternity Leave,2024-11-08,2024-11-16,9,Personal Work,Approved,Irya Walia
2410,220,Unpaid Leave,2024-01-28,2024-02-03,7,Vacation,Approved,Nitara Agate
2411,1896,Unpaid Leave,2024-02-08,2024-02-16,9,Vacation,Approved,Rushil Setty
2412,347,Annual Leave,2024-06-03,2024-06-07,5,Medical Treatment,Approved,Jeet Din
2413,1366,Maternity Leave,2024-08-04,2024-08-05,2,Higher Education,Approved,Jagrati More
2414,2829,Casual Leave,2025-05-17,2025-05-17,1,Vacation,Approved,Hamsini Bath
2415,2874,Sick Leave,2025-01-27,2025-02-04,9,Higher Education,Approved,Varenya Hegde
2416,559,Sick Leave,2025-01-13,2025-01-15,3,Personal Work,Approved,Ekavir Tella
2417,2946,Annual Leave,2024-02-01,2024-02-08,8,Marriage,Approved,Ekanta Warrior
2418,470,Annual Leave,2025-02-05,2025-02-05,1,Medical Treatment,Approved,Idika Doshi
2419,2130,Annual Leave,2024-02-21,2024-02-24,4,Higher Education,Approved,Jagvi Sarma
2420,101,Unpaid Leave,2024-09-04,2024-09-12,9,Vacation,Approved,Kavya Bobal
2421,499,Casual Leave,2024-07-28,2024-08-03,7,Family Emergency,Approved,Vanya Kunda
2422,963,Unpaid Leave,2025-02-05,2025-02-13,9,Higher Education,Approved,Zayan Kata
2423,2696,Maternity Leave,2025-12-20,2025-12-21,2,Vacation,Approved,Hiral Krish
2424,757,Sick Leave,2025-09-29,2025-10-02,4,Marriage,Approved,Hamsini Khurana
2425,1951,Emergency Leave,2024-03-16,2024-03-20,5,Medical Treatment,Approved,Anvi Tara
2426,2412,Emergency Leave,2024-07-19,2024-07-24,6,Child Care,Approved,Gaurav Chokshi
2427,1581,Paternity Leave,2024-04-06,2024-04-07,2,Child Care,Approved,Udyati Mand
2428,607,Annual Leave,2024-07-09,2024-07-13,5,Child Care,Approved,Dayamai Bhat
2429,46,Maternity Leave,2025-09-25,2025-09-29,5,Higher Education,Approved,Meera Shah
2430,175,Casual Leave,2025-01-17,2025-01-19,3,Higher Education,Approved,Chakrika Badal
2431,1135,Annual Leave,2024-07-14,2024-07-16,3,Marriage,Approved,Ronith Madan
2432,1429,Paternity Leave,2025-04-20,2025-04-28,9,Medical Treatment,Approved,Samaksh Nazareth
2433,715,Paternity Leave,2025-07-29,2025-07-31,3,Religious Festival,Approved,Aarush Hora
2434,1883,Paternity Leave,2025-07-26,2025-07-28,3,Personal Work,Approved,Wriddhish Bobal
2435,1614,Annual Leave,2025-02-17,2025-02-24,8,Higher Education,Approved,Hemang Barad
2436,2482,Paternity Leave,2025-09-02,2025-09-04,3,Personal Work,Approved,Ridhi Natarajan
2437,531,Paternity Leave,2024-01-26,2024-01-31,6,Religious Festival,Approved,Kalpit Sastry
2438,2395,Maternity Leave,2024-08-04,2024-08-10,7,Vacation,Approved,Pallavi Dara
2439,652,Sick Leave,2025-10-21,2025-10-22,2,Higher Education,Approved,Janaki Sachdeva
2440,2783,Emergency Leave,2024-05-30,2024-06-04,6,Marriage,Approved,Gopal Grewal
2441,432,Sick Leave,2025-06-02,2025-06-08,7,Child Care,Approved,Ucchal Shroff
2442,264,Annual Leave,2025-09-26,2025-10-05,10,Vacation,Approved,Edhitha Dhar
2443,299,Emergency Leave,2024-03-23,2024-03-28,6,Vacation,Approved,Warinder Chada
2444,713,Casual Leave,2025-07-04,2025-07-05,2,Child Care,Approved,Xavier Venkataraman
2445,546,Paternity Leave,2025-12-12,2025-12-21,10,Marriage,Approved,Anya Sampath
2446,1035,Emergency Leave,2025-01-01,2025-01-08,8,Marriage,Approved,Mitali Barad
2447,825,Paternity Leave,2025-08-26,2025-08-28,3,Marriage,Approved,Ronith Bawa
2448,353,Maternity Leave,2025-12-30,2025-12-30,1,Medical Treatment,Approved,Dayita Bahl
2449,834,Annual Leave,2025-05-07,2025-05-09,3,Religious Festival,Pending,
2450,1672,Maternity Leave,2025-03-07,2025-03-15,9,Religious Festival,Approved,Charita Biswas
2451,760,Paternity Leave,2024-06-12,2024-06-20,9,Marriage,Approved,Lakshit Majumdar
2452,2337,Unpaid Leave,2025-11-19,2025-11-26,8,Religious Festival,Approved,Ishwar Guha
2453,2534,Maternity Leave,2024-11-24,2024-11-26,3,Higher Education,Approved,Anika Jhaveri
2454,1752,Paternity Leave,2024-09-02,2024-09-08,7,Medical Treatment,Approved,Champak Pillay
2455,521,Unpaid Leave,2024-10-29,2024-11-06,9,Medical Treatment,Approved,Oeshi Ravi
2456,2043,Sick Leave,2025-04-27,2025-04-27,1,Religious Festival,Approved,Tripti Agarwal
2457,93,Sick Leave,2024-02-29,2024-03-04,5,Personal Work,Pending,
2458,1600,Paternity Leave,2025-02-17,2025-02-22,6,Family Emergency,Approved,Arjun Ramanathan
2459,1180,Annual Leave,2025-11-27,2025-12-05,9,Personal Work,Approved,Daksha Sami
2460,1636,Maternity Leave,2024-01-27,2024-01-27,1,Medical Treatment,Approved,Oeshi Patil
2461,2388,Emergency Leave,2024-11-24,2024-11-28,5,Vacation,Approved,Zehaan Kashyap
2462,1385,Emergency Leave,2025-05-19,2025-05-23,5,Vacation,Approved,Zaitra Vig
2463,571,Sick Leave,2024-03-27,2024-04-04,9,Religious Festival,Approved,Naksh Chopra
2464,2718,Annual Leave,2025-11-20,2025-11-23,4,Vacation,Approved,Vanya Zachariah
2465,1417,Annual Leave,2024-05-17,2024-05-23,7,Medical Treatment,Approved,Yahvi Butala
2466,2259,Emergency Leave,2025-02-16,2025-02-18,3,Vacation,Approved,Rayaan Nagy
2467,427,Annual Leave,2025-01-03,2025-01-10,8,Religious Festival,Approved,Janya Dhingra
2468,1768,Emergency Leave,2025-03-30,2025-04-03,5,Marriage,Approved,Elijah Solanki
2469,88,Annual Leave,2025-08-02,2025-08-02,1,Marriage,Approved,Jagdish Randhawa
2470,2189,Maternity Leave,2025-03-01,2025-03-07,7,Vacation,Approved,Ethan Comar
2471,2264,Emergency Leave,2025-07-05,2025-07-05,1,Child Care,Approved,Benjamin Radhakrishnan
2472,2849,Sick Leave,2024-11-18,2024-11-24,7,Family Emergency,Approved,Sarthak Amble
2473,474,Emergency Leave,2024-03-17,2024-03-18,2,Religious Festival,Pending,
2474,1441,Sick Leave,2025-07-09,2025-07-14,6,Vacation,Approved,Girik Sridhar
2475,976,Sick Leave,2025-01-21,2025-01-22,2,Marriage,Approved,Ansh Brahmbhatt
2476,1692,Paternity Leave,2024-12-18,2024-12-26,9,Vacation,Approved,Advik Mane
2477,2949,Sick Leave,2024-08-31,2024-08-31,1,Family Emergency,Approved,Sanya Patil
2478,1797,Sick Leave,2025-03-05,2025-03-09,5,Religious Festival,Approved,Ubika Shukla
2479,2468,Paternity Leave,2025-07-29,2025-08-01,4,Family Emergency,Rejected,
2480,2483,Emergency Leave,2025-03-05,2025-03-12,8,Medical Treatment,Approved,Jagvi Das
2481,313,Casual Leave,2025-11-10,2025-11-18,9,Religious Festival,Approved,Gautami Sharaf
2482,903,Emergency Leave,2024-05-07,2024-05-11,5,Personal Work,Pending,
2483,2678,Sick Leave,2025-10-02,2025-10-10,9,Religious Festival,Pending,
2484,2859,Maternity Leave,2025-11-02,2025-11-10,9,Religious Festival,Approved,Meghana Batta
2485,1683,Paternity Leave,2025-06-21,2025-06-30,10,Medical Treatment,Approved,Jack Chahal
2486,834,Sick Leave,2025-08-24,2025-09-01,9,Marriage,Approved,Gunbir Sachdev
2487,503,Casual Leave,2024-11-14,2024-11-16,3,Marriage,Approved,Jagvi Yadav
2488,2861,Emergency Leave,2025-04-04,2025-04-11,8,Vacation,Pending,
2489,2044,Unpaid Leave,2024-07-03,2024-07-03,1,Child Care,Approved,Sneha Subramanian
2490,1231,Unpaid Leave,2025-09-14,2025-09-15,2,Child Care,Approved,Vanya Sharaf
2491,2029,Annual Leave,2024-03-28,2024-04-03,7,Vacation,Approved,Victor Sankar
2492,920,Sick Leave,2025-03-13,2025-03-19,7,Child Care,Approved,Keya Om
2493,2182,Annual Leave,2025-01-21,2025-01-25,5,Religious Festival,Approved,Avi Iyer
2494,107,Maternity Leave,2024-04-12,2024-04-17,6,Personal Work,Pending,
2495,2421,Sick Leave,2025-09-03,2025-09-03,1,Child Care,Approved,Divya Mane
2496,1752,Unpaid Leave,2025-08-19,2025-08-19,1,Child Care,Approved,Victor Sarraf
2497,2955,Paternity Leave,2025-12-14,2025-12-18,5,Higher Education,Approved,Yatan Chandran
2498,1737,Maternity Leave,2025-06-16,2025-06-25,10,Personal Work,Approved,Vedika Solanki
2499,666,Emergency Leave,2025-10-15,2025-10-22,8,Marriage,Approved,Urvashi Soman
2500,541,Annual Leave,2024-05-09,2024-05-13,5,Personal Work,Approved,Jatin Vaidya
2501,351,Sick Leave,2024-04-24,2024-05-02,9,Child Care,Approved,Aarini Raj
2502,159,Maternity Leave,2024-06-15,2024-06-19,5,Personal Work,Approved,Vedhika Nagy
2503,2675,Unpaid Leave,2024-12-24,2025-01-02,10,Personal Work,Approved,Chavvi Kashyap
2504,2329,Paternity Leave,2025-01-22,2025-01-27,6,Family Emergency,Approved,Tanmayi Oza
2505,1818,Emergency Leave,2024-06-23,2024-06-23,1,Higher Education,Approved,Samesh Dixit
2506,152,Casual Leave,2025-10-29,2025-11-05,8,Marriage,Approved,Elijah Lala
2507,1674,Annual Leave,2025-05-08,2025-05-17,10,Personal Work,Pending,
2508,2500,Maternity Leave,2024-04-16,2024-04-21,6,Higher Education,Pending,
2509,737,Casual Leave,2024-05-19,2024-05-23,5,Higher Education,Approved,Mitali Basak
2510,522,Sick Leave,2024-09-25,2024-09-27,3,Vacation,Approved,Gavin Pal
2511,954,Annual Leave,2024-05-04,2024-05-04,1,Higher Education,Approved,Sanaya Malhotra
2512,2376,Casual Leave,2025-02-27,2025-02-27,1,Marriage,Approved,Mahika Menon
2513,250,Paternity Leave,2025-01-10,2025-01-14,5,Vacation,Rejected,
2514,2779,Unpaid Leave,2025-06-10,2025-06-15,6,Vacation,Approved,Forum Butala
2515,2460,Sick Leave,2025-09-28,2025-10-03,6,Higher Education,Approved,Garima Wali
2516,464,Maternity Leave,2025-08-07,2025-08-08,2,Religious Festival,Approved,Abeer Sant
2517,2337,Casual Leave,2025-06-21,2025-06-27,7,Child Care,Approved,Saanvi Nath
2518,1160,Sick Leave,2024-02-12,2024-02-12,1,Religious Festival,Approved,Zinal Pillay
2519,1373,Emergency Leave,2025-01-30,2025-02-04,6,Personal Work,Approved,Lopa Kapadia
2520,2548,Annual Leave,2025-07-23,2025-07-25,3,Personal Work,Approved,Aarini Kapur
2521,615,Maternity Leave,2024-01-28,2024-01-28,1,Marriage,Approved,Baljiwan Buch
2522,1283,Maternity Leave,2024-09-19,2024-09-27,9,Religious Festival,Approved,Harinakshi Madan
2523,881,Emergency Leave,2024-07-30,2024-08-08,10,Family Emergency,Approved,Gayathri Bera
2524,1561,Unpaid Leave,2025-11-04,2025-11-05,2,Marriage,Pending,
2525,2316,Maternity Leave,2024-07-18,2024-07-27,10,Child Care,Approved,Harrison Narula
2526,2208,Paternity Leave,2025-05-13,2025-05-14,2,Vacation,Approved,Saanvi Rajan
2527,2487,Emergency Leave,2025-05-18,2025-05-26,9,Religious Festival,Approved,Nihal Dhar
2528,1103,Sick Leave,2024-02-28,2024-03-08,10,Marriage,Approved,Zaid Bhatia
2529,1347,Sick Leave,2025-02-02,2025-02-07,6,Religious Festival,Approved,Zaid Sem
2530,473,Paternity Leave,2025-04-21,2025-04-24,4,Child Care,Approved,Oliver Kunda
2531,1483,Annual Leave,2025-01-02,2025-01-07,6,Medical Treatment,Approved,Adya Kala
2532,1484,Paternity Leave,2025-03-15,2025-03-22,8,Higher Education,Approved,Logan Karpe
2533,1716,Sick Leave,2025-02-01,2025-02-10,10,Family Emergency,Approved,Logan Tiwari
2534,2203,Sick Leave,2025-12-11,2025-12-17,7,Family Emergency,Approved,Harita Palla
2535,2481,Casual Leave,2024-06-02,2024-06-06,5,Medical Treatment,Approved,Wyatt Buch
2536,334,Emergency Leave,2025-12-25,2025-12-31,7,Family Emergency,Approved,Yochana Parikh
2537,2360,Emergency Leave,2025-03-11,2025-03-14,4,Higher Education,Pending,
2538,64,Sick Leave,2024-05-05,2024-05-06,2,Higher Education,Approved,Adweta Ganguly
2539,414,Sick Leave,2024-02-14,2024-02-14,1,Vacation,Approved,Amara Ratti
2540,2827,Sick Leave,2025-06-07,2025-06-08,2,Child Care,Approved,Harini Golla
2541,1730,Casual Leave,2025-02-06,2025-02-08,3,Marriage,Approved,Ekapad Narasimhan
2542,2917,Casual Leave,2024-01-11,2024-01-12,2,Religious Festival,Approved,Samar Palan
2543,2423,Maternity Leave,2024-08-01,2024-08-10,10,Vacation,Approved,Peter Bhandari
2544,303,Paternity Leave,2025-04-23,2025-04-28,6,Child Care,Pending,
2545,2584,Emergency Leave,2024-04-02,2024-04-08,7,Higher Education,Approved,Chaitaly Sankar
2546,2868,Sick Leave,2025-01-06,2025-01-08,3,Medical Treatment,Approved,Amara Deo
2547,624,Annual Leave,2024-09-24,2024-10-03,10,Higher Education,Approved,Akshay Dixit
2548,1554,Casual Leave,2025-12-19,2025-12-26,8,Personal Work,Approved,Teerth Rastogi
2549,397,Sick Leave,2024-02-02,2024-02-06,5,Vacation,Approved,Harita Oommen
2550,2311,Maternity Leave,2024-10-13,2024-10-21,9,Child Care,Approved,Warhi Goda
2551,1169,Casual Leave,2024-03-20,2024-03-26,7,Family Emergency,Approved,Aashi Samra
2552,587,Annual Leave,2025-01-19,2025-01-22,4,Personal Work,Approved,Abeer Mishra
2553,2356,Maternity Leave,2024-02-01,2024-02-06,6,Personal Work,Approved,Gavin Wason
2554,679,Annual Leave,2025-01-19,2025-01-23,5,Higher Education,Approved,Priya Chakrabarti
2555,917,Sick Leave,2025-06-22,2025-06-26,5,Personal Work,Pending,
2556,2483,Unpaid Leave,2024-12-23,2024-12-24,2,Personal Work,Pending,
2557,578,Annual Leave,2025-12-15,2025-12-18,4,Family Emergency,Approved,Amrita Raghavan
2558,113,Maternity Leave,2025-11-07,2025-11-07,1,Marriage,Pending,
2559,28,Emergency Leave,2024-04-29,2024-04-29,1,Personal Work,Approved,Gunbir Anne
2560,2340,Emergency Leave,2024-11-27,2024-12-04,8,Higher Education,Approved,Owen Magar
2561,1209,Annual Leave,2025-03-30,2025-03-31,2,Child Care,Approved,Imaran Dey
2562,2021,Casual Leave,2024-03-03,2024-03-04,2,Personal Work,Approved,Inaya Agrawal
2563,2997,Paternity Leave,2024-05-21,2024-05-22,2,Medical Treatment,Rejected,
2564,912,Paternity Leave,2025-07-20,2025-07-21,2,Religious Festival,Approved,Daksh Pandey
2565,1131,Emergency Leave,2024-10-09,2024-10-17,9,Medical Treatment,Approved,Anay Nagy
2566,2896,Paternity Leave,2024-12-25,2024-12-30,6,Vacation,Pending,
2567,1776,Annual Leave,2024-03-28,2024-04-05,9,Vacation,Approved,Nidhi Morar
2568,2599,Paternity Leave,2025-05-18,2025-05-18,1,Child Care,Approved,Ansh Nayak
2569,902,Paternity Leave,2025-02-12,2025-02-15,4,Family Emergency,Approved,Shravya Khurana
2570,1985,Unpaid Leave,2024-10-19,2024-10-21,3,Personal Work,Approved,Quincy Chadha
2571,540,Sick Leave,2025-05-01,2025-05-02,2,Marriage,Pending,
2572,14,Emergency Leave,2024-01-31,2024-02-01,2,Marriage,Approved,Brijesh Shukla
2573,2909,Sick Leave,2024-02-03,2024-02-03,1,Personal Work,Approved,Henry Tak
2574,2513,Emergency Leave,2025-07-16,2025-07-25,10,Religious Festival,Approved,Tamanna Padmanabhan
2575,1984,Maternity Leave,2024-12-21,2024-12-23,3,Marriage,Approved,Jyoti Mand
2576,1197,Paternity Leave,2025-07-16,2025-07-23,8,Child Care,Approved,Chanchal Shere
2577,2449,Casual Leave,2024-12-25,2025-01-02,9,Medical Treatment,Approved,Aahana Sekhon
2578,897,Annual Leave,2024-06-15,2024-06-19,5,Higher Education,Approved,Naveen Gopal
2579,1333,Sick Leave,2024-04-01,2024-04-07,7,Higher Education,Approved,Nathaniel Dugar
2580,1307,Paternity Leave,2025-10-10,2025-10-11,2,Child Care,Approved,David Mitter
2581,2887,Sick Leave,2024-03-27,2024-04-03,8,Higher Education,Approved,Chaitaly Butala
2582,2462,Emergency Leave,2024-06-04,2024-06-07,4,Personal Work,Approved,Leela Kothari
2583,2079,Sick Leave,2024-07-18,2024-07-24,7,Religious Festival,Approved,Krisha Batta
2584,1072,Paternity Leave,2025-03-20,2025-03-25,6,Higher Education,Approved,Maanas Peri
2585,1742,Emergency Leave,2024-05-19,2024-05-23,5,Personal Work,Pending,
2586,1989,Paternity Leave,2025-10-01,2025-10-04,4,Vacation,Approved,Jacob Ramesh
2587,1264,Emergency Leave,2024-09-15,2024-09-21,7,Family Emergency,Approved,Samar Kala
2588,2196,Sick Leave,2024-06-01,2024-06-02,2,Religious Festival,Pending,
2589,530,Maternity Leave,2025-06-12,2025-06-20,9,Vacation,Approved,Pahal Sinha
2590,1554,Annual Leave,2025-05-05,2025-05-10,6,Medical Treatment,Pending,
2591,2683,Annual Leave,2025-10-02,2025-10-10,9,Marriage,Approved,Nisha Pandya
2592,644,Unpaid Leave,2025-08-04,2025-08-12,9,Marriage,Approved,Aarnav Rout
2593,1189,Unpaid Leave,2025-10-02,2025-10-04,3,Religious Festival,Pending,
2594,1694,Sick Leave,2025-02-11,2025-02-19,9,Vacation,Approved,Nidra Pal
2595,148,Unpaid Leave,2024-08-15,2024-08-15,1,Medical Treatment,Approved,Liam Sule
2596,2055,Emergency Leave,2025-03-27,2025-04-03,8,Personal Work,Approved,Qushi Nagi
2597,1235,Annual Leave,2025-12-14,2025-12-17,4,Marriage,Approved,Bhavna Ravi
2598,139,Casual Leave,2024-01-13,2024-01-14,2,Child Care,Approved,Oliver Nair
2599,2685,Emergency Leave,2025-05-14,2025-05-16,3,Personal Work,Approved,Watika Naik
2600,348,Annual Leave,2024-12-04,2024-12-05,2,Child Care,Approved,Dalbir Bath
2601,83,Annual Leave,2025-09-20,2025-09-28,9,Family Emergency,Approved,Anvi Brar
2602,392,Paternity Leave,2024-05-31,2024-06-09,10,Marriage,Approved,Eiravati Devan
2603,2481,Unpaid Leave,2025-10-14,2025-10-18,5,Child Care,Approved,Zaid Varghese
2604,2099,Paternity Leave,2025-12-25,2025-12-25,1,Higher Education,Approved,Nidhi Mannan
2605,831,Annual Leave,2025-01-31,2025-02-04,5,Higher Education,Rejected,
2606,1543,Casual Leave,2024-10-12,2024-10-18,7,Child Care,Approved,Isaac Parsa
2607,2298,Casual Leave,2024-02-04,2024-02-11,8,Marriage,Approved,Faras Das
2608,1567,Annual Leave,2025-05-20,2025-05-27,8,Religious Festival,Approved,Om Kurian
2609,2239,Paternity Leave,2024-03-29,2024-03-30,2,Vacation,Approved,Wishi Narula
2610,1628,Unpaid Leave,2024-11-30,2024-12-03,4,Higher Education,Approved,Darpan Borra
2611,2307,Annual Leave,2025-10-21,2025-10-25,5,Medical Treatment,Approved,Adya Padmanabhan
2612,391,Maternity Leave,2025-08-14,2025-08-16,3,Higher Education,Approved,Atharv Tak
2613,2431,Sick Leave,2024-05-05,2024-05-06,2,Higher Education,Approved,Chakradhar Oza
2614,2144,Paternity Leave,2024-09-21,2024-09-30,10,Vacation,Approved,Jagrati Roy
2615,2022,Casual Leave,2025-03-29,2025-04-04,7,Religious Festival,Approved,Darsh Dass
2616,617,Annual Leave,2024-10-02,2024-10-07,6,Child Care,Approved,Aradhana Wason
2617,23,Casual Leave,2024-11-06,2024-11-09,4,Higher Education,Approved,Saumya Singhal
2618,2235,Emergency Leave,2025-03-14,2025-03-19,6,Marriage,Pending,
2619,1319,Emergency Leave,2025-09-12,2025-09-19,8,Medical Treatment,Approved,Ayush Dyal
2620,431,Emergency Leave,2025-01-25,2025-01-26,2,Vacation,Approved,Karan Tank
2621,664,Maternity Leave,2024-05-04,2024-05-05,2,Higher Education,Approved,Ishwar Bhatt
2622,466,Annual Leave,2025-02-15,2025-02-21,7,Higher Education,Approved,Aryan Handa
2623,573,Paternity Leave,2024-01-14,2024-01-22,9,Vacation,Approved,Jairaj Choudhry
2624,1216,Annual Leave,2025-02-19,2025-02-25,7,Personal Work,Rejected,
2625,2141,Casual Leave,2025-06-05,2025-06-14,10,Family Emergency,Pending,
2626,580,Casual Leave,2024-12-01,2024-12-09,9,Religious Festival,Approved,Ira Srinivasan
2627,2128,Maternity Leave,2025-05-12,2025-05-16,5,Marriage,Approved,Wahab Pradhan
2628,1353,Paternity Leave,2025-02-10,2025-02-12,3,Higher Education,Approved,Bimala Khosla
2629,41,Casual Leave,2025-04-01,2025-04-07,7,Higher Education,Approved,Manthan Lala
2630,275,Annual Leave,2024-08-14,2024-08-18,5,Marriage,Approved,Mahika Singh
2631,2843,Annual Leave,2025-10-03,2025-10-11,9,Medical Treatment,Approved,Jai Bir
2632,251,Maternity Leave,2024-09-30,2024-10-07,8,Medical Treatment,Approved,Dalbir Banik
2633,1436,Paternity Leave,2025-07-30,2025-08-07,9,Religious Festival,Pending,
2634,2576,Annual Leave,2024-10-31,2024-11-03,4,Child Care,Approved,Isaiah Karan
2635,2394,Paternity Leave,2025-07-27,2025-07-31,5,Child Care,Approved,Vaishnavi Gala
2636,1044,Maternity Leave,2024-06-22,2024-06-30,9,Marriage,Approved,Oliver Krishnamurthy
2637,318,Maternity Leave,2024-12-20,2024-12-22,3,Marriage,Approved,Warjas Roy
2638,1147,Sick Leave,2025-07-28,2025-08-01,5,Family Emergency,Approved,Bhavani Srinivas
2639,2140,Maternity Leave,2024-09-11,2024-09-17,7,Personal Work,Approved,Gopal Saxena
2640,2523,Paternity Leave,2024-09-04,2024-09-11,8,Vacation,Approved,Alexander Mannan
2641,950,Sick Leave,2024-10-19,2024-10-20,2,Family Emergency,Pending,
2642,588,Sick Leave,2024-01-04,2024-01-11,8,Religious Festival,Approved,Simon Sundaram
2643,319,Annual Leave,2025-05-25,2025-05-27,3,Higher Education,Approved,Urvashi Shere
2644,1743,Paternity Leave,2025-07-30,2025-08-06,8,Medical Treatment,Approved,Naksh Kala
2645,987,Maternity Leave,2024-11-30,2024-12-06,7,Child Care,Approved,Karan Som
2646,2893,Emergency Leave,2025-07-11,2025-07-16,6,Religious Festival,Approved,Gaurika Gole
2647,2174,Annual Leave,2024-04-04,2024-04-13,10,Family Emergency,Approved,Bimala Buch
2648,2596,Unpaid Leave,2025-10-06,2025-10-10,5,Child Care,Approved,Yatan Kalita
2649,2296,Emergency Leave,2025-06-18,2025-06-25,8,Personal Work,Approved,Balveer Babu
2650,2808,Annual Leave,2024-06-14,2024-06-22,9,Religious Festival,Pending,
2651,730,Annual Leave,2025-08-14,2025-08-19,6,Religious Festival,Approved,Kamala Pradhan
2652,2984,Emergency Leave,2025-09-18,2025-09-21,4,Marriage,Approved,Tanvi Mitter
2653,1567,Casual Leave,2024-06-20,2024-06-22,3,Vacation,Pending,
2654,803,Emergency Leave,2024-06-23,2024-06-28,6,Vacation,Approved,Ekavir Panchal
2655,2402,Casual Leave,2025-12-29,2026-01-03,6,Religious Festival,Approved,Hiral Baral
2656,1040,Maternity Leave,2024-05-15,2024-05-15,1,Vacation,Approved,Qasim Deo
2657,2652,Casual Leave,2025-11-30,2025-12-07,8,Personal Work,Approved,Ishani Borde
2658,1124,Paternity Leave,2024-11-12,2024-11-12,1,Vacation,Rejected,
2659,2942,Emergency Leave,2024-10-08,2024-10-17,10,Higher Education,Approved,Raksha Gole
2660,712,Emergency Leave,2024-03-28,2024-04-05,9,Vacation,Approved,Osha Behl
2661,1514,Annual Leave,2025-06-14,2025-06-23,10,Family Emergency,Pending,
2662,2891,Paternity Leave,2025-06-13,2025-06-15,3,Family Emergency,Approved,Avi Wadhwa
2663,340,Emergency Leave,2025-10-10,2025-10-11,2,Vacation,Approved,Ishwar Ramakrishnan
2664,1288,Annual Leave,2025-01-22,2025-01-30,9,Marriage,Approved,Zarna Comar
2665,2684,Maternity Leave,2025-01-24,2025-01-24,1,Religious Festival,Approved,Chakradev Patla
2666,2906,Sick Leave,2025-12-29,2026-01-07,10,Religious Festival,Approved,Dhriti Bal
2667,2115,Annual Leave,2024-10-14,2024-10-20,7,Vacation,Approved,Kavya Keer
2668,267,Sick Leave,2025-02-24,2025-03-04,9,Personal Work,Approved,Pahal Jhaveri
2669,344,Sick Leave,2025-07-02,2025-07-09,8,Marriage,Approved,Sudiksha Garde
2670,2821,Maternity Leave,2025-10-20,2025-10-26,7,Vacation,Approved,Nachiket Choudhary
2671,1275,Casual Leave,2025-03-31,2025-04-08,9,Religious Festival,Approved,Vedant Zachariah
2672,1910,Maternity Leave,2025-12-17,2025-12-18,2,Higher Education,Approved,Anjali Sampath
2673,362,Annual Leave,2024-11-03,2024-11-04,2,Medical Treatment,Approved,Guneet Guha
2674,761,Casual Leave,2024-07-22,2024-07-31,10,Vacation,Approved,Elijah Sarma
2675,694,Unpaid Leave,2024-06-13,2024-06-13,1,Religious Festival,Approved,Mitesh Venkataraman
2676,1886,Annual Leave,2024-04-20,2024-04-23,4,Marriage,Approved,Pahal Natarajan
2677,544,Casual Leave,2024-09-17,2024-09-17,1,Personal Work,Approved,Harish Muni
2678,730,Casual Leave,2025-07-23,2025-07-25,3,Child Care,Approved,Laksh Nadkarni
2679,926,Unpaid Leave,2024-10-14,2024-10-17,4,Marriage,Approved,Advik Dash
2680,726,Casual Leave,2024-10-08,2024-10-12,5,Personal Work,Approved,Sanaya Dhar
2681,379,Emergency Leave,2025-11-07,2025-11-12,6,Religious Festival,Approved,Samesh Chandra
2682,2629,Maternity Leave,2025-03-25,2025-04-01,8,Family Emergency,Approved,Neelima Gopal
2683,151,Unpaid Leave,2025-12-04,2025-12-13,10,Marriage,Approved,Anita Sood
2684,2877,Emergency Leave,2024-08-28,2024-09-02,6,Personal Work,Approved,Ria Chandran
2685,850,Casual Leave,2025-04-14,2025-04-22,9,Personal Work,Approved,Oviya Dora
2686,372,Maternity Leave,2024-02-07,2024-02-10,4,Higher Education,Approved,Bahadurjit Murthy
2687,1069,Annual Leave,2024-02-24,2024-02-25,2,Family Emergency,Approved,Edhitha Dhar
2688,1947,Sick Leave,2024-12-19,2024-12-26,8,Religious Festival,Approved,Devansh Som
2689,2310,Emergency Leave,2024-01-16,2024-01-25,10,Religious Festival,Pending,
2690,2873,Annual Leave,2024-11-14,2024-11-19,6,Vacation,Approved,Mohammed Sha
2691,651,Emergency Leave,2024-12-15,2024-12-22,8,Medical Treatment,Approved,Yachana Banerjee
2692,767,Casual Leave,2025-01-13,2025-01-17,5,Family Emergency,Approved,Alexander Sawhney
2693,90,Emergency Leave,2025-08-07,2025-08-16,10,Child Care,Approved,Tanish Varma
2694,2994,Emergency Leave,2025-04-14,2025-04-21,8,Personal Work,Approved,Gavin Kaur
2695,2963,Casual Leave,2024-09-08,2024-09-17,10,Child Care,Approved,Anika Bahl
2696,1230,Annual Leave,2025-03-29,2025-04-01,4,Medical Treatment,Approved,Chakradev Arora
2697,1725,Emergency Leave,2024-11-26,2024-11-30,5,Child Care,Pending,
2698,2430,Annual Leave,2024-07-19,2024-07-21,3,Personal Work,Approved,Gagan Raju
2699,2445,Paternity Leave,2024-01-07,2024-01-15,9,Family Emergency,Approved,Zaid Rau
2700,533,Paternity Leave,2025-11-07,2025-11-12,6,Vacation,Approved,Priya Gaba
2701,371,Casual Leave,2024-12-12,2024-12-14,3,Higher Education,Approved,Ekantika Brar
2702,1622,Sick Leave,2024-04-13,2024-04-20,8,Family Emergency,Approved,Qadim Kakar
2703,821,Sick Leave,2025-08-15,2025-08-19,5,Family Emergency,Approved,Faqid Patla
2704,968,Unpaid Leave,2025-01-18,2025-01-21,4,Marriage,Approved,Yasti Nazareth
2705,632,Paternity Leave,2024-05-28,2024-06-05,9,Religious Festival,Approved,Caleb Muni
2706,21,Emergency Leave,2025-02-20,2025-02-22,3,Higher Education,Approved,Naksh Mitter
2707,2253,Paternity Leave,2024-06-16,2024-06-22,7,Higher Education,Approved,Krishna Oza
2708,2738,Emergency Leave,2024-02-26,2024-03-04,8,Medical Treatment,Approved,Advay Modi
2709,1588,Sick Leave,2024-07-25,2024-07-30,6,Family Emergency,Approved,Riya Acharya
2710,1638,Unpaid Leave,2024-08-05,2024-08-10,6,Child Care,Pending,
2711,2446,Emergency Leave,2025-12-09,2025-12-17,9,Higher Education,Approved,Ojasvi Kannan
2712,2744,Paternity Leave,2024-12-12,2024-12-21,10,Family Emergency,Approved,Aradhana Muni
2713,964,Casual Leave,2025-04-09,2025-04-14,6,Vacation,Approved,Yashvi Devi
2714,2501,Maternity Leave,2024-01-23,2024-01-29,7,Marriage,Pending,
2715,566,Emergency Leave,2025-12-28,2025-12-31,4,Personal Work,Approved,Benjamin Sengupta
2716,1784,Annual Leave,2025-11-30,2025-12-05,6,Family Emergency,Approved,Jackson Shukla
2717,1744,Sick Leave,2024-06-21,2024-06-25,5,Higher Education,Approved,Yoshita Ganesh
2718,143,Casual Leave,2025-06-08,2025-06-14,7,Child Care,Approved,Isaiah Mishra
2719,2795,Maternity Leave,2025-10-18,2025-10-19,2,Medical Treatment,Approved,Jyoti Sha
2720,1419,Paternity Leave,2024-10-31,2024-11-01,2,Child Care,Approved,Jacob Prakash
2721,51,Sick Leave,2024-06-10,2024-06-15,6,Child Care,Approved,Rachit Chatterjee
2722,2812,Emergency Leave,2025-05-11,2025-05-11,1,Child Care,Approved,Daniel Comar
2723,1731,Unpaid Leave,2024-06-09,2024-06-09,1,Personal Work,Approved,Bimala Chaudhary
2724,2598,Annual Leave,2024-05-09,2024-05-18,10,Higher Education,Approved,Ikshita Sha
2725,2057,Casual Leave,2025-03-24,2025-03-31,8,Religious Festival,Approved,Brijesh Soni
2726,458,Unpaid Leave,2024-08-04,2024-08-06,3,Child Care,Rejected,
2727,2764,Annual Leave,2024-11-18,2024-11-20,3,Personal Work,Approved,Jacob Khanna
2728,810,Maternity Leave,2024-12-14,2024-12-23,10,Higher Education,Approved,Laksh Nayar
2729,1782,Annual Leave,2025-10-27,2025-11-03,8,Medical Treatment,Approved,Vihaan Balasubramanian
2730,2006,Emergency Leave,2024-10-26,2024-10-31,6,Religious Festival,Approved,William Zachariah
2731,1034,Emergency Leave,2024-07-23,2024-07-28,6,Vacation,Approved,Upadhriti Padmanabhan
2732,2224,Casual Leave,2025-12-19,2025-12-21,3,Child Care,Approved,Radhika Oak
2733,72,Emergency Leave,2025-02-11,2025-02-16,6,Vacation,Approved,Urishilla Kota
2734,2441,Annual Leave,2025-11-16,2025-11-21,6,Child Care,Approved,Kavya Basak
2735,1019,Sick Leave,2024-12-17,2024-12-18,2,Family Emergency,Approved,Udarsh Bhargava
2736,2977,Sick Leave,2024-02-12,2024-02-19,8,Personal Work,Approved,Pushti Bava
2737,1415,Emergency Leave,2025-10-12,2025-10-21,10,Higher Education,Approved,Kashish Wagle
2738,167,Annual Leave,2025-10-15,2025-10-20,6,Family Emergency,Approved,Ubika Narula
2739,2496,Paternity Leave,2025-12-10,2025-12-11,2,Medical Treatment,Approved,Panini Palan
2740,1384,Paternity Leave,2024-10-13,2024-10-17,5,Vacation,Approved,Mason Vohra
2741,754,Paternity Leave,2025-05-11,2025-05-15,5,Medical Treatment,Approved,Lakshmi Keer
2742,1776,Annual Leave,2025-04-28,2025-05-01,4,Personal Work,Approved,Orinder Nagarajan
2743,2522,Maternity Leave,2025-10-04,2025-10-12,9,Marriage,Approved,Aradhana Kala
2744,2844,Unpaid Leave,2025-01-03,2025-01-03,1,Higher Education,Approved,Fariq Keer
2745,882,Unpaid Leave,2024-05-28,2024-06-03,7,Family Emergency,Approved,Faraj Chana
2746,1134,Maternity Leave,2024-11-10,2024-11-10,1,Family Emergency,Approved,Janaki Kant
2747,2778,Casual Leave,2025-03-04,2025-03-08,5,Marriage,Approved,Vansha Sandhu
2748,77,Unpaid Leave,2024-05-15,2024-05-21,7,Personal Work,Approved,Nisha Ahuja
2749,1094,Emergency Leave,2024-02-05,2024-02-14,10,Religious Festival,Approved,Chandresh Shroff
2750,398,Sick Leave,2025-08-21,2025-08-24,4,Religious Festival,Approved,Balhaar Bhardwaj
2751,906,Annual Leave,2025-09-23,2025-10-02,10,Higher Education,Approved,Irya Gokhale
2752,2409,Emergency Leave,2024-04-11,2024-04-20,10,Child Care,Approved,Xavier Mutti
2753,1949,Maternity Leave,2025-08-10,2025-08-10,1,Religious Festival,Approved,Riya Ratti
2754,1419,Unpaid Leave,2025-03-17,2025-03-24,8,Higher Education,Approved,Tristan Mandal
2755,863,Maternity Leave,2025-10-22,2025-10-24,3,Personal Work,Approved,Ekiya Sahota
2756,1651,Annual Leave,2025-06-25,2025-07-04,10,Higher Education,Rejected,
2757,2300,Casual Leave,2024-08-03,2024-08-04,2,Religious Festival,Approved,Ronith Kota
2758,1246,Casual Leave,2025-01-13,2025-01-18,6,Higher Education,Approved,William Mital
2759,122,Sick Leave,2024-03-03,2024-03-12,10,Religious Festival,Approved,Michael Pathak
2760,2314,Emergency Leave,2024-04-13,2024-04-19,7,Vacation,Rejected,
2761,1163,Maternity Leave,2025-08-12,2025-08-19,8,Child Care,Rejected,
2762,2202,Sick Leave,2025-10-03,2025-10-09,7,Medical Treatment,Approved,Isaiah Madan
2763,398,Emergency Leave,2025-01-21,2025-01-24,4,Medical Treatment,Approved,Krishna Shah
2764,2338,Casual Leave,2025-06-20,2025-06-22,3,Child Care,Approved,Peter Purohit
2765,2254,Emergency Leave,2025-05-10,2025-05-15,6,Child Care,Approved,Frederick Mishra
2766,2455,Casual Leave,2024-03-26,2024-03-31,6,Medical Treatment,Approved,Aahana Jhaveri
2767,2721,Paternity Leave,2025-05-13,2025-05-18,6,Child Care,Approved,Maanas Iyer
2768,923,Unpaid Leave,2025-02-09,2025-02-15,7,Higher Education,Approved,Victor Parmar
2769,1173,Unpaid Leave,2025-02-04,2025-02-11,8,Family Emergency,Approved,Bachittar Garde
2770,1639,Casual Leave,2025-10-29,2025-10-29,1,Religious Festival,Approved,Inaya Kadakia
2771,1901,Paternity Leave,2024-05-03,2024-05-05,3,Medical Treatment,Approved,Charita Mandal
2772,1571,Maternity Leave,2025-08-07,2025-08-13,7,Child Care,Rejected,
2773,774,Paternity Leave,2024-06-18,2024-06-18,1,Family Emergency,Approved,Sarthak Grewal
2774,2498,Maternity Leave,2024-04-30,2024-05-08,9,Child Care,Rejected,
2775,94,Casual Leave,2024-05-18,2024-05-27,10,Higher Education,Approved,Vritti Sama
2776,2804,Annual Leave,2025-08-30,2025-09-04,6,Child Care,Approved,Falan Kapadia
2777,2262,Maternity Leave,2025-06-23,2025-06-26,4,Family Emergency,Approved,Vedika Kibe
2778,1876,Casual Leave,2025-11-10,2025-11-13,4,Marriage,Approved,Barkha Nanda
2779,1322,Sick Leave,2025-01-22,2025-01-26,5,Vacation,Approved,Falak Merchant
2780,848,Maternity Leave,2024-09-21,2024-09-28,8,Higher Education,Approved,Vivaan Ahluwalia
2781,991,Unpaid Leave,2024-03-16,2024-03-18,3,Medical Treatment,Rejected,
2782,2475,Unpaid Leave,2024-02-13,2024-02-18,6,Family Emergency,Approved,Indali Kala
2783,1003,Emergency Leave,2025-10-15,2025-10-16,2,Vacation,Approved,Maya Vora
2784,2794,Paternity Leave,2024-12-02,2024-12-08,7,Higher Education,Approved,Suhani Talwar
2785,1579,Annual Leave,2024-12-17,2024-12-23,7,Medical Treatment,Pending,
2786,2932,Unpaid Leave,2024-09-03,2024-09-12,10,Vacation,Approved,Qadim Vig
2787,1797,Emergency Leave,2025-08-17,2025-08-17,1,Child Care,Approved,Aayush Shah
2788,2971,Unpaid Leave,2025-12-10,2025-12-10,1,Higher Education,Approved,Urmi Rajagopalan
2789,1756,Unpaid Leave,2024-09-13,2024-09-14,2,Personal Work,Approved,Anita Shah
2790,2375,Unpaid Leave,2025-01-21,2025-01-22,2,Religious Festival,Approved,Nitesh Nigam
2791,1692,Paternity Leave,2025-08-25,2025-08-30,6,Marriage,Approved,Lakshit Khatri
2792,1977,Sick Leave,2024-12-13,2024-12-17,5,Medical Treatment,Approved,Zayan Thakur
2793,1877,Paternity Leave,2025-11-26,2025-12-03,8,Personal Work,Approved,Frederick Bava
2794,1403,Casual Leave,2024-11-26,2024-12-03,8,Higher Education,Approved,Ati Dixit
2795,2866,Casual Leave,2024-04-11,2024-04-20,10,Vacation,Approved,Gautami Saxena
2796,574,Sick Leave,2024-03-03,2024-03-11,9,Marriage,Approved,Aachal Balan
2797,1520,Maternity Leave,2024-04-10,2024-04-15,6,Personal Work,Approved,Hiral Choudhry
2798,2933,Sick Leave,2025-06-29,2025-07-08,10,Higher Education,Approved,Upadhriti Kannan
2799,2921,Emergency Leave,2025-04-26,2025-04-30,5,Family Emergency,Approved,Avni Maharaj
2800,601,Maternity Leave,2024-08-02,2024-08-06,5,Personal Work,Approved,Harish Luthra
2801,2609,Sick Leave,2025-07-18,2025-07-18,1,Personal Work,Approved,Nikita Nazareth
2802,608,Maternity Leave,2025-06-18,2025-06-18,1,Child Care,Approved,Mohini Sangha
2803,1954,Maternity Leave,2025-01-05,2025-01-07,3,Family Emergency,Rejected,
2804,2405,Unpaid Leave,2025-11-14,2025-11-22,9,Religious Festival,Approved,Jagdish Reddy
2805,1549,Unpaid Leave,2025-02-25,2025-03-04,8,Higher Education,Approved,Gaurang Dixit
2806,719,Emergency Leave,2024-08-11,2024-08-17,7,Medical Treatment,Approved,Divya Shanker
2807,1403,Sick Leave,2024-01-06,2024-01-10,5,Family Emergency,Approved,Vasana Arya
2808,1140,Maternity Leave,2025-10-06,2025-10-07,2,Religious Festival,Approved,Priya Vyas
2809,2044,Emergency Leave,2024-11-02,2024-11-11,10,Vacation,Pending,
2810,2147,Sick Leave,2025-08-22,2025-08-25,4,Vacation,Approved,Sai Master
2811,1633,Paternity Leave,2024-05-22,2024-05-23,2,Medical Treatment,Pending,
2812,1112,Maternity Leave,2024-03-04,2024-03-12,9,Medical Treatment,Approved,Hitesh Som
2813,230,Emergency Leave,2025-04-04,2025-04-13,10,Marriage,Approved,Andrew Keer
2814,1049,Unpaid Leave,2025-09-04,2025-09-06,3,Marriage,Approved,Ishanvi Atwal
2815,936,Paternity Leave,2025-04-21,2025-04-28,8,Personal Work,Approved,Bhavini Zachariah
2816,2261,Casual Leave,2025-10-16,2025-10-17,2,Medical Treatment,Approved,Wridesh Dash
2817,543,Maternity Leave,2025-09-19,2025-09-23,5,Marriage,Approved,Urvi Rau
2818,1000,Maternity Leave,2024-04-09,2024-04-18,10,Medical Treatment,Approved,Sneha Apte
2819,2200,Unpaid Leave,2024-10-04,2024-10-04,1,Medical Treatment,Approved,George Karpe
2820,805,Emergency Leave,2025-08-16,2025-08-17,2,Higher Education,Approved,Baghyawati Sengupta
2821,809,Annual Leave,2024-01-07,2024-01-15,9,Higher Education,Approved,Madhavi Chauhan
2822,1229,Maternity Leave,2025-11-16,2025-11-16,1,Medical Treatment,Approved,Harshil Pant
2823,2950,Emergency Leave,2025-04-15,2025-04-18,4,Higher Education,Approved,Raghav Koshy
2824,3,Casual Leave,2025-05-06,2025-05-12,7,Higher Education,Approved,Brijesh Bhardwaj
2825,2586,Sick Leave,2024-11-03,2024-11-08,6,Personal Work,Approved,Aditya Natt
2826,2644,Casual Leave,2025-09-13,2025-09-17,5,Marriage,Approved,Zilmil Shan
2827,1398,Casual Leave,2025-05-26,2025-06-03,9,Higher Education,Approved,Rushil Sama
2828,457,Unpaid Leave,2025-04-05,2025-04-07,3,Religious Festival,Approved,Samar Bassi
2829,2088,Emergency Leave,2025-06-21,2025-06-28,8,Medical Treatment,Approved,Andrew Modi
2830,1770,Paternity Leave,2025-12-17,2025-12-21,5,Higher Education,Approved,Suhani Devan
2831,1403,Paternity Leave,2025-09-08,2025-09-16,9,Marriage,Approved,Nicholas Madan
2832,446,Unpaid Leave,2024-01-20,2024-01-23,4,Personal Work,Approved,Jagrati Tripathi
2833,1311,Unpaid Leave,2024-12-05,2024-12-13,9,Personal Work,Approved,Omkaar Dar
2834,2497,Sick Leave,2025-03-23,2025-04-01,10,Religious Festival,Approved,Meera Garg
2835,641,Sick Leave,2025-11-15,2025-11-21,7,Family Emergency,Approved,Kritika Sha
2836,2500,Paternity Leave,2025-09-19,2025-09-21,3,Higher Education,Approved,Divya Deshmukh
2837,2677,Maternity Leave,2025-02-19,2025-02-25,7,Personal Work,Approved,Farhan Hora
2838,937,Casual Leave,2024-12-08,2024-12-15,8,Personal Work,Pending,
2839,1519,Sick Leave,2025-01-04,2025-01-08,5,Religious Festival,Approved,Owen Brahmbhatt
2840,1292,Emergency Leave,2024-08-26,2024-08-30,5,Child Care,Approved,Varenya Verma
2841,1709,Annual Leave,2024-04-01,2024-04-07,7,Child Care,Approved,Falguni Din
2842,1449,Paternity Leave,2025-08-16,2025-08-18,3,Personal Work,Rejected,
2843,80,Unpaid Leave,2025-10-18,2025-10-21,4,Personal Work,Approved,Chaman Deshpande
2844,1208,Unpaid Leave,2025-10-24,2025-10-29,6,Child Care,Approved,Wahab Sundaram
2845,1567,Casual Leave,2024-06-16,2024-06-24,9,Marriage,Approved,Teerth Bahri
2846,881,Maternity Leave,2025-12-11,2025-12-19,9,Personal Work,Approved,Baghyawati Aggarwal
2847,438,Annual Leave,2025-08-15,2025-08-18,4,Higher Education,Approved,Dhruv Sura
2848,2955,Maternity Leave,2024-01-20,2024-01-27,8,Vacation,Pending,
2849,2701,Emergency Leave,2025-05-20,2025-05-27,8,Child Care,Approved,Falak Mitter
2850,243,Annual Leave,2025-06-28,2025-06-28,1,Personal Work,Approved,Laksh Mahal
2851,2204,Casual Leave,2024-09-27,2024-10-04,8,Medical Treatment,Pending,
2852,1933,Sick Leave,2024-01-22,2024-01-23,2,Child Care,Approved,Ekta Savant
2853,622,Unpaid Leave,2024-02-08,2024-02-10,3,Marriage,Approved,Eiravati Ratta
2854,2302,Annual Leave,2024-10-20,2024-10-27,8,Personal Work,Approved,Nimrat Bora
2855,2281,Maternity Leave,2025-12-21,2025-12-25,5,Family Emergency,Approved,Triya Parmar
2856,279,Unpaid Leave,2024-03-31,2024-04-05,6,Religious Festival,Pending,
2857,1827,Paternity Leave,2024-12-01,2024-12-04,4,Higher Education,Approved,Imaran Khurana
2858,933,Emergency Leave,2024-10-10,2024-10-15,6,Personal Work,Approved,Jeet Virk
2859,1046,Maternity Leave,2025-07-13,2025-07-13,1,Child Care,Approved,Abha Swaminathan
2860,1751,Emergency Leave,2025-12-11,2025-12-18,8,Vacation,Approved,Bishakha Kant
2861,2099,Casual Leave,2025-10-25,2025-10-25,1,Vacation,Approved,Eshana Golla
2862,2066,Unpaid Leave,2025-04-17,2025-04-22,6,Higher Education,Approved,Anay Arya
2863,1158,Maternity Leave,2024-05-01,2024-05-06,6,Medical Treatment,Approved,Umang Cherian
2864,2316,Annual Leave,2024-11-23,2024-12-01,9,Family Emergency,Approved,Ryan De
2865,2104,Unpaid Leave,2024-02-26,2024-02-27,2,Higher Education,Approved,Isha Bali
2866,2499,Paternity Leave,2025-12-25,2025-12-28,4,Child Care,Approved,Janani Kapadia
2867,1135,Emergency Leave,2025-12-24,2025-12-31,8,Family Emergency,Pending,
2868,2665,Casual Leave,2024-06-29,2024-06-30,2,Religious Festival,Approved,Avni Patil
2869,1860,Maternity Leave,2025-12-02,2025-12-08,7,Child Care,Pending,
2870,2355,Casual Leave,2024-10-02,2024-10-02,1,Child Care,Approved,Sarthak Dey
2871,78,Annual Leave,2025-05-03,2025-05-06,4,Family Emergency,Approved,Sanya Pandey
2872,1061,Unpaid Leave,2024-08-15,2024-08-18,4,Religious Festival,Approved,Vaishnavi Lad
2873,2181,Emergency Leave,2025-07-04,2025-07-07,4,Religious Festival,Approved,Hredhaan Sachdeva
2874,2929,Unpaid Leave,2025-06-22,2025-07-01,10,Family Emergency,Approved,Ati Kota
2875,845,Casual Leave,2025-12-30,2026-01-01,3,Vacation,Approved,Yug Choudhry
2876,522,Maternity Leave,2024-08-27,2024-09-01,6,Religious Festival,Pending,
2877,1292,Sick Leave,2025-02-13,2025-02-16,4,Family Emergency,Approved,Wridesh Panchal
2878,1738,Casual Leave,2025-06-23,2025-06-26,4,Marriage,Pending,
2879,1456,Annual Leave,2024-11-09,2024-11-11,3,Higher Education,Approved,Yochana Srivastava
2880,505,Unpaid Leave,2025-10-23,2025-10-29,7,Marriage,Approved,Sai Shukla
2881,1559,Annual Leave,2025-08-21,2025-08-28,8,Marriage,Approved,Zinal Bumb
2882,843,Unpaid Leave,2024-07-09,2024-07-15,7,Medical Treatment,Approved,Samar Dey
2883,381,Sick Leave,2025-02-11,2025-02-19,9,Medical Treatment,Pending,
2884,668,Unpaid Leave,2024-09-02,2024-09-05,4,Higher Education,Approved,Aahana Chahal
2885,2478,Casual Leave,2025-11-22,2025-11-27,6,Marriage,Approved,Nakul Natarajan
2886,372,Unpaid Leave,2025-12-26,2026-01-03,9,Personal Work,Approved,Nandini Oommen
2887,2084,Annual Leave,2025-06-25,2025-07-02,8,Child Care,Approved,Vedant Talwar
2888,1721,Emergency Leave,2025-12-07,2025-12-08,2,Personal Work,Approved,Abdul Gera
2889,268,Emergency Leave,2024-11-09,2024-11-13,5,Medical Treatment,Approved,Upma Madan
2890,2665,Paternity Leave,2024-07-18,2024-07-24,7,Vacation,Approved,Owen Anne
2891,1126,Paternity Leave,2024-07-23,2024-07-28,6,Marriage,Approved,Brinda Borra
2892,727,Maternity Leave,2024-06-07,2024-06-07,1,Family Emergency,Approved,Xavier Dash
2893,575,Paternity Leave,2024-08-28,2024-09-04,8,Vacation,Approved,Devika Narayanan
2894,2443,Unpaid Leave,2024-07-11,2024-07-14,4,Personal Work,Approved,Henry Bose
2895,1523,Maternity Leave,2024-02-12,2024-02-18,7,Child Care,Approved,Veda Bahl
2896,707,Sick Leave,2025-05-03,2025-05-11,9,Family Emergency,Rejected,
2897,1496,Annual Leave,2025-07-24,2025-07-26,3,Marriage,Approved,Kashish D’Alia
2898,1254,Emergency Leave,2025-06-28,2025-07-03,6,Personal Work,Pending,
2899,2548,Casual Leave,2024-11-06,2024-11-06,1,Religious Festival,Approved,Dhruv Jain
2900,117,Emergency Leave,2025-03-15,2025-03-15,1,Family Emergency,Approved,Damyanti Mall
2901,1670,Annual Leave,2025-03-17,2025-03-25,9,Family Emergency,Approved,Gopal Dubey
2902,648,Annual Leave,2024-12-31,2024-12-31,1,Marriage,Approved,Shaurya Sundaram
2903,378,Emergency Leave,2025-05-03,2025-05-04,2,Higher Education,Approved,Ria Goda
2904,1903,Emergency Leave,2025-04-03,2025-04-11,9,Vacation,Approved,Yahvi Parikh
2905,1276,Emergency Leave,2024-02-12,2024-02-19,8,Personal Work,Pending,
2906,526,Casual Leave,2025-02-12,2025-02-20,9,Medical Treatment,Approved,Warhi Mangal
2907,1958,Emergency Leave,2025-01-14,2025-01-23,10,Marriage,Approved,Praneel Sule
2908,2109,Sick Leave,2025-02-04,2025-02-06,3,Medical Treatment,Approved,Rishi Puri
2909,389,Paternity Leave,2025-07-11,2025-07-17,7,Medical Treatment,Approved,Ekani Ganesan
2910,1024,Sick Leave,2024-08-23,2024-08-27,5,Personal Work,Approved,Darsh Sunder
2911,1347,Paternity Leave,2024-07-12,2024-07-19,8,Personal Work,Approved,Pahal Tailor
2912,540,Casual Leave,2025-11-10,2025-11-16,7,Family Emergency,Approved,Avi Wable
2913,2374,Paternity Leave,2025-11-16,2025-11-16,1,Child Care,Approved,Ekanta Ganesan
2914,2589,Annual Leave,2024-07-31,2024-08-03,4,Vacation,Rejected,
2915,586,Paternity Leave,2025-12-20,2025-12-20,1,Marriage,Approved,Leela Deep
2916,664,Emergency Leave,2024-06-22,2024-06-27,6,Higher Education,Approved,Charan De
2917,1982,Unpaid Leave,2024-06-19,2024-06-24,6,Child Care,Approved,Vritti Kota
2918,1852,Sick Leave,2025-06-16,2025-06-23,8,Higher Education,Approved,Eiravati Mital
2919,483,Paternity Leave,2024-10-20,2024-10-24,5,Religious Festival,Approved,Leena Dua
2920,1382,Sick Leave,2024-07-03,2024-07-07,5,Higher Education,Approved,Vivaan Narang
2921,2249,Emergency Leave,2025-05-26,2025-05-27,2,Religious Festival,Approved,Fariq Palan
2922,2127,Casual Leave,2024-06-08,2024-06-09,2,Child Care,Approved,Charita Sankar
2923,2631,Annual Leave,2024-09-08,2024-09-16,9,Marriage,Approved,Ekalinga Hegde
2924,1874,Unpaid Leave,2024-11-05,2024-11-06,2,Personal Work,Approved,Janya Bhalla
2925,518,Unpaid Leave,2025-01-08,2025-01-13,6,Child Care,Approved,Om Bala
2926,2267,Annual Leave,2025-05-17,2025-05-25,9,Marriage,Approved,Alexander Thakkar
2927,581,Unpaid Leave,2024-06-09,2024-06-12,4,Marriage,Approved,Udant Gaba
2928,1450,Maternity Leave,2025-10-06,2025-10-15,10,Vacation,Approved,Aishani Prashad
2929,2184,Casual Leave,2024-06-20,2024-06-28,9,Family Emergency,Approved,Bahadurjit Venkatesh
2930,1534,Sick Leave,2024-07-31,2024-08-01,2,Marriage,Approved,Yashawini Ganesan
2931,2934,Sick Leave,2025-05-18,2025-05-26,9,Child Care,Pending,
2932,829,Casual Leave,2024-10-21,2024-10-21,1,Child Care,Pending,
2933,1215,Emergency Leave,2024-08-15,2024-08-23,9,Higher Education,Rejected,
2934,1917,Casual Leave,2025-02-07,2025-02-09,3,Personal Work,Approved,Agastya Talwar
2935,2,Annual Leave,2024-08-23,2024-08-27,5,Personal Work,Approved,Chakradhar Malhotra
2936,856,Paternity Leave,2025-02-24,2025-03-05,10,Medical Treatment,Approved,Liam Hayer
2937,243,Unpaid Leave,2024-06-26,2024-07-02,7,Higher Education,Approved,Christopher Sachar
2938,657,Unpaid Leave,2025-09-25,2025-09-28,4,Family Emergency,Approved,Guneet Lala
2939,2647,Emergency Leave,2024-11-07,2024-11-13,7,Marriage,Approved,Michael Mistry
2940,1436,Annual Leave,2024-06-19,2024-06-22,4,Personal Work,Rejected,
2941,576,Emergency Leave,2025-05-04,2025-05-05,2,Family Emergency,Approved,Laksh Rama
2942,844,Emergency Leave,2024-07-13,2024-07-15,3,Religious Festival,Approved,Lucky Naidu
2943,45,Paternity Leave,2025-03-09,2025-03-10,2,Medical Treatment,Approved,Indali Mannan
2944,2575,Maternity Leave,2024-08-27,2024-09-03,8,Higher Education,Approved,Daksh Yohannan
2945,1224,Unpaid Leave,2025-04-02,2025-04-03,2,Higher Education,Approved,Aadhya Mannan
2946,630,Annual Leave,2025-03-28,2025-04-02,6,Vacation,Approved,Sai Mistry
2947,1563,Unpaid Leave,2025-02-18,2025-02-22,5,Higher Education,Approved,Meghana Das
2948,1745,Maternity Leave,2024-06-01,2024-06-03,3,Higher Education,Approved,Shravya Sheth
2949,1193,Sick Leave,2025-11-13,2025-11-21,9,Religious Festival,Approved,Krisha Sastry
2950,989,Unpaid Leave,2024-02-18,2024-02-25,8,Child Care,Approved,Jonathan Sule
2951,1728,Annual Leave,2025-03-03,2025-03-04,2,Personal Work,Approved,Sai Butala
2952,2966,Paternity Leave,2024-04-12,2024-04-16,5,Religious Festival,Pending,
2953,1719,Paternity Leave,2024-02-02,2024-02-06,5,Medical Treatment,Rejected,
2954,53,Annual Leave,2024-02-11,2024-02-18,8,Higher Education,Approved,Rehaan Kota
2955,907,Maternity Leave,2024-06-20,2024-06-26,7,Medical Treatment,Approved,David Dhillon
2956,2903,Emergency Leave,2024-07-03,2024-07-11,9,Child Care,Approved,Faris Aggarwal
2957,2485,Maternity Leave,2025-12-04,2025-12-10,7,Medical Treatment,Approved,Chanchal Goel
2958,2419,Unpaid Leave,2024-06-03,2024-06-04,2,Medical Treatment,Approved,Darika Sant
2959,978,Casual Leave,2025-02-10,2025-02-19,10,Child Care,Approved,Yoshita Barad
2960,1613,Paternity Leave,2024-06-01,2024-06-01,1,Higher Education,Approved,Sudiksha Rout
2961,1888,Maternity Leave,2024-07-17,2024-07-25,9,Child Care,Approved,Abhiram Sha
2962,2573,Paternity Leave,2025-04-24,2025-04-30,7,Vacation,Approved,George Salvi
2963,885,Maternity Leave,2025-10-21,2025-10-23,3,Religious Festival,Approved,Patrick Dua
2964,405,Casual Leave,2025-09-22,2025-09-28,7,Higher Education,Approved,Bakhshi Char
2965,1039,Casual Leave,2025-04-17,2025-04-22,6,Marriage,Approved,Warjas Ramesh
2966,1134,Emergency Leave,2024-06-30,2024-06-30,1,Personal Work,Approved,Lila Sule
2967,658,Sick Leave,2024-07-21,2024-07-29,9,Religious Festival,Approved,Pallavi Chand
2968,1644,Unpaid Leave,2024-12-24,2024-12-29,6,Family Emergency,Approved,Balveer Konda
2969,2048,Unpaid Leave,2024-08-25,2024-08-26,2,Marriage,Approved,Rachana Wali
2970,1297,Unpaid Leave,2025-08-07,2025-08-11,5,Medical Treatment,Approved,Lipika Setty
2971,2620,Emergency Leave,2025-01-18,2025-01-23,6,Family Emergency,Approved,Chakrika Lata
2972,1568,Sick Leave,2024-11-27,2024-12-01,5,Higher Education,Approved,Tamanna Solanki
2973,1437,Casual Leave,2024-10-02,2024-10-09,8,Family Emergency,Pending,
2974,691,Casual Leave,2024-06-29,2024-06-29,1,Personal Work,Approved,Nitesh Ganesh
2975,2074,Paternity Leave,2024-07-30,2024-08-07,9,Family Emergency,Approved,Ryan Ghosh
2976,1631,Maternity Leave,2025-04-22,2025-04-23,2,Medical Treatment,Approved,Zayyan Sharma
2977,2915,Maternity Leave,2024-02-26,2024-03-03,7,Family Emergency,Approved,Dakshesh Bobal
2978,2933,Casual Leave,2024-08-15,2024-08-23,9,Family Emergency,Approved,Oscar Patla
2979,1578,Annual Leave,2024-11-20,2024-11-24,5,Medical Treatment,Approved,Lakshmi Sahni
2980,1327,Sick Leave,2025-04-15,2025-04-22,8,Marriage,Approved,Aarnav Apte
2981,2245,Sick Leave,2025-01-04,2025-01-08,5,Marriage,Approved,Aadi Dada
2982,2848,Sick Leave,2025-02-22,2025-02-25,4,Higher Education,Approved,Azaan Ganesh
2983,2654,Unpaid Leave,2024-09-24,2024-09-27,4,Personal Work,Approved,Balendra De
2984,999,Annual Leave,2025-06-12,2025-06-21,10,Higher Education,Approved,Meera Sehgal
2985,1698,Maternity Leave,2024-12-04,2024-12-12,9,Marriage,Rejected,
2986,1689,Sick Leave,2025-02-23,2025-03-03,9,Child Care,Approved,Veer More
2987,1072,Paternity Leave,2025-06-24,2025-06-29,6,Personal Work,Approved,Henry Singh
2988,1767,Casual Leave,2024-09-10,2024-09-15,6,Marriage,Pending,
2989,1312,Maternity Leave,2025-07-01,2025-07-06,6,Family Emergency,Approved,Upasna Chaudhuri
2990,1318,Unpaid Leave,2025-11-16,2025-11-19,4,Family Emergency,Approved,Mahika Dhaliwal
2991,396,Unpaid Leave,2024-01-12,2024-01-20,9,Religious Festival,Approved,Rachana Sibal
2992,430,Unpaid Leave,2024-02-05,2024-02-14,10,Religious Festival,Approved,Baghyawati Sanghvi
2993,2940,Paternity Leave,2024-05-20,2024-05-28,9,Marriage,Approved,Kamala Sangha
2994,1906,Casual Leave,2024-03-05,2024-03-14,10,Higher Education,Approved,Vinaya Talwar
2995,2535,Emergency Leave,2024-10-09,2024-10-16,8,Medical Treatment,Approved,Tristan Uppal
2996,702,Annual Leave,2024-02-22,2024-03-01,9,Vacation,Approved,Edhitha Tandon
2997,1424,Emergency Leave,2025-04-09,2025-04-11,3,Religious Festival,Approved,Balvan Chaudhari
2998,268,Paternity Leave,2024-03-12,2024-03-16,5,Vacation,Approved,Krishna Dalal
2999,2923,Maternity Leave,2024-12-04,2024-12-11,8,Family Emergency,Approved,Veda Uppal
3000,1624,Sick Leave,2024-04-21,2024-04-28,8,Personal Work,Approved,Hamsini Vyas
3001,1354,Sick Leave,2024-08-11,2024-08-20,10,Child Care,Approved,Arunima Deol
3002,591,Unpaid Leave,2024-05-06,2024-05-14,9,Religious Festival,Rejected,
3003,28,Maternity Leave,2025-01-01,2025-01-01,1,Religious Festival,Approved,Ethan Sethi
3004,2407,Annual Leave,2024-07-18,2024-07-19,2,Child Care,Approved,Zehaan Ram
3005,2992,Sick Leave,2024-08-09,2024-08-12,4,Family Emergency,Approved,Dipta Khatri
3006,743,Annual Leave,2025-07-05,2025-07-12,8,Religious Festival,Approved,Omya Mann
3007,365,Annual Leave,2024-11-19,2024-11-25,7,Child Care,Approved,Matthew Sunder
3008,1670,Emergency Leave,2025-12-24,2025-12-31,8,Religious Festival,Approved,Sanya Sura
3009,750,Annual Leave,2024-07-22,2024-07-26,5,Child Care,Approved,Ucchal Nagy
3010,1033,Emergency Leave,2024-10-19,2024-10-20,2,Child Care,Approved,Qadim Aggarwal
3011,822,Sick Leave,2025-02-19,2025-02-24,6,Medical Treatment,Rejected,
3012,1392,Emergency Leave,2025-02-25,2025-02-26,2,Vacation,Approved,Reyansh Batta
3013,2483,Annual Leave,2024-02-26,2024-03-05,9,Religious Festival,Approved,Qushi Vora
3014,392,Sick Leave,2024-11-08,2024-11-08,1,Vacation,Rejected,
3015,20,Casual Leave,2024-10-26,2024-11-01,7,Religious Festival,Approved,Samar Chaudhuri
3016,285,Sick Leave,2024-11-18,2024-11-21,4,Higher Education,Approved,Idika Mani
3017,745,Maternity Leave,2025-02-25,2025-02-28,4,Medical Treatment,Rejected,
3018,2799,Sick Leave,2025-07-11,2025-07-20,10,Family Emergency,Approved,Anusha Sastry
3019,1806,Paternity Leave,2025-07-08,2025-07-10,3,Higher Education,Approved,Charles Pillay
3020,125,Maternity Leave,2025-03-13,2025-03-13,1,Medical Treatment,Pending,
3021,1277,Casual Leave,2025-03-04,2025-03-05,2,Family Emergency,Approved,Aachal Varma
3022,2418,Maternity Leave,2024-07-19,2024-07-21,3,Higher Education,Pending,
3023,792,Maternity Leave,2025-01-12,2025-01-14,3,Religious Festival,Rejected,
3024,1863,Paternity Leave,2024-10-17,2024-10-25,9,Higher Education,Approved,Geetika Jha
3025,477,Paternity Leave,2025-12-01,2025-12-09,9,Marriage,Approved,Harita Dayal
3026,1498,Sick Leave,2025-08-05,2025-08-08,4,Higher Education,Rejected,
3027,772,Unpaid Leave,2024-09-01,2024-09-07,7,Vacation,Approved,Chandani Chowdhury
3028,1968,Unpaid Leave,2025-03-21,2025-03-30,10,Medical Treatment,Approved,Gautami Pandey
3029,2718,Paternity Leave,2025-04-22,2025-04-27,6,Child Care,Pending,
3030,2238,Paternity Leave,2024-03-20,2024-03-23,4,Family Emergency,Approved,Manan Pau
3031,1835,Unpaid Leave,2025-08-21,2025-08-24,4,Child Care,Approved,Vedika Morar
3032,1656,Emergency Leave,2024-03-07,2024-03-13,7,Vacation,Approved,Tanvi Gokhale
3033,2013,Annual Leave,2025-11-22,2025-11-27,6,Child Care,Approved,Fariq Hayre
3034,1253,Emergency Leave,2024-12-26,2024-12-30,5,Vacation,Approved,Lakshit Mitra
3035,2161,Unpaid Leave,2024-04-02,2024-04-02,1,Medical Treatment,Approved,Ranbir Johal
3036,1258,Maternity Leave,2024-07-26,2024-08-04,10,Religious Festival,Approved,Arunima Chatterjee
3037,197,Maternity Leave,2025-09-08,2025-09-08,1,Personal Work,Approved,Wyatt Kara
3038,1577,Sick Leave,2025-07-04,2025-07-09,6,Vacation,Rejected,
3039,2803,Unpaid Leave,2024-04-26,2024-05-02,7,Family Emergency,Approved,Vritti Chahal
3040,2084,Casual Leave,2025-09-19,2025-09-19,1,Medical Treatment,Pending,
3041,1873,Sick Leave,2024-07-11,2024-07-14,4,Medical Treatment,Approved,Henry Munshi
3042,2925,Sick Leave,2024-03-01,2024-03-08,8,Vacation,Approved,Yashodhara Chad
3043,186,Emergency Leave,2024-04-09,2024-04-12,4,Medical Treatment,Pending,
3044,1190,Annual Leave,2024-11-06,2024-11-09,4,Religious Festival,Approved,Baghyawati Dasgupta
3045,726,Emergency Leave,2024-06-27,2024-06-30,4,Child Care,Approved,Chaitaly Sastry
3046,184,Sick Leave,2024-09-07,2024-09-09,3,Personal Work,Approved,Yashvi Prakash
3047,1732,Paternity Leave,2025-12-20,2025-12-29,10,Personal Work,Approved,Faris Kunda
3048,840,Paternity Leave,2024-08-10,2024-08-14,5,Vacation,Approved,Vedika Ravel
3049,1704,Unpaid Leave,2025-07-05,2025-07-11,7,Marriage,Approved,Hemangini Chakraborty
3050,2000,Casual Leave,2025-10-27,2025-11-05,10,Child Care,Approved,Ekansh Tank
3051,172,Paternity Leave,2025-11-25,2025-12-02,8,Marriage,Approved,Warhi Ramachandran
3052,289,Paternity Leave,2025-02-17,2025-02-18,2,Higher Education,Approved,Jacob Narang
3053,273,Sick Leave,2025-07-10,2025-07-18,9,Personal Work,Approved,Yachana Sarma
3054,2789,Paternity Leave,2025-08-25,2025-08-31,7,Personal Work,Approved,Kai Dani
3055,1167,Unpaid Leave,2025-05-26,2025-06-04,10,Medical Treatment,Approved,Victor Khosla
3056,1618,Unpaid Leave,2025-09-12,2025-09-15,4,Higher Education,Pending,
3057,823,Sick Leave,2024-04-17,2024-04-25,9,Higher Education,Rejected,
3058,1962,Annual Leave,2025-06-09,2025-06-10,2,Child Care,Approved,Ojas Virk
3059,756,Annual Leave,2025-12-27,2025-12-28,2,Religious Festival,Approved,Ethan Shere
3060,1795,Paternity Leave,2024-07-11,2024-07-13,3,Vacation,Approved,Dev Parmar
3061,2716,Maternity Leave,2024-04-19,2024-04-22,4,Religious Festival,Approved,George Warrior
3062,180,Maternity Leave,2025-11-05,2025-11-05,1,Religious Festival,Pending,
3063,1028,Sick Leave,2024-02-09,2024-02-14,6,Vacation,Approved,Kai Sem
3064,1603,Emergency Leave,2025-08-22,2025-08-24,3,Medical Treatment,Pending,
3065,923,Sick Leave,2024-12-12,2024-12-15,4,Higher Education,Approved,Jacob Mallick
3066,104,Unpaid Leave,2025-05-20,2025-05-27,8,Marriage,Approved,Tanmayi Mani
3067,2465,Maternity Leave,2025-12-22,2025-12-26,5,Family Emergency,Approved,Tanveer Bhalla
3068,2242,Casual Leave,2025-05-23,2025-05-23,1,Medical Treatment,Approved,Harita Natt
3069,1680,Maternity Leave,2025-01-10,2025-01-18,9,Family Emergency,Approved,Vidhi Sant
3070,2966,Casual Leave,2025-02-12,2025-02-17,6,Medical Treatment,Approved,Yauvani Rau
3071,2803,Sick Leave,2025-03-29,2025-03-29,1,Vacation,Approved,Yashoda Saxena
3072,1588,Unpaid Leave,2024-04-08,2024-04-17,10,Marriage,Approved,Rachita Bala
3073,2574,Annual Leave,2025-03-09,2025-03-18,10,Vacation,Approved,Nathaniel Rao
3074,2658,Unpaid Leave,2025-03-16,2025-03-23,8,Child Care,Pending,
3075,1157,Paternity Leave,2025-09-17,2025-09-26,10,Marriage,Approved,Barkha Bedi
3076,2798,Emergency Leave,2024-08-29,2024-09-07,10,Higher Education,Approved,Hardik Karpe
3077,1963,Sick Leave,2025-10-23,2025-10-30,8,Religious Festival,Approved,Viraj Mittal
3078,917,Sick Leave,2024-03-04,2024-03-08,5,Family Emergency,Approved,Jhalak Nori
3079,1592,Casual Leave,2024-12-25,2024-12-27,3,Vacation,Approved,Sai Deol
3080,1769,Unpaid Leave,2024-08-10,2024-08-14,5,Higher Education,Approved,Nathaniel Loke
3081,1681,Paternity Leave,2024-03-30,2024-04-07,9,Child Care,Approved,Vincent Vasa
3082,513,Unpaid Leave,2024-12-11,2024-12-16,6,Child Care,Approved,Vasatika Yohannan
3083,1725,Emergency Leave,2025-03-13,2025-03-20,8,Higher Education,Approved,Manan Dhillon
3084,1592,Emergency Leave,2025-10-09,2025-10-14,6,Child Care,Approved,Madhav Garde
3085,546,Paternity Leave,2024-11-18,2024-11-26,9,Marriage,Approved,Lila Chandran
3086,2919,Sick Leave,2024-10-30,2024-11-08,10,Religious Festival,Approved,Nirja Dhar
3087,1898,Maternity Leave,2025-11-04,2025-11-10,7,Personal Work,Approved,Nikita Pandey
3088,875,Emergency Leave,2024-01-28,2024-01-30,3,Higher Education,Approved,Harsh Mander
3089,1231,Unpaid Leave,2024-06-12,2024-06-21,10,Marriage,Approved,Hiral Ghose
3090,890,Casual Leave,2024-02-11,2024-02-19,9,Child Care,Pending,
3091,2120,Emergency Leave,2025-10-05,2025-10-07,3,Vacation,Pending,
3092,2843,Sick Leave,2025-07-19,2025-07-25,7,Family Emergency,Approved,Omkaar Rajagopal
3093,1120,Paternity Leave,2025-09-16,2025-09-25,10,Child Care,Approved,Vansha Kurian
3094,2356,Unpaid Leave,2025-07-11,2025-07-14,4,Religious Festival,Approved,Umang Jain
3095,1920,Sick Leave,2025-09-18,2025-09-20,3,Higher Education,Approved,William Panchal
3096,1296,Maternity Leave,2024-05-29,2024-06-07,10,Vacation,Approved,Girindra Handa
3097,2770,Annual Leave,2024-11-03,2024-11-04,2,Vacation,Approved,Keya Behl
3098,217,Casual Leave,2025-03-24,2025-03-25,2,Religious Festival,Approved,Zaid Peri
3099,832,Paternity Leave,2025-01-24,2025-01-26,3,Personal Work,Pending,
3100,271,Casual Leave,2024-12-28,2025-01-06,10,Higher Education,Pending,
3101,1946,Casual Leave,2024-05-18,2024-05-20,3,Medical Treatment,Approved,Finn Kala
3102,2302,Sick Leave,2025-04-11,2025-04-13,3,Medical Treatment,Approved,Dalbir Nayar
3103,2181,Maternity Leave,2024-06-19,2024-06-25,7,Higher Education,Approved,Hemangini Khanna
3104,2867,Casual Leave,2024-09-16,2024-09-19,4,Family Emergency,Rejected,
3105,1823,Annual Leave,2025-06-02,2025-06-02,1,Child Care,Approved,Kashvi Sunder
3106,1937,Emergency Leave,2025-11-08,2025-11-15,8,Vacation,Approved,Bina Andra
3107,2401,Paternity Leave,2025-10-15,2025-10-20,6,Family Emergency,Pending,
3108,1833,Annual Leave,2024-05-28,2024-06-04,8,Religious Festival,Pending,
3109,1392,Annual Leave,2025-11-30,2025-12-05,6,Family Emergency,Approved,Dominic Walla
3110,2557,Casual Leave,2024-01-14,2024-01-20,7,Medical Treatment,Pending,
3111,2740,Sick Leave,2024-11-04,2024-11-09,6,Medical Treatment,Approved,Darika Biswas
3112,1453,Maternity Leave,2025-07-03,2025-07-10,8,Child Care,Approved,Anay Bhasin
3113,693,Casual Leave,2024-07-07,2024-07-11,5,Personal Work,Approved,Noah Sabharwal
3114,2132,Annual Leave,2024-02-10,2024-02-17,8,Family Emergency,Approved,Jeet Nori
3115,214,Paternity Leave,2024-11-10,2024-11-13,4,Personal Work,Approved,Chanchal Date
3116,1839,Emergency Leave,2024-10-21,2024-10-26,6,Higher Education,Approved,Hitesh Jhaveri
3117,2701,Annual Leave,2024-10-10,2024-10-15,6,Family Emergency,Approved,Ishani Ray
3118,2557,Annual Leave,2025-12-14,2025-12-23,10,Child Care,Approved,Sachi Sengupta
3119,818,Emergency Leave,2025-01-18,2025-01-24,7,Personal Work,Approved,Krishna Doctor
3120,2855,Emergency Leave,2024-04-10,2024-04-15,6,Child Care,Approved,Bhavika Bhandari
3121,1668,Paternity Leave,2025-11-04,2025-11-09,6,Religious Festival,Approved,Rachita Parsa
3122,2946,Casual Leave,2024-01-04,2024-01-12,9,Personal Work,Approved,Chakrika Krishna
3123,1093,Annual Leave,2025-10-27,2025-11-03,8,Medical Treatment,Pending,
3124,2729,Casual Leave,2025-01-27,2025-02-04,9,Vacation,Pending,
3125,527,Unpaid Leave,2025-07-19,2025-07-20,2,Family Emergency,Approved,Madhav Mandal
3126,1530,Annual Leave,2025-06-10,2025-06-12,3,Marriage,Approved,Yashawini Chatterjee
3127,358,Unpaid Leave,2025-01-06,2025-01-07,2,Vacation,Approved,Yashica Arora
3128,1398,Unpaid Leave,2025-08-06,2025-08-15,10,Higher Education,Approved,Amrita Menon
3129,2585,Unpaid Leave,2025-08-15,2025-08-20,6,Medical Treatment,Approved,Qasim Saha
3130,2510,Annual Leave,2025-09-15,2025-09-15,1,Marriage,Approved,Baljiwan Walia
3131,333,Sick Leave,2025-09-26,2025-09-27,2,Medical Treatment,Approved,Ekta Oza
3132,16,Emergency Leave,2025-12-05,2025-12-08,4,Medical Treatment,Approved,Kamya Mann
3133,1585,Casual Leave,2025-09-09,2025-09-17,9,Marriage,Approved,Nidra Gaba
3134,2901,Emergency Leave,2024-05-15,2024-05-24,10,Higher Education,Approved,Gunbir Tiwari
3135,1180,Paternity Leave,2025-02-27,2025-03-08,10,Vacation,Approved,Arunima Seth
3136,1813,Sick Leave,2025-11-24,2025-12-02,9,Family Emergency,Approved,Zarna Nagarajan
3137,810,Casual Leave,2025-06-26,2025-06-28,3,Marriage,Approved,Gabriel Dhingra
3138,2868,Annual Leave,2025-03-09,2025-03-10,2,Religious Festival,Approved,Atharv Ahuja
3139,933,Sick Leave,2024-05-15,2024-05-21,7,Personal Work,Approved,Udant Nori
3140,2464,Emergency Leave,2024-06-19,2024-06-27,9,Marriage,Approved,Gaurangi Krishnan
3141,1748,Casual Leave,2024-06-14,2024-06-19,6,Vacation,Approved,Tara Gara
3142,2683,Paternity Leave,2025-11-06,2025-11-10,5,Family Emergency,Approved,Jai Dada
3143,265,Annual Leave,2025-12-26,2025-12-27,2,Vacation,Approved,Maanas Pandya
3144,2539,Unpaid Leave,2024-02-02,2024-02-08,7,Higher Education,Approved,Aarini Dey
3145,50,Paternity Leave,2025-04-21,2025-04-22,2,Religious Festival,Approved,Leela Bassi
3146,2860,Paternity Leave,2024-02-25,2024-03-05,10,Medical Treatment,Approved,Oviya Parmar
3147,2332,Casual Leave,2025-10-26,2025-10-31,6,Higher Education,Approved,Jairaj Shankar
3148,1518,Emergency Leave,2024-10-11,2024-10-15,5,Religious Festival,Approved,Arin Sampath
3149,2237,Paternity Leave,2025-05-18,2025-05-21,4,Family Emergency,Approved,Dominic Dutt
3150,175,Paternity Leave,2025-04-13,2025-04-18,6,Higher Education,Approved,Keya Krishnan
3151,1329,Unpaid Leave,2024-04-28,2024-05-04,7,Higher Education,Approved,Jason Radhakrishnan
3152,1853,Sick Leave,2025-11-12,2025-11-14,3,Child Care,Approved,Eiravati Mangal
3153,1719,Annual Leave,2024-09-29,2024-10-01,3,Child Care,Approved,Warinder Srivastava
3154,2590,Sick Leave,2025-04-09,2025-04-15,7,Child Care,Approved,Vasudha Barad
3155,2711,Sick Leave,2024-05-22,2024-05-24,3,Family Emergency,Approved,Lucky Ahuja
3156,889,Annual Leave,2025-03-03,2025-03-03,1,Family Emergency,Approved,Leena Dugar
3157,1110,Casual Leave,2025-08-31,2025-09-03,4,Child Care,Approved,Oliver Kanda
3158,649,Casual Leave,2024-10-16,2024-10-24,9,Marriage,Approved,Keya Rajagopalan
3159,1993,Maternity Leave,2024-05-23,2024-05-30,8,Family Emergency,Approved,Ansh Balay
3160,1997,Paternity Leave,2025-08-24,2025-08-24,1,Medical Treatment,Approved,Daksha Pant
3161,275,Casual Leave,2024-09-10,2024-09-17,8,Family Emergency,Approved,Janaki Manne
3162,964,Maternity Leave,2025-01-02,2025-01-09,8,Child Care,Approved,Baghyawati Manne
3163,2010,Annual Leave,2024-07-04,2024-07-08,5,Religious Festival,Approved,Zarna Ramachandran
3164,2583,Casual Leave,2025-01-09,2025-01-18,10,Medical Treatment,Approved,Divya Varma
3165,2454,Sick Leave,2024-09-13,2024-09-21,9,Religious Festival,Approved,Kabir Swamy
3166,2821,Unpaid Leave,2024-11-09,2024-11-11,3,Higher Education,Approved,Vidhi Chahal
3167,259,Annual Leave,2024-05-27,2024-06-03,8,Marriage,Approved,Aradhana Sane
3168,858,Casual Leave,2025-02-24,2025-02-27,4,Religious Festival,Pending,
3169,2597,Emergency Leave,2024-02-12,2024-02-16,5,Religious Festival,Approved,Daksha Contractor
3170,2861,Sick Leave,2024-07-17,2024-07-19,3,Marriage,Rejected,
3171,2901,Maternity Leave,2025-12-14,2025-12-23,10,Marriage,Approved,Fitan Shan
3172,2002,Maternity Leave,2025-06-20,2025-06-27,8,Religious Festival,Pending,
3173,2093,Annual Leave,2025-02-23,2025-03-01,7,Religious Festival,Approved,Yashoda Randhawa
3174,334,Maternity Leave,2024-01-21,2024-01-28,8,Personal Work,Approved,Chaitanya Chacko
3175,275,Emergency Leave,2024-08-25,2024-08-31,7,Personal Work,Approved,Siya Kant
3176,2916,Sick Leave,2025-04-01,2025-04-06,6,Vacation,Approved,Rohan Sethi
3177,1941,Sick Leave,2025-08-24,2025-08-27,4,Religious Festival,Approved,Lohit Bandi
3178,1459,Unpaid Leave,2025-07-31,2025-08-09,10,Family Emergency,Approved,Ansh Vora
3179,1118,Casual Leave,2025-11-08,2025-11-15,8,Marriage,Rejected,
3180,2646,Sick Leave,2024-06-24,2024-07-03,10,Personal Work,Approved,Ridhi Nayak
3181,249,Paternity Leave,2024-10-14,2024-10-17,4,Personal Work,Approved,Yuvraj Shere
3182,1017,Unpaid Leave,2025-01-24,2025-01-30,7,Vacation,Approved,Shravya Desai
3183,1222,Casual Leave,2025-05-05,2025-05-08,4,Vacation,Approved,Abha Krishnamurthy
3184,119,Paternity Leave,2024-09-11,2024-09-17,7,Higher Education,Approved,Laksh Mitter
3185,605,Emergency Leave,2025-03-03,2025-03-09,7,Higher Education,Approved,Max Mishra
3186,1287,Annual Leave,2025-09-13,2025-09-17,5,Marriage,Approved,Amaira Mitter
3187,2893,Maternity Leave,2025-07-01,2025-07-08,8,Family Emergency,Approved,Upasna Bumb
3188,1323,Annual Leave,2024-03-03,2024-03-04,2,Religious Festival,Approved,Sarthak Pathak
3189,2264,Emergency Leave,2025-10-24,2025-10-29,6,Child Care,Approved,Zinal Yohannan
3190,2254,Annual Leave,2025-02-26,2025-03-04,7,Child Care,Approved,Tanveer Roy
3191,730,Casual Leave,2024-09-18,2024-09-27,10,Vacation,Approved,Bhavya Baria
3192,2637,Casual Leave,2025-12-10,2025-12-15,6,Vacation,Approved,Nidra Sankar
3193,2096,Annual Leave,2025-10-04,2025-10-06,3,Medical Treatment,Approved,Pranit Kale
3194,574,Sick Leave,2024-07-29,2024-07-30,2,Marriage,Approved,Parth Sahni
3195,377,Unpaid Leave,2024-10-02,2024-10-07,6,Religious Festival,Rejected,
3196,333,Emergency Leave,2025-04-16,2025-04-21,6,Higher Education,Approved,Ubika Pingle
3197,1641,Maternity Leave,2024-08-21,2024-08-21,1,Child Care,Approved,Warda Savant
3198,2846,Sick Leave,2024-05-09,2024-05-17,9,Marriage,Approved,Hardik Malhotra
3199,1838,Sick Leave,2024-06-13,2024-06-14,2,Personal Work,Approved,Anvi Mishra
3200,932,Sick Leave,2024-03-23,2024-03-23,1,Vacation,Approved,Gagan Boase
3201,215,Paternity Leave,2024-08-23,2024-08-26,4,Vacation,Approved,Jason Sangha
3202,898,Unpaid Leave,2025-08-11,2025-08-14,4,Family Emergency,Pending,
3203,2051,Casual Leave,2024-03-30,2024-04-04,6,Child Care,Approved,Eiravati Ganguly
3204,79,Maternity Leave,2024-02-14,2024-02-18,5,Child Care,Approved,Omaja Amble
3205,2253,Annual Leave,2024-10-26,2024-10-26,1,Vacation,Approved,Oni Naik
3206,856,Sick Leave,2024-05-13,2024-05-22,10,Religious Festival,Approved,Aadhya Oommen
3207,2875,Annual Leave,2024-03-17,2024-03-26,10,Family Emergency,Pending,
3208,1627,Sick Leave,2024-12-10,2024-12-12,3,Personal Work,Approved,Om Kashyap
3209,1089,Maternity Leave,2025-10-15,2025-10-20,6,Family Emergency,Approved,Zansi Mani
3210,826,Unpaid Leave,2024-01-01,2024-01-10,10,Marriage,Approved,Girish Narang
3211,1340,Casual Leave,2024-09-26,2024-10-02,7,Personal Work,Approved,Xavier Basu
3212,1850,Annual Leave,2024-04-23,2024-04-30,8,Child Care,Approved,Dalaja Mann
3213,839,Sick Leave,2024-03-17,2024-03-18,2,Medical Treatment,Approved,Geetika Raj
3214,843,Sick Leave,2025-03-02,2025-03-11,10,Personal Work,Approved,Isha Bhandari
3215,2826,Paternity Leave,2025-07-09,2025-07-12,4,Personal Work,Pending,
3216,1479,Emergency Leave,2025-04-09,2025-04-09,1,Marriage,Approved,Varsha Padmanabhan
3217,2322,Unpaid Leave,2024-07-03,2024-07-07,5,Vacation,Approved,Watika Khare
3218,1270,Annual Leave,2025-01-19,2025-01-22,4,Religious Festival,Approved,Kavya Grover
3219,846,Emergency Leave,2024-08-24,2024-08-30,7,Higher Education,Approved,Avni Bhasin
3220,1601,Maternity Leave,2025-07-01,2025-07-03,3,Higher Education,Pending,
3221,2298,Maternity Leave,2025-02-02,2025-02-06,5,Marriage,Approved,Qarin Parekh
3222,319,Maternity Leave,2025-12-12,2025-12-13,2,Vacation,Pending,
3223,2537,Annual Leave,2024-06-10,2024-06-10,1,Vacation,Pending,
3224,1243,Emergency Leave,2025-10-18,2025-10-24,7,Family Emergency,Approved,Harsh Gokhale
3225,399,Annual Leave,2025-07-16,2025-07-21,6,Marriage,Approved,Fariq Yadav
3226,1734,Paternity Leave,2025-11-27,2025-12-02,6,Child Care,Approved,Gavin Nagarajan
3227,2678,Annual Leave,2025-12-16,2025-12-20,5,Medical Treatment,Approved,Zaid Singhal
3228,1238,Sick Leave,2025-10-08,2025-10-12,5,Marriage,Approved,Wazir Gole
3229,493,Paternity Leave,2025-07-02,2025-07-02,1,Higher Education,Pending,
3230,716,Annual Leave,2024-04-26,2024-04-27,2,Marriage,Approved,Ronith Master
3231,1865,Unpaid Leave,2025-03-30,2025-04-08,10,Personal Work,Approved,Urmi Brar
3232,1107,Annual Leave,2025-01-06,2025-01-15,10,Family Emergency,Approved,Harinakshi Jayaraman
3233,883,Annual Leave,2025-09-08,2025-09-14,7,Vacation,Approved,Daniel Comar
3234,153,Emergency Leave,2024-10-16,2024-10-22,7,Child Care,Approved,Luke Chada
3235,717,Annual Leave,2025-10-01,2025-10-10,10,Medical Treatment,Pending,
3236,1151,Paternity Leave,2025-05-15,2025-05-19,5,Marriage,Approved,Sarthak Dugal
3237,1095,Annual Leave,2025-11-10,2025-11-14,5,Marriage,Rejected,
3238,962,Paternity Leave,2025-08-24,2025-08-31,8,Vacation,Approved,Amrita Narang
3239,2307,Unpaid Leave,2024-01-19,2024-01-25,7,Higher Education,Approved,Aashi Comar
3240,949,Paternity Leave,2024-01-07,2024-01-07,1,Medical Treatment,Approved,Aryan Sane
3241,2450,Casual Leave,2025-08-05,2025-08-12,8,Family Emergency,Approved,Kamala Sharma
3242,1529,Paternity Leave,2025-10-23,2025-10-28,6,Family Emergency,Approved,Parth Dhillon
3243,1314,Paternity Leave,2025-07-11,2025-07-16,6,Child Care,Approved,Abeer Kulkarni
3244,1525,Emergency Leave,2024-07-23,2024-07-28,6,Family Emergency,Approved,Neha Deshmukh
3245,2756,Unpaid Leave,2024-09-02,2024-09-09,8,Child Care,Approved,Pahal Konda
3246,1476,Emergency Leave,2025-07-01,2025-07-02,2,Family Emergency,Approved,Tristan Buch
3247,1364,Casual Leave,2024-03-15,2024-03-22,8,Family Emergency,Approved,Yochana Majumdar
3248,176,Casual Leave,2025-06-04,2025-06-12,9,Family Emergency,Pending,
3249,2453,Casual Leave,2025-01-26,2025-02-03,9,Family Emergency,Approved,Sathvik Kunda
3250,2350,Sick Leave,2025-10-03,2025-10-06,4,Child Care,Approved,Siddharth Borah
3251,335,Unpaid Leave,2025-06-20,2025-06-26,7,Vacation,Pending,
3252,2129,Annual Leave,2024-02-12,2024-02-21,10,Family Emergency,Approved,Ira Lad
3253,929,Paternity Leave,2024-08-24,2024-08-29,6,Religious Festival,Approved,Garima Rama
3254,2998,Unpaid Leave,2024-09-26,2024-10-01,6,Child Care,Approved,Anirudh Issac
3255,2143,Paternity Leave,2024-11-11,2024-11-17,7,Religious Festival,Approved,Ekaraj Bose
3256,1672,Paternity Leave,2024-07-12,2024-07-13,2,Higher Education,Approved,Akshay Sarin
3257,638,Unpaid Leave,2025-10-31,2025-11-03,4,Medical Treatment,Approved,Anmol Sama
3258,2029,Sick Leave,2024-04-26,2024-04-27,2,Personal Work,Approved,Dipta Kaul
3259,991,Unpaid Leave,2024-02-28,2024-03-05,7,Marriage,Approved,Aditya Agarwal
3260,2220,Paternity Leave,2024-04-14,2024-04-15,2,Marriage,Pending,
3261,97,Annual Leave,2024-04-10,2024-04-10,1,Marriage,Approved,David Prabhakar
3262,761,Unpaid Leave,2025-06-17,2025-06-18,2,Higher Education,Approved,Ishwar Samra
3263,488,Emergency Leave,2025-02-21,2025-02-26,6,Vacation,Approved,Ethan Sagar
3264,2859,Maternity Leave,2024-08-18,2024-08-22,5,Religious Festival,Approved,Avni Sood
3265,854,Casual Leave,2025-03-04,2025-03-10,7,Higher Education,Approved,Brijesh Sarma
3266,2602,Maternity Leave,2024-10-12,2024-10-21,10,Higher Education,Approved,Warinder Kurian
3267,130,Emergency Leave,2024-03-25,2024-03-30,6,Personal Work,Approved,Rajata Babu
3268,2870,Emergency Leave,2024-04-17,2024-04-23,7,Medical Treatment,Approved,Anya Oommen
3269,1732,Paternity Leave,2024-01-18,2024-01-27,10,Religious Festival,Approved,Dakshesh Palla
3270,2806,Emergency Leave,2025-08-27,2025-08-27,1,Higher Education,Approved,Zehaan Arya
3271,356,Emergency Leave,2025-03-05,2025-03-09,5,Medical Treatment,Approved,Akshay Dyal
3272,1006,Paternity Leave,2025-04-23,2025-04-24,2,Religious Festival,Approved,Varsha Garg
3273,989,Maternity Leave,2024-11-24,2024-12-01,8,Personal Work,Approved,Sai Saha
3274,2264,Unpaid Leave,2024-04-12,2024-04-19,8,Child Care,Approved,Vasatika Khanna
3275,389,Annual Leave,2025-03-23,2025-03-25,3,Vacation,Approved,Azad Mahajan
3276,2074,Emergency Leave,2025-11-13,2025-11-14,2,Higher Education,Approved,Krisha Tata
3277,1126,Paternity Leave,2024-10-26,2024-11-04,10,Vacation,Approved,Noah Arya
3278,1038,Maternity Leave,2025-06-20,2025-06-21,2,Higher Education,Approved,Manbir Kumer
3279,713,Emergency Leave,2024-04-14,2024-04-18,5,Vacation,Approved,Jackson Oommen
3280,1190,Maternity Leave,2024-04-20,2024-04-25,6,Family Emergency,Approved,Ansh Soman
3281,315,Sick Leave,2025-12-01,2025-12-08,8,Vacation,Approved,Vidhi Choudhry
3282,1587,Unpaid Leave,2024-02-04,2024-02-06,3,Vacation,Approved,Aarnav Brahmbhatt
3283,1239,Sick Leave,2025-07-05,2025-07-08,4,Higher Education,Approved,Joshua Rout
3284,937,Paternity Leave,2024-11-27,2024-12-04,8,Medical Treatment,Approved,Ekanta Patil
3285,416,Sick Leave,2024-03-15,2024-03-17,3,Vacation,Approved,Ikshita Borra
3286,1795,Emergency Leave,2025-03-26,2025-03-31,6,Child Care,Approved,Anmol Apte
3287,85,Paternity Leave,2025-11-03,2025-11-11,9,Religious Festival,Pending,
3288,2601,Maternity Leave,2024-11-14,2024-11-15,2,Vacation,Approved,Udarsh Bava
3289,1143,Emergency Leave,2025-04-12,2025-04-20,9,Medical Treatment,Approved,Farhan Kale
3290,267,Annual Leave,2025-12-08,2025-12-12,5,Religious Festival,Approved,Hardik Sheth
3291,1945,Emergency Leave,2024-06-19,2024-06-27,9,Family Emergency,Pending,
3292,496,Annual Leave,2024-01-16,2024-01-18,3,Family Emergency,Approved,Radha De
3293,2723,Sick Leave,2024-04-17,2024-04-24,8,Religious Festival,Approved,Nihal Oommen
3294,2283,Casual Leave,2025-08-28,2025-09-04,8,Family Emergency,Approved,Dalaja Mitra
3295,2385,Emergency Leave,2024-02-27,2024-02-28,2,Marriage,Approved,Noah Chokshi
3296,830,Sick Leave,2024-03-29,2024-04-02,5,Child Care,Approved,Sachi Misra
3297,46,Casual Leave,2025-01-01,2025-01-01,1,Vacation,Approved,Naksh Mallick
3298,462,Maternity Leave,2025-05-08,2025-05-12,5,Vacation,Approved,Chakradev Wable
3299,1243,Unpaid Leave,2025-12-03,2025-12-05,3,Marriage,Approved,Wridesh Das
3300,1968,Unpaid Leave,2024-07-18,2024-07-21,4,Higher Education,Approved,Sanya Karnik
3301,1960,Emergency Leave,2024-05-06,2024-05-09,4,Child Care,Approved,Sneha Butala
3302,2266,Paternity Leave,2024-12-22,2024-12-30,9,Medical Treatment,Approved,Yashawini Narain
3303,599,Paternity Leave,2024-09-17,2024-09-19,3,Family Emergency,Approved,Oliver Chander
3304,279,Emergency Leave,2024-02-03,2024-02-11,9,Medical Treatment,Rejected,
3305,2319,Sick Leave,2025-04-11,2025-04-14,4,Child Care,Approved,Pranit Peri
3306,2563,Casual Leave,2025-01-09,2025-01-12,4,Child Care,Approved,Tanay Buch
3307,245,Unpaid Leave,2024-04-29,2024-05-05,7,Religious Festival,Approved,Jhalak Kibe
3308,1617,Annual Leave,2025-12-02,2025-12-05,4,Religious Festival,Approved,Yauvani Tripathi
3309,1601,Emergency Leave,2024-01-17,2024-01-26,10,Marriage,Approved,Upma Thakur
3310,522,Emergency Leave,2025-08-22,2025-08-31,10,Child Care,Pending,
3311,2647,Unpaid Leave,2024-02-27,2024-02-29,3,Personal Work,Approved,Vedika More
3312,2037,Unpaid Leave,2024-11-27,2024-11-28,2,Vacation,Approved,Anmol Sha
3313,1710,Annual Leave,2025-02-11,2025-02-19,9,Family Emergency,Approved,Eta Shroff
3314,2628,Annual Leave,2025-01-05,2025-01-10,6,Personal Work,Approved,Jackson Banik
3315,1903,Paternity Leave,2024-06-04,2024-06-09,6,Religious Festival,Approved,Faris Randhawa
3316,1263,Unpaid Leave,2024-09-28,2024-10-05,8,Child Care,Approved,Qarin Korpal
3317,2820,Maternity Leave,2024-12-29,2025-01-06,9,Family Emergency,Pending,
3318,1923,Casual Leave,2025-09-15,2025-09-16,2,Religious Festival,Approved,Rayaan Roy
3319,2183,Maternity Leave,2025-06-15,2025-06-24,10,Personal Work,Approved,Ishita Manda
3320,2577,Casual Leave,2025-10-07,2025-10-11,5,Marriage,Approved,Fitan Prabhu
3321,1283,Casual Leave,2024-09-24,2024-09-27,4,Religious Festival,Approved,Shivansh Verma
3322,1255,Sick Leave,2024-01-27,2024-02-01,6,Child Care,Approved,Anmol Karpe
3323,1141,Casual Leave,2024-07-30,2024-08-08,10,Marriage,Approved,Dhriti Parekh
3324,2512,Unpaid Leave,2025-12-13,2025-12-15,3,Personal Work,Approved,Tripti Tara
3325,779,Paternity Leave,2024-01-06,2024-01-11,6,Religious Festival,Approved,Idika Saxena
3326,838,Unpaid Leave,2025-08-28,2025-09-04,8,Family Emergency,Approved,Rayaan Johal
3327,481,Paternity Leave,2025-02-22,2025-02-26,5,Marriage,Approved,Charles Om
3328,2450,Unpaid Leave,2024-09-24,2024-09-29,6,Higher Education,Approved,Arin Dave
3329,1536,Sick Leave,2024-07-10,2024-07-16,7,Personal Work,Approved,Ekapad Bhakta
3330,2328,Emergency Leave,2025-06-07,2025-06-15,9,Personal Work,Approved,Mahika Hans
3331,2483,Annual Leave,2024-09-16,2024-09-20,5,Child Care,Approved,Onkar Naidu
3332,2256,Emergency Leave,2025-01-23,2025-01-23,1,Personal Work,Approved,Jagdish Balakrishnan
3333,2028,Emergency Leave,2025-08-28,2025-09-05,9,Personal Work,Approved,Turvi Shukla
3334,2094,Maternity Leave,2025-08-19,2025-08-25,7,Vacation,Approved,Kritika Dara
3335,1752,Paternity Leave,2025-01-30,2025-02-06,8,Higher Education,Approved,Balvan Karpe
3336,1791,Emergency Leave,2025-08-21,2025-08-26,6,Family Emergency,Approved,Karan Hayre
3337,504,Casual Leave,2025-03-08,2025-03-08,1,Medical Treatment,Approved,Baghyawati Dash
3338,1137,Annual Leave,2024-12-14,2024-12-22,9,Family Emergency,Approved,Vanya Sarkar
3339,393,Paternity Leave,2024-10-30,2024-11-05,7,Vacation,Approved,Turvi Sankar
3340,41,Annual Leave,2025-11-24,2025-11-29,6,Personal Work,Rejected,
3341,1165,Emergency Leave,2025-07-23,2025-07-26,4,Personal Work,Approved,Vritti Das
3342,2264,Casual Leave,2024-05-29,2024-06-01,4,Religious Festival,Approved,Jairaj Konda
3343,901,Sick Leave,2025-02-19,2025-02-25,7,Vacation,Approved,Pranav D’Alia
3344,657,Annual Leave,2025-12-26,2026-01-04,10,Personal Work,Approved,Daksh Raja
3345,1992,Annual Leave,2024-06-09,2024-06-10,2,Child Care,Approved,Aachal Pau
3346,906,Sick Leave,2025-09-14,2025-09-21,8,Family Emergency,Approved,Teerth Jhaveri
3347,903,Casual Leave,2025-05-11,2025-05-12,2,Personal Work,Approved,Jackson Shroff
3348,1783,Maternity Leave,2024-04-08,2024-04-17,10,Higher Education,Approved,Ridhi Sethi
3349,875,Sick Leave,2024-02-15,2024-02-16,2,Child Care,Approved,Aadhya Murty
3350,2919,Emergency Leave,2024-12-20,2024-12-27,8,Child Care,Approved,Girindra Garg
3351,2520,Unpaid Leave,2024-02-09,2024-02-15,7,Personal Work,Approved,Ekavir Singhal
3352,841,Paternity Leave,2024-03-19,2024-03-26,8,Religious Festival,Approved,Arjun Master
3353,1320,Annual Leave,2025-08-22,2025-08-29,8,Child Care,Approved,Sarthak Das
3354,1812,Maternity Leave,2025-03-11,2025-03-14,4,Medical Treatment,Approved,Ridhi Ghose
3355,2462,Unpaid Leave,2025-01-23,2025-01-29,7,Child Care,Approved,Elijah Goel
3356,849,Sick Leave,2025-08-31,2025-09-05,6,Personal Work,Approved,Aarini Bahl
3357,1019,Paternity Leave,2024-01-19,2024-01-23,5,Child Care,Pending,
3358,2460,Emergency Leave,2025-10-18,2025-10-18,1,Marriage,Approved,Forum Varty
3359,2644,Paternity Leave,2025-09-28,2025-09-29,2,Vacation,Approved,Rehaan Keer
3360,1593,Maternity Leave,2024-06-07,2024-06-12,6,Vacation,Approved,Ekta Ravel
3361,2011,Emergency Leave,2025-03-18,2025-03-25,8,Medical Treatment,Pending,
3362,1792,Casual Leave,2024-02-04,2024-02-09,6,Religious Festival,Approved,Chaitanya Chauhan
3363,1065,Emergency Leave,2024-12-04,2024-12-06,3,Marriage,Approved,Niharika Modi
3364,149,Emergency Leave,2024-01-02,2024-01-07,6,Marriage,Approved,Unni Rau
3365,369,Paternity Leave,2025-10-24,2025-10-26,3,Vacation,Approved,Nathaniel Chandra
3366,1026,Annual Leave,2024-08-10,2024-08-18,9,Higher Education,Pending,
3367,611,Casual Leave,2025-08-08,2025-08-10,3,Personal Work,Approved,Zaid Dalal
3368,762,Sick Leave,2024-04-25,2024-05-01,7,Medical Treatment,Approved,Lakshit Agate
3369,950,Unpaid Leave,2024-01-17,2024-01-18,2,Family Emergency,Approved,Warhi Prabhu
3370,1181,Maternity Leave,2025-09-11,2025-09-18,8,Family Emergency,Pending,
3371,968,Annual Leave,2024-02-10,2024-02-13,4,Medical Treatment,Approved,Turvi Gola
3372,276,Unpaid Leave,2024-06-14,2024-06-15,2,Family Emergency,Approved,Qarin Agarwal
3373,2188,Annual Leave,2025-07-28,2025-08-04,8,Religious Festival,Approved,Lakshmi Basu
3374,2963,Sick Leave,2024-06-19,2024-06-21,3,Family Emergency,Approved,Shravya Tata
3375,1007,Unpaid Leave,2025-06-25,2025-06-25,1,Family Emergency,Approved,Lopa Hayer
3376,1116,Maternity Leave,2024-05-24,2024-05-24,1,Vacation,Approved,Devika Sathe
3377,1614,Sick Leave,2025-11-09,2025-11-11,3,Family Emergency,Approved,Ganga Palla
3378,542,Sick Leave,2025-11-12,2025-11-21,10,Personal Work,Approved,Vaishnavi Narain
3379,1895,Sick Leave,2025-05-05,2025-05-12,8,Medical Treatment,Approved,Idika Kale
3380,2923,Sick Leave,2024-02-19,2024-02-21,3,Vacation,Approved,Yachana Patla
3381,275,Emergency Leave,2025-07-15,2025-07-17,3,Higher Education,Approved,Nidra Varma
3382,2167,Unpaid Leave,2024-09-03,2024-09-10,8,Child Care,Approved,Frado Edwin
3383,2255,Maternity Leave,2025-09-23,2025-09-29,7,Higher Education,Pending,
3384,2652,Maternity Leave,2025-09-14,2025-09-19,6,Child Care,Approved,Isha Bhakta
3385,1030,Maternity Leave,2024-11-20,2024-11-26,7,Higher Education,Approved,Logan Borra
3386,518,Unpaid Leave,2025-03-12,2025-03-12,1,Religious Festival,Approved,Oliver Gandhi
3387,1223,Annual Leave,2024-06-19,2024-06-28,10,Child Care,Pending,
3388,1540,Casual Leave,2024-02-20,2024-02-25,6,Higher Education,Approved,Ekta Sha
3389,814,Unpaid Leave,2025-12-19,2025-12-19,1,Family Emergency,Approved,Dhruv Sani
3390,1843,Unpaid Leave,2024-04-13,2024-04-22,10,Family Emergency,Approved,Agastya Kumar
3391,2659,Unpaid Leave,2024-02-14,2024-02-18,5,Family Emergency,Approved,Jonathan Choudhury
3392,68,Sick Leave,2025-04-18,2025-04-25,8,Child Care,Approved,Geetika Gill
3393,1911,Paternity Leave,2025-01-09,2025-01-16,8,Marriage,Approved,Balvan Pal
3394,1898,Sick Leave,2024-03-31,2024-04-06,7,Marriage,Pending,
3395,597,Paternity Leave,2025-12-05,2025-12-06,2,Vacation,Approved,Lopa Banerjee
3396,1436,Emergency Leave,2024-11-25,2024-12-01,7,Child Care,Pending,
3397,320,Maternity Leave,2025-04-25,2025-04-29,5,Higher Education,Approved,Zarna Padmanabhan
3398,166,Unpaid Leave,2025-12-02,2025-12-09,8,Religious Festival,Approved,Garima Kara
3399,793,Casual Leave,2024-12-06,2024-12-14,9,Medical Treatment,Approved,Girindra Iyengar
3400,598,Paternity Leave,2024-10-21,2024-10-29,9,Vacation,Approved,Warhi Bera
3401,2087,Sick Leave,2024-07-06,2024-07-14,9,Higher Education,Approved,Maanas Sidhu
3402,1653,Casual Leave,2024-06-05,2024-06-14,10,Religious Festival,Approved,Radha Vyas
3403,1168,Casual Leave,2025-01-20,2025-01-20,1,Medical Treatment,Approved,Wridesh Sachdev
3404,1796,Unpaid Leave,2025-02-15,2025-02-22,8,Vacation,Approved,Yuvraj Ratti
3405,2730,Unpaid Leave,2024-03-08,2024-03-16,9,Medical Treatment,Approved,Gauri Sur
3406,629,Unpaid Leave,2025-01-30,2025-02-05,7,Higher Education,Approved,Triya Devan
3407,2997,Paternity Leave,2024-01-14,2024-01-18,5,Marriage,Approved,Sai Rattan
3408,382,Maternity Leave,2025-04-19,2025-04-25,7,Marriage,Approved,Kashish Nadig
3409,172,Annual Leave,2025-09-25,2025-09-29,5,Family Emergency,Approved,Chameli Pau
3410,797,Emergency Leave,2024-05-06,2024-05-15,10,Family Emergency,Approved,Mitali Brar
3411,1749,Maternity Leave,2024-05-01,2024-05-10,10,Marriage,Approved,Gabriel Agrawal
3412,3,Annual Leave,2024-12-15,2024-12-17,3,Personal Work,Approved,Harini Ganesh
3413,2979,Emergency Leave,2024-05-09,2024-05-10,2,Family Emergency,Approved,Anmol Yogi
3414,2756,Emergency Leave,2025-08-01,2025-08-02,2,Higher Education,Approved,Thomas Sankaran
3415,1404,Maternity Leave,2025-05-23,2025-05-28,6,Personal Work,Approved,Rajata Shanker
3416,2364,Maternity Leave,2025-07-19,2025-07-27,9,Religious Festival,Pending,
3417,2587,Paternity Leave,2025-02-08,2025-02-13,6,Personal Work,Approved,Ranbir Kumar
3418,2433,Unpaid Leave,2025-11-21,2025-11-24,4,Vacation,Approved,Mitesh De
3419,1778,Emergency Leave,2025-01-31,2025-02-04,5,Personal Work,Approved,Tripti Baria
3420,2044,Paternity Leave,2024-05-22,2024-05-28,7,Personal Work,Approved,Nilima Gokhale
3421,1056,Annual Leave,2025-04-13,2025-04-15,3,Marriage,Approved,Chanakya Zacharia
3422,1019,Emergency Leave,2024-02-01,2024-02-03,3,Religious Festival,Pending,
3423,1691,Paternity Leave,2024-12-27,2025-01-02,7,Religious Festival,Approved,Jeremiah Yadav
3424,1226,Annual Leave,2024-12-22,2024-12-25,4,Higher Education,Approved,Upkaar Menon
3425,2716,Annual Leave,2025-08-16,2025-08-21,6,Vacation,Pending,
3426,1785,Emergency Leave,2025-06-08,2025-06-14,7,Higher Education,Approved,Megha Sarna
3427,126,Casual Leave,2024-11-23,2024-11-28,6,Marriage,Approved,Dominic Shere
3428,1993,Emergency Leave,2024-05-27,2024-06-02,7,Child Care,Approved,Samaksh Mangal
3429,1762,Unpaid Leave,2025-03-17,2025-03-20,4,Family Emergency,Approved,Isaiah Jain
3430,1377,Sick Leave,2025-06-12,2025-06-21,10,Child Care,Approved,Bhavna Rajan
3431,340,Annual Leave,2025-07-04,2025-07-05,2,Vacation,Approved,Noah Sethi
3432,615,Maternity Leave,2025-08-09,2025-08-15,7,Medical Treatment,Approved,Lekha Bhavsar
3433,2857,Paternity Leave,2024-02-09,2024-02-11,3,Vacation,Rejected,
3434,1931,Sick Leave,2025-03-07,2025-03-07,1,Religious Festival,Approved,Nidra Joshi
3435,2781,Paternity Leave,2024-05-19,2024-05-24,6,Medical Treatment,Approved,Faris Bobal
3436,166,Sick Leave,2024-07-26,2024-07-30,5,Vacation,Approved,Eiravati Master
3437,2388,Annual Leave,2025-07-05,2025-07-05,1,Marriage,Approved,Dalbir Kulkarni
3438,697,Emergency Leave,2024-11-02,2024-11-09,8,Personal Work,Approved,Ronith Krishna
3439,2521,Unpaid Leave,2024-01-05,2024-01-13,9,Personal Work,Approved,Sai Bali
3440,568,Annual Leave,2024-03-23,2024-03-30,8,Personal Work,Approved,Harshil Korpal
3441,645,Paternity Leave,2024-11-23,2024-12-01,9,Marriage,Approved,Falguni Raju
3442,2823,Casual Leave,2024-11-10,2024-11-10,1,Religious Festival,Approved,Sneha Rastogi
3443,2724,Sick Leave,2025-12-13,2025-12-20,8,Religious Festival,Approved,Bimala Karpe
3444,2085,Casual Leave,2024-06-12,2024-06-16,5,Child Care,Approved,Nitesh Garg
3445,1713,Unpaid Leave,2024-12-27,2024-12-30,4,Personal Work,Approved,Kamala Char
3446,2729,Casual Leave,2024-05-17,2024-05-20,4,Family Emergency,Approved,Alexander Mand
3447,2881,Sick Leave,2024-10-04,2024-10-04,1,Medical Treatment,Approved,Omaja Din
3448,605,Annual Leave,2025-09-28,2025-10-05,8,Medical Treatment,Approved,Krisha Devi
3449,1158,Unpaid Leave,2025-09-25,2025-09-30,6,Marriage,Approved,Bhanumati Buch
3450,2944,Emergency Leave,2024-05-30,2024-06-05,7,Personal Work,Approved,Logan Shere
3451,2905,Sick Leave,2024-08-26,2024-09-02,8,Religious Festival,Approved,Upadhriti Mahal
3452,642,Emergency Leave,2025-11-21,2025-11-24,4,Vacation,Approved,Tristan Ahluwalia
3453,129,Unpaid Leave,2025-07-18,2025-07-22,5,Higher Education,Approved,Arin Zacharia
3454,1899,Paternity Leave,2024-08-06,2024-08-12,7,Religious Festival,Approved,Pahal Acharya
3455,1842,Sick Leave,2025-06-19,2025-06-24,6,Child Care,Approved,Hamsini Koshy
3456,2697,Casual Leave,2025-08-12,2025-08-21,10,Family Emergency,Approved,Madhav Chand
3457,31,Unpaid Leave,2025-04-19,2025-04-21,3,Child Care,Pending,
3458,382,Emergency Leave,2025-03-26,2025-03-31,6,Family Emergency,Approved,Frado Deol
3459,984,Maternity Leave,2025-12-21,2025-12-30,10,Personal Work,Approved,Chameli Sangha
3460,829,Paternity Leave,2024-11-08,2024-11-10,3,Vacation,Approved,Nicholas Ravel
3461,2587,Casual Leave,2025-09-02,2025-09-07,6,Religious Festival,Approved,Chandani Prabhu
3462,1382,Annual Leave,2024-12-18,2024-12-19,2,Marriage,Approved,Kashish Bedi
3463,865,Sick Leave,2024-02-18,2024-02-23,6,Personal Work,Approved,Chanchal Kalita
3464,2175,Emergency Leave,2024-07-11,2024-07-19,9,Marriage,Rejected,
3465,1782,Unpaid Leave,2025-12-15,2025-12-15,1,Personal Work,Approved,Mohini Jhaveri
3466,2207,Unpaid Leave,2025-03-28,2025-04-04,8,Religious Festival,Approved,Advik Roy
3467,74,Emergency Leave,2024-03-10,2024-03-19,10,Medical Treatment,Approved,Qabil Mukhopadhyay
3468,1944,Unpaid Leave,2024-08-03,2024-08-09,7,Marriage,Pending,
3469,1291,Unpaid Leave,2025-08-06,2025-08-15,10,Personal Work,Approved,Janya Bala
3470,1230,Paternity Leave,2025-09-10,2025-09-10,1,Personal Work,Approved,Ekantika Prabhu
3471,1618,Casual Leave,2025-08-11,2025-08-11,1,Vacation,Approved,Adweta Upadhyay
3472,909,Unpaid Leave,2025-07-11,2025-07-18,8,Vacation,Approved,Brinda Ramaswamy
3473,1762,Annual Leave,2025-04-29,2025-04-30,2,Personal Work,Approved,Mitali Bhakta
3474,2193,Unpaid Leave,2025-01-29,2025-02-06,9,Vacation,Pending,
3475,2056,Unpaid Leave,2025-02-21,2025-02-25,5,Vacation,Approved,Gayathri Agate
3476,2035,Maternity Leave,2024-07-25,2024-07-28,4,Personal Work,Approved,Maanav Hegde
3477,475,Unpaid Leave,2024-04-26,2024-04-29,4,Child Care,Pending,
3478,2297,Paternity Leave,2025-01-03,2025-01-08,6,Marriage,Approved,Gagan Chatterjee
3479,59,Paternity Leave,2025-04-15,2025-04-21,7,Marriage,Approved,Kashvi Narain
3480,1966,Annual Leave,2024-04-21,2024-04-22,2,Personal Work,Approved,Alka Halder
3481,693,Paternity Leave,2025-11-11,2025-11-15,5,Child Care,Approved,Sara Warrior
3482,663,Emergency Leave,2025-06-18,2025-06-21,4,Religious Festival,Approved,Nitesh Virk
3483,400,Unpaid Leave,2024-12-04,2024-12-08,5,Medical Treatment,Approved,Chandran Golla
3484,313,Sick Leave,2024-06-20,2024-06-21,2,Vacation,Approved,Raksha Arya
3485,982,Annual Leave,2024-09-24,2024-09-28,5,Medical Treatment,Rejected,
3486,1849,Casual Leave,2024-02-14,2024-02-15,2,Higher Education,Approved,Amaira Mane
3487,2093,Annual Leave,2025-05-21,2025-05-28,8,Personal Work,Approved,William Parikh
3488,342,Casual Leave,2024-06-06,2024-06-07,2,Child Care,Approved,Yadavi Mittal
3489,776,Maternity Leave,2025-06-22,2025-06-26,5,Medical Treatment,Approved,Dev Sharaf
3490,260,Sick Leave,2025-10-16,2025-10-18,3,Marriage,Approved,Peter Sharaf
3491,1961,Unpaid Leave,2024-07-04,2024-07-09,6,Child Care,Approved,Ikshita Borra
3492,1772,Annual Leave,2024-02-29,2024-03-08,9,Child Care,Approved,Mugdha Pal
3493,870,Sick Leave,2025-11-18,2025-11-21,4,Higher Education,Approved,Kala Bassi
3494,2402,Paternity Leave,2025-09-22,2025-09-23,2,Marriage,Rejected,
3495,2692,Unpaid Leave,2025-05-06,2025-05-13,8,Higher Education,Approved,Janya Gopal
3496,1587,Casual Leave,2024-09-05,2024-09-10,6,Vacation,Approved,Veda Sodhi
3497,150,Emergency Leave,2024-07-05,2024-07-08,4,Religious Festival,Approved,Jatin Sane
3498,71,Paternity Leave,2025-09-19,2025-09-24,6,Child Care,Approved,Kavya Sengupta
3499,31,Casual Leave,2025-07-15,2025-07-22,8,Medical Treatment,Approved,Sudiksha Wali
3500,2436,Maternity Leave,2025-09-05,2025-09-13,9,Family Emergency,Approved,Vrinda Naik
3501,1940,Emergency Leave,2024-10-07,2024-10-15,9,Religious Festival,Rejected,
3502,491,Maternity Leave,2025-06-16,2025-06-16,1,Religious Festival,Approved,Raksha Babu
3503,1008,Casual Leave,2024-01-02,2024-01-10,9,Personal Work,Approved,Nidra Dhawan
3504,160,Unpaid Leave,2024-12-19,2024-12-20,2,Personal Work,Approved,Megha Reddy
3505,2724,Sick Leave,2024-03-23,2024-03-27,5,Family Emergency,Approved,Praneel Parmer
3506,1150,Casual Leave,2025-08-22,2025-08-28,7,Religious Festival,Rejected,
3507,308,Emergency Leave,2025-12-07,2025-12-11,5,Child Care,Approved,Xiti Rajagopalan
3508,94,Annual Leave,2025-08-22,2025-08-26,5,Medical Treatment,Approved,Oeshi Keer
3509,563,Maternity Leave,2025-12-06,2025-12-15,10,Medical Treatment,Approved,Janya Cherian
3510,1485,Annual Leave,2024-05-11,2024-05-12,2,Religious Festival,Rejected,
3511,1304,Annual Leave,2025-08-17,2025-08-19,3,Medical Treatment,Approved,Chaitanya Savant
3512,949,Annual Leave,2025-06-24,2025-06-28,5,Medical Treatment,Approved,Brijesh Chadha
3513,2920,Maternity Leave,2024-07-29,2024-08-07,10,Personal Work,Approved,Ojasvi Natarajan
3514,2263,Paternity Leave,2024-10-18,2024-10-22,5,Child Care,Approved,Balhaar Shroff
3515,167,Casual Leave,2024-12-16,2024-12-22,7,Religious Festival,Approved,Mitesh Dugal
3516,1103,Paternity Leave,2025-08-08,2025-08-08,1,Medical Treatment,Approved,Libni Mander
3517,2410,Annual Leave,2025-11-20,2025-11-21,2,Vacation,Pending,
3518,1922,Unpaid Leave,2024-07-04,2024-07-09,6,Medical Treatment,Approved,Hiral Amble
3519,1083,Sick Leave,2024-02-01,2024-02-10,10,Marriage,Pending,
3520,336,Casual Leave,2024-03-29,2024-03-31,3,Medical Treatment,Approved,Balvan Rajan
3521,2584,Unpaid Leave,2025-03-23,2025-03-23,1,Family Emergency,Approved,Arjun Dixit
3522,694,Paternity Leave,2025-11-19,2025-11-27,9,Child Care,Approved,Orinder Gandhi
3523,22,Paternity Leave,2025-04-30,2025-05-08,9,Marriage,Approved,Arunima Comar
3524,2018,Maternity Leave,2025-12-28,2025-12-31,4,Marriage,Approved,Jeevika Khosla
3525,2512,Paternity Leave,2025-02-05,2025-02-11,7,Personal Work,Approved,Balveer Wadhwa
3526,1411,Sick Leave,2025-05-11,2025-05-17,7,Child Care,Rejected,
3527,2369,Casual Leave,2025-08-23,2025-08-27,5,Medical Treatment,Approved,Amol Wason
3528,2896,Emergency Leave,2024-04-22,2024-04-26,5,Higher Education,Approved,Karan Sharaf
3529,6,Annual Leave,2025-09-19,2025-09-25,7,Personal Work,Approved,Madhav Hari
3530,2832,Sick Leave,2025-01-02,2025-01-11,10,Medical Treatment,Approved,Vasatika Rajagopalan
3531,2749,Sick Leave,2024-11-09,2024-11-11,3,Marriage,Approved,Caleb Rajagopalan
3532,1024,Paternity Leave,2025-08-20,2025-08-20,1,Child Care,Approved,Indrajit Sarna
3533,545,Sick Leave,2025-12-27,2025-12-31,5,Vacation,Pending,
3534,2670,Sick Leave,2024-09-08,2024-09-09,2,Vacation,Approved,Ayaan Tailor
3535,1694,Annual Leave,2024-09-03,2024-09-08,6,Family Emergency,Approved,Oni Subramaniam
3536,603,Paternity Leave,2024-07-18,2024-07-19,2,Religious Festival,Approved,Gopal Kunda
3537,1684,Emergency Leave,2024-05-22,2024-05-30,9,Higher Education,Approved,Amrita Parekh
3538,2717,Sick Leave,2025-10-22,2025-10-24,3,Religious Festival,Approved,Ayaan Sodhi
3539,771,Unpaid Leave,2024-11-09,2024-11-12,4,Personal Work,Approved,Eshana Chauhan
3540,1792,Annual Leave,2024-08-23,2024-08-27,5,Higher Education,Approved,Abeer Shukla
3541,650,Annual Leave,2024-08-13,2024-08-13,1,Personal Work,Approved,Finn Ramesh
3542,835,Emergency Leave,2025-06-05,2025-06-06,2,Family Emergency,Pending,
3543,1161,Casual Leave,2024-01-23,2024-01-25,3,Vacation,Approved,Frederick Mall
3544,1939,Unpaid Leave,2024-05-06,2024-05-14,9,Higher Education,Approved,Saumya Gera
3545,1425,Casual Leave,2025-03-20,2025-03-23,4,Personal Work,Approved,Diya Pradhan
3546,1954,Emergency Leave,2025-08-29,2025-09-02,5,Marriage,Approved,Omaja Batta
3547,1795,Sick Leave,2025-05-30,2025-05-30,1,Higher Education,Approved,Aarna Vora
3548,1576,Sick Leave,2024-04-17,2024-04-25,9,Family Emergency,Approved,Krishna Mohan
3549,450,Casual Leave,2024-12-21,2024-12-26,6,Medical Treatment,Approved,Lipika Dara
3550,1114,Unpaid Leave,2025-08-15,2025-08-23,9,Child Care,Approved,Rushil Seth
3551,84,Annual Leave,2024-08-30,2024-09-08,10,Medical Treatment,Pending,
3552,989,Casual Leave,2025-10-02,2025-10-06,5,Family Emergency,Approved,Parth Swaminathan
3553,2571,Emergency Leave,2024-10-08,2024-10-16,9,Vacation,Approved,Hemangini Parikh
3554,1341,Unpaid Leave,2025-08-28,2025-09-05,9,Religious Festival,Approved,Kala Thaman
3555,6,Emergency Leave,2025-06-14,2025-06-17,4,Personal Work,Approved,Urvi Mahal
3556,2953,Unpaid Leave,2024-09-22,2024-09-28,7,Personal Work,Approved,Vamakshi Sankaran
3557,2402,Sick Leave,2025-11-22,2025-11-28,7,Religious Festival,Approved,Champak Apte
3558,394,Emergency Leave,2024-10-26,2024-11-02,8,Marriage,Approved,Chakrika Pai
3559,1331,Annual Leave,2024-10-29,2024-11-03,6,Marriage,Approved,Chaitaly Merchant
3560,2182,Casual Leave,2025-07-26,2025-08-02,8,Vacation,Approved,Chaitanya Gour
3561,2826,Annual Leave,2024-02-18,2024-02-19,2,Family Emergency,Approved,Ekanta Oommen
3562,948,Emergency Leave,2025-01-12,2025-01-12,1,Child Care,Approved,Charvi Khosla
3563,2192,Paternity Leave,2024-10-15,2024-10-16,2,Higher Education,Approved,Niharika Trivedi
3564,2943,Sick Leave,2025-07-11,2025-07-14,4,Marriage,Approved,Vyanjana Jain
3565,1520,Annual Leave,2024-09-26,2024-09-26,1,Child Care,Approved,Leena Mishra
3566,493,Casual Leave,2024-01-26,2024-02-04,10,Marriage,Pending,
3567,383,Casual Leave,2025-07-18,2025-07-21,4,Medical Treatment,Approved,Warinder Kalla
3568,1026,Unpaid Leave,2025-09-10,2025-09-19,10,Marriage,Approved,Jyoti Joshi
3569,181,Emergency Leave,2024-07-04,2024-07-08,5,Vacation,Approved,Ekantika Morar
3570,2006,Unpaid Leave,2024-03-28,2024-03-31,4,Religious Festival,Approved,Kiaan Uppal
3571,410,Annual Leave,2024-04-10,2024-04-18,9,Personal Work,Approved,Sneha Mammen
3572,1,Emergency Leave,2025-07-02,2025-07-07,6,Higher Education,Pending,
3573,2279,Paternity Leave,2025-12-12,2025-12-14,3,Medical Treatment,Approved,Mahika Halder
3574,2570,Maternity Leave,2024-01-29,2024-01-29,1,Marriage,Approved,Nitesh Bahl
3575,705,Unpaid Leave,2024-03-30,2024-04-01,3,Vacation,Approved,Yashoda Kumer
3576,735,Sick Leave,2024-11-25,2024-11-28,4,Personal Work,Approved,Vanya Taneja
3577,1888,Annual Leave,2024-11-19,2024-11-26,8,Family Emergency,Approved,Praneel Pathak
3578,129,Annual Leave,2024-04-11,2024-04-14,4,Personal Work,Approved,Aahana Aggarwal
3579,2813,Emergency Leave,2025-10-02,2025-10-04,3,Family Emergency,Approved,Hiral Mitra
3580,1941,Emergency Leave,2025-07-02,2025-07-02,1,Vacation,Approved,Azaan Nori
3581,2184,Sick Leave,2024-11-03,2024-11-09,7,Family Emergency,Approved,Lakshit Zachariah
3582,868,Annual Leave,2024-08-19,2024-08-21,3,Child Care,Approved,Anika Khare
3583,940,Paternity Leave,2025-01-05,2025-01-07,3,Religious Festival,Approved,Gaurika Bhavsar
3584,1856,Sick Leave,2024-10-21,2024-10-30,10,Marriage,Approved,Chandresh Lall
3585,1840,Emergency Leave,2025-08-16,2025-08-18,3,Higher Education,Approved,Kamya Iyengar
3586,1144,Casual Leave,2025-07-19,2025-07-23,5,Vacation,Approved,Hemani Kalla
3587,804,Emergency Leave,2024-03-18,2024-03-22,5,Higher Education,Approved,Nisha Sane
3588,373,Unpaid Leave,2024-12-20,2024-12-29,10,Family Emergency,Approved,Siya Sastry
3589,221,Sick Leave,2025-12-23,2025-12-31,9,Medical Treatment,Pending,
3590,2295,Emergency Leave,2025-11-14,2025-11-20,7,Family Emergency,Pending,
3591,217,Maternity Leave,2024-12-28,2024-12-30,3,Marriage,Approved,Quincy Merchant
3592,518,Sick Leave,2025-01-31,2025-01-31,1,Medical Treatment,Approved,Hema Babu
3593,990,Maternity Leave,2025-04-02,2025-04-10,9,Medical Treatment,Approved,Yoshita Narayanan
3594,1064,Casual Leave,2025-04-07,2025-04-12,6,Family Emergency,Approved,Tamanna Batta
3595,181,Emergency Leave,2025-11-28,2025-12-05,8,Marriage,Approved,Ishani Naidu
3596,573,Unpaid Leave,2025-12-02,2025-12-05,4,Medical Treatment,Approved,Chatura Barad
3597,2122,Sick Leave,2024-06-06,2024-06-15,10,Child Care,Approved,Vasudha Bir
3598,2953,Paternity Leave,2024-11-06,2024-11-14,9,Religious Festival,Approved,Kala Majumdar
3599,1888,Sick Leave,2025-07-25,2025-07-29,5,Religious Festival,Rejected,
3600,123,Annual Leave,2024-03-05,2024-03-05,1,Vacation,Approved,Upasna Rattan
3601,2962,Annual Leave,2024-06-24,2024-06-25,2,Medical Treatment,Approved,Jeet Purohit
3602,339,Paternity Leave,2024-08-12,2024-08-15,4,Medical Treatment,Approved,Ekapad Master
3603,1799,Unpaid Leave,2024-10-20,2024-10-28,9,Vacation,Approved,Yashica Shankar
3604,2584,Paternity Leave,2024-07-29,2024-08-07,10,Family Emergency,Approved,Ikshita Bhatnagar
3605,1448,Casual Leave,2024-05-05,2024-05-11,7,Personal Work,Approved,Hamsini Jha
3606,1197,Casual Leave,2024-04-02,2024-04-04,3,Family Emergency,Approved,Ganga Natarajan
3607,2460,Paternity Leave,2025-11-01,2025-11-10,10,Personal Work,Approved,Onveer Loyal
3608,2012,Maternity Leave,2024-07-01,2024-07-02,2,Personal Work,Approved,Wridesh Dubey
3609,2054,Maternity Leave,2024-10-21,2024-10-21,1,Higher Education,Approved,Idika Ganguly
3610,166,Maternity Leave,2024-12-29,2025-01-04,7,Vacation,Approved,Lila Shah
3611,2455,Annual Leave,2024-03-07,2024-03-07,1,Marriage,Approved,Keya Dara
3612,1548,Casual Leave,2024-09-19,2024-09-24,6,Personal Work,Approved,Jason Pandya
3613,2172,Sick Leave,2025-04-19,2025-04-25,7,Medical Treatment,Approved,Urvashi Badami
3614,966,Emergency Leave,2024-05-12,2024-05-14,3,Marriage,Approved,Tamanna Bali
3615,1318,Casual Leave,2025-11-24,2025-11-24,1,Family Emergency,Approved,Veda Lala
3616,2363,Emergency Leave,2025-05-04,2025-05-04,1,Vacation,Approved,Idika Khurana
3617,2561,Emergency Leave,2024-05-03,2024-05-03,1,Marriage,Approved,Samar Badami
3618,1681,Maternity Leave,2024-02-23,2024-03-03,10,Religious Festival,Approved,Zilmil Deep
3619,70,Unpaid Leave,2025-01-30,2025-02-08,10,Family Emergency,Approved,Zilmil Kaur
3620,516,Annual Leave,2024-10-31,2024-10-31,1,Vacation,Approved,Nilima Barad
3621,502,Unpaid Leave,2024-04-02,2024-04-08,7,Medical Treatment,Approved,Arin Garg
3622,2277,Maternity Leave,2025-12-26,2025-12-26,1,Personal Work,Approved,Ekiya Aurora
3623,2637,Sick Leave,2025-12-21,2025-12-29,9,Higher Education,Pending,
3624,1020,Maternity Leave,2025-02-16,2025-02-19,4,Marriage,Approved,Gagan Loyal
3625,2165,Paternity Leave,2024-03-23,2024-03-24,2,Marriage,Approved,Ganga Oommen
3626,635,Paternity Leave,2025-09-09,2025-09-10,2,Child Care,Approved,Ekapad Hora
3627,2536,Paternity Leave,2024-08-12,2024-08-16,5,Personal Work,Approved,Eesha Suri
3628,1670,Casual Leave,2024-02-14,2024-02-16,3,Child Care,Approved,Mason Datta
3629,2937,Sick Leave,2025-06-08,2025-06-13,6,Child Care,Approved,Varenya Bhat
3630,877,Annual Leave,2024-11-21,2024-11-25,5,Personal Work,Rejected,
3631,337,Emergency Leave,2024-09-09,2024-09-09,1,Personal Work,Approved,Tara Tata
3632,2588,Emergency Leave,2025-07-21,2025-07-23,3,Religious Festival,Approved,Gagan Viswanathan
3633,1191,Unpaid Leave,2025-01-18,2025-01-18,1,Marriage,Approved,Balvan Gole
3634,2954,Paternity Leave,2025-12-08,2025-12-13,6,Family Emergency,Approved,Tarak Bhardwaj
3635,1204,Sick Leave,2024-10-27,2024-10-27,1,Higher Education,Approved,Yauvani Sule
3636,1546,Casual Leave,2024-08-22,2024-08-28,7,Personal Work,Approved,Samar Mohanty
3637,2102,Maternity Leave,2025-11-11,2025-11-19,9,Vacation,Approved,Ekavir Bhakta
3638,926,Paternity Leave,2025-08-14,2025-08-15,2,Family Emergency,Approved,Ayaan Babu
3639,1129,Casual Leave,2024-12-03,2024-12-05,3,Vacation,Approved,Teerth Sami
3640,2760,Paternity Leave,2024-12-23,2024-12-28,6,Vacation,Approved,Aachal Sankaran
3641,1194,Sick Leave,2024-02-24,2024-02-27,4,Marriage,Pending,
3642,1455,Sick Leave,2024-05-31,2024-06-08,9,Religious Festival,Approved,Bhavna Viswanathan
3643,2904,Annual Leave,2025-05-05,2025-05-11,7,Family Emergency,Approved,Gaurang Sathe
3644,419,Annual Leave,2025-04-11,2025-04-12,2,Higher Education,Approved,Yashica Sachdev
3645,2156,Emergency Leave,2024-04-27,2024-04-28,2,Marriage,Approved,Tarak Shanker
3646,988,Maternity Leave,2025-11-04,2025-11-05,2,Marriage,Approved,Nilima Sankaran
3647,2018,Sick Leave,2024-01-15,2024-01-17,3,Religious Festival,Approved,Kamala Vohra
3648,925,Annual Leave,2024-04-30,2024-05-06,7,Medical Treatment,Approved,Udyati Majumdar
3649,344,Unpaid Leave,2024-03-10,2024-03-19,10,Higher Education,Approved,Eesha Bajwa
3650,1342,Emergency Leave,2025-10-25,2025-10-26,2,Child Care,Approved,Eiravati Kibe
3651,2264,Paternity Leave,2025-12-04,2025-12-12,9,Vacation,Pending,
3652,758,Sick Leave,2025-10-04,2025-10-04,1,Vacation,Rejected,
3653,2401,Annual Leave,2025-08-22,2025-08-27,6,Medical Treatment,Approved,Megha Mody
3654,2252,Sick Leave,2024-10-01,2024-10-10,10,Vacation,Approved,Ekanta Sachdev
3655,1002,Paternity Leave,2024-10-12,2024-10-18,7,Higher Education,Approved,Yachana Shan
3656,1081,Paternity Leave,2025-05-31,2025-06-04,5,Medical Treatment,Approved,Yashawini Nayar
3657,2969,Emergency Leave,2024-12-03,2024-12-03,1,Marriage,Pending,
3658,1605,Casual Leave,2025-10-13,2025-10-22,10,Family Emergency,Approved,Zinal Dutta
3659,238,Annual Leave,2024-11-24,2024-11-28,5,Medical Treatment,Approved,Yamini Patil
3660,2155,Paternity Leave,2024-11-11,2024-11-20,10,Personal Work,Approved,Omya Walla
3661,926,Sick Leave,2025-09-13,2025-09-19,7,Religious Festival,Approved,Sachi Kalita
3662,109,Maternity Leave,2024-09-05,2024-09-07,3,Child Care,Approved,Thomas Kunda
3663,798,Sick Leave,2024-10-28,2024-10-30,3,Family Emergency,Pending,
3664,302,Sick Leave,2024-04-13,2024-04-20,8,Religious Festival,Approved,Jackson Chana
3665,1714,Annual Leave,2024-03-07,2024-03-08,2,Vacation,Approved,Tanveer Kala
3666,2849,Paternity Leave,2024-09-28,2024-10-02,5,Child Care,Approved,Vansha Deep
3667,176,Unpaid Leave,2024-07-23,2024-07-28,6,Religious Festival,Approved,Darika Goswami
3668,974,Emergency Leave,2025-10-21,2025-10-27,7,Vacation,Approved,Chandani Rattan
3669,2128,Paternity Leave,2025-02-13,2025-02-14,2,Family Emergency,Approved,Chanakya Mukhopadhyay
3670,1748,Unpaid Leave,2025-01-07,2025-01-07,1,Marriage,Pending,
3671,227,Maternity Leave,2024-07-23,2024-07-26,4,Child Care,Approved,Odika Parmer
3672,2489,Annual Leave,2024-05-18,2024-05-18,1,Higher Education,Approved,Ronith Kohli
3673,298,Casual Leave,2024-07-20,2024-07-23,4,Family Emergency,Approved,Yutika Bora
3674,896,Casual Leave,2025-10-11,2025-10-16,6,Child Care,Approved,Nidra Parmer
3675,2086,Maternity Leave,2025-04-12,2025-04-14,3,Medical Treatment,Approved,Naksh Dani
3676,1989,Paternity Leave,2025-02-19,2025-02-26,8,Family Emergency,Approved,Maanav Tripathi
3677,2545,Sick Leave,2024-10-09,2024-10-17,9,Personal Work,Approved,Ekani Yohannan
3678,166,Annual Leave,2025-09-12,2025-09-15,4,Vacation,Approved,Upasna Divan
3679,2162,Emergency Leave,2024-07-07,2024-07-10,4,Marriage,Approved,Upadhriti Badal
3680,1954,Unpaid Leave,2025-06-04,2025-06-12,9,Family Emergency,Approved,Lakshmi Sarkar
3681,1669,Annual Leave,2025-02-17,2025-02-20,4,Religious Festival,Approved,Lekha Chaudhuri
3682,2518,Paternity Leave,2025-04-07,2025-04-08,2,Religious Festival,Approved,Ranbir Hayer
3683,1850,Paternity Leave,2024-06-17,2024-06-17,1,Vacation,Approved,Krish Viswanathan
3684,2079,Casual Leave,2025-04-03,2025-04-12,10,Medical Treatment,Approved,Laban Batta
3685,1186,Casual Leave,2025-11-15,2025-11-24,10,Vacation,Approved,Ojas Manda
3686,2928,Emergency Leave,2024-01-31,2024-02-04,5,Family Emergency,Approved,Pushti Gara
3687,1651,Unpaid Leave,2024-07-31,2024-08-09,10,Child Care,Approved,Jalsa Krish
3688,2558,Maternity Leave,2024-03-02,2024-03-08,7,Personal Work,Approved,Tanmayi Gara
3689,2264,Paternity Leave,2025-09-30,2025-10-09,10,Higher Education,Approved,Lajita Narayan
3690,368,Maternity Leave,2024-10-24,2024-10-28,5,Religious Festival,Approved,Nathaniel Oza
3691,2373,Emergency Leave,2025-05-04,2025-05-13,10,Religious Festival,Approved,Aarush Thaman
3692,2316,Annual Leave,2024-02-28,2024-03-03,5,Personal Work,Approved,Ladli Raju
3693,2333,Maternity Leave,2024-03-09,2024-03-12,4,Marriage,Pending,
3694,444,Sick Leave,2024-04-07,2024-04-10,4,Family Emergency,Approved,Qabil Varkey
3695,1761,Emergency Leave,2025-06-15,2025-06-24,10,Vacation,Approved,Zansi Deshpande
3696,1671,Maternity Leave,2025-05-10,2025-05-10,1,Higher Education,Rejected,
3697,635,Emergency Leave,2024-04-10,2024-04-11,2,Child Care,Approved,Chandran Hayre
3698,126,Paternity Leave,2025-11-22,2025-11-29,8,Marriage,Approved,Yoshita Subramaniam
3699,1268,Maternity Leave,2025-10-02,2025-10-05,4,Marriage,Approved,Hritik Nadkarni
3700,1335,Paternity Leave,2025-09-13,2025-09-22,10,Marriage,Pending,
3701,2131,Sick Leave,2025-11-03,2025-11-11,9,Personal Work,Approved,Yutika Varkey
3702,13,Casual Leave,2025-08-20,2025-08-26,7,Medical Treatment,Pending,
3703,584,Paternity Leave,2025-06-12,2025-06-21,10,Religious Festival,Approved,Reyansh Sandhu
3704,123,Maternity Leave,2025-08-16,2025-08-18,3,Religious Festival,Approved,Agastya Halder
3705,2231,Paternity Leave,2024-06-10,2024-06-12,3,Personal Work,Approved,Chaitaly Narayan
3706,383,Unpaid Leave,2024-06-07,2024-06-15,9,Child Care,Approved,Neel Chaudry
3707,1412,Emergency Leave,2025-10-24,2025-10-25,2,Marriage,Pending,
3708,62,Maternity Leave,2024-01-20,2024-01-27,8,Medical Treatment,Approved,Simon Sehgal
3709,2753,Unpaid Leave,2024-12-28,2024-12-30,3,Religious Festival,Approved,Omisha Deol
3710,2341,Casual Leave,2025-11-13,2025-11-14,2,Marriage,Approved,Harish Parekh
3711,1094,Emergency Leave,2024-04-09,2024-04-17,9,Personal Work,Approved,Dayita Jhaveri
3712,2085,Casual Leave,2025-08-06,2025-08-06,1,Family Emergency,Approved,Mohini Sheth
3713,1960,Unpaid Leave,2024-05-13,2024-05-16,4,Child Care,Approved,Abdul Balan
3714,2460,Emergency Leave,2025-09-04,2025-09-10,7,Vacation,Approved,Anusha Sahni
3715,479,Unpaid Leave,2024-02-03,2024-02-09,7,Medical Treatment,Approved,Nathan Dyal
3716,333,Paternity Leave,2025-04-28,2025-05-01,4,Religious Festival,Approved,Ekapad Oommen
3717,105,Annual Leave,2025-11-20,2025-11-21,2,Vacation,Approved,Utkarsh Savant
3718,2508,Paternity Leave,2024-07-09,2024-07-13,5,Medical Treatment,Approved,Girik Bhatia
3719,1317,Annual Leave,2024-11-30,2024-12-07,8,Family Emergency,Approved,Owen Sankaran
3720,2579,Maternity Leave,2024-05-29,2024-06-01,4,Higher Education,Approved,Simon Hegde
3721,2630,Emergency Leave,2025-10-16,2025-10-18,3,Religious Festival,Approved,Gaurangi Narayanan
3722,904,Paternity Leave,2024-12-22,2024-12-26,5,Higher Education,Approved,Zarna Raj
3723,1805,Emergency Leave,2024-02-13,2024-02-22,10,Family Emergency,Approved,Ucchal Wagle
3724,239,Paternity Leave,2025-03-05,2025-03-12,8,Child Care,Pending,
3725,1687,Paternity Leave,2025-07-28,2025-07-30,3,Religious Festival,Approved,Anika Deep
3726,80,Maternity Leave,2025-07-03,2025-07-04,2,Higher Education,Approved,Ijaya Chaudry
3727,2970,Paternity Leave,2025-01-30,2025-02-06,8,Vacation,Pending,
3728,660,Maternity Leave,2025-04-24,2025-05-03,10,Personal Work,Approved,Mohini Ghose
3729,94,Emergency Leave,2025-04-04,2025-04-12,9,Personal Work,Approved,Arunima Bakshi
3730,276,Sick Leave,2025-05-18,2025-05-21,4,Marriage,Approved,Nimrat Pandey
3731,366,Sick Leave,2025-12-02,2025-12-07,6,Family Emergency,Approved,Noah Chandra
3732,830,Casual Leave,2024-12-09,2024-12-15,7,Medical Treatment,Approved,Aryan Memon
3733,1902,Annual Leave,2025-01-20,2025-01-23,4,Family Emergency,Approved,Rachana Kala
3734,2778,Annual Leave,2024-10-29,2024-10-30,2,Vacation,Approved,Luke Mall
3735,1556,Annual Leave,2025-02-16,2025-02-19,4,Marriage,Approved,Andrew Malhotra
3736,2103,Paternity Leave,2025-10-23,2025-10-28,6,Higher Education,Approved,Tripti Mahajan
3737,2237,Maternity Leave,2025-11-22,2025-11-27,6,Marriage,Approved,Irya Mukhopadhyay
3738,894,Emergency Leave,2024-05-17,2024-05-18,2,Personal Work,Pending,
3739,1258,Casual Leave,2025-08-11,2025-08-20,10,Family Emergency,Approved,Yatan Krish
3740,2371,Casual Leave,2025-08-07,2025-08-07,1,Child Care,Approved,Abhiram Kade
3741,1205,Maternity Leave,2024-04-28,2024-04-28,1,Medical Treatment,Rejected,
3742,1767,Casual Leave,2024-06-05,2024-06-09,5,Marriage,Rejected,
3743,1851,Sick Leave,2024-12-16,2024-12-20,5,Child Care,Approved,Balhaar Aggarwal
3744,1927,Maternity Leave,2025-03-05,2025-03-06,2,Higher Education,Pending,
3745,2047,Paternity Leave,2025-03-21,2025-03-29,9,Family Emergency,Approved,Mahika Nori
3746,308,Annual Leave,2024-02-29,2024-03-02,3,Higher Education,Approved,Timothy Kala
3747,2413,Maternity Leave,2025-09-05,2025-09-07,3,Marriage,Approved,Niharika Thakur
3748,1070,Maternity Leave,2025-05-08,2025-05-14,7,Religious Festival,Approved,Chatura Basu
3749,2013,Unpaid Leave,2024-06-13,2024-06-22,10,Child Care,Approved,Deepa Raju
3750,949,Unpaid Leave,2025-07-13,2025-07-21,9,Medical Treatment,Approved,Brijesh Kashyap
3751,2111,Sick Leave,2025-02-16,2025-02-24,9,Religious Festival,Approved,Oeshi Radhakrishnan
3752,1673,Annual Leave,2024-05-09,2024-05-14,6,Higher Education,Approved,Abdul Grewal
3753,94,Emergency Leave,2024-07-08,2024-07-17,10,Child Care,Approved,Tarak Anand
3754,1650,Paternity Leave,2024-03-04,2024-03-05,2,Vacation,Approved,Ranbir Gopal
3755,1650,Unpaid Leave,2025-09-27,2025-10-04,8,Child Care,Approved,Forum Sachar
3756,2123,Unpaid Leave,2024-09-26,2024-09-28,3,Vacation,Approved,Rishi Kant
3757,1496,Unpaid Leave,2025-02-28,2025-02-28,1,Family Emergency,Approved,Saumya Butala
3758,346,Paternity Leave,2024-11-14,2024-11-16,3,Religious Festival,Approved,Eesha Soman
3759,1344,Paternity Leave,2025-08-24,2025-08-26,3,Child Care,Approved,Saumya Ahluwalia
3760,2781,Unpaid Leave,2024-05-16,2024-05-21,6,Religious Festival,Approved,Osha Pillay
3761,2209,Emergency Leave,2025-12-01,2025-12-02,2,Child Care,Approved,Yochana Sama
3762,2333,Sick Leave,2025-04-27,2025-04-28,2,Family Emergency,Approved,Xalak Pall
3763,298,Maternity Leave,2024-02-14,2024-02-16,3,Child Care,Approved,Max Kaul
3764,1871,Unpaid Leave,2024-04-06,2024-04-15,10,Personal Work,Pending,
3765,964,Emergency Leave,2025-12-03,2025-12-12,10,Personal Work,Approved,Nicholas Som
3766,2240,Unpaid Leave,2025-06-04,2025-06-04,1,Family Emergency,Pending,
3767,155,Unpaid Leave,2024-06-18,2024-06-23,6,Marriage,Approved,Jagrati Lall
3768,2713,Unpaid Leave,2024-11-18,2024-11-26,9,Personal Work,Approved,Karan Chandran
3769,2079,Casual Leave,2025-06-07,2025-06-09,3,Religious Festival,Approved,Yauvani Narang
3770,2498,Maternity Leave,2025-04-13,2025-04-21,9,Medical Treatment,Approved,Aarav Pandit
3771,1162,Casual Leave,2025-06-15,2025-06-22,8,Higher Education,Approved,Varenya Dixit
3772,147,Paternity Leave,2024-06-21,2024-06-28,8,Family Emergency,Approved,Frado Soni
3773,964,Maternity Leave,2024-06-25,2024-07-01,7,Higher Education,Approved,Orinder Dara
3774,803,Maternity Leave,2024-06-07,2024-06-09,3,Higher Education,Approved,Jyoti Prabhakar
3775,1126,Emergency Leave,2025-04-07,2025-04-08,2,Medical Treatment,Rejected,
3776,2947,Paternity Leave,2025-07-13,2025-07-20,8,Higher Education,Approved,Chatresh Barad
3777,1575,Maternity Leave,2025-10-07,2025-10-09,3,Child Care,Approved,Lohit Bail
3778,2072,Emergency Leave,2024-10-09,2024-10-11,3,Family Emergency,Approved,Onveer Rege
3779,1312,Maternity Leave,2025-02-18,2025-02-27,10,Vacation,Approved,Omkaar Padmanabhan
3780,2635,Maternity Leave,2024-06-13,2024-06-18,6,Vacation,Approved,Turvi Palan
3781,1633,Paternity Leave,2024-10-09,2024-10-11,3,Marriage,Approved,Victor Sengupta
3782,1511,Annual Leave,2025-04-25,2025-04-29,5,Religious Festival,Pending,
3783,1599,Emergency Leave,2025-03-07,2025-03-16,10,Higher Education,Approved,Atharv Jaggi
3784,2332,Annual Leave,2025-06-12,2025-06-12,1,Family Emergency,Approved,Ati Garg
3785,1146,Maternity Leave,2024-12-15,2024-12-17,3,Religious Festival,Approved,Joshua Golla
3786,1535,Casual Leave,2025-03-29,2025-04-02,5,Child Care,Approved,Gautami Badami
3787,1887,Maternity Leave,2024-07-11,2024-07-17,7,Religious Festival,Approved,Zinal Ahuja
3788,2505,Casual Leave,2025-08-26,2025-08-28,3,Family Emergency,Approved,Bachittar Maharaj
3789,2800,Maternity Leave,2024-07-29,2024-08-07,10,Child Care,Approved,Urvashi Borra
3790,911,Unpaid Leave,2024-06-16,2024-06-19,4,Medical Treatment,Approved,Wakeeta Peri
3791,1394,Emergency Leave,2025-05-06,2025-05-08,3,Religious Festival,Approved,Naksh Saini
3792,765,Maternity Leave,2024-10-13,2024-10-18,6,Higher Education,Approved,Hema Minhas
3793,729,Casual Leave,2025-01-31,2025-02-06,7,Family Emergency,Approved,Yashasvi Oza
3794,1654,Maternity Leave,2024-01-23,2024-01-26,4,Marriage,Approved,Thomas Biswas
3795,1407,Maternity Leave,2025-02-06,2025-02-15,10,Religious Festival,Approved,Lajita Ahuja
3796,419,Sick Leave,2024-03-18,2024-03-26,9,Child Care,Approved,Yug Suri
3797,1513,Casual Leave,2025-12-25,2025-12-25,1,Higher Education,Pending,
3798,2126,Casual Leave,2025-11-17,2025-11-23,7,Religious Festival,Pending,
3799,65,Maternity Leave,2025-10-09,2025-10-14,6,Personal Work,Approved,Vanya Bhat
3800,1072,Sick Leave,2025-03-19,2025-03-19,1,Medical Treatment,Approved,Adya Borra
3801,2767,Maternity Leave,2025-11-22,2025-12-01,10,Medical Treatment,Approved,Jagdish Sant
3802,1972,Maternity Leave,2025-07-27,2025-08-03,8,Marriage,Approved,Banjeet Raja
3803,2137,Unpaid Leave,2025-04-27,2025-05-02,6,Personal Work,Approved,Jairaj Mohanty
3804,155,Annual Leave,2025-05-28,2025-06-02,6,Personal Work,Approved,Isaac Bhat
3805,362,Casual Leave,2024-02-28,2024-03-03,5,Religious Festival,Approved,Deepa Soman
3806,1343,Sick Leave,2024-06-17,2024-06-18,2,Family Emergency,Approved,Orinder Sagar
3807,1500,Maternity Leave,2024-09-10,2024-09-13,4,Higher Education,Approved,Jyoti Lal
3808,2982,Unpaid Leave,2024-07-15,2024-07-23,9,Child Care,Approved,Zarna Gole
3809,1833,Unpaid Leave,2024-08-13,2024-08-18,6,Personal Work,Approved,Nitara Varghese
3810,614,Paternity Leave,2025-09-07,2025-09-08,2,Medical Treatment,Approved,Arya Lad
3811,145,Unpaid Leave,2025-07-26,2025-07-31,6,Child Care,Approved,Kabir Murty
3812,2522,Maternity Leave,2024-11-16,2024-11-17,2,Higher Education,Approved,Noah Bala
3813,2300,Annual Leave,2025-11-20,2025-11-29,10,Family Emergency,Approved,Ojasvi Sachdev
3814,1958,Annual Leave,2024-07-25,2024-07-29,5,Marriage,Approved,Amruta Bhatti
3815,2107,Maternity Leave,2025-03-02,2025-03-10,9,Religious Festival,Approved,Thomas Rout
3816,1648,Sick Leave,2025-04-06,2025-04-08,3,Child Care,Pending,
3817,1705,Annual Leave,2025-02-02,2025-02-07,6,Child Care,Approved,Anirudh Nadig
3818,1843,Maternity Leave,2025-10-31,2025-11-07,8,Family Emergency,Approved,Unni Dugal
3819,567,Emergency Leave,2024-03-31,2024-04-05,6,Personal Work,Approved,Alka Master
3820,2218,Paternity Leave,2024-06-14,2024-06-19,6,Child Care,Approved,Jagvi Sani
3821,1490,Unpaid Leave,2024-04-10,2024-04-15,6,Personal Work,Approved,Sai Ramachandran
3822,729,Maternity Leave,2025-03-03,2025-03-05,3,Medical Treatment,Approved,Luke Chadha
3823,340,Unpaid Leave,2024-10-04,2024-10-10,7,Vacation,Rejected,
3824,558,Unpaid Leave,2024-03-12,2024-03-12,1,Vacation,Pending,
3825,639,Unpaid Leave,2025-02-12,2025-02-16,5,Marriage,Approved,Rushil Taneja
3826,2402,Paternity Leave,2025-03-09,2025-03-12,4,Marriage,Approved,Aashi Srinivasan
3827,538,Paternity Leave,2025-03-14,2025-03-15,2,Religious Festival,Approved,Parth Warrior
3828,284,Sick Leave,2025-05-09,2025-05-09,1,Higher Education,Approved,Christopher Dhar
3829,139,Maternity Leave,2025-05-24,2025-05-27,4,Child Care,Approved,Dayamai Barman
3830,2276,Paternity Leave,2024-08-11,2024-08-13,3,Personal Work,Approved,Ryan Balasubramanian
3831,1243,Casual Leave,2024-08-30,2024-09-07,9,Child Care,Approved,Nathan Chowdhury
3832,1581,Maternity Leave,2025-06-19,2025-06-28,10,Higher Education,Rejected,
3833,591,Emergency Leave,2025-11-13,2025-11-16,4,Higher Education,Approved,Zinal Narayanan
3834,2947,Casual Leave,2025-04-28,2025-05-04,7,Vacation,Approved,Samarth Mohanty
3835,532,Casual Leave,2025-04-29,2025-05-07,9,Family Emergency,Rejected,
3836,1511,Casual Leave,2024-11-04,2024-11-07,4,Medical Treatment,Pending,
3837,2154,Sick Leave,2024-09-04,2024-09-06,3,Medical Treatment,Approved,Warda Luthra
3838,548,Sick Leave,2024-09-21,2024-09-22,2,Family Emergency,Approved,Ekanta Kashyap
3839,2643,Annual Leave,2024-04-11,2024-04-15,5,Vacation,Approved,Ekani Kota
3840,1545,Paternity Leave,2024-07-14,2024-07-14,1,Marriage,Pending,
3841,1702,Casual Leave,2024-02-24,2024-03-02,8,Higher Education,Approved,Benjamin Balakrishnan
3842,1414,Annual Leave,2025-12-01,2025-12-09,9,Higher Education,Approved,Libni Parekh
3843,1655,Maternity Leave,2024-09-21,2024-09-22,2,Family Emergency,Approved,Idika Deep
3844,741,Casual Leave,2024-05-21,2024-05-28,8,Personal Work,Approved,Harsh Tella
3845,1488,Maternity Leave,2025-10-06,2025-10-10,5,Child Care,Approved,Wishi Sama
3846,634,Unpaid Leave,2024-12-31,2025-01-09,10,Religious Festival,Pending,
3847,584,Maternity Leave,2025-08-02,2025-08-03,2,Higher Education,Approved,Falan Nigam
3848,1567,Paternity Leave,2025-05-16,2025-05-24,9,Medical Treatment,Approved,Diya Ratta
3849,1608,Annual Leave,2025-07-15,2025-07-23,9,Higher Education,Approved,Ayaan Suri
3850,496,Paternity Leave,2025-07-31,2025-08-07,8,Higher Education,Approved,Devika Pall
3851,2816,Sick Leave,2024-06-01,2024-06-04,4,Marriage,Approved,Yauvani Dhaliwal
3852,2313,Paternity Leave,2025-12-23,2026-01-01,10,Vacation,Rejected,
3853,1335,Sick Leave,2024-12-21,2024-12-23,3,Marriage,Approved,Raksha Sachdev
3854,1688,Sick Leave,2025-08-30,2025-08-31,2,Religious Festival,Approved,Faris Lall
3855,2693,Unpaid Leave,2025-08-01,2025-08-10,10,Personal Work,Approved,Vaishnavi Kibe
3856,968,Maternity Leave,2025-12-08,2025-12-16,9,Family Emergency,Approved,Charles Keer
3857,1332,Paternity Leave,2024-06-11,2024-06-16,6,Marriage,Approved,Arjun Banerjee
3858,2366,Unpaid Leave,2024-02-22,2024-03-01,9,Personal Work,Approved,Sarthak Deol
3859,1093,Emergency Leave,2024-07-09,2024-07-10,2,Higher Education,Approved,Logan Dube
3860,2020,Sick Leave,2025-05-06,2025-05-08,3,Personal Work,Approved,Yashica Ratti
3861,1013,Annual Leave,2025-03-23,2025-04-01,10,Personal Work,Approved,George Anne
3862,2366,Unpaid Leave,2024-07-21,2024-07-28,8,Medical Treatment,Approved,Bhanumati Solanki
3863,740,Emergency Leave,2025-04-29,2025-05-08,10,Higher Education,Approved,Mugdha Sarma
3864,12,Sick Leave,2025-10-07,2025-10-16,10,Medical Treatment,Approved,Nitesh Raja
3865,664,Annual Leave,2024-10-16,2024-10-21,6,Higher Education,Approved,Girindra Kunda
3866,2159,Emergency Leave,2025-02-23,2025-02-24,2,Religious Festival,Approved,Prisha Sastry
3867,567,Maternity Leave,2024-03-07,2024-03-15,9,Marriage,Pending,
3868,536,Sick Leave,2025-09-14,2025-09-14,1,Medical Treatment,Approved,Lila Kumar
3869,552,Unpaid Leave,2025-07-07,2025-07-12,6,Vacation,Approved,Hemani Kala
3870,2245,Sick Leave,2024-02-24,2024-02-26,3,Vacation,Approved,Advaith Kohli
3871,1087,Unpaid Leave,2025-06-07,2025-06-15,9,Higher Education,Approved,Warinder Bath
3872,2125,Maternity Leave,2025-11-01,2025-11-09,9,Higher Education,Approved,Chaitaly Pal
3873,1431,Paternity Leave,2024-01-08,2024-01-11,4,Religious Festival,Approved,Kamala Kadakia
3874,2734,Maternity Leave,2025-09-22,2025-09-27,6,Child Care,Approved,Suhani Chakraborty
3875,250,Unpaid Leave,2025-01-11,2025-01-11,1,Personal Work,Approved,Udarsh Bahl
3876,1238,Sick Leave,2024-07-15,2024-07-21,7,Religious Festival,Approved,Chaitanya Rege
3877,449,Emergency Leave,2025-04-24,2025-04-25,2,Family Emergency,Approved,Ronith Brar
3878,861,Unpaid Leave,2025-05-12,2025-05-21,10,Medical Treatment,Pending,
3879,94,Unpaid Leave,2024-04-20,2024-04-22,3,Family Emergency,Approved,Aadi Goswami
3880,2990,Maternity Leave,2024-08-01,2024-08-06,6,Medical Treatment,Approved,Maanav Dass
3881,1241,Sick Leave,2025-11-08,2025-11-15,8,Marriage,Approved,Shivani Tara
3882,233,Maternity Leave,2024-04-27,2024-04-30,4,Child Care,Pending,
3883,1926,Annual Leave,2025-02-24,2025-02-27,4,Higher Education,Approved,Kevin Pradhan
3884,381,Maternity Leave,2024-04-29,2024-04-30,2,Vacation,Approved,Finn Deshpande
3885,2594,Sick Leave,2024-05-09,2024-05-11,3,Family Emergency,Approved,Sachi Chad
3886,484,Unpaid Leave,2024-10-11,2024-10-18,8,Family Emergency,Approved,Saksham Golla
3887,220,Annual Leave,2024-10-14,2024-10-23,10,Medical Treatment,Approved,Maanas Pillai
3888,475,Annual Leave,2025-01-05,2025-01-11,7,Family Emergency,Approved,Tejas Bhardwaj
3889,741,Annual Leave,2024-12-17,2024-12-18,2,Vacation,Approved,Nikita Shah
3890,1829,Sick Leave,2024-03-31,2024-04-05,6,Higher Education,Approved,Parth Gokhale
3891,1019,Sick Leave,2025-07-24,2025-08-02,10,Marriage,Approved,Bina Tara
3892,152,Casual Leave,2025-01-24,2025-02-02,10,Child Care,Approved,Noah Bhandari
3893,1382,Sick Leave,2024-08-05,2024-08-13,9,Family Emergency,Approved,Upkaar Mand
3894,1866,Paternity Leave,2025-03-01,2025-03-05,5,Medical Treatment,Approved,Laksh Choudhry
3895,613,Unpaid Leave,2024-01-09,2024-01-13,5,Medical Treatment,Approved,Nidra Grewal
3896,1166,Annual Leave,2024-11-10,2024-11-18,9,Family Emergency,Approved,Onveer Gokhale
3897,1381,Unpaid Leave,2025-04-09,2025-04-09,1,Religious Festival,Approved,Jai Chhabra
3898,552,Sick Leave,2025-03-05,2025-03-14,10,Family Emergency,Approved,Aryan Bhakta
3899,71,Unpaid Leave,2025-06-26,2025-07-05,10,Religious Festival,Approved,Jagdish Datta
3900,1434,Paternity Leave,2024-03-21,2024-03-27,7,Medical Treatment,Approved,Nihal Maharaj
3901,2684,Annual Leave,2024-02-04,2024-02-07,4,Religious Festival,Approved,Harrison Agarwal
3902,526,Unpaid Leave,2024-09-13,2024-09-22,10,Vacation,Approved,Kala Choudhary
3903,399,Sick Leave,2024-04-06,2024-04-13,8,Personal Work,Approved,Anirudh Panchal
3904,782,Emergency Leave,2025-12-24,2025-12-29,6,Religious Festival,Approved,Vihaan Jayaraman
3905,1587,Casual Leave,2024-10-31,2024-11-02,3,Vacation,Approved,Leena Gole
3906,1063,Annual Leave,2024-06-27,2024-06-29,3,Higher Education,Approved,Victor Dugar
3907,221,Emergency Leave,2025-12-25,2025-12-26,2,Family Emergency,Approved,Mitesh Mannan
3908,1964,Sick Leave,2024-05-15,2024-05-23,9,Vacation,Approved,Nachiket Naidu
3909,682,Maternity Leave,2024-04-30,2024-05-09,10,Medical Treatment,Approved,Ekaja Balay
3910,1767,Emergency Leave,2025-05-21,2025-05-30,10,Marriage,Approved,Vanya Dhar
3911,533,Sick Leave,2024-02-04,2024-02-08,5,Medical Treatment,Approved,Amrita Raval
3912,1403,Casual Leave,2024-01-25,2024-01-29,5,Family Emergency,Pending,
3913,2804,Paternity Leave,2024-10-10,2024-10-10,1,Personal Work,Approved,Yashica Din
3914,133,Sick Leave,2024-10-24,2024-10-24,1,Religious Festival,Approved,Aarini Prabhu
3915,1662,Emergency Leave,2024-12-05,2024-12-14,10,Higher Education,Pending,
3916,1510,Emergency Leave,2025-02-15,2025-02-19,5,Religious Festival,Approved,Suhani Rama
3917,1814,Maternity Leave,2025-08-27,2025-09-01,6,Child Care,Approved,Krishna Rama
3918,707,Sick Leave,2025-08-16,2025-08-20,5,Medical Treatment,Approved,Faras Sami
3919,561,Unpaid Leave,2024-06-28,2024-07-02,5,Vacation,Approved,Owen Dugar
3920,453,Annual Leave,2025-03-15,2025-03-23,9,Medical Treatment,Approved,Urmi Kant
3921,2107,Annual Leave,2025-07-07,2025-07-07,1,Child Care,Approved,Sarthak Sant
3922,2269,Sick Leave,2025-05-15,2025-05-16,2,Personal Work,Approved,Gautami Mangal
3923,369,Emergency Leave,2025-07-13,2025-07-15,3,Vacation,Approved,Wyatt Dash
3924,2230,Annual Leave,2024-07-15,2024-07-23,9,Religious Festival,Approved,Krisha De
3925,1835,Annual Leave,2024-02-04,2024-02-06,3,Medical Treatment,Approved,Abdul Rai
3926,1404,Paternity Leave,2024-01-29,2024-01-29,1,Marriage,Approved,Upasna Modi
3927,2083,Annual Leave,2024-05-03,2024-05-09,7,Marriage,Approved,Ekiya Mann
3928,221,Emergency Leave,2024-05-26,2024-05-29,4,Vacation,Approved,Jagat Magar
3929,1179,Casual Leave,2024-01-10,2024-01-18,9,Higher Education,Pending,
3930,1230,Sick Leave,2025-01-02,2025-01-08,7,Marriage,Approved,Gayathri Bhavsar
3931,102,Annual Leave,2025-10-13,2025-10-22,10,Religious Festival,Approved,Nakul Parsa
3932,2178,Unpaid Leave,2024-03-16,2024-03-24,9,Higher Education,Approved,Omya Panchal
3933,1745,Paternity Leave,2024-06-04,2024-06-10,7,Higher Education,Approved,Wyatt Barman
3934,122,Sick Leave,2024-09-08,2024-09-09,2,Religious Festival,Approved,Osha Sanghvi
3935,815,Paternity Leave,2024-12-31,2025-01-03,4,Family Emergency,Approved,Tanveer Bhandari
3936,1801,Casual Leave,2025-11-27,2025-12-03,7,Child Care,Pending,
3937,610,Annual Leave,2025-07-01,2025-07-06,6,Marriage,Approved,Meghana Bahl
3938,567,Paternity Leave,2024-10-07,2024-10-14,8,Vacation,Approved,David Mitter
3939,1090,Emergency Leave,2025-02-16,2025-02-22,7,Personal Work,Approved,Ishita Aggarwal
3940,1354,Paternity Leave,2025-06-01,2025-06-10,10,Medical Treatment,Approved,Ishaan Radhakrishnan
3941,478,Annual Leave,2025-07-30,2025-08-06,8,Higher Education,Approved,Ucchal Contractor
3942,510,Casual Leave,2024-01-17,2024-01-17,1,Personal Work,Approved,Amol Puri
3943,2399,Sick Leave,2025-12-15,2025-12-23,9,Medical Treatment,Approved,Dalbir Date
3944,2929,Maternity Leave,2025-01-17,2025-01-21,5,Religious Festival,Approved,Chaitanya Badal
3945,1022,Paternity Leave,2024-04-18,2024-04-19,2,Family Emergency,Approved,Tamanna Boase
3946,174,Casual Leave,2025-12-03,2025-12-12,10,Vacation,Approved,Xiti Anand
3947,2416,Casual Leave,2024-03-11,2024-03-20,10,Child Care,Approved,Ayush Kunda
3948,2483,Maternity Leave,2025-02-24,2025-03-03,8,Medical Treatment,Approved,Pooja Khurana
3949,814,Emergency Leave,2025-09-12,2025-09-21,10,Medical Treatment,Approved,Kavya Parikh
3950,1699,Emergency Leave,2024-01-07,2024-01-16,10,Personal Work,Approved,Sachi Taneja
3951,419,Emergency Leave,2025-12-08,2025-12-14,7,Family Emergency,Pending,
3952,886,Emergency Leave,2024-06-23,2024-06-27,5,Higher Education,Pending,
3953,1966,Maternity Leave,2025-10-19,2025-10-23,5,Family Emergency,Approved,Ishaan Radhakrishnan
3954,1321,Emergency Leave,2024-04-24,2024-04-26,3,Personal Work,Approved,Gaurangi Shanker
3955,2388,Maternity Leave,2024-06-14,2024-06-15,2,Higher Education,Rejected,
3956,61,Annual Leave,2024-04-24,2024-04-28,5,Child Care,Approved,Tamanna Kota
3957,2705,Sick Leave,2025-06-09,2025-06-09,1,Vacation,Approved,Pooja Khosla
3958,2112,Emergency Leave,2025-07-08,2025-07-16,9,Medical Treatment,Approved,Samesh Sekhon
3959,365,Emergency Leave,2024-02-24,2024-02-24,1,Vacation,Approved,Rachana Kalita
3960,2584,Unpaid Leave,2024-02-15,2024-02-19,5,Medical Treatment,Approved,Yachana Verma
3961,964,Casual Leave,2024-11-13,2024-11-22,10,Higher Education,Approved,Liam Bose
3962,601,Annual Leave,2025-03-20,2025-03-21,2,Vacation,Rejected,
3963,2994,Unpaid Leave,2024-02-14,2024-02-22,9,Personal Work,Approved,Robert Dara
3964,2710,Maternity Leave,2025-04-03,2025-04-03,1,Medical Treatment,Approved,Wriddhish Manda
3965,2239,Emergency Leave,2024-08-24,2024-08-28,5,Family Emergency,Approved,Ayushman Kapoor
3966,659,Unpaid Leave,2024-06-20,2024-06-21,2,Religious Festival,Approved,Unnati Thakkar
3967,2138,Maternity Leave,2025-11-20,2025-11-23,4,Higher Education,Approved,Liam Khosla
3968,2077,Casual Leave,2025-01-19,2025-01-26,8,Family Emergency,Pending,
3969,253,Unpaid Leave,2025-03-15,2025-03-15,1,Vacation,Approved,Vihaan Kari
3970,1716,Emergency Leave,2024-01-21,2024-01-26,6,Medical Treatment,Approved,Dhriti Butala
3971,737,Unpaid Leave,2025-06-20,2025-06-23,4,Medical Treatment,Approved,Kamya Chahal
3972,1227,Maternity Leave,2025-01-19,2025-01-25,7,Medical Treatment,Approved,Advika Chanda
3973,647,Maternity Leave,2025-01-11,2025-01-18,8,Personal Work,Approved,Michael Parikh
3974,678,Maternity Leave,2024-12-23,2024-12-29,7,Family Emergency,Approved,Indira Bhandari
3975,1898,Paternity Leave,2024-05-16,2024-05-22,7,Higher Education,Approved,Aradhana Dugar
3976,2723,Paternity Leave,2024-09-21,2024-09-21,1,Religious Festival,Approved,Krish Kunda
3977,940,Paternity Leave,2025-09-11,2025-09-12,2,Medical Treatment,Approved,Yashica Raghavan
3978,2380,Emergency Leave,2025-10-18,2025-10-19,2,Vacation,Approved,Lekha Konda
3979,2025,Maternity Leave,2024-10-06,2024-10-09,4,Personal Work,Approved,Pavani Karnik
3980,2762,Unpaid Leave,2024-05-05,2024-05-13,9,Religious Festival,Approved,Jalsa Dyal
3981,2961,Emergency Leave,2025-03-25,2025-03-30,6,Higher Education,Approved,Baghyawati Kashyap
3982,2380,Unpaid Leave,2024-06-21,2024-06-27,7,Vacation,Approved,Neha Dua
3983,2478,Emergency Leave,2024-02-28,2024-03-03,5,Child Care,Approved,Zansi Deep
3984,1572,Maternity Leave,2024-04-22,2024-04-25,4,Child Care,Approved,Lavanya Bhandari
3985,105,Casual Leave,2025-10-06,2025-10-13,8,Family Emergency,Approved,Agastya Pall
3986,266,Emergency Leave,2024-02-24,2024-02-24,1,Religious Festival,Approved,Nimrat Raj
3987,419,Emergency Leave,2024-05-10,2024-05-12,3,Religious Festival,Approved,Indali Nagy
3988,2376,Unpaid Leave,2025-04-18,2025-04-21,4,Child Care,Approved,Elijah Kumar
3989,1128,Maternity Leave,2025-08-20,2025-08-28,9,Marriage,Approved,Saksham Doshi
3990,1090,Maternity Leave,2024-04-22,2024-04-28,7,Marriage,Approved,Falak Gaba
3991,2516,Annual Leave,2025-04-14,2025-04-20,7,Personal Work,Approved,Hemangini Sinha
3992,1619,Emergency Leave,2025-02-21,2025-02-23,3,Higher Education,Rejected,
3993,2466,Maternity Leave,2025-01-24,2025-01-25,2,Medical Treatment,Approved,Charita Toor
3994,366,Casual Leave,2025-05-14,2025-05-15,2,Medical Treatment,Approved,Ekbal Nagar
3995,2403,Unpaid Leave,2025-03-10,2025-03-13,4,Family Emergency,Approved,Xalak Loyal
3996,838,Paternity Leave,2025-09-24,2025-09-30,7,Marriage,Approved,Ishani Dyal
3997,1947,Paternity Leave,2024-05-11,2024-05-17,7,Religious Festival,Pending,
3998,765,Sick Leave,2024-08-03,2024-08-03,1,Religious Festival,Pending,
3999,2279,Maternity Leave,2025-07-31,2025-08-01,2,Vacation,Approved,Shravya Chana
4000,679,Casual Leave,2024-03-20,2024-03-24,5,Higher Education,Approved,Veda Lad
4001,593,Casual Leave,2025-04-11,2025-04-12,2,Child Care,Approved,Ria Hari
4002,1303,Paternity Leave,2024-03-06,2024-03-06,1,Personal Work,Approved,Omaja Mitter
4003,1121,Annual Leave,2025-11-18,2025-11-27,10,Medical Treatment,Approved,Ikbal Yadav
4004,1926,Unpaid Leave,2024-11-19,2024-11-26,8,Medical Treatment,Pending,
4005,2113,Sick Leave,2024-10-11,2024-10-15,5,Vacation,Approved,Triveni Guha
4006,2240,Maternity Leave,2024-11-15,2024-11-15,1,Higher Education,Approved,Vedika Gade
4007,2258,Sick Leave,2025-06-25,2025-06-26,2,Higher Education,Approved,Dipta Golla
4008,1110,Emergency Leave,2024-10-17,2024-10-25,9,Medical Treatment,Approved,Vedhika Chatterjee
4009,928,Unpaid Leave,2025-12-29,2026-01-03,6,Child Care,Approved,Thomas Munshi
4010,2567,Emergency Leave,2024-02-12,2024-02-16,5,Marriage,Approved,Ansh Deshpande
4011,2863,Maternity Leave,2025-11-28,2025-12-04,7,Higher Education,Approved,Sudiksha Rajagopal
4012,1277,Maternity Leave,2024-01-30,2024-02-05,7,Medical Treatment,Approved,Charvi Sachdev
4013,1341,Casual Leave,2025-12-10,2025-12-19,10,Religious Festival,Approved,Oeshi Buch
4014,2703,Annual Leave,2025-12-26,2025-12-27,2,Family Emergency,Approved,Aayush Datta
4015,2959,Maternity Leave,2024-09-17,2024-09-19,3,Higher Education,Approved,Vedant Mani
4016,1480,Sick Leave,2025-12-25,2025-12-31,7,Vacation,Pending,
4017,1439,Annual Leave,2024-10-24,2024-10-25,2,Child Care,Approved,Benjamin Dhaliwal
4018,2797,Paternity Leave,2025-11-09,2025-11-09,1,Child Care,Approved,Bhanumati Pandit
4019,849,Emergency Leave,2024-06-26,2024-07-01,6,Family Emergency,Approved,Hemangini Vasa
4020,410,Maternity Leave,2025-03-10,2025-03-19,10,Religious Festival,Approved,Avni Peri
4021,2456,Annual Leave,2025-10-14,2025-10-20,7,Vacation,Approved,Krish Patel
4022,102,Maternity Leave,2025-04-17,2025-04-26,10,Family Emergency,Approved,Frado Taneja
4023,1224,Maternity Leave,2024-05-12,2024-05-21,10,Vacation,Approved,Rayaan Dayal
4024,1202,Emergency Leave,2024-01-06,2024-01-12,7,Personal Work,Approved,Alka Sangha
4025,2281,Maternity Leave,2024-06-10,2024-06-16,7,Child Care,Approved,Charvi Rao
4026,205,Casual Leave,2025-12-20,2025-12-26,7,Vacation,Approved,Yashoda Sule
4027,1273,Casual Leave,2025-08-24,2025-08-30,7,Higher Education,Approved,Girindra Bassi
4028,1815,Casual Leave,2024-09-10,2024-09-18,9,Higher Education,Pending,
4029,1264,Unpaid Leave,2025-05-10,2025-05-15,6,Marriage,Rejected,
4030,2075,Unpaid Leave,2024-10-02,2024-10-11,10,Family Emergency,Approved,Krisha Sarma
4031,994,Unpaid Leave,2025-08-14,2025-08-19,6,Child Care,Approved,Rachit Mahal
4032,1562,Unpaid Leave,2025-01-27,2025-01-29,3,Family Emergency,Approved,Abhimanyu Raja
4033,1716,Casual Leave,2025-05-19,2025-05-23,5,Child Care,Approved,Warjas Shankar
4034,2592,Casual Leave,2024-04-26,2024-05-05,10,Marriage,Approved,Widisha Bakshi
4035,220,Annual Leave,2024-04-07,2024-04-13,7,Family Emergency,Approved,Kamya Nigam
4036,486,Sick Leave,2024-03-23,2024-03-25,3,Higher Education,Approved,Aahana Contractor
4037,1754,Emergency Leave,2025-04-23,2025-04-30,8,Family Emergency,Approved,Meera Murty
4038,1295,Maternity Leave,2025-06-12,2025-06-13,2,Medical Treatment,Approved,Siddharth Kale
4039,324,Sick Leave,2024-06-05,2024-06-09,5,Medical Treatment,Approved,Fiyaz Iyengar
4040,379,Casual Leave,2025-05-07,2025-05-15,9,Personal Work,Approved,Sanaya More
4041,2185,Unpaid Leave,2025-12-09,2025-12-17,9,Vacation,Approved,Michael Saraf
4042,26,Unpaid Leave,2025-12-04,2025-12-12,9,Higher Education,Approved,Manya Baria
4043,2412,Maternity Leave,2024-01-08,2024-01-14,7,Higher Education,Approved,Chavvi Chana
4044,2289,Sick Leave,2025-04-09,2025-04-12,4,Family Emergency,Approved,Ekta Thaker
4045,2367,Maternity Leave,2025-09-01,2025-09-06,6,Vacation,Approved,Neelima Walla
4046,1120,Emergency Leave,2025-11-17,2025-11-19,3,Child Care,Rejected,
4047,1078,Unpaid Leave,2024-06-27,2024-06-29,3,Child Care,Approved,Warjas Khatri
4048,312,Sick Leave,2025-09-29,2025-09-30,2,Vacation,Pending,
4049,836,Maternity Leave,2024-11-08,2024-11-12,5,Higher Education,Approved,Elijah Mallick
4050,1402,Sick Leave,2025-05-27,2025-06-02,7,Child Care,Approved,Omaja Grover
4051,2181,Annual Leave,2025-09-18,2025-09-25,8,Family Emergency,Approved,Jack Sarkar
4052,1510,Casual Leave,2024-07-05,2024-07-13,9,Family Emergency,Approved,Alka Sachdeva
4053,506,Paternity Leave,2025-05-11,2025-05-19,9,Marriage,Approved,Dhriti Modi
4054,2063,Casual Leave,2024-02-23,2024-02-27,5,Personal Work,Approved,Lopa Bahri
4055,194,Annual Leave,2024-05-12,2024-05-18,7,Religious Festival,Approved,Sarthak Roy
4056,1169,Paternity Leave,2025-05-21,2025-05-28,8,Family Emergency,Approved,Yashoda Muni
4057,807,Unpaid Leave,2025-05-09,2025-05-10,2,Marriage,Approved,Anusha Sharma
4058,632,Paternity Leave,2025-04-23,2025-04-30,8,Higher Education,Approved,Faris Butala
4059,2795,Maternity Leave,2024-01-22,2024-01-23,2,Child Care,Approved,Indira Murthy
4060,845,Sick Leave,2025-10-30,2025-11-03,5,Family Emergency,Approved,Pratyush Nanda
4061,2005,Sick Leave,2024-03-08,2024-03-08,1,Child Care,Approved,Omisha Dubey
4062,2807,Sick Leave,2024-05-13,2024-05-14,2,Religious Festival,Pending,
4063,2926,Annual Leave,2025-04-28,2025-05-06,9,Medical Treatment,Approved,Aarini Saraf
4064,2486,Unpaid Leave,2025-12-09,2025-12-15,7,Vacation,Rejected,
4065,1045,Casual Leave,2025-08-08,2025-08-11,4,Marriage,Approved,Harinakshi Barad
4066,1332,Paternity Leave,2025-09-18,2025-09-26,9,Family Emergency,Approved,Advik Ray
4067,1093,Maternity Leave,2024-08-17,2024-08-20,4,Marriage,Approved,Warhi Shetty
4068,1252,Annual Leave,2025-04-22,2025-04-22,1,Medical Treatment,Approved,Vihaan Chandra
4069,2109,Annual Leave,2025-05-02,2025-05-08,7,Personal Work,Approved,Faraj Chadha
4070,2107,Annual Leave,2025-09-23,2025-09-29,7,Family Emergency,Approved,Warhi Dixit
4071,1143,Casual Leave,2025-03-29,2025-04-02,5,Religious Festival,Pending,
4072,1072,Casual Leave,2025-12-07,2025-12-13,7,Marriage,Approved,Kai Apte
4073,2192,Casual Leave,2025-02-20,2025-02-21,2,Marriage,Approved,Luke Dhawan
4074,1845,Paternity Leave,2025-05-06,2025-05-14,9,Religious Festival,Approved,Siddharth Hari
4075,987,Paternity Leave,2025-06-14,2025-06-23,10,Higher Education,Approved,Falan Sinha
4076,2058,Maternity Leave,2025-07-29,2025-08-02,5,Child Care,Approved,Anjali Batta
4077,2549,Maternity Leave,2024-06-05,2024-06-14,10,Family Emergency,Approved,Gautami Buch
4078,2829,Maternity Leave,2025-11-05,2025-11-05,1,Religious Festival,Approved,Shivani Nori
4079,1972,Maternity Leave,2024-08-24,2024-08-26,3,Medical Treatment,Approved,Yashica Murthy
4080,1124,Unpaid Leave,2025-08-08,2025-08-15,8,Personal Work,Approved,Upasna Bhatt
4081,1544,Sick Leave,2024-01-09,2024-01-09,1,Child Care,Approved,Ishanvi Gour
4082,2911,Casual Leave,2024-08-01,2024-08-03,3,Marriage,Approved,Aarush Boase
4083,2281,Paternity Leave,2025-05-05,2025-05-08,4,Family Emergency,Approved,Mitali Tiwari
4084,2136,Sick Leave,2025-05-05,2025-05-08,4,Medical Treatment,Approved,Sathvik Wadhwa
4085,619,Annual Leave,2024-05-11,2024-05-19,9,Child Care,Approved,Akshay Narasimhan
4086,644,Maternity Leave,2025-02-15,2025-02-18,4,Vacation,Rejected,
4087,2916,Maternity Leave,2024-11-04,2024-11-12,9,Family Emergency,Pending,
4088,597,Annual Leave,2024-03-13,2024-03-13,1,Vacation,Approved,Ansh Datta
4089,759,Sick Leave,2024-07-06,2024-07-08,3,Vacation,Pending,
4090,259,Paternity Leave,2025-01-20,2025-01-28,9,Child Care,Approved,Ishanvi Sarkar
4091,1555,Annual Leave,2025-12-25,2025-12-25,1,Higher Education,Pending,
4092,2929,Emergency Leave,2025-11-18,2025-11-19,2,Medical Treatment,Approved,Karan Bera
4093,1211,Sick Leave,2025-06-14,2025-06-19,6,Medical Treatment,Approved,Yadavi Kaul
4094,1183,Annual Leave,2025-12-27,2025-12-30,4,Personal Work,Pending,
4095,1308,Paternity Leave,2025-03-23,2025-03-26,4,Medical Treatment,Approved,Zehaan Pathak
4096,2416,Maternity Leave,2024-03-07,2024-03-07,1,Personal Work,Approved,Turvi Parmer
4097,1725,Unpaid Leave,2024-03-05,2024-03-13,9,Marriage,Approved,Vasatika Kaul
4098,1290,Casual Leave,2025-04-27,2025-05-03,7,Religious Festival,Approved,Harshil Vala
4099,2771,Unpaid Leave,2025-12-26,2025-12-27,2,Marriage,Approved,Siya Dutt
4100,70,Emergency Leave,2024-04-24,2024-04-30,7,Vacation,Pending,
4101,1516,Unpaid Leave,2024-09-15,2024-09-19,5,Child Care,Pending,
4102,1793,Unpaid Leave,2024-08-15,2024-08-16,2,Vacation,Approved,Krish Chakrabarti
4103,1786,Emergency Leave,2025-10-30,2025-11-05,7,Medical Treatment,Approved,Ekaraj Amble
4104,303,Annual Leave,2024-11-28,2024-12-04,7,Personal Work,Pending,
4105,355,Paternity Leave,2025-10-07,2025-10-08,2,Marriage,Approved,Hitesh Lad
4106,1156,Annual Leave,2024-06-09,2024-06-16,8,Medical Treatment,Approved,Hritik Savant
4107,1634,Maternity Leave,2025-02-06,2025-02-15,10,Higher Education,Approved,Jagrati Bahl
4108,172,Maternity Leave,2025-10-15,2025-10-24,10,Marriage,Approved,Meera More
4109,1761,Emergency Leave,2024-10-03,2024-10-11,9,Family Emergency,Approved,Varenya Warrior
4110,1548,Maternity Leave,2024-02-01,2024-02-10,10,Child Care,Approved,Kiaan Gill
4111,653,Emergency Leave,2024-12-18,2024-12-27,10,Vacation,Approved,Charan Kari
4112,2163,Sick Leave,2025-06-17,2025-06-25,9,Medical Treatment,Approved,Harish Kaur
4113,1936,Maternity Leave,2024-08-14,2024-08-21,8,Medical Treatment,Approved,Jeet Master
4114,1492,Annual Leave,2024-12-06,2024-12-11,6,Child Care,Approved,Zaid Chada
4115,740,Casual Leave,2025-08-19,2025-08-26,8,Higher Education,Approved,Tristan Hans
4116,1545,Annual Leave,2025-08-13,2025-08-22,10,Vacation,Approved,Zaid Naik
4117,357,Sick Leave,2025-04-23,2025-04-29,7,Religious Festival,Pending,
4118,1862,Unpaid Leave,2025-11-02,2025-11-10,9,Family Emergency,Approved,Chatresh Zachariah
4119,1558,Annual Leave,2025-11-23,2025-11-27,5,Vacation,Rejected,
4120,2342,Casual Leave,2024-03-01,2024-03-03,3,Higher Education,Pending,
4121,1480,Casual Leave,2025-12-19,2025-12-27,9,Medical Treatment,Approved,Isaac Bhardwaj
4122,1887,Emergency Leave,2025-09-08,2025-09-15,8,Medical Treatment,Approved,Rachana Sethi
4123,2749,Paternity Leave,2024-11-01,2024-11-03,3,Child Care,Approved,Upasna Sastry
4124,2467,Sick Leave,2025-08-11,2025-08-12,2,Family Emergency,Approved,Upadhriti Dugar
4125,1149,Annual Leave,2024-04-18,2024-04-27,10,Child Care,Approved,Zaitra Sastry
4126,565,Emergency Leave,2024-05-12,2024-05-16,5,Family Emergency,Approved,Isha Samra
4127,2471,Emergency Leave,2025-10-27,2025-11-01,6,Medical Treatment,Approved,Yagnesh Sha
4128,1841,Annual Leave,2024-06-04,2024-06-08,5,Religious Festival,Approved,Hitesh Das
4129,1092,Sick Leave,2025-05-16,2025-05-17,2,Religious Festival,Approved,Bakhshi Bhatia
4130,2790,Casual Leave,2025-02-01,2025-02-06,6,Vacation,Approved,Jhalak Sabharwal
4131,1307,Emergency Leave,2024-11-02,2024-11-10,9,Family Emergency,Approved,Vinaya Kala
4132,518,Unpaid Leave,2025-06-06,2025-06-11,6,Vacation,Approved,Michael Dugar
4133,2910,Maternity Leave,2024-04-17,2024-04-17,1,Vacation,Pending,
4134,260,Paternity Leave,2025-11-10,2025-11-16,7,Religious Festival,Approved,Ayaan Karan
4135,1680,Casual Leave,2024-02-03,2024-02-03,1,Marriage,Approved,Fariq Brar
4136,558,Casual Leave,2024-07-20,2024-07-27,8,Family Emergency,Rejected,
4137,2294,Maternity Leave,2025-03-12,2025-03-17,6,Personal Work,Pending,
4138,21,Annual Leave,2025-06-26,2025-06-27,2,Family Emergency,Approved,Kamya Gulati
4139,660,Paternity Leave,2025-12-28,2026-01-01,5,Marriage,Approved,Gautami Sha
4140,370,Sick Leave,2025-06-21,2025-06-27,7,Religious Festival,Approved,Bakhshi Sehgal
4141,26,Emergency Leave,2025-04-30,2025-05-01,2,Religious Festival,Approved,Chanchal Sinha
4142,2304,Paternity Leave,2024-03-29,2024-03-29,1,Religious Festival,Approved,Yash Kale
4143,5,Maternity Leave,2025-02-02,2025-02-04,3,Medical Treatment,Approved,Veer Balasubramanian
4144,2691,Annual Leave,2025-03-30,2025-04-04,6,Medical Treatment,Approved,Waida Dass
4145,179,Paternity Leave,2024-01-30,2024-02-04,6,Higher Education,Approved,Irya Singh
4146,219,Unpaid Leave,2025-05-21,2025-05-30,10,Vacation,Approved,Krish Dash
4147,135,Emergency Leave,2024-08-06,2024-08-07,2,Religious Festival,Approved,Veda Upadhyay
4148,2788,Annual Leave,2024-09-20,2024-09-20,1,Personal Work,Pending,
4149,2870,Unpaid Leave,2025-12-21,2025-12-22,2,Personal Work,Approved,Shravya Mander
4150,2302,Paternity Leave,2024-08-09,2024-08-14,6,Marriage,Approved,Sanya Subramanian
4151,2646,Sick Leave,2025-07-02,2025-07-11,10,Child Care,Approved,Ubika Khosla
4152,2430,Maternity Leave,2025-09-25,2025-10-04,10,Child Care,Approved,Gautam Babu
4153,1412,Sick Leave,2024-04-20,2024-04-29,10,Higher Education,Approved,Nathan Doctor
4154,474,Emergency Leave,2025-02-08,2025-02-09,2,Family Emergency,Pending,
4155,1943,Sick Leave,2024-03-17,2024-03-21,5,Medical Treatment,Approved,Damini Jha
4156,874,Unpaid Leave,2024-02-08,2024-02-09,2,Religious Festival,Approved,Anika Minhas
4157,186,Sick Leave,2024-10-02,2024-10-07,6,Child Care,Approved,Kabir Ahluwalia
4158,909,Paternity Leave,2025-10-07,2025-10-09,3,Personal Work,Approved,Gopal Sehgal
4159,874,Unpaid Leave,2025-10-14,2025-10-19,6,Marriage,Approved,Anay Walia
4160,1382,Unpaid Leave,2025-01-04,2025-01-06,3,Vacation,Approved,Nachiket Din
4161,1662,Unpaid Leave,2025-11-28,2025-12-02,5,Child Care,Rejected,
4162,160,Paternity Leave,2025-02-09,2025-02-15,7,Marriage,Approved,Janaki Boase
4163,2940,Casual Leave,2024-08-14,2024-08-18,5,Marriage,Pending,
4164,2242,Casual Leave,2025-10-01,2025-10-03,3,Marriage,Approved,Gaurang Kaur
4165,1568,Unpaid Leave,2025-12-29,2026-01-02,5,Family Emergency,Approved,Devika Patla
4166,2213,Annual Leave,2024-11-14,2024-11-19,6,Higher Education,Approved,Amara Deol
4167,1820,Casual Leave,2025-05-12,2025-05-12,1,Higher Education,Approved,Yuvraj Doshi
4168,2540,Casual Leave,2025-07-25,2025-07-30,6,Child Care,Approved,Rachana Yogi
4169,654,Sick Leave,2024-06-22,2024-07-01,10,Vacation,Approved,Kevin Mitra
4170,2434,Annual Leave,2024-01-15,2024-01-23,9,Religious Festival,Pending,
4171,439,Annual Leave,2025-08-19,2025-08-26,8,Personal Work,Approved,Onveer Rege
4172,2993,Annual Leave,2024-06-22,2024-07-01,10,Marriage,Approved,Charita Balan
4173,409,Annual Leave,2024-10-22,2024-10-23,2,Child Care,Approved,Damini Nori
4174,389,Maternity Leave,2024-04-21,2024-04-21,1,Personal Work,Approved,Samuel Bhargava
4175,2885,Emergency Leave,2025-01-14,2025-01-20,7,Family Emergency,Approved,Matthew Murthy
4176,689,Paternity Leave,2025-02-25,2025-02-25,1,Religious Festival,Approved,Andrew Pandey
4177,958,Casual Leave,2024-07-13,2024-07-17,5,Medical Treatment,Approved,Viraj Bhardwaj
4178,2796,Sick Leave,2025-01-03,2025-01-03,1,Family Emergency,Pending,
4179,747,Emergency Leave,2024-11-12,2024-11-17,6,Religious Festival,Approved,Yashica Vohra
4180,244,Annual Leave,2024-11-23,2024-11-25,3,Vacation,Approved,Michael Basak
4181,324,Casual Leave,2025-07-25,2025-07-26,2,Family Emergency,Approved,Pranav Yogi
4182,1422,Unpaid Leave,2025-03-07,2025-03-16,10,Religious Festival,Approved,Saumya Ray
4183,132,Emergency Leave,2025-11-29,2025-12-03,5,Higher Education,Approved,Kabir Roy
4184,410,Unpaid Leave,2025-03-23,2025-03-30,8,Family Emergency,Approved,Zayan Dua
4185,1900,Maternity Leave,2025-05-01,2025-05-09,9,Religious Festival,Approved,Raghav Sama
4186,2902,Paternity Leave,2025-08-24,2025-09-02,10,Vacation,Approved,Ryan Tak
4187,945,Paternity Leave,2025-01-09,2025-01-10,2,Child Care,Approved,Nihal Wadhwa
4188,1180,Paternity Leave,2024-10-24,2024-11-02,10,Personal Work,Approved,Vasudha Sastry
4189,2955,Annual Leave,2025-03-06,2025-03-09,4,Medical Treatment,Approved,Yuvraj Roy
4190,13,Casual Leave,2025-12-06,2025-12-11,6,Vacation,Approved,Oviya Lanka
4191,879,Emergency Leave,2024-06-25,2024-06-25,1,Personal Work,Approved,Aadi Nagi
4192,264,Annual Leave,2024-02-05,2024-02-13,9,Medical Treatment,Approved,Caleb Kashyap
4193,907,Paternity Leave,2025-10-17,2025-10-22,6,Family Emergency,Pending,
4194,2235,Casual Leave,2025-10-10,2025-10-15,6,Marriage,Approved,Balvan Bhatnagar
4195,1532,Paternity Leave,2024-06-28,2024-07-07,10,Vacation,Approved,Harrison Keer
4196,1481,Emergency Leave,2025-11-08,2025-11-09,2,Child Care,Approved,Yashawini Srinivasan
4197,1995,Maternity Leave,2024-03-19,2024-03-28,10,Vacation,Approved,Krisha Keer
4198,1630,Maternity Leave,2025-10-23,2025-10-29,7,Vacation,Pending,
4199,302,Maternity Leave,2024-04-21,2024-04-27,7,Higher Education,Approved,Kiaan Mall
4200,1077,Annual Leave,2024-08-19,2024-08-22,4,Personal Work,Rejected,
4201,2845,Paternity Leave,2025-03-30,2025-04-01,3,Marriage,Approved,Girik Nigam
4202,2713,Sick Leave,2024-03-20,2024-03-29,10,Personal Work,Approved,Jasmit Ravi
4203,2380,Paternity Leave,2024-07-30,2024-08-04,6,Vacation,Approved,Veer Gala
4204,12,Emergency Leave,2024-01-26,2024-02-02,8,Family Emergency,Approved,Ojasvi Bajwa
4205,1369,Casual Leave,2024-09-27,2024-09-27,1,Religious Festival,Approved,Oni Sem
4206,46,Annual Leave,2024-09-16,2024-09-23,8,Child Care,Approved,Yoshita Chandra
4207,1283,Casual Leave,2025-04-01,2025-04-03,3,Family Emergency,Pending,
4208,1171,Annual Leave,2024-03-13,2024-03-20,8,Family Emergency,Approved,Girish Sarin
4209,2385,Annual Leave,2024-02-10,2024-02-12,3,Family Emergency,Approved,Peter Walla
4210,897,Unpaid Leave,2024-11-02,2024-11-05,4,Medical Treatment,Approved,Falan Biswas
4211,286,Annual Leave,2024-07-31,2024-07-31,1,Child Care,Approved,Dalbir Ahuja
4212,2773,Annual Leave,2025-01-09,2025-01-14,6,Child Care,Approved,Damyanti Dara
4213,2091,Casual Leave,2025-12-30,2026-01-02,4,Medical Treatment,Approved,Yutika Chada
4214,363,Emergency Leave,2024-12-27,2025-01-02,7,Family Emergency,Approved,Vihaan Rattan
4215,2525,Annual Leave,2025-12-05,2025-12-09,5,Religious Festival,Pending,
4216,1870,Casual Leave,2024-06-12,2024-06-21,10,Higher Education,Approved,Megha Arora
4217,1325,Unpaid Leave,2024-10-31,2024-11-09,10,Medical Treatment,Approved,Karan Kala
4218,701,Maternity Leave,2024-02-15,2024-02-24,10,Personal Work,Approved,Zashil Ramesh
4219,687,Emergency Leave,2024-06-30,2024-06-30,1,Marriage,Approved,Gunbir Mann
4220,1717,Paternity Leave,2024-10-26,2024-10-28,3,Family Emergency,Approved,Madhavi Mammen
4221,1875,Casual Leave,2024-05-31,2024-06-05,6,Medical Treatment,Approved,Eiravati Das
4222,1048,Emergency Leave,2024-12-27,2025-01-03,8,Family Emergency,Pending,
4223,5,Emergency Leave,2025-03-02,2025-03-03,2,Religious Festival,Approved,Zinal Parsa
4224,664,Sick Leave,2024-05-30,2024-06-07,9,Marriage,Approved,William Sen
4225,1768,Paternity Leave,2025-02-06,2025-02-08,3,Family Emergency,Approved,Indali Swaminathan
4226,277,Casual Leave,2024-10-16,2024-10-24,9,Higher Education,Approved,Barkha Din
4227,2961,Annual Leave,2025-07-24,2025-07-29,6,Child Care,Approved,Udant Sidhu
4228,436,Unpaid Leave,2025-07-21,2025-07-22,2,Marriage,Approved,Urvashi Rattan
4229,2194,Casual Leave,2025-09-20,2025-09-25,6,Medical Treatment,Approved,Rachit Om
4230,2992,Maternity Leave,2025-04-18,2025-04-23,6,Higher Education,Approved,Daksha Nagarajan
4231,2828,Emergency Leave,2024-12-03,2024-12-05,3,Medical Treatment,Approved,Devansh Gokhale
4232,1564,Maternity Leave,2024-03-09,2024-03-17,9,Vacation,Approved,Saksham Deo
4233,1392,Sick Leave,2025-02-08,2025-02-15,8,Marriage,Approved,Jagdish Amble
4234,276,Maternity Leave,2025-01-03,2025-01-09,7,Family Emergency,Approved,Ayush Agate
4235,2083,Maternity Leave,2025-08-16,2025-08-23,8,Personal Work,Pending,
4236,1359,Casual Leave,2024-09-08,2024-09-08,1,Family Emergency,Approved,Naksh Chanda
4237,689,Paternity Leave,2024-05-11,2024-05-18,8,Vacation,Approved,Yashasvi Handa
4238,728,Maternity Leave,2024-03-16,2024-03-19,4,Family Emergency,Approved,Maanav Mallick
4239,2562,Unpaid Leave,2024-08-10,2024-08-13,4,Family Emergency,Approved,Damyanti Karnik
4240,243,Casual Leave,2024-07-12,2024-07-13,2,Higher Education,Approved,Vaishnavi Raj
4241,1142,Paternity Leave,2024-12-04,2024-12-07,4,Medical Treatment,Approved,Chasmum Arya
4242,271,Emergency Leave,2024-10-10,2024-10-15,6,Marriage,Approved,Shaurya Ghosh
4243,2872,Annual Leave,2025-03-22,2025-03-24,3,Vacation,Approved,Keya Sharma
4244,523,Annual Leave,2024-03-08,2024-03-11,4,Personal Work,Rejected,
4245,2927,Paternity Leave,2025-01-05,2025-01-07,3,Family Emergency,Approved,Raksha Pingle
4246,535,Paternity Leave,2025-09-21,2025-09-28,8,Family Emergency,Approved,Peter Yogi
4247,2849,Annual Leave,2024-08-16,2024-08-19,4,Marriage,Approved,Warjas Ray
4248,170,Unpaid Leave,2024-05-22,2024-05-24,3,Child Care,Approved,Aarini Pathak
4249,1375,Annual Leave,2025-05-07,2025-05-13,7,Marriage,Approved,Rajeshri Kashyap
4250,12,Paternity Leave,2025-08-28,2025-08-28,1,Marriage,Approved,Vamakshi Anne
4251,1803,Emergency Leave,2024-07-22,2024-07-29,8,Medical Treatment,Approved,Ryan Deshmukh
4252,2504,Maternity Leave,2025-08-07,2025-08-10,4,Medical Treatment,Approved,Nisha Gala
4253,2801,Annual Leave,2025-04-17,2025-04-19,3,Medical Treatment,Rejected,
4254,1703,Paternity Leave,2024-10-02,2024-10-03,2,Child Care,Approved,Wriddhish Tata
4255,2491,Annual Leave,2024-02-25,2024-02-27,3,Marriage,Approved,Widisha Golla
4256,489,Unpaid Leave,2025-01-12,2025-01-12,1,Personal Work,Approved,Panini Butala
4257,274,Maternity Leave,2024-03-27,2024-04-02,7,Family Emergency,Approved,Ekapad Dugal
4258,2325,Annual Leave,2024-12-04,2024-12-07,4,Child Care,Pending,
4259,1995,Annual Leave,2024-03-25,2024-04-02,9,Child Care,Approved,Rehaan Yogi
4260,2283,Casual Leave,2025-09-13,2025-09-19,7,Child Care,Approved,Vritti Borra
4261,1887,Unpaid Leave,2025-02-16,2025-02-16,1,Child Care,Approved,Viraj Das
4262,627,Annual Leave,2025-11-19,2025-11-28,10,Child Care,Approved,Krishna Ravel
4263,1483,Casual Leave,2024-07-26,2024-07-26,1,Personal Work,Approved,Gautam Samra
4264,1044,Casual Leave,2025-01-15,2025-01-15,1,Child Care,Approved,Chatresh Deol
4265,1604,Sick Leave,2025-03-04,2025-03-08,5,Marriage,Approved,Vedhika Devan
4266,2938,Sick Leave,2025-10-23,2025-11-01,10,Vacation,Approved,Ethan Arora
4267,1239,Paternity Leave,2025-02-06,2025-02-15,10,Higher Education,Approved,Gunbir Chahal
4268,778,Sick Leave,2024-12-31,2025-01-02,3,Child Care,Approved,Bishakha Kulkarni
4269,482,Annual Leave,2025-04-12,2025-04-16,5,Personal Work,Rejected,
4270,887,Unpaid Leave,2024-12-16,2024-12-22,7,Religious Festival,Approved,Prisha Khalsa
4271,2682,Maternity Leave,2025-10-15,2025-10-20,6,Family Emergency,Approved,Gagan Apte
4272,416,Paternity Leave,2024-05-21,2024-05-29,9,Vacation,Approved,Kala Venkatesh
4273,2187,Paternity Leave,2025-02-28,2025-03-07,8,Medical Treatment,Pending,
4274,2551,Emergency Leave,2024-03-01,2024-03-03,3,Personal Work,Approved,Sai Ghosh
4275,2914,Annual Leave,2024-06-30,2024-07-09,10,Child Care,Approved,Daniel Lall
4276,1080,Sick Leave,2024-08-20,2024-08-23,4,Marriage,Approved,Sai Mital
4277,549,Paternity Leave,2024-12-07,2024-12-11,5,Family Emergency,Pending,
4278,1498,Paternity Leave,2025-07-04,2025-07-04,1,Marriage,Approved,Upma Dewan
4279,922,Sick Leave,2025-05-25,2025-05-29,5,Vacation,Pending,
4280,2825,Sick Leave,2025-05-10,2025-05-11,2,Religious Festival,Approved,Brinda Mannan
4281,2739,Maternity Leave,2024-07-02,2024-07-09,8,Religious Festival,Approved,Maya Agarwal
4282,2945,Casual Leave,2025-07-30,2025-08-04,6,Child Care,Approved,Indira Acharya
4283,2826,Maternity Leave,2025-01-29,2025-02-02,5,Higher Education,Approved,Varenya Biswas
4284,1645,Maternity Leave,2025-08-25,2025-08-29,5,Religious Festival,Approved,Sanya Chadha
4285,817,Casual Leave,2024-02-08,2024-02-11,4,Higher Education,Approved,Lopa Natarajan
4286,1110,Emergency Leave,2024-11-24,2024-11-30,7,Child Care,Pending,
4287,261,Emergency Leave,2024-05-15,2024-05-18,4,Family Emergency,Pending,
4288,324,Sick Leave,2024-05-30,2024-06-04,6,Vacation,Approved,Falak Mall
4289,2194,Paternity Leave,2025-09-27,2025-09-27,1,Personal Work,Approved,Kala Sarraf
4290,2081,Annual Leave,2024-07-10,2024-07-15,6,Child Care,Approved,Baljiwan Babu
4291,2441,Sick Leave,2025-02-28,2025-03-05,6,Religious Festival,Approved,Lila Madan
4292,2359,Emergency Leave,2025-11-29,2025-12-05,7,Higher Education,Approved,Unni Mane
4293,745,Annual Leave,2024-09-30,2024-10-03,4,Personal Work,Approved,Waida Shukla
4294,560,Sick Leave,2025-12-03,2025-12-08,6,Medical Treatment,Approved,Janaki Patil
4295,1089,Sick Leave,2025-09-09,2025-09-15,7,Personal Work,Approved,Bhavya Dixit
4296,216,Paternity Leave,2024-11-20,2024-11-24,5,Marriage,Approved,Ishita Ramanathan
4297,1016,Unpaid Leave,2024-03-09,2024-03-11,3,Medical Treatment,Pending,
4298,1233,Unpaid Leave,2024-09-09,2024-09-14,6,Marriage,Pending,
4299,2943,Unpaid Leave,2025-06-01,2025-06-01,1,Child Care,Approved,Hitesh Gera
4300,902,Paternity Leave,2025-05-06,2025-05-13,8,Vacation,Approved,Yashawini Narain
4301,123,Maternity Leave,2024-11-24,2024-11-25,2,Religious Festival,Approved,Wridesh Batra
4302,685,Sick Leave,2024-02-04,2024-02-05,2,Higher Education,Approved,Bishakha Bawa
4303,379,Maternity Leave,2024-06-22,2024-06-26,5,Marriage,Approved,Ekansh Dhaliwal
4304,1486,Unpaid Leave,2025-05-27,2025-05-31,5,Family Emergency,Approved,Advay Vala
4305,1774,Maternity Leave,2025-08-22,2025-08-29,8,Higher Education,Approved,Sachi Naidu
4306,200,Annual Leave,2024-04-05,2024-04-12,8,Family Emergency,Approved,Krisha Keer
4307,2655,Unpaid Leave,2024-10-12,2024-10-12,1,Child Care,Approved,Yasti Majumdar
4308,1399,Paternity Leave,2024-09-20,2024-09-22,3,Higher Education,Approved,Varsha Hari
4309,1896,Emergency Leave,2025-05-09,2025-05-11,3,Child Care,Approved,Ira Seshadri
4310,2794,Casual Leave,2024-10-12,2024-10-18,7,Higher Education,Approved,Mohini Subramaniam
4311,14,Annual Leave,2025-07-08,2025-07-12,5,Vacation,Pending,
4312,2578,Paternity Leave,2025-08-24,2025-08-29,6,Higher Education,Approved,Diya Shenoy
4313,2200,Annual Leave,2025-10-05,2025-10-05,1,Religious Festival,Pending,
4314,1334,Paternity Leave,2024-09-13,2024-09-21,9,Vacation,Approved,Adweta Ray
4315,149,Annual Leave,2024-01-27,2024-01-29,3,Family Emergency,Approved,Ekaja Saran
4316,2988,Sick Leave,2024-09-16,2024-09-17,2,Religious Festival,Approved,Mitesh Soman
4317,1897,Paternity Leave,2025-12-02,2025-12-05,4,Vacation,Approved,Charles Parmer
4318,2475,Casual Leave,2024-02-29,2024-03-03,4,Medical Treatment,Rejected,
4319,892,Unpaid Leave,2025-08-22,2025-08-28,7,Medical Treatment,Approved,Niharika Mahajan
4320,2025,Sick Leave,2025-04-22,2025-04-22,1,Marriage,Approved,Varsha Sheth
4321,1549,Maternity Leave,2025-09-12,2025-09-17,6,Family Emergency,Approved,Ishita Toor
4322,2123,Unpaid Leave,2025-02-02,2025-02-08,7,Vacation,Approved,Neel Kibe
4323,2462,Paternity Leave,2025-05-08,2025-05-10,3,Higher Education,Approved,Shivansh Kalla
4324,1009,Casual Leave,2025-03-14,2025-03-16,3,Religious Festival,Approved,Panini Bajwa
4325,2701,Paternity Leave,2025-09-12,2025-09-15,4,Family Emergency,Pending,
4326,693,Sick Leave,2024-07-20,2024-07-27,8,Marriage,Approved,Indrajit Sekhon
4327,2139,Maternity Leave,2024-03-07,2024-03-16,10,Personal Work,Approved,Ekalinga Arya
4328,1490,Unpaid Leave,2024-12-11,2024-12-18,8,Marriage,Approved,Chaitaly Shroff
4329,1451,Sick Leave,2025-03-14,2025-03-16,3,Child Care,Approved,Dipta Kibe
4330,357,Maternity Leave,2025-02-15,2025-02-20,6,Higher Education,Rejected,
4331,1627,Annual Leave,2025-04-25,2025-04-25,1,Higher Education,Approved,Faqid Peri
4332,187,Maternity Leave,2024-11-09,2024-11-11,3,Higher Education,Approved,Amaira Bumb
4333,495,Unpaid Leave,2025-04-04,2025-04-12,9,Marriage,Approved,Rayaan Ranganathan
4334,1562,Annual Leave,2024-08-15,2024-08-16,2,Medical Treatment,Approved,Bhavna Parekh
4335,639,Emergency Leave,2025-04-29,2025-04-30,2,Marriage,Approved,Laban Luthra
4336,2287,Paternity Leave,2025-10-03,2025-10-11,9,Family Emergency,Approved,Dipta Kade
4337,2893,Annual Leave,2025-12-24,2025-12-31,8,Child Care,Approved,Anjali Ahuja
4338,2898,Unpaid Leave,2025-11-08,2025-11-12,5,Personal Work,Approved,Frederick Sehgal
4339,1649,Emergency Leave,2024-11-21,2024-11-24,4,Personal Work,Approved,Jeet Zachariah
4340,537,Sick Leave,2024-01-07,2024-01-10,4,Marriage,Rejected,
4341,2830,Sick Leave,2024-08-06,2024-08-08,3,Vacation,Pending,
4342,2600,Annual Leave,2025-07-18,2025-07-27,10,Family Emergency,Approved,Siya Garde
4343,1418,Maternity Leave,2025-05-17,2025-05-26,10,Family Emergency,Approved,Yadavi Barad
4344,732,Paternity Leave,2024-01-01,2024-01-06,6,Child Care,Approved,Eiravati Tandon
4345,750,Unpaid Leave,2025-03-01,2025-03-10,10,Religious Festival,Rejected,
4346,865,Casual Leave,2025-09-14,2025-09-14,1,Marriage,Pending,
4347,2603,Unpaid Leave,2025-01-31,2025-02-07,8,Marriage,Approved,Nicholas Vora
4348,274,Unpaid Leave,2024-12-04,2024-12-05,2,Personal Work,Approved,Ojasvi Chopra
4349,1626,Paternity Leave,2024-12-10,2024-12-17,8,Marriage,Approved,Anmol Ratti
4350,26,Emergency Leave,2024-04-07,2024-04-12,6,Personal Work,Approved,Devika Kulkarni
4351,500,Paternity Leave,2025-08-21,2025-08-29,9,Vacation,Approved,Warhi Sarkar
4352,2704,Annual Leave,2024-09-07,2024-09-10,4,Family Emergency,Approved,Balhaar Choudhary
4353,1644,Paternity Leave,2024-04-28,2024-04-28,1,Personal Work,Approved,Sanya Ratti
4354,2720,Emergency Leave,2025-05-12,2025-05-15,4,Higher Education,Approved,Pratyush Toor
4355,2691,Casual Leave,2024-10-16,2024-10-22,7,Personal Work,Approved,Reyansh Dora
4356,1951,Annual Leave,2025-02-08,2025-02-13,6,Medical Treatment,Approved,Upasna Golla
4357,714,Paternity Leave,2025-06-21,2025-06-22,2,Child Care,Approved,Jai Rout
4358,2951,Casual Leave,2025-07-19,2025-07-20,2,Religious Festival,Approved,Divya Saha
4359,1352,Emergency Leave,2025-02-18,2025-02-22,5,Medical Treatment,Approved,Arjun Buch
4360,2361,Paternity Leave,2025-06-09,2025-06-15,7,Marriage,Approved,Yashawini Bora
4361,2421,Casual Leave,2025-05-19,2025-05-26,8,Religious Festival,Approved,Falan Gulati
4362,758,Annual Leave,2025-01-11,2025-01-18,8,Family Emergency,Approved,Meera Natt
4363,75,Casual Leave,2024-07-12,2024-07-14,3,Family Emergency,Approved,Sai Tata
4364,2731,Annual Leave,2025-02-10,2025-02-11,2,Higher Education,Approved,Benjamin Pradhan
4365,394,Sick Leave,2024-07-31,2024-08-01,2,Medical Treatment,Approved,Meghana Kashyap
4366,827,Maternity Leave,2024-02-19,2024-02-22,4,Child Care,Approved,Jacob Madan
4367,2541,Emergency Leave,2024-02-29,2024-03-07,8,Higher Education,Approved,Upma Sha
4368,1663,Annual Leave,2025-07-22,2025-07-31,10,Higher Education,Pending,
4369,884,Annual Leave,2024-10-15,2024-10-17,3,Higher Education,Approved,Mohammed Prabhakar
4370,948,Annual Leave,2024-08-24,2024-09-02,10,Family Emergency,Rejected,
4371,541,Emergency Leave,2025-05-06,2025-05-12,7,Vacation,Approved,Ekta Peri
4372,1886,Casual Leave,2025-10-18,2025-10-27,10,Higher Education,Rejected,
4373,2658,Maternity Leave,2024-08-29,2024-09-04,7,Marriage,Approved,Yasti Sastry
4374,2585,Paternity Leave,2024-06-11,2024-06-20,10,Personal Work,Pending,
4375,832,Annual Leave,2024-10-10,2024-10-19,10,Child Care,Approved,Daniel Barad
4376,1347,Casual Leave,2025-09-25,2025-09-28,4,Religious Festival,Approved,Qabil Joshi
4377,745,Sick Leave,2025-03-31,2025-04-01,2,Family Emergency,Approved,Odika Chowdhury
4378,496,Maternity Leave,2024-08-22,2024-08-23,2,Vacation,Approved,Balveer Konda
4379,1430,Emergency Leave,2025-12-09,2025-12-15,7,Personal Work,Approved,Dayita Kadakia
4380,2307,Paternity Leave,2024-02-08,2024-02-15,8,Personal Work,Approved,Zayan Borah
4381,1966,Annual Leave,2025-03-16,2025-03-16,1,Child Care,Approved,Dalaja Virk
4382,2299,Emergency Leave,2025-08-01,2025-08-07,7,Child Care,Approved,Upasna Jani
4383,2034,Emergency Leave,2025-09-12,2025-09-16,5,Higher Education,Approved,Farhan Mannan
4384,1268,Annual Leave,2025-02-14,2025-02-20,7,Child Care,Approved,Hiral Gour
4385,1424,Emergency Leave,2024-06-10,2024-06-10,1,Religious Festival,Approved,Upasna Babu
4386,136,Annual Leave,2025-12-14,2025-12-20,7,Religious Festival,Approved,Rehaan Sinha
4387,2864,Sick Leave,2024-01-20,2024-01-27,8,Child Care,Approved,Abhimanyu Gupta
4388,1116,Maternity Leave,2024-05-05,2024-05-11,7,Higher Education,Approved,Warhi Radhakrishnan
4389,1808,Annual Leave,2024-03-19,2024-03-20,2,Religious Festival,Pending,
4390,563,Maternity Leave,2024-02-17,2024-02-23,7,Marriage,Approved,Yashawini Raju
4391,203,Paternity Leave,2025-04-01,2025-04-06,6,Vacation,Approved,Osha Bora
4392,735,Casual Leave,2024-05-16,2024-05-21,6,Family Emergency,Approved,Radhika Kapur
4393,1896,Emergency Leave,2024-07-02,2024-07-05,4,Marriage,Approved,Raghav Morar
4394,321,Unpaid Leave,2024-02-29,2024-03-05,6,Religious Festival,Approved,Faraj Butala
4395,2506,Emergency Leave,2024-01-30,2024-02-04,6,Child Care,Pending,
4396,2693,Emergency Leave,2024-07-12,2024-07-15,4,Religious Festival,Approved,Ikshita Pandit
4397,1073,Unpaid Leave,2024-07-11,2024-07-15,5,Personal Work,Approved,Gavin Nagy
4398,2905,Casual Leave,2024-01-20,2024-01-21,2,Personal Work,Approved,Rayaan Prabhu
4399,2507,Annual Leave,2025-05-04,2025-05-10,7,Marriage,Approved,Veer Manda
4400,2489,Sick Leave,2024-05-28,2024-06-01,5,Higher Education,Approved,Jasmit Chaudry
4401,1168,Sick Leave,2024-05-27,2024-06-05,10,Child Care,Pending,
4402,1081,Annual Leave,2024-07-22,2024-07-30,9,Family Emergency,Approved,Nathan Suri
4403,599,Sick Leave,2025-08-06,2025-08-06,1,Child Care,Approved,Deepa Patel
4404,526,Maternity Leave,2025-06-27,2025-07-04,8,Marriage,Approved,Chatresh Rao
4405,2358,Paternity Leave,2025-09-16,2025-09-24,9,Personal Work,Approved,Pranav Batta
4406,409,Sick Leave,2024-03-10,2024-03-12,3,Vacation,Approved,Nandini Chokshi
4407,2339,Emergency Leave,2025-08-04,2025-08-06,3,Family Emergency,Approved,Pallavi Srinivasan
4408,472,Unpaid Leave,2024-08-28,2024-09-04,8,Higher Education,Approved,Viraj Karan
4409,1339,Casual Leave,2025-04-21,2025-04-29,9,Personal Work,Approved,Chanakya Ben
4410,2582,Paternity Leave,2024-01-01,2024-01-07,7,Higher Education,Approved,Wahab Chada
4411,2399,Sick Leave,2025-11-27,2025-11-29,3,Vacation,Approved,Dhruv Manne
4412,176,Casual Leave,2025-06-13,2025-06-17,5,Personal Work,Approved,Kashvi Balan
4413,1563,Annual Leave,2024-05-27,2024-05-29,3,Marriage,Approved,Yamini Ramanathan
4414,2321,Annual Leave,2025-05-20,2025-05-20,1,Religious Festival,Approved,Warda Ghosh
4415,437,Sick Leave,2025-11-29,2025-11-30,2,Higher Education,Approved,Reyansh Shenoy
4416,1366,Unpaid Leave,2024-04-24,2024-04-30,7,Child Care,Approved,Kamala Palla
4417,780,Casual Leave,2024-09-15,2024-09-24,10,Higher Education,Approved,Udant Deep
4418,10,Maternity Leave,2025-07-26,2025-08-01,7,Medical Treatment,Rejected,
4419,2350,Maternity Leave,2024-04-22,2024-04-25,4,Personal Work,Pending,
4420,2892,Casual Leave,2024-06-03,2024-06-11,9,Personal Work,Approved,Ucchal Tripathi
4421,2850,Casual Leave,2024-06-24,2024-06-30,7,Medical Treatment,Approved,Vrishti Chahal
4422,297,Sick Leave,2025-10-31,2025-11-08,9,Vacation,Approved,Daksha Bandi
4423,839,Casual Leave,2024-09-17,2024-09-19,3,Child Care,Approved,Ranveer Mallick
4424,646,Paternity Leave,2024-06-29,2024-07-01,3,Marriage,Approved,Yahvi Mitra
4425,799,Casual Leave,2025-04-17,2025-04-24,8,Personal Work,Approved,Saumya Kapur
4426,1666,Sick Leave,2024-08-08,2024-08-09,2,Marriage,Approved,Yatan Apte
4427,2717,Emergency Leave,2024-05-27,2024-06-05,10,Child Care,Approved,Krishna Bal
4428,2213,Unpaid Leave,2025-07-27,2025-07-27,1,Religious Festival,Approved,Rayaan Bajwa
4429,2912,Paternity Leave,2024-12-07,2024-12-09,3,Personal Work,Approved,Lakshmi Sidhu
4430,1563,Unpaid Leave,2024-01-22,2024-01-31,10,Family Emergency,Pending,
4431,2679,Annual Leave,2024-12-25,2025-01-01,8,Personal Work,Approved,Hitesh Wali
4432,264,Emergency Leave,2025-01-22,2025-01-26,5,Vacation,Approved,Avni Wali
4433,1238,Sick Leave,2024-01-02,2024-01-07,6,Marriage,Approved,Jagat Devi
4434,2198,Unpaid Leave,2024-02-02,2024-02-07,6,Family Emergency,Pending,
4435,664,Unpaid Leave,2025-01-16,2025-01-24,9,Personal Work,Approved,Adya Mohanty
4436,1730,Emergency Leave,2024-07-22,2024-07-27,6,Religious Festival,Approved,Anjali Mander
4437,2990,Unpaid Leave,2024-04-02,2024-04-04,3,Family Emergency,Approved,Chakradhar Bhatnagar
4438,2132,Sick Leave,2024-05-15,2024-05-24,10,Vacation,Approved,Daksha Loyal
4439,559,Annual Leave,2024-10-01,2024-10-03,3,Medical Treatment,Approved,Isaac Toor
4440,883,Sick Leave,2024-01-12,2024-01-12,1,Marriage,Approved,Baljiwan Boase
4441,809,Casual Leave,2024-10-06,2024-10-12,7,Medical Treatment,Approved,Pavani Korpal
4442,2836,Annual Leave,2025-12-18,2025-12-24,7,Religious Festival,Approved,Radha Bhargava
4443,44,Emergency Leave,2025-12-22,2025-12-28,7,Higher Education,Approved,Falan Aggarwal
4444,2498,Maternity Leave,2024-02-29,2024-03-05,6,Religious Festival,Approved,Anya Barad
4445,1021,Paternity Leave,2024-02-18,2024-02-18,1,Religious Festival,Approved,Onkar Sankaran
4446,863,Annual Leave,2025-03-09,2025-03-10,2,Family Emergency,Pending,
4447,946,Paternity Leave,2024-05-14,2024-05-23,10,Personal Work,Approved,Atharv Chad
4448,1998,Sick Leave,2024-10-08,2024-10-11,4,Personal Work,Approved,Kavya Krishna
4449,2936,Unpaid Leave,2024-10-08,2024-10-10,3,Personal Work,Approved,Ranbir Konda
4450,1878,Annual Leave,2025-01-01,2025-01-10,10,Vacation,Approved,Raagini Dar
4451,373,Emergency Leave,2025-11-10,2025-11-12,3,Family Emergency,Pending,
4452,1199,Annual Leave,2025-03-13,2025-03-18,6,Child Care,Approved,Yug Kapadia
4453,1061,Paternity Leave,2025-03-05,2025-03-13,9,Medical Treatment,Approved,Ishita Pandit
4454,1951,Paternity Leave,2024-06-05,2024-06-12,8,Personal Work,Approved,Andrew Desai
4455,1696,Annual Leave,2024-12-17,2024-12-26,10,Family Emergency,Approved,Divya Pingle
4456,1081,Annual Leave,2025-05-02,2025-05-08,7,Marriage,Approved,Gautami Bhatt
4457,2199,Unpaid Leave,2025-03-18,2025-03-25,8,Higher Education,Approved,Triveni Rau
4458,2577,Sick Leave,2025-06-19,2025-06-24,6,Medical Treatment,Approved,Gunbir Dani
4459,737,Sick Leave,2025-05-31,2025-06-05,6,Religious Festival,Approved,Robert Chowdhury
4460,1579,Emergency Leave,2024-02-28,2024-03-07,9,Personal Work,Approved,Harsh Prabhakar
4461,2078,Paternity Leave,2025-07-28,2025-07-30,3,Higher Education,Pending,
4462,1021,Paternity Leave,2024-03-11,2024-03-14,4,Medical Treatment,Approved,Zaid Luthra
4463,764,Annual Leave,2025-01-28,2025-01-30,3,Vacation,Approved,Omya Borra
4464,489,Maternity Leave,2025-01-19,2025-01-26,8,Vacation,Rejected,
4465,966,Paternity Leave,2024-09-24,2024-09-29,6,Child Care,Rejected,
4466,2516,Annual Leave,2024-10-13,2024-10-14,2,Vacation,Approved,Kabir Bhavsar
4467,1986,Casual Leave,2024-10-17,2024-10-17,1,Marriage,Approved,Nachiket Prasad
4468,2451,Sick Leave,2025-03-24,2025-03-29,6,Personal Work,Approved,Anay Balasubramanian
4469,2845,Casual Leave,2025-12-02,2025-12-04,3,Medical Treatment,Approved,Nakul Bose
4470,2024,Annual Leave,2024-11-21,2024-11-23,3,Higher Education,Approved,Nidhi Vohra
4471,1589,Paternity Leave,2025-10-07,2025-10-11,5,Higher Education,Approved,Yatin Shetty
4472,745,Sick Leave,2025-07-18,2025-07-18,1,Personal Work,Approved,Sachi Dutt
4473,613,Sick Leave,2025-02-06,2025-02-07,2,Child Care,Approved,Anya Taneja
4474,2782,Casual Leave,2024-10-13,2024-10-17,5,Child Care,Approved,Ucchal Bhagat
4475,788,Sick Leave,2025-03-19,2025-03-19,1,Marriage,Approved,Rajata Sami
4476,829,Casual Leave,2024-09-04,2024-09-08,5,Vacation,Approved,Ansh Kale
4477,1249,Maternity Leave,2024-07-03,2024-07-11,9,Religious Festival,Approved,Tanish Rastogi
4478,49,Casual Leave,2025-10-22,2025-10-29,8,Family Emergency,Approved,Tristan Cherian
4479,43,Unpaid Leave,2024-11-20,2024-11-25,6,Child Care,Approved,Arin Sridhar
4480,2079,Paternity Leave,2025-07-08,2025-07-13,6,Religious Festival,Approved,Varsha Sandhu
4481,777,Unpaid Leave,2025-01-06,2025-01-13,8,Family Emergency,Approved,Chakradhar Baral
4482,1628,Emergency Leave,2024-07-02,2024-07-05,4,Religious Festival,Approved,Zayyan Walla
4483,1697,Sick Leave,2025-03-18,2025-03-22,5,Higher Education,Approved,Zehaan Ganesan
4484,1943,Casual Leave,2024-02-08,2024-02-10,3,Religious Festival,Approved,Falak Yogi
4485,2324,Sick Leave,2024-09-10,2024-09-10,1,Child Care,Approved,Rudra Devan
4486,1431,Maternity Leave,2024-07-22,2024-07-23,2,Family Emergency,Approved,Krish Palla
4487,114,Paternity Leave,2025-05-01,2025-05-06,6,Family Emergency,Approved,Dakshesh Karan
4488,619,Maternity Leave,2025-04-18,2025-04-22,5,Religious Festival,Approved,Januja Dutt
4489,1682,Sick Leave,2025-02-20,2025-02-20,1,Religious Festival,Approved,Mahika Mangat
4490,1294,Unpaid Leave,2024-12-03,2024-12-12,10,Child Care,Approved,Nachiket Kannan
4491,1001,Emergency Leave,2024-12-12,2024-12-14,3,Family Emergency,Approved,Atharv Mahal
4492,2550,Paternity Leave,2025-06-22,2025-06-26,5,Family Emergency,Approved,Mohammed Mangal
4493,176,Emergency Leave,2025-04-03,2025-04-09,7,Personal Work,Approved,Yashasvi Singhal
4494,2554,Maternity Leave,2024-05-19,2024-05-19,1,Religious Festival,Approved,Faraj Pandit
4495,398,Sick Leave,2025-02-22,2025-02-25,4,Marriage,Approved,Veda Atwal
4496,2682,Maternity Leave,2025-11-06,2025-11-06,1,Marriage,Approved,Ekiya Chakraborty
4497,2886,Unpaid Leave,2024-07-05,2024-07-07,3,Medical Treatment,Approved,Yachana Nadkarni
4498,725,Unpaid Leave,2025-08-24,2025-08-26,3,Family Emergency,Approved,Zinal Puri
4499,313,Casual Leave,2025-01-02,2025-01-06,5,Medical Treatment,Approved,Eiravati Bajwa
4500,2914,Casual Leave,2024-08-20,2024-08-28,9,Child Care,Approved,Ishaan Aurora
4501,2226,Emergency Leave,2025-04-16,2025-04-24,9,Child Care,Approved,Advik Mital
4502,1221,Annual Leave,2025-05-07,2025-05-08,2,Medical Treatment,Approved,Henry Contractor
4503,2175,Casual Leave,2025-12-10,2025-12-14,5,Vacation,Approved,Naveen Bains
4504,1596,Casual Leave,2024-11-30,2024-12-04,5,Vacation,Approved,Vedika Uppal
4505,175,Unpaid Leave,2025-01-08,2025-01-14,7,Higher Education,Approved,Jai Mody
4506,1812,Paternity Leave,2024-05-25,2024-06-02,9,Religious Festival,Approved,Balhaar Bava
4507,2134,Casual Leave,2025-08-07,2025-08-13,7,Personal Work,Approved,Nachiket Nagy
4508,1636,Paternity Leave,2024-01-13,2024-01-17,5,Medical Treatment,Approved,Madhav Chaudhary
4509,2441,Emergency Leave,2025-01-21,2025-01-23,3,Family Emergency,Approved,Advik Kamdar
4510,458,Maternity Leave,2024-08-04,2024-08-06,3,Child Care,Approved,Kashvi Cheema
4511,594,Sick Leave,2025-11-30,2025-12-01,2,Vacation,Approved,Yochana Dubey
4512,1252,Paternity Leave,2024-02-19,2024-02-20,2,Family Emergency,Approved,Ekanta Bajwa
4513,2506,Casual Leave,2024-08-17,2024-08-25,9,Medical Treatment,Approved,Harinakshi Vyas
4514,1153,Paternity Leave,2025-06-22,2025-06-29,8,Medical Treatment,Pending,
4515,369,Emergency Leave,2025-12-08,2025-12-17,10,Child Care,Approved,Jairaj Jani
4516,2409,Maternity Leave,2025-07-30,2025-08-08,10,Personal Work,Rejected,
4517,2357,Paternity Leave,2024-04-23,2024-05-01,9,Family Emergency,Approved,Chandran Thaker
4518,2105,Paternity Leave,2024-04-04,2024-04-07,4,Vacation,Approved,Megha Bir
4519,234,Sick Leave,2025-12-07,2025-12-13,7,Vacation,Approved,Vyanjana Kulkarni
4520,2819,Paternity Leave,2024-12-24,2024-12-26,3,Vacation,Approved,Priya Pandya
4521,23,Casual Leave,2025-03-13,2025-03-16,4,Religious Festival,Approved,Krishna Cherian
4522,793,Maternity Leave,2024-09-12,2024-09-18,7,Medical Treatment,Approved,Chandani Ram
4523,16,Casual Leave,2025-07-24,2025-07-24,1,Family Emergency,Approved,Falguni Puri
4524,1107,Sick Leave,2024-07-21,2024-07-29,9,Vacation,Pending,
4525,1456,Maternity Leave,2024-08-12,2024-08-14,3,Family Emergency,Pending,
4526,2704,Unpaid Leave,2024-08-10,2024-08-19,10,Vacation,Approved,Zinal Taneja
4527,245,Emergency Leave,2024-12-12,2024-12-18,7,Child Care,Approved,Nakul Lad
4528,672,Unpaid Leave,2025-12-19,2025-12-26,8,Marriage,Approved,Kevin Sanghvi
4529,931,Sick Leave,2024-11-28,2024-12-06,9,Marriage,Rejected,
4530,2055,Maternity Leave,2024-01-19,2024-01-25,7,Marriage,Approved,Dayamai Sabharwal
4531,879,Unpaid Leave,2025-02-09,2025-02-16,8,Medical Treatment,Approved,Ati Das
4532,2072,Casual Leave,2024-03-23,2024-03-24,2,Child Care,Pending,
4533,726,Emergency Leave,2025-02-15,2025-02-22,8,Child Care,Approved,Lucky Prasad
4534,2262,Casual Leave,2024-01-20,2024-01-21,2,Medical Treatment,Approved,Omisha Dhaliwal
4535,778,Sick Leave,2025-06-28,2025-07-06,9,Marriage,Approved,Garima Ramachandran
4536,925,Paternity Leave,2024-09-25,2024-10-04,10,Marriage,Approved,Chavvi Char
4537,1431,Sick Leave,2025-06-22,2025-06-29,8,Medical Treatment,Approved,Bahadurjit Khurana
4538,2165,Emergency Leave,2025-05-13,2025-05-18,6,Vacation,Approved,Nidra Pall
4539,1664,Emergency Leave,2025-06-01,2025-06-08,8,Vacation,Approved,Balvan Bhattacharyya
4540,1731,Unpaid Leave,2025-11-19,2025-11-24,6,Family Emergency,Approved,Alexander Mangat
4541,26,Paternity Leave,2025-01-04,2025-01-12,9,Personal Work,Approved,Harinakshi Rama
4542,1014,Unpaid Leave,2025-08-04,2025-08-05,2,Higher Education,Approved,Ridhi Doshi
4543,2486,Emergency Leave,2024-11-17,2024-11-23,7,Medical Treatment,Approved,Vaishnavi Mall
4544,1444,Maternity Leave,2025-04-24,2025-04-30,7,Marriage,Approved,Zayan Sura
4545,2217,Paternity Leave,2024-12-11,2024-12-15,5,Higher Education,Approved,Gauri Acharya
4546,730,Paternity Leave,2025-04-20,2025-04-20,1,Family Emergency,Rejected,
4547,2874,Emergency Leave,2025-10-03,2025-10-09,7,Child Care,Approved,Anamika Venkatesh
4548,2187,Emergency Leave,2024-12-24,2024-12-26,3,Religious Festival,Approved,Manya Behl
4549,2355,Unpaid Leave,2025-08-13,2025-08-14,2,Higher Education,Approved,Yatan Subramaniam
4550,837,Casual Leave,2024-02-08,2024-02-17,10,Family Emergency,Approved,Tanvi Balasubramanian
4551,1407,Casual Leave,2025-02-22,2025-02-25,4,Child Care,Approved,Devansh Samra
4552,2574,Paternity Leave,2025-07-30,2025-07-30,1,Personal Work,Approved,Vedika Venkatesh
4553,560,Maternity Leave,2024-05-22,2024-05-31,10,Personal Work,Approved,Upma Bobal
4554,2570,Emergency Leave,2025-12-16,2025-12-18,3,Child Care,Approved,Rajata Sibal
4555,1733,Maternity Leave,2024-04-12,2024-04-16,5,Higher Education,Approved,Abhiram Raju
4556,2352,Maternity Leave,2025-10-02,2025-10-08,7,Vacation,Approved,Viraj Srinivas
4557,2267,Unpaid Leave,2025-11-23,2025-12-02,10,Higher Education,Approved,Widisha Gole
4558,1045,Maternity Leave,2024-10-21,2024-10-26,6,Personal Work,Approved,Om Bora
4559,1662,Casual Leave,2024-12-21,2024-12-22,2,Marriage,Pending,
4560,2492,Unpaid Leave,2024-04-18,2024-04-26,9,Medical Treatment,Approved,Jeremiah Sekhon
4561,1684,Emergency Leave,2025-09-15,2025-09-18,4,Higher Education,Approved,Ikshita Vaidya
4562,2126,Paternity Leave,2024-07-07,2024-07-12,6,Medical Treatment,Approved,Aarush Apte
4563,1560,Casual Leave,2025-12-25,2026-01-03,10,Personal Work,Approved,Jyoti Bhargava
4564,1188,Casual Leave,2025-05-13,2025-05-13,1,Family Emergency,Approved,Sai Pant
4565,2716,Paternity Leave,2025-02-26,2025-03-06,9,Vacation,Approved,Zansi Sankaran
4566,1339,Sick Leave,2024-02-27,2024-02-28,2,Vacation,Approved,Yachana Solanki
4567,672,Emergency Leave,2025-06-30,2025-07-02,3,Vacation,Rejected,
4568,1625,Emergency Leave,2024-02-27,2024-03-02,5,Vacation,Approved,Yashvi Pall
4569,75,Unpaid Leave,2024-04-28,2024-05-06,9,Personal Work,Approved,Samesh Loke
4570,1469,Maternity Leave,2024-02-02,2024-02-03,2,Vacation,Approved,Siddharth Rao
4571,2279,Maternity Leave,2024-09-16,2024-09-25,10,Vacation,Approved,Pratyush Chacko
4572,1352,Emergency Leave,2024-06-04,2024-06-08,5,Marriage,Approved,Kai Barman
4573,2535,Maternity Leave,2024-12-25,2025-01-01,8,Medical Treatment,Approved,Pallavi Gola
4574,2267,Casual Leave,2024-09-24,2024-09-30,7,Marriage,Rejected,
4575,60,Sick Leave,2025-06-03,2025-06-10,8,Vacation,Approved,Manan Gour
4576,194,Annual Leave,2025-07-11,2025-07-14,4,Religious Festival,Approved,Vanya Amble
4577,2950,Emergency Leave,2024-12-08,2024-12-14,7,Religious Festival,Approved,Girindra Dhar
4578,2643,Sick Leave,2024-08-29,2024-08-29,1,Religious Festival,Pending,
4579,1587,Casual Leave,2025-05-28,2025-05-29,2,Marriage,Approved,Yoshita Tara
4580,1796,Maternity Leave,2024-11-12,2024-11-16,5,Vacation,Approved,Dhruv Ram
4581,2059,Unpaid Leave,2025-05-02,2025-05-09,8,Vacation,Pending,
4582,2678,Annual Leave,2025-11-09,2025-11-17,9,Child Care,Approved,Pranav Jaggi
4583,2633,Unpaid Leave,2025-02-23,2025-02-23,1,Marriage,Approved,Adya Nath
4584,1752,Casual Leave,2024-09-20,2024-09-21,2,Personal Work,Approved,Ikbal Deo
4585,1211,Casual Leave,2025-06-07,2025-06-11,5,Vacation,Approved,Jeremiah Trivedi
4586,1612,Emergency Leave,2024-12-20,2024-12-24,5,Child Care,Approved,Harrison Kuruvilla
4587,2289,Emergency Leave,2025-07-10,2025-07-15,6,Vacation,Approved,Vrishti Raman
4588,1548,Sick Leave,2024-05-13,2024-05-15,3,Religious Festival,Approved,Wyatt Dua
4589,2504,Maternity Leave,2024-11-27,2024-12-03,7,Family Emergency,Approved,Devansh Pal
4590,1292,Emergency Leave,2024-09-27,2024-09-29,3,Family Emergency,Approved,Veer Tak
4591,512,Maternity Leave,2024-09-03,2024-09-03,1,Marriage,Approved,Zayyan Choudhry
4592,2602,Paternity Leave,2024-04-18,2024-04-22,5,Vacation,Approved,Adya Sahota
4593,1060,Emergency Leave,2024-04-27,2024-05-01,5,Child Care,Approved,Viraj Rau
4594,1244,Maternity Leave,2025-01-03,2025-01-07,5,Religious Festival,Approved,Wakeeta Sahni
4595,1526,Maternity Leave,2024-03-31,2024-04-03,4,Religious Festival,Approved,Riya Kalla
4596,700,Annual Leave,2025-02-11,2025-02-14,4,Religious Festival,Approved,Raghav Manda
4597,26,Emergency Leave,2025-06-13,2025-06-14,2,Personal Work,Rejected,
4598,1365,Paternity Leave,2025-11-12,2025-11-17,6,Family Emergency,Approved,Mekhala Apte
4599,2874,Unpaid Leave,2025-05-27,2025-06-05,10,Marriage,Approved,Onveer Nath
4600,1616,Sick Leave,2024-04-30,2024-05-02,3,Medical Treatment,Pending,
4601,2938,Unpaid Leave,2025-05-21,2025-05-28,8,Family Emergency,Approved,Amruta Kohli
4602,2595,Emergency Leave,2024-12-23,2024-12-30,8,Personal Work,Approved,Ekanta Singhal
4603,2196,Paternity Leave,2025-06-12,2025-06-20,9,Religious Festival,Approved,Chaitaly Divan
4604,2277,Casual Leave,2024-12-01,2024-12-06,6,Family Emergency,Approved,Urvashi Sibal
4605,742,Maternity Leave,2024-09-03,2024-09-07,5,Religious Festival,Approved,Warinder Samra
4606,574,Paternity Leave,2024-08-12,2024-08-17,6,Medical Treatment,Approved,Joshua Karnik
4607,2058,Casual Leave,2024-02-14,2024-02-21,8,Medical Treatment,Approved,Hema Venkataraman
4608,1838,Annual Leave,2024-05-09,2024-05-09,1,Vacation,Approved,Nisha Sangha
4609,2168,Unpaid Leave,2024-08-13,2024-08-13,1,Medical Treatment,Approved,Robert Varma
4610,1059,Emergency Leave,2025-03-01,2025-03-08,8,Higher Education,Approved,Ekaja Majumdar
4611,944,Unpaid Leave,2024-06-04,2024-06-09,6,Religious Festival,Approved,Charan Rai
4612,579,Casual Leave,2025-01-14,2025-01-21,8,Personal Work,Approved,Gunbir Muni
4613,460,Unpaid Leave,2025-05-17,2025-05-24,8,Personal Work,Approved,Kevin Varty
4614,2877,Unpaid Leave,2024-08-21,2024-08-30,10,Personal Work,Approved,Kala Uppal
4615,1186,Unpaid Leave,2025-09-03,2025-09-12,10,Religious Festival,Approved,Arya Shan
4616,948,Emergency Leave,2025-09-20,2025-09-28,9,Marriage,Approved,Saumya Nagarajan
4617,800,Annual Leave,2024-09-27,2024-10-05,9,Medical Treatment,Approved,Jhalak Dhingra
4618,282,Paternity Leave,2024-07-25,2024-07-28,4,Family Emergency,Approved,Quincy Chaudry
4619,1750,Annual Leave,2024-01-29,2024-02-06,9,Family Emergency,Approved,Mason Mangat
4620,2281,Annual Leave,2025-02-14,2025-02-19,6,Higher Education,Approved,Rohan Ramakrishnan
4621,2226,Emergency Leave,2024-03-13,2024-03-16,4,Child Care,Approved,Gaurav Bhatia
4622,754,Casual Leave,2024-08-04,2024-08-05,2,Medical Treatment,Approved,Ekbal Saxena
4623,1824,Paternity Leave,2025-10-14,2025-10-18,5,Marriage,Approved,Nitesh Yohannan
4624,1342,Paternity Leave,2025-02-20,2025-02-23,4,Vacation,Approved,Damini Apte
4625,416,Maternity Leave,2024-07-13,2024-07-22,10,Religious Festival,Approved,Kiaan Ben
4626,1741,Paternity Leave,2025-12-18,2025-12-25,8,Personal Work,Approved,Hardik Lalla
4627,1563,Emergency Leave,2025-10-27,2025-10-28,2,Higher Education,Approved,Turvi Walia
4628,1552,Sick Leave,2024-02-22,2024-03-02,10,Medical Treatment,Approved,Sneha Nazareth
4629,1272,Sick Leave,2025-09-01,2025-09-04,4,Family Emergency,Approved,Ekbal Contractor
4630,2408,Maternity Leave,2025-06-30,2025-07-09,10,Child Care,Approved,Chanakya Mann
4631,2577,Unpaid Leave,2024-05-31,2024-06-06,7,Religious Festival,Approved,Lucky Mangat
4632,216,Maternity Leave,2024-10-30,2024-11-08,10,Vacation,Approved,Adweta Koshy
4633,2825,Annual Leave,2025-12-06,2025-12-07,2,Religious Festival,Approved,Warda Dey
4634,1965,Sick Leave,2024-01-04,2024-01-13,10,Marriage,Approved,Hema Bahl
4635,2801,Paternity Leave,2024-08-07,2024-08-12,6,Medical Treatment,Approved,Arunima Pillai
4636,2214,Maternity Leave,2024-01-17,2024-01-23,7,Personal Work,Approved,Varsha Pandey
4637,1178,Sick Leave,2024-12-24,2024-12-28,5,Personal Work,Approved,Vrinda Karan
4638,2537,Unpaid Leave,2024-07-05,2024-07-14,10,Religious Festival,Approved,Sachi Datta
4639,1795,Sick Leave,2025-09-28,2025-10-06,9,Religious Festival,Pending,
4640,2009,Casual Leave,2025-10-21,2025-10-30,10,Family Emergency,Approved,Abeer Lal
4641,2124,Paternity Leave,2025-11-09,2025-11-10,2,Vacation,Approved,Michael Bal
4642,734,Sick Leave,2025-08-10,2025-08-11,2,Higher Education,Approved,Aadi Aggarwal
4643,2995,Maternity Leave,2025-01-17,2025-01-26,10,Medical Treatment,Approved,Avni Gala
4644,564,Casual Leave,2024-05-27,2024-06-04,9,Higher Education,Approved,Udant Sengupta
4645,336,Emergency Leave,2024-02-04,2024-02-04,1,Personal Work,Pending,
4646,1076,Casual Leave,2024-08-06,2024-08-07,2,Marriage,Approved,Bhavna Kanda
4647,1743,Emergency Leave,2024-09-23,2024-09-25,3,Child Care,Approved,Abdul Naidu
4648,2144,Annual Leave,2025-11-02,2025-11-03,2,Marriage,Approved,Neha Thakur
4649,2615,Annual Leave,2025-07-31,2025-08-03,4,Religious Festival,Approved,Urvashi Bajaj
4650,1780,Unpaid Leave,2025-07-19,2025-07-27,9,Medical Treatment,Approved,Gopal Choudhary
4651,2368,Sick Leave,2024-07-31,2024-08-09,10,Higher Education,Rejected,
4652,2207,Annual Leave,2024-08-08,2024-08-12,5,Religious Festival,Pending,
4653,2362,Annual Leave,2024-10-04,2024-10-04,1,Family Emergency,Approved,Joshua Jha
4654,432,Emergency Leave,2025-07-08,2025-07-15,8,Religious Festival,Approved,Nachiket Jhaveri
4655,1293,Sick Leave,2024-11-29,2024-12-07,9,Child Care,Approved,Shivani Chad
4656,2397,Sick Leave,2024-01-01,2024-01-04,4,Religious Festival,Approved,Udant Mammen
4657,367,Paternity Leave,2025-07-02,2025-07-07,6,Vacation,Approved,Raksha Mallick
4658,2957,Emergency Leave,2024-03-21,2024-03-21,1,Religious Festival,Approved,Daksha Shankar
4659,800,Sick Leave,2024-01-20,2024-01-26,7,Medical Treatment,Approved,Samesh Memon
4660,500,Maternity Leave,2024-11-20,2024-11-23,4,Medical Treatment,Approved,Nachiket Khalsa
4661,43,Sick Leave,2025-07-17,2025-07-25,9,Higher Education,Approved,Henry Sathe
4662,1260,Sick Leave,2025-01-10,2025-01-15,6,Marriage,Approved,Chavvi Bala
4663,2964,Emergency Leave,2024-10-03,2024-10-03,1,Religious Festival,Approved,Oviya Date
4664,2192,Unpaid Leave,2024-10-31,2024-11-01,2,Medical Treatment,Approved,Indira Nori
4665,175,Casual Leave,2024-03-26,2024-03-31,6,Family Emergency,Approved,Omisha Bhalla
4666,1227,Sick Leave,2024-09-30,2024-10-07,8,Medical Treatment,Approved,Yochana Khurana
4667,1406,Paternity Leave,2024-03-09,2024-03-17,9,Child Care,Approved,Daksh Radhakrishnan
4668,1647,Sick Leave,2024-09-03,2024-09-10,8,Religious Festival,Approved,Maanas Bhagat
4669,2088,Paternity Leave,2024-11-15,2024-11-24,10,Marriage,Approved,Diya Dey
4670,857,Casual Leave,2024-11-22,2024-11-25,4,Vacation,Approved,Ishwar Acharya
4671,2885,Annual Leave,2025-04-28,2025-05-03,6,Child Care,Approved,Aayush Patla
4672,371,Casual Leave,2025-12-14,2025-12-18,5,Marriage,Approved,Logan Sani
4673,353,Paternity Leave,2025-02-16,2025-02-21,6,Child Care,Approved,Ranbir Johal
4674,981,Maternity Leave,2025-04-10,2025-04-17,8,Religious Festival,Approved,Zarna Dani
4675,1421,Unpaid Leave,2024-08-21,2024-08-22,2,Personal Work,Approved,Yauvani Chaudry
4676,1009,Emergency Leave,2024-08-31,2024-09-09,10,Family Emergency,Approved,Osha Tella
4677,2082,Sick Leave,2025-12-20,2025-12-27,8,Higher Education,Approved,Charita Kala
4678,116,Unpaid Leave,2025-01-13,2025-01-15,3,Child Care,Approved,Anay Grover
4679,2664,Emergency Leave,2025-10-11,2025-10-17,7,Marriage,Approved,Ucchal Dhaliwal
4680,1209,Sick Leave,2025-06-14,2025-06-22,9,Personal Work,Approved,Udarsh Sharma
4681,1051,Annual Leave,2025-02-28,2025-03-06,7,Medical Treatment,Approved,Bachittar Gade
4682,2554,Paternity Leave,2024-06-20,2024-06-27,8,Religious Festival,Pending,
4683,2600,Sick Leave,2024-01-17,2024-01-22,6,Personal Work,Approved,Barkha Rao
4684,1678,Unpaid Leave,2025-01-15,2025-01-19,5,Religious Festival,Approved,Eesha Seth
4685,510,Annual Leave,2024-01-10,2024-01-13,4,Vacation,Approved,Watika Padmanabhan
4686,555,Emergency Leave,2025-09-05,2025-09-08,4,Family Emergency,Approved,Ekiya Dash
4687,1994,Emergency Leave,2025-04-12,2025-04-15,4,Medical Treatment,Approved,Lakshit Buch
4688,1079,Paternity Leave,2025-03-17,2025-03-21,5,Higher Education,Approved,Abdul Mandal
4689,476,Maternity Leave,2025-03-24,2025-04-02,10,Religious Festival,Approved,Xavier Balakrishnan
4690,866,Annual Leave,2024-10-18,2024-10-27,10,Vacation,Approved,Benjamin Mishra
4691,1714,Emergency Leave,2024-03-26,2024-04-01,7,Vacation,Approved,Chameli Ramanathan
4692,2334,Sick Leave,2025-06-20,2025-06-22,3,Personal Work,Approved,Ladli Ganesh
4693,2514,Maternity Leave,2025-05-29,2025-06-05,8,Religious Festival,Approved,Nilima Sarin
4694,1437,Annual Leave,2024-02-08,2024-02-11,4,Religious Festival,Approved,Falak Butala
4695,2203,Paternity Leave,2024-06-22,2024-06-29,8,Higher Education,Approved,Harini Sharma
4696,505,Emergency Leave,2024-02-06,2024-02-10,5,Vacation,Pending,
4697,2629,Emergency Leave,2025-06-15,2025-06-23,9,Medical Treatment,Pending,
4698,433,Unpaid Leave,2024-05-31,2024-06-06,7,Personal Work,Approved,Xalak Kant
4699,2953,Unpaid Leave,2025-02-23,2025-02-23,1,Marriage,Approved,Lohit Halder
4700,2420,Maternity Leave,2025-12-17,2025-12-25,9,Higher Education,Pending,
4701,842,Maternity Leave,2025-05-10,2025-05-17,8,Religious Festival,Approved,Guneet Saini
4702,2098,Sick Leave,2024-05-20,2024-05-23,4,Personal Work,Approved,Jyoti Butala
4703,1946,Emergency Leave,2025-10-20,2025-10-20,1,Medical Treatment,Approved,Frado Ahluwalia
4704,953,Paternity Leave,2024-05-08,2024-05-08,1,Medical Treatment,Approved,Tanveer Wason
4705,1430,Sick Leave,2025-05-10,2025-05-18,9,Child Care,Approved,Pratyush Sunder
4706,95,Sick Leave,2024-06-08,2024-06-16,9,Family Emergency,Approved,Libni Banik
4707,1429,Casual Leave,2024-12-02,2024-12-04,3,Personal Work,Rejected,
4708,278,Paternity Leave,2024-09-07,2024-09-09,3,Marriage,Approved,Bhavna Badami
4709,349,Maternity Leave,2024-10-30,2024-10-30,1,Religious Festival,Approved,Yuvraj Bedi
4710,1845,Emergency Leave,2024-12-01,2024-12-03,3,Personal Work,Approved,Girik Ghose
4711,272,Annual Leave,2024-01-31,2024-01-31,1,Higher Education,Approved,Sanya Raval
4712,2825,Maternity Leave,2025-11-09,2025-11-13,5,Marriage,Approved,Anamika Chad
4713,654,Casual Leave,2024-08-08,2024-08-13,6,Marriage,Rejected,
4714,2257,Paternity Leave,2025-03-30,2025-03-31,2,Higher Education,Approved,Upma Jaggi
4715,2927,Maternity Leave,2025-05-14,2025-05-18,5,Family Emergency,Approved,Yachana Doshi
4716,591,Unpaid Leave,2024-08-25,2024-08-29,5,Higher Education,Approved,Ubika Guha
4717,116,Maternity Leave,2025-10-27,2025-11-04,9,Child Care,Approved,Anthony Hayre
4718,1048,Unpaid Leave,2025-08-03,2025-08-12,10,Family Emergency,Approved,Varsha Bahl
4719,727,Casual Leave,2025-03-16,2025-03-17,2,Personal Work,Rejected,
4720,591,Sick Leave,2024-07-22,2024-07-26,5,Marriage,Approved,Maya Sridhar
4721,707,Emergency Leave,2024-10-08,2024-10-09,2,Vacation,Approved,Abhiram Sawhney
4722,146,Sick Leave,2025-03-26,2025-03-30,5,Child Care,Approved,Arya Lata
4723,407,Paternity Leave,2024-05-25,2024-05-31,7,Higher Education,Approved,Charles Sheth
4724,50,Sick Leave,2024-05-22,2024-05-30,9,Family Emergency,Approved,Andrew Mitra
4725,230,Sick Leave,2025-05-16,2025-05-16,1,Religious Festival,Approved,Champak Chatterjee
4726,969,Emergency Leave,2025-09-21,2025-09-27,7,Medical Treatment,Approved,Yoshita Vasa
4727,2340,Casual Leave,2025-03-11,2025-03-14,4,Vacation,Approved,Jagdish Bhavsar
4728,41,Casual Leave,2025-07-02,2025-07-09,8,Religious Festival,Approved,Henry Srinivas
4729,123,Annual Leave,2025-12-09,2025-12-10,2,Family Emergency,Approved,Aarav Shenoy
4730,1367,Unpaid Leave,2025-10-07,2025-10-16,10,Vacation,Rejected,
4731,1890,Sick Leave,2024-07-22,2024-07-31,10,Marriage,Approved,Ishani Madan
4732,142,Paternity Leave,2025-07-16,2025-07-23,8,Medical Treatment,Approved,Arin Lata
4733,448,Sick Leave,2025-07-08,2025-07-16,9,Vacation,Approved,Ekanta Sastry
4734,2087,Emergency Leave,2025-08-08,2025-08-09,2,Higher Education,Approved,Abdul Rai
4735,584,Sick Leave,2025-06-01,2025-06-02,2,Personal Work,Approved,Aarnav Contractor
4736,1296,Unpaid Leave,2025-05-20,2025-05-24,5,Medical Treatment,Approved,Eesha Agate
4737,2032,Annual Leave,2024-06-03,2024-06-12,10,Medical Treatment,Approved,Girik Aggarwal
4738,1942,Unpaid Leave,2025-09-25,2025-09-25,1,Personal Work,Approved,Tara Iyengar
4739,1004,Emergency Leave,2024-04-09,2024-04-09,1,Family Emergency,Rejected,
4740,924,Unpaid Leave,2024-08-27,2024-08-31,5,Family Emergency,Approved,Frado Karan
4741,753,Casual Leave,2025-07-23,2025-07-25,3,Child Care,Approved,Hritik Vasa
4742,64,Sick Leave,2025-02-20,2025-02-25,6,Personal Work,Approved,Ladli Chad
4743,338,Sick Leave,2024-12-15,2024-12-15,1,Personal Work,Approved,Mason Kaur
4744,1828,Unpaid Leave,2025-04-18,2025-04-25,8,Child Care,Pending,
4745,2528,Annual Leave,2025-10-17,2025-10-20,4,Child Care,Approved,Pahal Deol
4746,2628,Paternity Leave,2024-03-10,2024-03-15,6,Marriage,Approved,Ikbal Sama
4747,535,Emergency Leave,2025-08-09,2025-08-15,7,Higher Education,Approved,Omaja Devi
4748,2469,Unpaid Leave,2024-02-19,2024-02-23,5,Vacation,Approved,Victor Magar
4749,2774,Sick Leave,2024-05-19,2024-05-23,5,Religious Festival,Pending,
4750,2394,Maternity Leave,2024-09-23,2024-09-28,6,Vacation,Approved,Yashoda Datta
4751,539,Annual Leave,2025-08-15,2025-08-16,2,Medical Treatment,Approved,Shivansh Dayal
4752,1310,Maternity Leave,2025-12-17,2025-12-26,10,Medical Treatment,Pending,
4753,700,Unpaid Leave,2024-07-24,2024-07-30,7,Child Care,Approved,Krishna Uppal
4754,2880,Casual Leave,2024-02-15,2024-02-24,10,Child Care,Approved,Ethan Swamy
4755,1046,Emergency Leave,2024-09-06,2024-09-14,9,Child Care,Approved,Harita Sheth
4756,520,Sick Leave,2025-06-13,2025-06-20,8,Vacation,Approved,Gaurav Kala
4757,40,Maternity Leave,2025-09-27,2025-10-05,9,Higher Education,Approved,Wahab Grewal
4758,1061,Annual Leave,2024-04-10,2024-04-18,9,Higher Education,Approved,Pallavi Lal
4759,2693,Maternity Leave,2025-04-21,2025-04-22,2,Medical Treatment,Rejected,
4760,2343,Annual Leave,2024-12-16,2024-12-23,8,Family Emergency,Approved,Damini Shenoy
4761,352,Emergency Leave,2025-04-10,2025-04-14,5,Child Care,Approved,Joshua Devan
4762,2340,Paternity Leave,2024-04-07,2024-04-15,9,Marriage,Pending,
4763,1610,Maternity Leave,2024-02-28,2024-03-01,3,Religious Festival,Approved,Hemang Sarna
4764,944,Casual Leave,2025-06-14,2025-06-22,9,Child Care,Approved,Nimrat Chadha
4765,1108,Emergency Leave,2025-07-18,2025-07-18,1,Medical Treatment,Approved,Aarnav Aurora
4766,918,Maternity Leave,2025-06-10,2025-06-18,9,Personal Work,Approved,Chaman Lad
4767,1769,Sick Leave,2024-12-05,2024-12-07,3,Vacation,Approved,Gabriel Kapadia
4768,689,Annual Leave,2025-05-14,2025-05-16,3,Higher Education,Approved,Kashvi Pillai
4769,2812,Paternity Leave,2025-08-02,2025-08-04,3,Religious Festival,Approved,Maanas Sathe
4770,1347,Annual Leave,2025-01-23,2025-01-26,4,Vacation,Approved,Anthony Sarraf
4771,250,Annual Leave,2025-04-30,2025-04-30,1,Child Care,Approved,Bakhshi Tank
4772,1019,Unpaid Leave,2024-04-01,2024-04-05,5,Child Care,Approved,Owen Kakar
4773,1858,Sick Leave,2025-12-29,2026-01-07,10,Vacation,Approved,Watika Kar
4774,14,Maternity Leave,2025-03-09,2025-03-17,9,Medical Treatment,Approved,Abeer Krishnan
4775,497,Casual Leave,2025-12-29,2025-12-30,2,Vacation,Approved,Yuvraj Sarraf
4776,95,Maternity Leave,2025-10-31,2025-11-01,2,Family Emergency,Approved,Ubika Devan
4777,963,Sick Leave,2025-02-19,2025-02-26,8,Higher Education,Approved,Ekantika Cheema
4778,2384,Paternity Leave,2025-10-27,2025-11-04,9,Higher Education,Pending,
4779,2935,Maternity Leave,2024-04-27,2024-04-27,1,Religious Festival,Approved,Thomas Mukhopadhyay
4780,1230,Maternity Leave,2025-01-11,2025-01-12,2,Child Care,Pending,
4781,1967,Casual Leave,2024-09-27,2024-10-03,7,Vacation,Approved,Aarna Saxena
4782,95,Maternity Leave,2024-02-26,2024-03-06,10,Marriage,Approved,Tanvi Upadhyay
4783,1021,Emergency Leave,2025-03-31,2025-04-01,2,Marriage,Pending,
4784,1826,Annual Leave,2025-05-13,2025-05-14,2,Medical Treatment,Approved,Ubika Gade
4785,1304,Annual Leave,2024-08-16,2024-08-25,10,Religious Festival,Approved,Sai Dani
4786,2844,Casual Leave,2024-01-07,2024-01-12,6,Personal Work,Approved,Ganga Sarkar
4787,615,Annual Leave,2025-07-02,2025-07-05,4,Vacation,Approved,Tristan Kuruvilla
4788,281,Casual Leave,2024-12-21,2024-12-24,4,Marriage,Approved,Chandani Rege
4789,1138,Emergency Leave,2025-02-20,2025-02-26,7,Religious Festival,Approved,Sai Ranganathan
4790,1537,Maternity Leave,2025-07-18,2025-07-27,10,Personal Work,Approved,Naveen Ramachandran
4791,2384,Paternity Leave,2025-04-18,2025-04-22,5,Child Care,Approved,Pratyush Singhal
4792,1809,Sick Leave,2025-09-06,2025-09-06,1,Family Emergency,Approved,Nathan Wagle
4793,1094,Paternity Leave,2025-06-25,2025-06-25,1,Medical Treatment,Approved,Bakhshi Krish
4794,2821,Maternity Leave,2024-08-07,2024-08-09,3,Marriage,Pending,
4795,2103,Emergency Leave,2024-01-11,2024-01-20,10,Personal Work,Pending,
4796,5,Sick Leave,2025-06-06,2025-06-12,7,Religious Festival,Approved,Veer Dalal
4797,2052,Annual Leave,2024-12-02,2024-12-09,8,Religious Festival,Approved,Nakul Bhagat
4798,557,Emergency Leave,2024-06-21,2024-06-24,4,Religious Festival,Approved,Anay Zacharia
4799,2610,Sick Leave,2025-08-27,2025-09-02,7,Marriage,Approved,Alexander Zacharia
4800,1411,Emergency Leave,2025-12-21,2025-12-21,1,Medical Treatment,Approved,Warhi Sahni
4801,654,Maternity Leave,2025-10-20,2025-10-21,2,Family Emergency,Rejected,
4802,2260,Paternity Leave,2024-11-05,2024-11-10,6,Medical Treatment,Approved,Yashawini Dhar
4803,2813,Emergency Leave,2025-11-14,2025-11-15,2,Religious Festival,Approved,Mahika Chaudhry
4804,1418,Maternity Leave,2025-05-29,2025-05-29,1,Child Care,Approved,Ijaya Khalsa
4805,469,Annual Leave,2024-09-23,2024-09-23,1,Family Emergency,Approved,Chakradhar Mutti
4806,898,Annual Leave,2024-11-16,2024-11-20,5,Vacation,Approved,Upadhriti Dave
4807,221,Annual Leave,2024-09-19,2024-09-21,3,Family Emergency,Approved,Dipta Hari
4808,1878,Annual Leave,2024-03-01,2024-03-01,1,Family Emergency,Approved,Charan Menon
4809,822,Sick Leave,2025-03-30,2025-04-08,10,Child Care,Approved,Warhi Sinha
4810,282,Casual Leave,2024-12-23,2024-12-24,2,Personal Work,Approved,Mitali Atwal
4811,2181,Paternity Leave,2024-12-03,2024-12-08,6,Child Care,Approved,Kamya Bajwa
4812,1783,Unpaid Leave,2025-01-27,2025-02-01,6,Personal Work,Approved,Xavier Sunder
4813,1279,Emergency Leave,2024-10-05,2024-10-05,1,Personal Work,Rejected,
4814,2684,Sick Leave,2024-06-03,2024-06-05,3,Child Care,Rejected,
4815,897,Unpaid Leave,2025-05-14,2025-05-18,5,Vacation,Approved,Suhani Goel
4816,439,Maternity Leave,2025-12-27,2025-12-28,2,Vacation,Approved,Aadi Gola
4817,1499,Emergency Leave,2025-07-31,2025-08-03,4,Personal Work,Rejected,
4818,2015,Unpaid Leave,2024-09-30,2024-10-02,3,Religious Festival,Approved,Vivaan Bahri
4819,2287,Emergency Leave,2024-08-23,2024-08-24,2,Child Care,Approved,Rishi Parsa
4820,2191,Sick Leave,2025-11-20,2025-11-22,3,Medical Treatment,Pending,
4821,2783,Sick Leave,2024-10-23,2024-10-30,8,Family Emergency,Approved,Anamika Atwal
4822,1615,Emergency Leave,2025-08-24,2025-08-24,1,Child Care,Approved,Girindra Soman
4823,2882,Unpaid Leave,2025-08-20,2025-08-26,7,Child Care,Pending,
4824,626,Unpaid Leave,2025-04-28,2025-04-30,3,Medical Treatment,Approved,Tristan Khalsa
4825,2546,Emergency Leave,2025-01-30,2025-02-05,7,Higher Education,Approved,Thomas Soni
4826,2092,Unpaid Leave,2025-08-23,2025-08-27,5,Personal Work,Approved,Harinakshi Narang
4827,1939,Emergency Leave,2025-08-14,2025-08-15,2,Vacation,Approved,Faras Ranganathan
4828,2618,Sick Leave,2025-04-06,2025-04-11,6,Child Care,Approved,Gayathri Sen
4829,446,Unpaid Leave,2025-08-31,2025-09-08,9,Higher Education,Approved,Vyanjana Karan
4830,1235,Sick Leave,2024-04-12,2024-04-14,3,Personal Work,Approved,Nidra Loke
4831,859,Casual Leave,2025-02-13,2025-02-13,1,Child Care,Approved,Farhan Narang
4832,1550,Maternity Leave,2025-06-20,2025-06-22,3,Family Emergency,Pending,
4833,356,Casual Leave,2024-07-24,2024-07-30,7,Religious Festival,Approved,Yadavi Mohanty
4834,671,Casual Leave,2025-04-16,2025-04-20,5,Family Emergency,Approved,Dominic Ramaswamy
4835,71,Emergency Leave,2025-06-05,2025-06-09,5,Medical Treatment,Approved,Chatura Ravi
4836,507,Annual Leave,2024-04-30,2024-05-09,10,Marriage,Approved,Anvi Keer
4837,2240,Maternity Leave,2025-09-18,2025-09-19,2,Higher Education,Approved,Upkaar Subramanian
4838,1021,Annual Leave,2024-03-26,2024-04-01,7,Marriage,Approved,Aarna Batta
4839,1382,Paternity Leave,2024-07-18,2024-07-27,10,Family Emergency,Approved,Anay Chaudhuri
4840,2966,Annual Leave,2024-02-07,2024-02-15,9,Child Care,Approved,Benjamin Roy
4841,2199,Annual Leave,2025-07-12,2025-07-18,7,Vacation,Approved,Damyanti Brahmbhatt
4842,1423,Unpaid Leave,2024-04-15,2024-04-16,2,Vacation,Approved,Chakradhar Seshadri
4843,745,Annual Leave,2025-05-27,2025-05-29,3,Religious Festival,Approved,Liam Bala
4844,1274,Sick Leave,2025-03-04,2025-03-08,5,Family Emergency,Approved,Siddharth Mani
4845,1013,Unpaid Leave,2025-04-09,2025-04-09,1,Child Care,Approved,Kashish Tandon
4846,209,Casual Leave,2025-04-03,2025-04-12,10,Child Care,Approved,Ekaja Anne
4847,18,Unpaid Leave,2024-12-14,2024-12-17,4,Medical Treatment,Approved,Azaan Seth
4848,2923,Paternity Leave,2025-10-03,2025-10-11,9,Vacation,Approved,Neelima Boase
4849,830,Sick Leave,2025-10-26,2025-10-26,1,Marriage,Rejected,
4850,431,Maternity Leave,2024-11-26,2024-12-03,8,Vacation,Approved,Raksha Ratti
4851,329,Annual Leave,2024-02-14,2024-02-18,5,Vacation,Approved,Varsha Lalla
4852,860,Casual Leave,2025-02-01,2025-02-08,8,Marriage,Approved,Manthan Datta
4853,439,Unpaid Leave,2024-12-12,2024-12-19,8,Higher Education,Approved,Bhavika Bora
4854,2672,Maternity Leave,2024-05-22,2024-05-28,7,Medical Treatment,Approved,Anamika Saxena
4855,2582,Unpaid Leave,2025-05-29,2025-06-04,7,Family Emergency,Pending,
4856,1454,Paternity Leave,2025-12-22,2025-12-31,10,Vacation,Rejected,
4857,2957,Maternity Leave,2024-09-02,2024-09-06,5,Personal Work,Approved,Liam Munshi
4858,2606,Emergency Leave,2025-05-08,2025-05-16,9,Religious Festival,Approved,Mekhala More
4859,39,Paternity Leave,2025-07-03,2025-07-04,2,Higher Education,Approved,Lajita Suresh
4860,1396,Sick Leave,2024-02-17,2024-02-22,6,Medical Treatment,Approved,Laban Babu
4861,93,Emergency Leave,2025-10-16,2025-10-18,3,Higher Education,Approved,Abhimanyu Sidhu
4862,2141,Paternity Leave,2025-09-06,2025-09-06,1,Higher Education,Approved,Charvi Purohit
4863,2453,Unpaid Leave,2024-12-06,2024-12-06,1,Higher Education,Approved,Madhav Mistry
4864,459,Emergency Leave,2025-08-25,2025-08-26,2,Medical Treatment,Approved,Warinder Jhaveri
4865,2522,Emergency Leave,2024-07-04,2024-07-06,3,Marriage,Approved,Upasna Ravel
4866,2773,Maternity Leave,2025-02-03,2025-02-12,10,Child Care,Approved,Finn Banerjee
4867,1030,Emergency Leave,2024-12-24,2024-12-31,8,Marriage,Approved,Quincy Ravi
4868,1988,Casual Leave,2025-07-22,2025-07-25,4,Child Care,Approved,Aadi Khosla
4869,2293,Unpaid Leave,2025-03-02,2025-03-03,2,Vacation,Pending,
4870,746,Unpaid Leave,2024-06-20,2024-06-24,5,Religious Festival,Approved,Abhimanyu Nadig
4871,1442,Emergency Leave,2024-12-18,2024-12-26,9,Family Emergency,Approved,Wishi Raghavan
4872,2668,Casual Leave,2025-07-01,2025-07-05,5,Family Emergency,Approved,Pushti Gulati
4873,874,Emergency Leave,2024-01-10,2024-01-12,3,Medical Treatment,Approved,Ishita Dasgupta
4874,1601,Maternity Leave,2025-11-02,2025-11-02,1,Child Care,Approved,Ishani Nadkarni
4875,2468,Paternity Leave,2025-09-18,2025-09-24,7,Higher Education,Approved,Gauri Brar
4876,1064,Emergency Leave,2024-11-22,2024-11-29,8,Higher Education,Approved,Jalsa Kamdar
4877,2795,Paternity Leave,2025-05-18,2025-05-23,6,Medical Treatment,Approved,Divya Pau
4878,1008,Maternity Leave,2025-04-30,2025-05-05,6,Family Emergency,Approved,Elijah Ravel
4879,367,Casual Leave,2025-09-21,2025-09-21,1,Child Care,Approved,Zaitra Dutt
4880,1222,Unpaid Leave,2025-09-30,2025-10-02,3,Vacation,Approved,Anirudh Hayer
4881,1968,Annual Leave,2025-11-21,2025-11-24,4,Vacation,Approved,Divya Mahajan
4882,2658,Maternity Leave,2024-01-23,2024-01-27,5,Family Emergency,Pending,
4883,1156,Unpaid Leave,2025-01-23,2025-01-26,4,Medical Treatment,Approved,Mitali Jha
4884,2540,Maternity Leave,2024-05-23,2024-05-26,4,Personal Work,Approved,Charles Warrior
4885,2220,Unpaid Leave,2025-05-25,2025-05-29,5,Marriage,Approved,Advika Dayal
4886,97,Annual Leave,2024-02-19,2024-02-23,5,Child Care,Pending,
4887,2461,Unpaid Leave,2025-03-14,2025-03-15,2,Religious Festival,Approved,Chaitanya Verma
4888,937,Annual Leave,2024-04-23,2024-04-25,3,Medical Treatment,Approved,Ethan Bawa
4889,1545,Emergency Leave,2025-08-22,2025-08-27,6,Child Care,Approved,Faqid Dutt
4890,2861,Casual Leave,2024-02-05,2024-02-11,7,Marriage,Approved,Hamsini Chakrabarti
4891,947,Paternity Leave,2025-11-28,2025-12-07,10,Marriage,Approved,Pahal Memon
4892,1270,Maternity Leave,2025-06-02,2025-06-03,2,Religious Festival,Approved,Gaurav Dani
4893,70,Unpaid Leave,2025-01-21,2025-01-22,2,Personal Work,Pending,
4894,2043,Emergency Leave,2025-03-27,2025-03-31,5,Family Emergency,Approved,Aishani Singh
4895,2010,Maternity Leave,2024-07-09,2024-07-18,10,Medical Treatment,Approved,Vedika Lalla
4896,1311,Emergency Leave,2024-01-23,2024-01-26,4,Religious Festival,Approved,Yatan Khare
4897,456,Sick Leave,2024-10-27,2024-11-04,9,Higher Education,Approved,Ekta Yohannan
4898,2019,Casual Leave,2025-07-14,2025-07-15,2,Religious Festival,Approved,Girish Garde
4899,2306,Emergency Leave,2025-02-02,2025-02-10,9,Religious Festival,Approved,Wridesh Chand
4900,1064,Sick Leave,2025-11-13,2025-11-19,7,Vacation,Approved,Krish Basak
4901,2751,Unpaid Leave,2025-05-14,2025-05-23,10,Marriage,Approved,Vedika Thakur
4902,1571,Annual Leave,2025-09-13,2025-09-15,3,Personal Work,Approved,Anay Madan
4903,1783,Unpaid Leave,2024-07-12,2024-07-17,6,Child Care,Approved,Hema Krishnan
4904,1895,Emergency Leave,2025-01-11,2025-01-13,3,Medical Treatment,Approved,Aarnav D’Alia
4905,1809,Annual Leave,2024-10-08,2024-10-08,1,Vacation,Approved,Ubika Sangha
4906,2049,Emergency Leave,2025-09-07,2025-09-08,2,Personal Work,Approved,Naksh Agate
4907,2672,Emergency Leave,2024-12-31,2025-01-08,9,Marriage,Rejected,
4908,1971,Paternity Leave,2024-03-18,2024-03-18,1,Higher Education,Approved,Arya Bail
4909,1303,Casual Leave,2024-08-27,2024-08-30,4,Family Emergency,Approved,Kiaan Chokshi
4910,1812,Casual Leave,2024-08-12,2024-08-13,2,Religious Festival,Approved,Om Ram
4911,2891,Emergency Leave,2025-12-16,2025-12-18,3,Family Emergency,Approved,Waida Edwin
4912,2305,Sick Leave,2025-06-13,2025-06-18,6,Child Care,Approved,Ira Borah
4913,2807,Maternity Leave,2025-03-19,2025-03-25,7,Higher Education,Rejected,
4914,762,Maternity Leave,2024-01-05,2024-01-13,9,Vacation,Approved,Jatin Kapadia
4915,1838,Emergency Leave,2025-01-14,2025-01-20,7,Vacation,Approved,Isha Rao
4916,1825,Paternity Leave,2024-07-12,2024-07-18,7,Family Emergency,Approved,Ladli Dara
4917,1959,Annual Leave,2025-05-27,2025-05-30,4,Marriage,Pending,
4918,2977,Maternity Leave,2024-07-18,2024-07-24,7,Family Emergency,Approved,Azad Bumb
4919,1467,Maternity Leave,2024-12-13,2024-12-15,3,Child Care,Approved,Nirja Goswami
4920,2958,Maternity Leave,2025-04-22,2025-04-29,8,Child Care,Approved,Meera Konda
4921,2752,Paternity Leave,2024-11-29,2024-11-29,1,Child Care,Approved,Lakshmi Bala
4922,2423,Paternity Leave,2024-09-29,2024-10-02,4,Religious Festival,Approved,Mohini Dutt
4923,1518,Unpaid Leave,2024-12-27,2024-12-30,4,Religious Festival,Approved,Kevin Bera
4924,105,Paternity Leave,2025-01-25,2025-02-02,9,Family Emergency,Pending,
4925,1943,Sick Leave,2025-10-31,2025-11-09,10,Medical Treatment,Approved,Nitesh Swamy
4926,1341,Maternity Leave,2025-02-12,2025-02-19,8,Personal Work,Approved,Arjun Setty
4927,37,Casual Leave,2025-07-28,2025-07-31,4,Religious Festival,Approved,Mitesh Apte
4928,1686,Emergency Leave,2024-11-30,2024-11-30,1,Higher Education,Approved,Mitesh Mutti
4929,2048,Paternity Leave,2024-05-29,2024-06-03,6,Family Emergency,Approved,Vinaya Dugar
4930,1788,Unpaid Leave,2025-05-12,2025-05-13,2,Vacation,Approved,Mekhala Deshpande
4931,989,Unpaid Leave,2024-07-26,2024-08-03,9,Family Emergency,Approved,Kavya Yadav
4932,1954,Sick Leave,2024-02-15,2024-02-21,7,Family Emergency,Approved,Dev Menon
4933,1866,Paternity Leave,2025-11-18,2025-11-21,4,Family Emergency,Approved,Edhitha Sule
4934,719,Paternity Leave,2025-05-28,2025-05-30,3,Medical Treatment,Approved,Dhruv Sawhney
4935,308,Unpaid Leave,2024-10-10,2024-10-17,8,Higher Education,Approved,Geetika Konda
4936,1745,Maternity Leave,2024-06-12,2024-06-13,2,Medical Treatment,Rejected,
4937,1733,Sick Leave,2025-07-05,2025-07-05,1,Family Emergency,Approved,Gaurangi Batra
4938,2527,Maternity Leave,2025-06-10,2025-06-15,6,Personal Work,Approved,Gaurangi Mammen
4939,2263,Emergency Leave,2025-07-14,2025-07-23,10,Vacation,Approved,Wriddhish Naik
4940,1536,Sick Leave,2024-03-05,2024-03-06,2,Vacation,Approved,Vihaan Peri
4941,850,Maternity Leave,2025-11-17,2025-11-19,3,Family Emergency,Approved,Zilmil Murty
4942,1693,Maternity Leave,2025-06-05,2025-06-13,9,Personal Work,Approved,Nakul Narayan
4943,756,Paternity Leave,2025-08-12,2025-08-18,7,Medical Treatment,Approved,Dalaja Garde
4944,249,Emergency Leave,2025-11-27,2025-12-05,9,Medical Treatment,Approved,Robert Sheth
4945,1846,Emergency Leave,2025-02-12,2025-02-12,1,Medical Treatment,Pending,
4946,1639,Sick Leave,2024-04-06,2024-04-13,8,Vacation,Pending,
4947,1403,Paternity Leave,2025-11-26,2025-11-26,1,Personal Work,Pending,
4948,2390,Sick Leave,2025-11-21,2025-11-24,4,Higher Education,Approved,Girik Hayer
4949,752,Casual Leave,2025-09-07,2025-09-11,5,Marriage,Approved,Jagat Sant
4950,464,Unpaid Leave,2024-03-09,2024-03-16,8,Personal Work,Approved,Pranit Nigam
4951,1817,Emergency Leave,2025-02-27,2025-03-02,4,Vacation,Pending,
4952,2212,Sick Leave,2024-05-23,2024-06-01,10,Child Care,Approved,Xalak Contractor
4953,1332,Casual Leave,2024-07-12,2024-07-12,1,Religious Festival,Approved,Yadavi Sharaf
4954,2523,Paternity Leave,2024-09-18,2024-09-27,10,Religious Festival,Approved,Balendra Thakkar
4955,446,Paternity Leave,2025-06-22,2025-07-01,10,Marriage,Approved,Yashvi Vasa
4956,522,Emergency Leave,2024-02-14,2024-02-16,3,Higher Education,Rejected,
4957,739,Maternity Leave,2025-11-24,2025-11-25,2,Medical Treatment,Approved,Pallavi Grewal
4958,1588,Sick Leave,2024-03-04,2024-03-09,6,Personal Work,Approved,Balveer Ahluwalia
4959,2307,Unpaid Leave,2024-12-16,2024-12-22,7,Child Care,Approved,Tanay Verma
4960,2944,Emergency Leave,2024-11-18,2024-11-25,8,Religious Festival,Approved,Kai Kothari
4961,704,Emergency Leave,2025-03-15,2025-03-17,3,Personal Work,Approved,Qadim Sabharwal
4962,1458,Sick Leave,2025-10-26,2025-11-04,10,Religious Festival,Approved,Krish Bansal
4963,96,Emergency Leave,2024-01-25,2024-01-25,1,Child Care,Approved,Daksh Cherian
4964,1235,Unpaid Leave,2025-02-14,2025-02-14,1,Higher Education,Approved,Bina Lall
4965,1489,Unpaid Leave,2024-10-17,2024-10-23,7,Vacation,Approved,Kamya Lal
4966,695,Annual Leave,2024-07-30,2024-08-07,9,Medical Treatment,Approved,Hredhaan Basu
4967,2315,Unpaid Leave,2024-06-12,2024-06-14,3,Family Emergency,Approved,Wridesh Kakar
4968,763,Unpaid Leave,2025-10-27,2025-10-28,2,Personal Work,Pending,
4969,976,Maternity Leave,2025-03-16,2025-03-16,1,Vacation,Approved,Ronith Saini
4970,2396,Sick Leave,2024-11-24,2024-11-26,3,Religious Festival,Pending,
4971,789,Sick Leave,2024-08-28,2024-08-31,4,Family Emergency,Approved,Atharv Dube
4972,1003,Casual Leave,2024-05-24,2024-05-25,2,Religious Festival,Approved,Forum Setty
4973,2671,Unpaid Leave,2025-11-02,2025-11-07,6,Vacation,Approved,Nimrat Dugar
4974,465,Maternity Leave,2025-04-20,2025-04-23,4,Personal Work,Rejected,
4975,1346,Unpaid Leave,2025-06-26,2025-06-26,1,Child Care,Approved,Rajata Gera
4976,2380,Maternity Leave,2024-06-05,2024-06-13,9,Personal Work,Approved,Hemal Chand
4977,2848,Unpaid Leave,2024-09-27,2024-09-30,4,Marriage,Approved,Nirja Gandhi
4978,790,Sick Leave,2024-10-17,2024-10-21,5,Child Care,Approved,Waida Rout
4979,669,Maternity Leave,2025-07-22,2025-07-28,7,Vacation,Approved,Oni Loyal
4980,1421,Maternity Leave,2025-09-09,2025-09-17,9,Marriage,Rejected,
4981,502,Sick Leave,2025-02-11,2025-02-15,5,Medical Treatment,Approved,Siddharth Parmar
4982,663,Maternity Leave,2024-09-23,2024-09-23,1,Religious Festival,Approved,Aradhana Morar
4983,2452,Emergency Leave,2024-07-27,2024-08-01,6,Family Emergency,Pending,
4984,232,Annual Leave,2024-12-03,2024-12-05,3,Higher Education,Approved,Ekiya Dey
4985,1645,Sick Leave,2024-01-20,2024-01-21,2,Personal Work,Approved,Wahab Sibal
4986,2409,Casual Leave,2025-08-18,2025-08-22,5,Vacation,Approved,Lavanya Sehgal
4987,1573,Sick Leave,2024-04-30,2024-05-09,10,Personal Work,Approved,Eiravati Sagar
4988,2626,Annual Leave,2025-08-20,2025-08-29,10,Higher Education,Approved,Kai Kulkarni
4989,1401,Maternity Leave,2025-06-10,2025-06-11,2,Family Emergency,Approved,Brijesh Mitra
4990,1621,Emergency Leave,2024-03-16,2024-03-17,2,Medical Treatment,Approved,Jalsa Divan
4991,1973,Casual Leave,2025-06-18,2025-06-21,4,Family Emergency,Approved,Laban Bhasin
4992,1735,Unpaid Leave,2024-03-26,2024-03-30,5,Family Emergency,Approved,Chaitanya Raval
4993,2736,Unpaid Leave,2025-10-20,2025-10-28,9,Child Care,Approved,Oviya Mishra
4994,1032,Emergency Leave,2025-01-05,2025-01-06,2,Family Emergency,Pending,
4995,2873,Annual Leave,2025-09-10,2025-09-19,10,Higher Education,Approved,Odika Oza
4996,937,Annual Leave,2025-05-01,2025-05-01,1,Family Emergency,Approved,Samesh Edwin
4997,2703,Paternity Leave,2024-06-11,2024-06-19,9,Religious Festival,Pending,
4998,563,Casual Leave,2025-11-20,2025-11-20,1,Medical Treatment,Approved,Garima Lata
4999,258,Casual Leave,2024-11-29,2024-12-02,4,Religious Festival,Approved,Owen Krishna
5000,41,Casual Leave,2024-01-31,2024-02-01,2,Family Emergency,Approved,Divya Choudhary
5001,412,Maternity Leave,2025-05-07,2025-05-08,2,Vacation,Approved,Niharika Keer
5002,2120,Unpaid Leave,2025-06-09,2025-06-16,8,Higher Education,Approved,Priya Brahmbhatt
5003,2613,Sick Leave,2025-04-11,2025-04-15,5,Family Emergency,Approved,Bhavika Peri
5004,1534,Paternity Leave,2024-08-04,2024-08-08,5,Family Emergency,Approved,Indali Bala
5005,383,Maternity Leave,2025-01-16,2025-01-24,9,Personal Work,Approved,Hema Iyer
5006,2574,Unpaid Leave,2024-02-16,2024-02-21,6,Medical Treatment,Approved,Bachittar Seth
5007,2420,Sick Leave,2024-05-08,2024-05-08,1,Higher Education,Approved,Avi Pillay
5008,2018,Annual Leave,2024-10-13,2024-10-19,7,Child Care,Approved,Ekta Krishna
5009,2354,Sick Leave,2025-01-04,2025-01-07,4,Family Emergency,Pending,
5010,2413,Maternity Leave,2024-06-07,2024-06-15,9,Medical Treatment,Approved,Daksh Pradhan
5011,1467,Unpaid Leave,2025-04-03,2025-04-12,10,Family Emergency,Pending,
5012,1394,Emergency Leave,2024-05-13,2024-05-21,9,Child Care,Approved,Deepa Varughese
5013,1127,Annual Leave,2024-09-16,2024-09-24,9,Religious Festival,Approved,Jatin Lad
5014,2160,Maternity Leave,2025-03-24,2025-03-27,4,Family Emergency,Approved,Hritik Saxena
5015,1314,Paternity Leave,2025-08-14,2025-08-20,7,Higher Education,Approved,Oscar Purohit
5016,553,Emergency Leave,2024-08-21,2024-08-23,3,Personal Work,Approved,Hemal Gopal
5017,1630,Emergency Leave,2024-12-12,2024-12-14,3,Family Emergency,Approved,Kai Bora
5018,1485,Casual Leave,2025-10-08,2025-10-11,4,Religious Festival,Approved,Charan Parmar
5019,1529,Annual Leave,2025-09-02,2025-09-11,10,Family Emergency,Approved,Jairaj Ramakrishnan
5020,708,Sick Leave,2024-12-21,2024-12-26,6,Medical Treatment,Approved,Barkha Salvi
5021,2185,Sick Leave,2024-10-25,2024-10-30,6,Child Care,Approved,Rehaan Nagarajan
5022,689,Unpaid Leave,2024-03-19,2024-03-23,5,Child Care,Approved,Yauvani Rout
5023,773,Maternity Leave,2024-08-28,2024-09-01,5,Vacation,Pending,
5024,372,Unpaid Leave,2025-02-04,2025-02-06,3,Marriage,Approved,Veda Parekh
5025,1121,Annual Leave,2024-02-28,2024-03-03,5,Family Emergency,Approved,Radha Bava
5026,2434,Annual Leave,2024-10-15,2024-10-15,1,Child Care,Approved,Ekani Jha
5027,1616,Sick Leave,2024-05-28,2024-06-04,8,Child Care,Approved,Leena Tripathi
5028,1633,Annual Leave,2025-12-05,2025-12-09,5,Religious Festival,Pending,
5029,216,Maternity Leave,2024-10-25,2024-10-30,6,Family Emergency,Approved,Ganga Deol
5030,274,Emergency Leave,2025-04-06,2025-04-10,5,Vacation,Approved,Vihaan Varghese
5031,2938,Sick Leave,2024-11-28,2024-12-07,10,Medical Treatment,Approved,Gautami Purohit
5032,2355,Sick Leave,2024-08-14,2024-08-17,4,Marriage,Approved,Darpan Kant
5033,2207,Maternity Leave,2025-07-19,2025-07-21,3,Personal Work,Approved,Sanaya Bhattacharyya
5034,1900,Annual Leave,2024-04-19,2024-04-20,2,Marriage,Pending,
5035,1566,Unpaid Leave,2024-03-02,2024-03-02,1,Child Care,Approved,Chandani Ramaswamy
5036,88,Maternity Leave,2024-04-21,2024-04-23,3,Vacation,Approved,Amruta Dhaliwal
5037,1313,Emergency Leave,2024-03-18,2024-03-22,5,Child Care,Approved,Wakeeta Nigam
5038,225,Emergency Leave,2025-06-02,2025-06-08,7,Child Care,Approved,Wyatt Kanda
5039,1153,Sick Leave,2024-09-28,2024-10-06,9,Religious Festival,Approved,Orinder Kohli
5040,43,Annual Leave,2024-01-22,2024-01-31,10,Higher Education,Approved,Ijaya Dyal
5041,711,Sick Leave,2025-02-25,2025-03-01,5,Higher Education,Approved,Zayyan Dyal
5042,1744,Paternity Leave,2024-03-27,2024-03-29,3,Medical Treatment,Approved,Yauvani Sengupta
5043,843,Unpaid Leave,2025-05-08,2025-05-11,4,Medical Treatment,Approved,Pallavi Khare
5044,51,Paternity Leave,2024-05-15,2024-05-24,10,Medical Treatment,Approved,Inaya Dalal
5045,1783,Casual Leave,2024-05-14,2024-05-16,3,Medical Treatment,Pending,
5046,1594,Casual Leave,2024-07-17,2024-07-21,5,Personal Work,Pending,
5047,477,Paternity Leave,2025-07-24,2025-07-27,4,Higher Education,Approved,Veda Butala
5048,1925,Paternity Leave,2024-09-01,2024-09-07,7,Higher Education,Approved,Manthan Thakkar
5049,1722,Unpaid Leave,2025-06-11,2025-06-11,1,Marriage,Approved,Warinder Wali
5050,1029,Maternity Leave,2024-03-20,2024-03-24,5,Vacation,Approved,Pushti Warrior
5051,1137,Emergency Leave,2025-07-11,2025-07-12,2,Religious Festival,Approved,Geetika Hans
5052,410,Maternity Leave,2025-08-28,2025-09-05,9,Medical Treatment,Approved,Kamya Natt
5053,2026,Maternity Leave,2025-01-26,2025-02-04,10,Family Emergency,Approved,Diya Savant
5054,1228,Paternity Leave,2025-03-04,2025-03-06,3,Family Emergency,Approved,Bakhshi Bhalla
5055,1176,Maternity Leave,2025-05-07,2025-05-10,4,Personal Work,Approved,Theodore Dhar
5056,1095,Annual Leave,2025-12-19,2025-12-26,8,Personal Work,Approved,Varenya Kapur
5057,1415,Emergency Leave,2025-02-23,2025-02-28,6,Child Care,Approved,Anya Bedi
5058,2346,Casual Leave,2025-09-24,2025-10-01,8,Vacation,Approved,Leela Sinha
5059,678,Casual Leave,2024-05-30,2024-06-03,5,Religious Festival,Approved,Megha Setty
5060,924,Emergency Leave,2025-12-12,2025-12-14,3,Vacation,Approved,Dayita Kunda
5061,1151,Paternity Leave,2024-06-08,2024-06-15,8,Child Care,Approved,Arya Lata
5062,2893,Casual Leave,2024-12-08,2024-12-09,2,Vacation,Approved,Jatin Narain
5063,2440,Casual Leave,2025-02-11,2025-02-14,4,Religious Festival,Approved,Charan Ranganathan
5064,2564,Casual Leave,2024-04-05,2024-04-12,8,Personal Work,Approved,Varenya Gala
5065,715,Annual Leave,2024-08-19,2024-08-25,7,Marriage,Approved,Xiti Barad
5066,1316,Unpaid Leave,2024-10-09,2024-10-18,10,Vacation,Approved,Aarna Subramanian
5067,2383,Unpaid Leave,2024-06-19,2024-06-22,4,Medical Treatment,Approved,Aarnav Chad
5068,1073,Paternity Leave,2025-12-27,2026-01-02,7,Higher Education,Approved,Hredhaan Chakrabarti
5069,2653,Paternity Leave,2024-01-08,2024-01-14,7,Personal Work,Approved,Kavya Chowdhury
5070,910,Emergency Leave,2024-06-13,2024-06-21,9,Personal Work,Pending,
5071,1130,Sick Leave,2025-03-07,2025-03-14,8,Child Care,Approved,Jagdish Nagar
5072,338,Maternity Leave,2024-05-17,2024-05-24,8,Religious Festival,Approved,Benjamin Misra
5073,1703,Casual Leave,2025-08-31,2025-09-06,7,Family Emergency,Approved,Chandani Aurora
5074,2783,Emergency Leave,2024-07-07,2024-07-10,4,Medical Treatment,Approved,Ekiya Jha
5075,1507,Paternity Leave,2025-10-25,2025-10-29,5,Medical Treatment,Pending,
5076,2128,Casual Leave,2024-08-29,2024-09-06,9,Vacation,Approved,Eshana Bhatti
5077,245,Sick Leave,2025-07-04,2025-07-11,8,Family Emergency,Approved,Yochana Grover
5078,2363,Unpaid Leave,2025-06-06,2025-06-07,2,Personal Work,Approved,Gaurang Bir
5079,1371,Annual Leave,2025-03-14,2025-03-21,8,Child Care,Approved,Nandini Sagar
5080,84,Casual Leave,2025-03-07,2025-03-10,4,Child Care,Approved,Kamya Suresh
5081,137,Casual Leave,2025-11-15,2025-11-15,1,Marriage,Approved,Ria Vig
5082,1820,Casual Leave,2025-12-13,2025-12-19,7,Marriage,Approved,Naksh Madan
5083,866,Annual Leave,2025-12-16,2025-12-22,7,Higher Education,Approved,Jackson Radhakrishnan
5084,2728,Sick Leave,2025-08-11,2025-08-11,1,Higher Education,Approved,Gautam Sarna
5085,2871,Unpaid Leave,2024-04-27,2024-04-28,2,Family Emergency,Approved,Veer Bumb
5086,750,Paternity Leave,2024-12-07,2024-12-09,3,Higher Education,Approved,Triveni Dhawan
5087,2354,Paternity Leave,2025-12-07,2025-12-11,5,Vacation,Approved,Tanveer Sule
5088,2097,Emergency Leave,2024-12-28,2025-01-05,9,Child Care,Approved,Yatin Balakrishnan
5089,1348,Sick Leave,2024-06-10,2024-06-18,9,Vacation,Approved,Meera Ramanathan
5090,1587,Emergency Leave,2025-12-26,2025-12-29,4,Marriage,Approved,Krishna Mani
5091,1248,Paternity Leave,2024-07-28,2024-07-30,3,Higher Education,Approved,Brijesh Malhotra
5092,1638,Annual Leave,2024-10-01,2024-10-06,6,Religious Festival,Approved,Pavani Vala
5093,90,Unpaid Leave,2025-03-09,2025-03-13,5,Family Emergency,Approved,Raghav Nagarajan
5094,484,Paternity Leave,2025-11-25,2025-12-02,8,Child Care,Approved,Logan Sankar
5095,2868,Unpaid Leave,2025-08-11,2025-08-12,2,Child Care,Approved,Januja Barad
5096,2797,Paternity Leave,2024-11-28,2024-12-05,8,Child Care,Approved,Bahadurjit Nair
5097,844,Sick Leave,2025-01-04,2025-01-04,1,Child Care,Approved,Anthony Balasubramanian
5098,668,Maternity Leave,2024-11-05,2024-11-05,1,Family Emergency,Approved,Mekhala Karpe
5099,2085,Unpaid Leave,2025-12-19,2025-12-28,10,Family Emergency,Approved,Timothy Kara
5100,2010,Annual Leave,2025-08-14,2025-08-22,9,Religious Festival,Approved,Dipta Jhaveri
5101,836,Unpaid Leave,2025-10-10,2025-10-13,4,Higher Education,Approved,Radha Jha
5102,25,Maternity Leave,2024-11-30,2024-12-06,7,Personal Work,Approved,Mohini Raman
5103,2502,Casual Leave,2024-04-25,2024-04-27,3,Personal Work,Approved,Pahal Ray
5104,647,Annual Leave,2025-03-02,2025-03-05,4,Marriage,Approved,Sneha Kashyap
5105,357,Paternity Leave,2025-11-21,2025-11-24,4,Personal Work,Pending,
5106,2815,Paternity Leave,2025-09-14,2025-09-23,10,Medical Treatment,Approved,Zarna Gupta
5107,1157,Casual Leave,2024-06-25,2024-07-04,10,Child Care,Approved,Vasatika Nayar
5108,1842,Annual Leave,2024-09-19,2024-09-25,7,Medical Treatment,Approved,Harrison Doctor
5109,2527,Casual Leave,2024-09-04,2024-09-12,9,Vacation,Approved,Wishi Misra
5110,1507,Casual Leave,2025-11-18,2025-11-27,10,Personal Work,Approved,Parth Menon
5111,951,Maternity Leave,2025-11-23,2025-12-01,9,Personal Work,Approved,Hema Pingle
5112,2698,Unpaid Leave,2024-11-02,2024-11-05,4,Family Emergency,Approved,Unni Rattan
5113,2842,Paternity Leave,2025-09-10,2025-09-11,2,Medical Treatment,Approved,Vanya Gupta
5114,1697,Emergency Leave,2025-06-22,2025-06-30,9,Vacation,Approved,Azaan Gulati
5115,1583,Paternity Leave,2024-06-03,2024-06-09,7,Personal Work,Pending,
5116,2717,Sick Leave,2024-07-18,2024-07-19,2,Vacation,Approved,Sarthak Date
5117,422,Emergency Leave,2025-05-27,2025-05-31,5,Family Emergency,Pending,
5118,2679,Maternity Leave,2024-11-16,2024-11-17,2,Marriage,Approved,Mohammed Ganesh
5119,1839,Unpaid Leave,2024-11-04,2024-11-04,1,Vacation,Approved,Siya Dayal
5120,2454,Sick Leave,2024-11-16,2024-11-22,7,Vacation,Approved,Ati Chahal
5121,1828,Annual Leave,2024-10-04,2024-10-07,4,Vacation,Approved,Pahal Mitra
5122,2121,Paternity Leave,2025-08-26,2025-08-27,2,Child Care,Approved,Banjeet Parsa
5123,616,Maternity Leave,2024-06-25,2024-06-27,3,Child Care,Approved,Bimala Konda
5124,2254,Sick Leave,2024-04-23,2024-04-27,5,Religious Festival,Approved,Henry Dayal
5125,124,Paternity Leave,2025-05-15,2025-05-15,1,Religious Festival,Approved,Oscar Dutta
5126,2315,Sick Leave,2025-10-09,2025-10-16,8,Medical Treatment,Approved,Yuvraj Bera
5127,309,Emergency Leave,2025-10-29,2025-11-06,9,Medical Treatment,Approved,Jeremiah Munshi
5128,2946,Maternity Leave,2024-09-07,2024-09-13,7,Family Emergency,Approved,Yagnesh Chopra
5129,1935,Emergency Leave,2024-10-09,2024-10-15,7,Vacation,Approved,Raghav Jain
5130,2173,Sick Leave,2025-07-16,2025-07-16,1,Medical Treatment,Approved,Widisha Murthy
5131,1869,Annual Leave,2025-03-06,2025-03-08,3,Child Care,Rejected,
5132,798,Paternity Leave,2024-01-27,2024-01-31,5,Marriage,Approved,Chakradhar Dey
5133,1336,Unpaid Leave,2024-05-21,2024-05-30,10,Family Emergency,Approved,Kamya Rau
5134,2630,Casual Leave,2024-10-30,2024-11-04,6,Higher Education,Rejected,
5135,25,Annual Leave,2024-02-21,2024-02-23,3,Personal Work,Approved,Jagrati Gokhale
5136,2712,Paternity Leave,2024-11-28,2024-11-30,3,Religious Festival,Approved,Aarnav Chacko
5137,881,Emergency Leave,2025-10-02,2025-10-11,10,Medical Treatment,Approved,Netra Bhattacharyya
5138,640,Sick Leave,2024-02-20,2024-02-27,8,Vacation,Approved,Girik Tailor
5139,749,Maternity Leave,2024-11-25,2024-11-29,5,Child Care,Approved,Sudiksha Sagar
5140,2885,Annual Leave,2025-03-19,2025-03-22,4,Higher Education,Approved,Osha Edwin
5141,4,Sick Leave,2025-01-01,2025-01-05,5,Religious Festival,Approved,Karan Deol
5142,545,Unpaid Leave,2025-03-23,2025-03-27,5,Religious Festival,Approved,Yashoda Natarajan
5143,911,Paternity Leave,2025-01-08,2025-01-14,7,Medical Treatment,Approved,Janani Pai
5144,2867,Maternity Leave,2025-09-25,2025-10-02,8,Personal Work,Approved,Ati Mutti
5145,2784,Annual Leave,2025-12-10,2025-12-13,4,Personal Work,Approved,Ishita Jayaraman
5146,2090,Maternity Leave,2024-09-25,2024-09-27,3,Higher Education,Approved,Siya Ramanathan
5147,2042,Sick Leave,2025-12-29,2026-01-06,9,Child Care,Approved,William Sachar
5148,1684,Sick Leave,2025-08-30,2025-09-02,4,Marriage,Rejected,
5149,1753,Annual Leave,2025-08-07,2025-08-13,7,Higher Education,Approved,Avni Sekhon
5150,2476,Unpaid Leave,2025-10-13,2025-10-22,10,Child Care,Rejected,
5151,1163,Maternity Leave,2025-09-17,2025-09-18,2,Personal Work,Approved,Zaid Chhabra
5152,2323,Unpaid Leave,2025-04-16,2025-04-23,8,Family Emergency,Rejected,
5153,553,Paternity Leave,2024-01-18,2024-01-18,1,Family Emergency,Pending,
5154,2478,Maternity Leave,2024-07-20,2024-07-26,7,Child Care,Approved,Dakshesh Rattan
5155,2309,Maternity Leave,2024-12-14,2024-12-16,3,Child Care,Approved,Eiravati Natarajan
5156,1631,Annual Leave,2025-08-20,2025-08-27,8,Child Care,Pending,
5157,725,Sick Leave,2025-02-02,2025-02-07,6,Family Emergency,Approved,Sathvik Merchant
5158,2409,Paternity Leave,2024-08-07,2024-08-16,10,Marriage,Approved,Tanish Varughese
5159,883,Casual Leave,2024-02-15,2024-02-23,9,Child Care,Approved,Hardik Vohra
5160,2278,Maternity Leave,2024-05-27,2024-06-03,8,Higher Education,Approved,Jairaj Mitter
5161,2503,Sick Leave,2024-09-21,2024-09-26,6,Child Care,Pending,
5162,51,Casual Leave,2025-03-16,2025-03-17,2,Family Emergency,Approved,Tripti Bhattacharyya
5163,201,Maternity Leave,2025-12-03,2025-12-07,5,Marriage,Pending,
5164,392,Casual Leave,2025-11-24,2025-11-27,4,Marriage,Approved,Anamika Ghose
5165,2456,Annual Leave,2025-09-29,2025-10-01,3,Child Care,Rejected,
5166,41,Annual Leave,2024-09-21,2024-09-21,1,Personal Work,Pending,
5167,1219,Annual Leave,2024-07-10,2024-07-17,8,Family Emergency,Pending,
5168,2527,Paternity Leave,2024-06-24,2024-06-25,2,Personal Work,Pending,
5169,2671,Paternity Leave,2024-02-29,2024-03-03,4,Personal Work,Approved,Varsha Kant
5170,2995,Maternity Leave,2025-11-25,2025-11-26,2,Medical Treatment,Approved,Faqid Chacko
5171,69,Sick Leave,2024-01-03,2024-01-11,9,Higher Education,Approved,Reyansh Kapur
5172,1317,Sick Leave,2024-10-22,2024-10-30,9,Vacation,Approved,Oliver Varty
5173,2423,Maternity Leave,2025-11-03,2025-11-11,9,Religious Festival,Approved,Amrita Edwin
5174,2750,Emergency Leave,2025-06-13,2025-06-17,5,Family Emergency,Approved,Joshua Bajaj
5175,1216,Annual Leave,2024-11-22,2024-11-27,6,Family Emergency,Approved,Bakhshi Agrawal
5176,228,Maternity Leave,2024-11-28,2024-11-30,3,Marriage,Approved,Aryan Kuruvilla
5177,127,Maternity Leave,2025-07-10,2025-07-17,8,Child Care,Rejected,
5178,2493,Unpaid Leave,2025-05-07,2025-05-08,2,Personal Work,Approved,Akshay Mitter
5179,2289,Maternity Leave,2024-04-28,2024-05-04,7,Vacation,Approved,Balvan Sharaf
5180,2659,Unpaid Leave,2024-12-16,2024-12-21,6,Family Emergency,Approved,Charles Kara
5181,18,Annual Leave,2024-01-25,2024-02-01,8,Marriage,Approved,Anusha Taneja
5182,2573,Annual Leave,2024-04-24,2024-05-01,8,Child Care,Approved,Geetika Sarraf
5183,412,Maternity Leave,2025-08-03,2025-08-09,7,Higher Education,Approved,Triveni Kothari
5184,627,Unpaid Leave,2025-01-12,2025-01-16,5,Vacation,Approved,Saksham Gola
5185,1269,Sick Leave,2024-03-20,2024-03-24,5,Medical Treatment,Approved,Nitara Oommen
5186,2912,Sick Leave,2024-07-18,2024-07-23,6,Medical Treatment,Approved,Hitesh Gara
5187,2690,Sick Leave,2025-02-26,2025-03-05,8,Religious Festival,Approved,Yashodhara Ranganathan
5188,1658,Annual Leave,2024-11-26,2024-11-26,1,Higher Education,Approved,Warhi Bobal
5189,2032,Sick Leave,2025-01-14,2025-01-16,3,Religious Festival,Approved,Faris Gulati
5190,255,Sick Leave,2025-01-24,2025-01-30,7,Family Emergency,Approved,Rehaan Deo
5191,185,Sick Leave,2025-06-23,2025-06-28,6,Medical Treatment,Approved,Neha Bhardwaj
5192,2420,Sick Leave,2025-02-28,2025-03-08,9,Marriage,Approved,Vrinda Nori
5193,1883,Annual Leave,2024-02-24,2024-02-27,4,Family Emergency,Approved,Hiral Vala
5194,1204,Unpaid Leave,2025-09-02,2025-09-06,5,Higher Education,Approved,Libni Mander
5195,1174,Maternity Leave,2025-04-18,2025-04-27,10,Personal Work,Approved,Michael Gupta
5196,2021,Emergency Leave,2024-08-07,2024-08-07,1,Child Care,Approved,Fitan Prasad
5197,528,Unpaid Leave,2025-07-25,2025-07-28,4,Medical Treatment,Approved,Advay Shukla
5198,22,Paternity Leave,2024-04-30,2024-05-07,8,Medical Treatment,Approved,Bhavika Memon
5199,2492,Annual Leave,2024-03-19,2024-03-26,8,Religious Festival,Approved,Vedhika Choudhry
5200,368,Emergency Leave,2024-04-04,2024-04-07,4,Family Emergency,Rejected,
5201,2205,Maternity Leave,2024-05-03,2024-05-08,6,Religious Festival,Approved,Jonathan Rama
5202,1571,Sick Leave,2025-06-17,2025-06-21,5,Medical Treatment,Approved,Indrajit Shah
5203,2287,Unpaid Leave,2024-02-19,2024-02-24,6,Religious Festival,Approved,Vincent Kala
5204,1419,Maternity Leave,2024-07-10,2024-07-11,2,Medical Treatment,Approved,Bakhshi Saxena
5205,1315,Unpaid Leave,2024-05-22,2024-05-29,8,Child Care,Approved,Deepa Behl
5206,2741,Casual Leave,2025-01-16,2025-01-19,4,Medical Treatment,Approved,Yutika Das
5207,1632,Annual Leave,2025-06-11,2025-06-18,8,Vacation,Approved,Falak Dutta
5208,208,Casual Leave,2024-04-18,2024-04-18,1,Vacation,Approved,Jeremiah Sundaram
5209,2937,Casual Leave,2024-03-13,2024-03-18,6,Medical Treatment,Pending,
5210,2211,Casual Leave,2024-07-27,2024-07-27,1,Marriage,Rejected,
5211,2475,Unpaid Leave,2024-02-08,2024-02-16,9,Medical Treatment,Approved,Janani Purohit
5212,2211,Annual Leave,2024-06-17,2024-06-20,4,Child Care,Approved,Theodore Zachariah
5213,657,Unpaid Leave,2024-10-31,2024-10-31,1,Religious Festival,Approved,Amol Hegde
5214,2229,Maternity Leave,2025-05-02,2025-05-08,7,Personal Work,Approved,Harshil Upadhyay
5215,2574,Paternity Leave,2024-07-26,2024-07-26,1,Vacation,Approved,Avni Madan
5216,621,Emergency Leave,2024-05-28,2024-06-02,6,Religious Festival,Approved,Chandani Ramaswamy
5217,371,Emergency Leave,2025-08-07,2025-08-11,5,Marriage,Approved,Isaac Nagi
5218,835,Paternity Leave,2025-01-11,2025-01-14,4,Child Care,Approved,Dhruv Sachdeva
5219,542,Sick Leave,2024-04-04,2024-04-04,1,Higher Education,Pending,
5220,1229,Casual Leave,2024-10-30,2024-10-30,1,Vacation,Approved,Sara Baral
5221,1770,Emergency Leave,2024-06-22,2024-06-22,1,Higher Education,Approved,Nathaniel Deol
5222,175,Maternity Leave,2025-02-20,2025-02-22,3,Medical Treatment,Approved,Anamika Uppal
5223,2456,Paternity Leave,2024-04-01,2024-04-10,10,Personal Work,Approved,Nachiket Kothari
5224,911,Annual Leave,2024-02-12,2024-02-13,2,Family Emergency,Approved,Harini Mander
5225,1597,Emergency Leave,2024-09-28,2024-09-29,2,Personal Work,Approved,Nikita Setty
5226,2268,Casual Leave,2025-07-07,2025-07-15,9,Family Emergency,Approved,Meghana Char
5227,1636,Sick Leave,2025-07-31,2025-08-02,3,Medical Treatment,Approved,Leela Taneja
5228,2434,Paternity Leave,2025-01-14,2025-01-20,7,Higher Education,Approved,Osha Rana
5229,2801,Paternity Leave,2024-11-23,2024-11-25,3,Religious Festival,Approved,Tripti Sidhu
5230,926,Maternity Leave,2024-02-21,2024-02-28,8,Higher Education,Approved,Zaid Sunder
5231,1956,Casual Leave,2024-10-14,2024-10-19,6,Personal Work,Approved,Nakul Mistry
5232,1968,Paternity Leave,2024-07-01,2024-07-01,1,Family Emergency,Approved,Jagdish Borra
5233,2624,Sick Leave,2024-06-26,2024-06-27,2,Medical Treatment,Approved,Gaurika Date
5234,1185,Emergency Leave,2025-10-04,2025-10-05,2,Religious Festival,Approved,Baljiwan Dave
5235,2987,Sick Leave,2024-12-16,2024-12-25,10,Higher Education,Approved,Yuvraj Kibe
5236,1588,Emergency Leave,2024-09-12,2024-09-14,3,Family Emergency,Approved,Alka Kulkarni
5237,1017,Casual Leave,2025-07-14,2025-07-23,10,Vacation,Approved,Sai Vaidya
5238,1489,Sick Leave,2024-01-15,2024-01-15,1,Child Care,Approved,Varenya Nagi
5239,302,Paternity Leave,2025-07-23,2025-07-31,9,Family Emergency,Approved,Samesh Basak
5240,1532,Emergency Leave,2024-11-22,2024-11-30,9,Vacation,Pending,
5241,886,Emergency Leave,2025-08-16,2025-08-24,9,Religious Festival,Approved,Jhalak Saini
5242,213,Emergency Leave,2024-10-25,2024-10-28,4,Child Care,Approved,Onveer Gola
5243,978,Emergency Leave,2024-03-15,2024-03-15,1,Family Emergency,Approved,Darika Mani
5244,2994,Maternity Leave,2024-05-31,2024-06-01,2,Child Care,Approved,Aarav Tandon
5245,1090,Unpaid Leave,2025-05-10,2025-05-10,1,Medical Treatment,Approved,Nimrat Dugar
5246,45,Unpaid Leave,2024-02-15,2024-02-18,4,Medical Treatment,Approved,Matthew Sawhney
5247,676,Annual Leave,2025-05-12,2025-05-15,4,Family Emergency,Approved,Jhalak Sathe
5248,1495,Sick Leave,2025-12-18,2025-12-18,1,Religious Festival,Approved,Varsha Karpe
5249,648,Paternity Leave,2025-10-19,2025-10-22,4,Higher Education,Approved,Utkarsh Dugar
5250,1520,Maternity Leave,2025-01-04,2025-01-11,8,Religious Festival,Approved,Zinal Bedi
5251,948,Unpaid Leave,2025-11-19,2025-11-20,2,Family Emergency,Approved,Bimala Dara
5252,1608,Annual Leave,2025-09-14,2025-09-14,1,Child Care,Approved,Dayita Virk
5253,177,Sick Leave,2025-03-16,2025-03-23,8,Higher Education,Approved,Nitesh Venkataraman
5254,1210,Paternity Leave,2025-05-23,2025-05-28,6,Personal Work,Approved,Zayan Kapadia
5255,2582,Maternity Leave,2024-04-04,2024-04-06,3,Personal Work,Approved,Varenya Amble
5256,2281,Maternity Leave,2024-10-17,2024-10-21,5,Religious Festival,Approved,Garima Khare
5257,923,Maternity Leave,2025-12-12,2025-12-13,2,Vacation,Approved,Ronith Murty
5258,2584,Maternity Leave,2025-10-31,2025-11-01,2,Child Care,Approved,Vihaan Tiwari
5259,1425,Paternity Leave,2025-12-16,2025-12-21,6,Personal Work,Approved,Rayaan Gade
5260,1160,Unpaid Leave,2025-10-09,2025-10-14,6,Child Care,Approved,David Char
5261,643,Unpaid Leave,2025-06-08,2025-06-10,3,Religious Festival,Approved,Samar Dewan
5262,612,Annual Leave,2024-12-29,2025-01-05,8,Vacation,Approved,Inaya Chaudhuri
5263,1290,Paternity Leave,2025-03-09,2025-03-15,7,Marriage,Approved,Girik Bhatt
5264,1673,Annual Leave,2024-04-19,2024-04-25,7,Personal Work,Approved,Faras Mishra
5265,2220,Emergency Leave,2024-02-04,2024-02-04,1,Personal Work,Approved,Teerth Sridhar
5266,1839,Unpaid Leave,2024-03-12,2024-03-14,3,Child Care,Approved,Maanas Patel
5267,66,Sick Leave,2025-01-19,2025-01-22,4,Medical Treatment,Approved,Quincy Sheth
5268,1500,Maternity Leave,2025-04-25,2025-04-30,6,Religious Festival,Approved,Ranbir Dhawan
5269,816,Paternity Leave,2024-11-05,2024-11-05,1,Marriage,Approved,Timothy Manne
5270,2783,Paternity Leave,2025-03-08,2025-03-09,2,Medical Treatment,Approved,Edhitha Mandal
5271,1295,Emergency Leave,2024-11-07,2024-11-07,1,Higher Education,Approved,Advay Natarajan
5272,2344,Annual Leave,2024-01-01,2024-01-06,6,Personal Work,Approved,Lila Chaudhry
5273,1238,Annual Leave,2024-10-06,2024-10-09,4,Religious Festival,Approved,Isha Sampath
5274,1260,Emergency Leave,2024-07-28,2024-08-06,10,Child Care,Approved,Krish Jayaraman
5275,1083,Paternity Leave,2024-10-09,2024-10-14,6,Religious Festival,Approved,Isaiah De
5276,2845,Emergency Leave,2025-08-12,2025-08-21,10,Higher Education,Approved,Guneet Som
5277,505,Maternity Leave,2024-06-06,2024-06-07,2,Child Care,Approved,Ansh Karan
5278,1781,Paternity Leave,2024-02-06,2024-02-10,5,Child Care,Approved,Henry Prashad
5279,2379,Sick Leave,2024-09-16,2024-09-22,7,Medical Treatment,Approved,David Mittal
5280,2269,Sick Leave,2025-12-23,2025-12-26,4,Higher Education,Pending,
5281,1081,Paternity Leave,2024-04-03,2024-04-11,9,Vacation,Approved,Bishakha Kothari
5282,1533,Paternity Leave,2024-06-28,2024-07-05,8,Family Emergency,Approved,Krish Datta
5283,995,Paternity Leave,2024-03-30,2024-04-06,8,Medical Treatment,Approved,Lakshit Dass
5284,2221,Casual Leave,2024-12-12,2024-12-15,4,Medical Treatment,Approved,Gavin Devan
5285,2309,Sick Leave,2025-03-23,2025-03-25,3,Religious Festival,Approved,Pranav Mital
5286,1772,Emergency Leave,2025-08-25,2025-08-28,4,Family Emergency,Approved,Abhimanyu Sachdeva
5287,2828,Paternity Leave,2024-05-31,2024-06-09,10,Marriage,Approved,Rachana Sarna
5288,2796,Sick Leave,2025-01-18,2025-01-21,4,Child Care,Approved,Nisha Luthra
5289,1185,Casual Leave,2025-12-30,2025-12-30,1,Family Emergency,Approved,Nicholas Vora
5290,1320,Sick Leave,2024-12-19,2024-12-21,3,Higher Education,Approved,Ishwar Kapadia
5291,1541,Maternity Leave,2024-06-22,2024-07-01,10,Personal Work,Approved,Naveen Vala
5292,678,Emergency Leave,2025-06-28,2025-07-05,8,Family Emergency,Pending,
5293,917,Paternity Leave,2025-03-01,2025-03-09,9,Family Emergency,Approved,Bhanumati Krish
5294,192,Sick Leave,2025-06-21,2025-06-24,4,Vacation,Approved,Yashodhara Sekhon
5295,2357,Annual Leave,2024-05-31,2024-06-04,5,Vacation,Approved,Samar Sankar
5296,268,Emergency Leave,2024-12-08,2024-12-17,10,Family Emergency,Approved,Zayan Chaudhari
5297,2115,Casual Leave,2024-03-21,2024-03-25,5,Personal Work,Approved,Isaac Master
5298,2027,Paternity Leave,2025-06-16,2025-06-17,2,Family Emergency,Approved,Ekanta Balan
5299,2491,Annual Leave,2024-12-28,2025-01-04,8,Religious Festival,Approved,Lipika Pandya
5300,345,Casual Leave,2024-08-25,2024-08-29,5,Family Emergency,Approved,Anthony Mitter
5301,1594,Annual Leave,2025-07-27,2025-08-03,8,Medical Treatment,Approved,Wyatt Gola
5302,827,Maternity Leave,2025-08-21,2025-08-24,4,Vacation,Approved,Krishna Keer
5303,2936,Unpaid Leave,2024-11-30,2024-12-06,7,Marriage,Approved,Garima Venkataraman
5304,875,Paternity Leave,2025-12-15,2025-12-17,3,Child Care,Approved,Nidhi Patla
5305,2562,Paternity Leave,2024-01-14,2024-01-16,3,Higher Education,Pending,
5306,1841,Emergency Leave,2024-09-27,2024-10-04,8,Medical Treatment,Approved,Vansha Doctor
5307,1697,Paternity Leave,2024-08-29,2024-09-06,9,Vacation,Approved,Yashica Saran
5308,1632,Emergency Leave,2025-05-05,2025-05-09,5,Vacation,Approved,Bakhshi Hayre
5309,1815,Annual Leave,2024-10-15,2024-10-18,4,Vacation,Approved,Maanas Bora
5310,976,Emergency Leave,2024-09-25,2024-09-25,1,Religious Festival,Approved,Odika Boase
5311,695,Maternity Leave,2025-01-08,2025-01-16,9,Family Emergency,Approved,Vedhika Vaidya
5312,2582,Casual Leave,2024-09-19,2024-09-20,2,Vacation,Approved,Ladli Parmer
5313,2623,Emergency Leave,2025-08-12,2025-08-16,5,Family Emergency,Approved,Sudiksha Chaudhuri
5314,2032,Casual Leave,2024-09-23,2024-09-23,1,Child Care,Approved,Raghav Lalla
5315,1939,Unpaid Leave,2025-02-28,2025-03-05,6,Child Care,Approved,Ekani Kapoor
5316,1858,Emergency Leave,2024-08-09,2024-08-11,3,Vacation,Approved,Avni Dara
5317,1761,Unpaid Leave,2025-01-14,2025-01-16,3,Vacation,Approved,Isaiah Batta
5318,1004,Paternity Leave,2024-05-19,2024-05-25,7,Religious Festival,Approved,Advay Dewan
5319,2599,Unpaid Leave,2025-01-25,2025-01-31,7,Personal Work,Pending,
5320,1687,Paternity Leave,2025-03-21,2025-03-22,2,Higher Education,Approved,Ekalinga Pillai
5321,1095,Casual Leave,2025-07-05,2025-07-14,10,Marriage,Approved,Charita Guha
5322,428,Maternity Leave,2024-11-18,2024-11-21,4,Higher Education,Rejected,
5323,2353,Unpaid Leave,2025-05-06,2025-05-14,9,Medical Treatment,Approved,Teerth Sandhu
5324,1056,Maternity Leave,2024-11-01,2024-11-09,9,Religious Festival,Approved,Chanakya Dyal
5325,1285,Annual Leave,2025-04-04,2025-04-08,5,Marriage,Approved,Urishilla Gupta
5326,586,Unpaid Leave,2025-01-01,2025-01-07,7,Child Care,Approved,Naveen Mandal
5327,1215,Sick Leave,2024-02-13,2024-02-15,3,Marriage,Approved,Netra Sen
5328,2419,Casual Leave,2024-03-01,2024-03-07,7,Medical Treatment,Approved,Eesha Golla
5329,643,Paternity Leave,2025-11-09,2025-11-17,9,Medical Treatment,Approved,Simon Puri
5330,2706,Unpaid Leave,2024-02-05,2024-02-06,2,Personal Work,Approved,Neelima Varty
5331,2304,Casual Leave,2025-09-12,2025-09-15,4,Vacation,Approved,Daksha Badami
5332,2867,Annual Leave,2024-05-24,2024-05-26,3,Child Care,Approved,Nakul Murthy
5333,2864,Sick Leave,2025-03-21,2025-03-23,3,Personal Work,Pending,
5334,2039,Casual Leave,2025-11-26,2025-11-28,3,Family Emergency,Approved,Hamsini Virk
5335,1397,Emergency Leave,2025-08-05,2025-08-12,8,Higher Education,Approved,Vasana Palla
5336,264,Unpaid Leave,2024-11-18,2024-11-26,9,Family Emergency,Approved,Rushil Seshadri
5337,528,Sick Leave,2024-09-30,2024-10-07,8,Higher Education,Approved,Yashodhara Kunda
5338,237,Casual Leave,2024-05-23,2024-05-31,9,Personal Work,Rejected,
5339,277,Emergency Leave,2025-02-23,2025-03-03,9,Medical Treatment,Approved,Wriddhish Karpe
5340,2996,Sick Leave,2024-07-10,2024-07-14,5,Religious Festival,Approved,Ati Sidhu
5341,1642,Casual Leave,2025-09-09,2025-09-16,8,Personal Work,Approved,Rehaan Patla
5342,1604,Annual Leave,2024-12-14,2024-12-19,6,Higher Education,Approved,Zehaan Talwar
5343,2554,Casual Leave,2024-12-19,2024-12-28,10,Child Care,Approved,Pratyush Dutta
5344,790,Paternity Leave,2025-01-12,2025-01-20,9,Vacation,Approved,Vamakshi Sachar
5345,2544,Unpaid Leave,2025-12-20,2025-12-27,8,Child Care,Approved,Vyanjana Balakrishnan
5346,489,Annual Leave,2025-03-17,2025-03-25,9,Family Emergency,Approved,Ekanta Varty
5347,1709,Annual Leave,2024-02-20,2024-02-26,7,Vacation,Approved,Zehaan Mitra
5348,406,Emergency Leave,2024-09-13,2024-09-18,6,Religious Festival,Approved,Harita Ranganathan
5349,1842,Paternity Leave,2024-04-30,2024-05-08,9,Personal Work,Approved,Dev Nadkarni
5350,1354,Emergency Leave,2025-08-29,2025-09-06,9,Religious Festival,Pending,
5351,1343,Unpaid Leave,2024-08-11,2024-08-16,6,Religious Festival,Pending,
5352,410,Sick Leave,2025-11-06,2025-11-10,5,Personal Work,Approved,Sathvik Randhawa
5353,24,Annual Leave,2024-04-19,2024-04-19,1,Higher Education,Approved,Rachana Viswanathan
5354,1383,Maternity Leave,2025-10-06,2025-10-12,7,Family Emergency,Approved,Amaira Chaudhari
5355,1193,Paternity Leave,2024-02-12,2024-02-12,1,Child Care,Approved,Ishwar Kala
5356,1568,Casual Leave,2024-06-16,2024-06-20,5,Family Emergency,Approved,Gaurika Andra
5357,718,Casual Leave,2024-06-14,2024-06-18,5,Higher Education,Approved,Daksha Sathe
5358,1213,Annual Leave,2025-07-02,2025-07-04,3,Marriage,Approved,Saumya Chhabra
5359,826,Maternity Leave,2024-05-01,2024-05-07,7,Child Care,Pending,
5360,70,Maternity Leave,2024-06-02,2024-06-05,4,Higher Education,Approved,Frado Atwal
5361,172,Paternity Leave,2024-07-11,2024-07-12,2,Marriage,Approved,Anya Radhakrishnan
5362,1673,Sick Leave,2024-02-19,2024-02-19,1,Personal Work,Pending,
5363,1097,Sick Leave,2025-03-16,2025-03-19,4,Child Care,Approved,Zinal Nayak
5364,249,Sick Leave,2024-02-07,2024-02-07,1,Religious Festival,Approved,Reva Butala
5365,2996,Annual Leave,2024-03-16,2024-03-24,9,Marriage,Approved,Jagrati Kade
5366,125,Maternity Leave,2025-09-03,2025-09-07,5,Marriage,Approved,Chaitanya Sekhon
5367,1103,Paternity Leave,2024-02-27,2024-03-07,10,Child Care,Approved,Tanish Savant
5368,2614,Annual Leave,2025-08-17,2025-08-26,10,Higher Education,Approved,Sanaya Krishna
5369,2359,Emergency Leave,2025-02-12,2025-02-14,3,Religious Festival,Approved,Pranav Agarwal
5370,627,Maternity Leave,2025-05-22,2025-05-26,5,Religious Festival,Approved,Andrew Lala
5371,1595,Maternity Leave,2024-04-22,2024-04-26,5,Personal Work,Approved,Darpan Nazareth
5372,1302,Annual Leave,2025-04-02,2025-04-09,8,Child Care,Approved,Onveer Bobal
5373,2832,Emergency Leave,2024-11-30,2024-12-04,5,Vacation,Rejected,
5374,2348,Casual Leave,2024-01-22,2024-01-29,8,Marriage,Approved,Deepa Kata
5375,2348,Casual Leave,2025-12-30,2025-12-30,1,Vacation,Pending,
5376,575,Paternity Leave,2025-09-09,2025-09-15,7,Personal Work,Approved,Gaurang Kamdar
5377,1108,Sick Leave,2024-07-16,2024-07-16,1,Medical Treatment,Approved,Samuel Chahal
5378,1450,Maternity Leave,2024-11-19,2024-11-28,10,Family Emergency,Rejected,
5379,1361,Maternity Leave,2025-04-12,2025-04-16,5,Vacation,Approved,Madhavi Padmanabhan
5380,1920,Sick Leave,2025-10-13,2025-10-17,5,Marriage,Approved,Girik Lata
5381,395,Maternity Leave,2024-02-02,2024-02-09,8,Higher Education,Approved,Sudiksha Loke
5382,1171,Maternity Leave,2025-10-06,2025-10-12,7,Religious Festival,Approved,Anirudh Bhatnagar
5383,466,Paternity Leave,2024-07-22,2024-07-26,5,Child Care,Approved,Omya Patil
5384,1095,Paternity Leave,2024-05-12,2024-05-20,9,Marriage,Approved,Yahvi Singhal
5385,16,Maternity Leave,2025-05-04,2025-05-12,9,Family Emergency,Approved,Pushti Lal
5386,2484,Casual Leave,2024-04-15,2024-04-23,9,Personal Work,Approved,Krishna Anand
5387,435,Maternity Leave,2025-02-23,2025-03-01,7,Marriage,Approved,Nathaniel Mutti
5388,690,Emergency Leave,2025-11-27,2025-11-27,1,Religious Festival,Approved,Wriddhish Kala
5389,2960,Maternity Leave,2025-12-15,2025-12-21,7,Personal Work,Approved,Vasatika Mane
5390,679,Emergency Leave,2025-07-08,2025-07-14,7,Personal Work,Approved,Anjali Varghese
5391,2115,Sick Leave,2024-10-17,2024-10-18,2,Higher Education,Approved,Eesha Patla
5392,789,Paternity Leave,2024-09-13,2024-09-13,1,Family Emergency,Approved,Anita Yohannan
5393,2419,Sick Leave,2025-01-30,2025-01-31,2,Medical Treatment,Approved,Aachal Dyal
5394,1920,Maternity Leave,2024-09-27,2024-10-05,9,Family Emergency,Approved,Jairaj Devan
5395,1563,Unpaid Leave,2025-01-20,2025-01-25,6,Personal Work,Approved,Xiti Patil
5396,1698,Maternity Leave,2025-05-03,2025-05-11,9,Vacation,Approved,Mahika Raval
5397,1722,Sick Leave,2024-05-13,2024-05-16,4,Family Emergency,Approved,Edhitha Krish
5398,902,Paternity Leave,2024-01-21,2024-01-28,8,Vacation,Approved,Advika Nayar
5399,621,Sick Leave,2025-10-31,2025-11-03,4,Vacation,Approved,Meghana Kant
5400,148,Paternity Leave,2025-06-14,2025-06-20,7,Personal Work,Approved,Saksham Yadav
5401,2927,Maternity Leave,2024-12-20,2024-12-27,8,Personal Work,Approved,Daksh More
5402,1909,Emergency Leave,2024-06-11,2024-06-20,10,Personal Work,Approved,Janaki Subramaniam
5403,290,Paternity Leave,2025-07-31,2025-08-07,8,Religious Festival,Approved,Yatin Bava
5404,1286,Sick Leave,2025-08-25,2025-09-03,10,Vacation,Approved,Harini Acharya
5405,1854,Paternity Leave,2025-10-24,2025-10-27,4,Medical Treatment,Approved,Pratyush Bajwa
5406,1445,Maternity Leave,2024-03-29,2024-03-30,2,Vacation,Approved,Gaurang Kaul
5407,2285,Maternity Leave,2024-10-19,2024-10-23,5,Child Care,Approved,Neelima Ramesh
5408,687,Emergency Leave,2024-11-02,2024-11-10,9,Personal Work,Approved,Charvi Goda
5409,2255,Maternity Leave,2024-03-14,2024-03-21,8,Vacation,Approved,Victor Wagle
5410,638,Annual Leave,2024-03-03,2024-03-10,8,Family Emergency,Approved,Raghav Arya
5411,975,Maternity Leave,2024-04-28,2024-05-04,7,Family Emergency,Approved,Hemal Mistry
5412,470,Paternity Leave,2024-12-04,2024-12-13,10,Religious Festival,Approved,Dalbir Arya
5413,362,Maternity Leave,2024-10-04,2024-10-12,9,Child Care,Approved,Ryan Kapadia
5414,2686,Unpaid Leave,2024-04-14,2024-04-15,2,Family Emergency,Approved,Jairaj Parmer
5415,109,Paternity Leave,2024-07-14,2024-07-21,8,Child Care,Approved,Eshana Dugar
5416,1590,Paternity Leave,2025-04-27,2025-05-06,10,Medical Treatment,Approved,Arunima Kanda
5417,193,Emergency Leave,2024-01-25,2024-02-03,10,Higher Education,Approved,Hredhaan Mand
5418,602,Maternity Leave,2025-09-06,2025-09-14,9,Marriage,Approved,Edhitha Kari
5419,918,Casual Leave,2024-02-09,2024-02-17,9,Child Care,Approved,Elijah Krishnamurthy
5420,2709,Casual Leave,2024-02-01,2024-02-10,10,Vacation,Pending,
5421,994,Paternity Leave,2025-08-09,2025-08-14,6,Higher Education,Approved,Lakshit Mannan
5422,1344,Emergency Leave,2025-06-30,2025-07-08,9,Marriage,Approved,Yahvi Minhas
5423,783,Casual Leave,2025-09-14,2025-09-19,6,Vacation,Approved,Ayaan Tripathi
5424,1995,Emergency Leave,2025-07-04,2025-07-07,4,Family Emergency,Approved,Matthew Wagle
5425,2696,Sick Leave,2025-06-23,2025-06-24,2,Religious Festival,Approved,Varenya Luthra
5426,2590,Annual Leave,2025-02-26,2025-03-03,6,Vacation,Approved,Jonathan Rege
5427,1465,Sick Leave,2024-11-12,2024-11-13,2,Marriage,Approved,Ekbal Prakash
5428,2116,Casual Leave,2024-11-10,2024-11-14,5,Personal Work,Approved,Madhav Wable
5429,1506,Maternity Leave,2025-06-01,2025-06-09,9,Medical Treatment,Approved,Samaksh Parekh
5430,1276,Annual Leave,2024-12-11,2024-12-15,5,Vacation,Pending,
5431,2669,Paternity Leave,2024-11-11,2024-11-12,2,Marriage,Approved,Harshil Chacko
5432,2655,Unpaid Leave,2025-04-22,2025-04-27,6,Marriage,Approved,Yagnesh Narasimhan
5433,1641,Maternity Leave,2024-02-06,2024-02-13,8,Child Care,Approved,Pooja Doctor
5434,2187,Maternity Leave,2024-10-04,2024-10-05,2,Higher Education,Approved,Zayan Barad
5435,1845,Maternity Leave,2024-05-18,2024-05-25,8,Family Emergency,Approved,Deepa Kapadia
5436,951,Paternity Leave,2024-11-26,2024-11-30,5,Personal Work,Approved,Falan Palla
5437,1463,Emergency Leave,2024-06-15,2024-06-23,9,Child Care,Approved,Lopa Bhagat
5438,1938,Maternity Leave,2024-12-15,2024-12-19,5,Marriage,Approved,Divya Doshi
5439,1734,Paternity Leave,2025-06-19,2025-06-25,7,Vacation,Pending,
5440,272,Emergency Leave,2025-09-12,2025-09-15,4,Religious Festival,Pending,
5441,1966,Sick Leave,2024-10-14,2024-10-21,8,Marriage,Approved,Tara Kalla
5442,488,Casual Leave,2025-12-26,2026-01-04,10,Religious Festival,Pending,
5443,1856,Paternity Leave,2025-10-27,2025-10-29,3,Family Emergency,Approved,Darsh Jhaveri
5444,2714,Emergency Leave,2025-01-17,2025-01-20,4,Child Care,Approved,Saanvi Rau
5445,2292,Unpaid Leave,2025-01-05,2025-01-08,4,Family Emergency,Approved,Upma Sampath
5446,2314,Unpaid Leave,2025-03-07,2025-03-08,2,Religious Festival,Approved,Viraj Wali
5447,2889,Paternity Leave,2024-04-13,2024-04-17,5,Marriage,Approved,Oscar Balakrishnan
5448,929,Sick Leave,2025-10-07,2025-10-11,5,Religious Festival,Approved,Vihaan Sachdeva
5449,283,Maternity Leave,2024-06-23,2024-06-28,6,Personal Work,Approved,Theodore Jain
5450,2202,Sick Leave,2025-04-21,2025-04-30,10,Child Care,Approved,Krishna Rai
5451,99,Emergency Leave,2024-09-09,2024-09-12,4,Child Care,Approved,Ekantika Kashyap
5452,1929,Paternity Leave,2024-01-24,2024-01-28,5,Medical Treatment,Approved,Harrison Dasgupta
5453,1415,Paternity Leave,2025-12-04,2025-12-13,10,Personal Work,Approved,Libni Jha
5454,2664,Annual Leave,2025-07-28,2025-08-04,8,Medical Treatment,Approved,Ikbal Bhargava
5455,1740,Annual Leave,2025-12-20,2025-12-27,8,Vacation,Approved,Baghyawati Lad
5456,662,Sick Leave,2025-10-16,2025-10-17,2,Medical Treatment,Approved,Udarsh Bora
5457,1657,Maternity Leave,2024-05-19,2024-05-27,9,Personal Work,Approved,Triveni Seth
5458,406,Sick Leave,2024-08-07,2024-08-11,5,Higher Education,Approved,Samuel Kohli
5459,1584,Paternity Leave,2025-05-05,2025-05-05,1,Personal Work,Approved,Thomas Shetty
5460,2304,Sick Leave,2024-12-01,2024-12-08,8,Personal Work,Approved,Bakhshi Bhasin
5461,106,Paternity Leave,2024-12-17,2024-12-19,3,Family Emergency,Approved,Pahal Pandya
5462,2196,Emergency Leave,2024-05-19,2024-05-23,5,Marriage,Approved,Eta Agarwal
5463,825,Unpaid Leave,2025-07-13,2025-07-13,1,Child Care,Approved,Ishanvi Saha
5464,2599,Casual Leave,2025-09-08,2025-09-08,1,Child Care,Approved,Lipika Krishnamurthy
5465,2897,Unpaid Leave,2025-10-14,2025-10-16,3,Marriage,Approved,Aachal Zachariah
5466,1703,Emergency Leave,2025-07-03,2025-07-10,8,Child Care,Approved,Jyoti Vora
5467,1702,Emergency Leave,2025-03-23,2025-03-29,7,Vacation,Pending,
5468,572,Casual Leave,2025-10-18,2025-10-24,7,Personal Work,Pending,
5469,713,Unpaid Leave,2024-10-18,2024-10-18,1,Family Emergency,Approved,Bishakha Basak
5470,548,Paternity Leave,2024-05-25,2024-05-28,4,Vacation,Approved,Nilima Majumdar
5471,297,Sick Leave,2024-09-10,2024-09-17,8,Marriage,Rejected,
5472,1725,Emergency Leave,2024-07-03,2024-07-08,6,Vacation,Approved,Dipta Bhagat
5473,385,Emergency Leave,2025-05-19,2025-05-26,8,Religious Festival,Approved,Waida Karpe
5474,614,Paternity Leave,2025-07-22,2025-07-26,5,Child Care,Approved,Darika Raj
5475,493,Casual Leave,2025-10-12,2025-10-16,5,Family Emergency,Approved,Bachittar Palla
5476,866,Sick Leave,2024-12-22,2024-12-27,6,Personal Work,Approved,Fiyaz Ghose
5477,1620,Casual Leave,2025-11-24,2025-11-30,7,Family Emergency,Pending,
5478,1544,Unpaid Leave,2024-10-19,2024-10-19,1,Child Care,Approved,Jagdish Ganesan
5479,1009,Emergency Leave,2024-02-20,2024-02-22,3,Medical Treatment,Approved,Jeet Bora
5480,2325,Maternity Leave,2025-01-05,2025-01-10,6,Child Care,Approved,Indali Morar
5481,2509,Paternity Leave,2024-03-13,2024-03-18,6,Family Emergency,Approved,Patrick Venkatesh
5482,2619,Sick Leave,2025-01-15,2025-01-22,8,Child Care,Approved,Lavanya Subramanian
5483,1077,Unpaid Leave,2025-08-12,2025-08-13,2,Vacation,Approved,Udarsh Gala
5484,108,Sick Leave,2025-11-04,2025-11-12,9,Family Emergency,Approved,Hiral Chawla
5485,1371,Casual Leave,2025-11-01,2025-11-02,2,Marriage,Approved,Devansh Deep
5486,1111,Unpaid Leave,2024-12-18,2024-12-22,5,Personal Work,Pending,
5487,2251,Emergency Leave,2024-05-10,2024-05-17,8,Marriage,Approved,Yuvraj Halder
5488,2346,Annual Leave,2024-03-04,2024-03-08,5,Marriage,Approved,Zilmil Chandran
5489,957,Annual Leave,2024-11-02,2024-11-06,5,Personal Work,Pending,
5490,1549,Paternity Leave,2024-03-18,2024-03-19,2,Higher Education,Approved,Faras Nagy
5491,1198,Maternity Leave,2025-03-29,2025-04-01,4,Medical Treatment,Approved,Veer Gole
5492,469,Casual Leave,2025-06-05,2025-06-14,10,Higher Education,Approved,Pallavi Wali
5493,2416,Unpaid Leave,2025-12-18,2025-12-23,6,Family Emergency,Approved,Peter Sane
5494,2819,Annual Leave,2025-10-29,2025-11-02,5,Religious Festival,Approved,Sai Chahal
5495,1170,Sick Leave,2025-02-26,2025-03-05,8,Child Care,Approved,Panini Dey
5496,1741,Annual Leave,2025-04-15,2025-04-23,9,Religious Festival,Approved,Yachana Dave
5497,2057,Annual Leave,2025-09-05,2025-09-05,1,Higher Education,Approved,Janaki Suresh
5498,997,Annual Leave,2024-08-24,2024-08-28,5,Medical Treatment,Approved,Yamini Bansal
5499,1330,Annual Leave,2024-09-05,2024-09-06,2,Child Care,Approved,Yachana Badami
5500,1972,Maternity Leave,2025-09-02,2025-09-08,7,Medical Treatment,Approved,Nidra Narayanan
5501,61,Emergency Leave,2024-01-29,2024-02-06,9,Higher Education,Approved,Bhavini Peri
5502,399,Annual Leave,2024-03-31,2024-04-09,10,Religious Festival,Approved,Caleb Dhar
5503,1734,Casual Leave,2024-12-30,2025-01-01,3,Higher Education,Approved,Gavin Mittal
5504,217,Emergency Leave,2025-06-26,2025-07-04,9,Vacation,Approved,Vincent Sahni
5505,585,Unpaid Leave,2024-06-13,2024-06-19,7,Marriage,Approved,Laksh Dube
5506,1002,Unpaid Leave,2024-02-02,2024-02-03,2,Personal Work,Approved,Arin Chandra
5507,735,Paternity Leave,2024-03-13,2024-03-16,4,Vacation,Approved,Darsh Subramaniam
5508,217,Sick Leave,2025-03-03,2025-03-06,4,Child Care,Approved,Unnati Chakraborty
5509,1374,Paternity Leave,2025-08-28,2025-09-02,6,Vacation,Pending,
5510,2766,Casual Leave,2024-12-21,2024-12-23,3,Medical Treatment,Approved,Radha Saraf
5511,393,Casual Leave,2024-05-11,2024-05-13,3,Child Care,Approved,Elijah Morar
5512,1968,Annual Leave,2024-04-23,2024-04-24,2,Personal Work,Approved,Anvi Bhat
5513,1310,Paternity Leave,2024-12-11,2024-12-20,10,Vacation,Approved,Baghyawati Mannan
5514,391,Unpaid Leave,2024-03-02,2024-03-08,7,Marriage,Approved,Aryan Vyas
5515,843,Unpaid Leave,2024-12-10,2024-12-18,9,Family Emergency,Approved,Ekanta Kibe
5516,560,Casual Leave,2024-08-10,2024-08-10,1,Religious Festival,Approved,Vanya Gupta
5517,951,Unpaid Leave,2025-04-02,2025-04-11,10,Family Emergency,Approved,Dalbir Das
5518,194,Casual Leave,2025-03-06,2025-03-12,7,Vacation,Approved,Ishita Dubey
5519,392,Paternity Leave,2024-07-26,2024-08-04,10,Medical Treatment,Approved,Shravya Bhatnagar
5520,467,Unpaid Leave,2024-02-06,2024-02-09,4,Personal Work,Approved,Eta Lala
5521,857,Sick Leave,2025-07-17,2025-07-26,10,Marriage,Approved,Tanveer Shetty
5522,2629,Sick Leave,2025-12-28,2026-01-02,6,Child Care,Approved,Frederick Shenoy
5523,479,Unpaid Leave,2024-04-08,2024-04-11,4,Personal Work,Approved,Chaman Murthy
5524,1375,Unpaid Leave,2025-12-02,2025-12-08,7,Religious Festival,Approved,Waida Narula
5525,518,Sick Leave,2025-04-27,2025-05-01,5,Child Care,Approved,Yatan Sahni
5526,1223,Unpaid Leave,2024-04-29,2024-05-03,5,Child Care,Approved,Shivansh Swaminathan
5527,21,Sick Leave,2025-01-13,2025-01-17,5,Child Care,Approved,Vyanjana Gaba
5528,1759,Sick Leave,2025-11-20,2025-11-24,5,Vacation,Approved,Ekiya Sarin
5529,2989,Unpaid Leave,2024-03-17,2024-03-26,10,Marriage,Pending,
5530,1792,Unpaid Leave,2024-06-28,2024-07-05,8,Higher Education,Approved,Pallavi Natt
5531,2561,Unpaid Leave,2025-09-07,2025-09-10,4,Religious Festival,Approved,Mitali Padmanabhan
5532,727,Maternity Leave,2025-08-07,2025-08-14,8,Religious Festival,Approved,Amara Barman
5533,1658,Unpaid Leave,2024-07-19,2024-07-20,2,Family Emergency,Approved,Xiti Arya
5534,1572,Emergency Leave,2025-04-03,2025-04-08,6,Medical Treatment,Approved,Adweta Sarin
5535,1096,Emergency Leave,2025-12-18,2025-12-24,7,Religious Festival,Rejected,
5536,1009,Unpaid Leave,2024-08-02,2024-08-10,9,Child Care,Approved,Samesh Sarma
5537,1706,Casual Leave,2025-07-15,2025-07-16,2,Religious Festival,Approved,Dayita Babu
5538,898,Sick Leave,2024-09-28,2024-10-04,7,Religious Festival,Approved,Gagan Soman
5539,653,Casual Leave,2025-12-02,2025-12-09,8,Personal Work,Approved,Kabir Bhardwaj
5540,1614,Emergency Leave,2025-06-18,2025-06-23,6,Religious Festival,Approved,Gaurangi Raju
5541,854,Maternity Leave,2025-10-19,2025-10-28,10,Child Care,Approved,Vrishti Cheema
5542,522,Unpaid Leave,2025-07-13,2025-07-22,10,Religious Festival,Approved,Viraj Randhawa
5543,1024,Sick Leave,2025-02-26,2025-03-02,5,Child Care,Approved,Damyanti Mody
5544,2023,Maternity Leave,2025-03-21,2025-03-23,3,Religious Festival,Approved,Chavvi Sawhney
5545,1945,Annual Leave,2025-07-08,2025-07-10,3,Child Care,Approved,Dominic Chahal
5546,805,Paternity Leave,2024-02-27,2024-03-06,9,Religious Festival,Pending,
5547,1112,Sick Leave,2024-06-26,2024-06-30,5,Religious Festival,Approved,Yashoda Wable
5548,2049,Paternity Leave,2025-10-16,2025-10-22,7,Vacation,Approved,Girik Sem
5549,1692,Unpaid Leave,2025-09-05,2025-09-06,2,Family Emergency,Approved,Jagat Trivedi
5550,1213,Maternity Leave,2024-09-11,2024-09-18,8,Marriage,Approved,Ekani Bava
5551,2523,Maternity Leave,2025-02-28,2025-03-08,9,Medical Treatment,Approved,Anirudh Murty
5552,1701,Annual Leave,2025-11-10,2025-11-15,6,Medical Treatment,Approved,Adya Ben
5553,416,Emergency Leave,2024-02-24,2024-03-03,9,Higher Education,Approved,Isaiah Khosla
5554,363,Annual Leave,2025-06-13,2025-06-16,4,Marriage,Approved,Rachana Jani
5555,1942,Sick Leave,2024-04-18,2024-04-24,7,Family Emergency,Approved,Reva Dua
5556,17,Annual Leave,2024-05-14,2024-05-18,5,Child Care,Approved,Amruta Sura
5557,1975,Maternity Leave,2024-05-09,2024-05-09,1,Family Emergency,Approved,Mekhala Chatterjee
5558,1584,Paternity Leave,2025-07-21,2025-07-25,5,Medical Treatment,Approved,Jairaj Vig
5559,540,Annual Leave,2025-08-01,2025-08-05,5,Marriage,Approved,Vivaan Singhal
5560,2426,Unpaid Leave,2024-04-23,2024-04-27,5,Higher Education,Approved,Lopa Deshmukh
5561,1626,Sick Leave,2025-12-27,2026-01-01,6,Family Emergency,Approved,Aditya Basu
5562,2369,Unpaid Leave,2024-06-05,2024-06-07,3,Personal Work,Approved,Adya Swaminathan
5563,1411,Unpaid Leave,2025-06-08,2025-06-14,7,Marriage,Approved,Falguni Boase
5564,2449,Annual Leave,2024-08-06,2024-08-13,8,Personal Work,Approved,Tarak Ghosh
5565,47,Sick Leave,2025-12-25,2025-12-31,7,Personal Work,Approved,Eta Mital
5566,2072,Unpaid Leave,2025-10-21,2025-10-22,2,Medical Treatment,Rejected,
5567,744,Paternity Leave,2025-10-16,2025-10-22,7,Child Care,Approved,Rudra Dey
5568,2944,Casual Leave,2025-01-21,2025-01-30,10,Child Care,Approved,Leela Bahl
5569,1850,Paternity Leave,2025-08-24,2025-08-24,1,Marriage,Approved,Imaran Sankaran
5570,895,Casual Leave,2024-04-24,2024-04-27,4,Vacation,Approved,Leela Kala
5571,430,Emergency Leave,2024-05-28,2024-05-29,2,Vacation,Approved,Yash Mitter
5572,466,Emergency Leave,2025-09-22,2025-09-25,4,Personal Work,Approved,Peter Mody
5573,2996,Maternity Leave,2025-04-25,2025-04-25,1,Medical Treatment,Approved,Bhavani Setty
5574,798,Sick Leave,2025-08-23,2025-08-26,4,Personal Work,Approved,Yashodhara Magar
5575,883,Emergency Leave,2025-11-04,2025-11-10,7,Marriage,Approved,Urvi Dhar
5576,2809,Casual Leave,2024-05-09,2024-05-17,9,Personal Work,Approved,Udyati Pandey
5577,187,Unpaid Leave,2024-01-15,2024-01-24,10,Personal Work,Approved,Faris Chaudhari
5578,363,Paternity Leave,2024-03-14,2024-03-14,1,Child Care,Pending,
5579,2022,Maternity Leave,2025-11-13,2025-11-16,4,Personal Work,Approved,Ronith Deo
5580,2230,Annual Leave,2025-01-06,2025-01-07,2,Personal Work,Approved,Chatura Rastogi
5581,2369,Paternity Leave,2024-06-10,2024-06-19,10,Medical Treatment,Approved,Raghav Behl
5582,103,Annual Leave,2025-11-23,2025-11-27,5,Family Emergency,Approved,Vinaya Sandal
5583,159,Sick Leave,2024-10-22,2024-10-30,9,Child Care,Approved,Tanmayi Upadhyay
5584,1709,Annual Leave,2024-02-25,2024-03-02,7,Vacation,Pending,
5585,297,Maternity Leave,2025-06-09,2025-06-18,10,Personal Work,Approved,Xalak Dhar
5586,592,Annual Leave,2024-12-17,2024-12-20,4,Religious Festival,Approved,Tanmayi Raval
5587,1239,Maternity Leave,2024-05-13,2024-05-17,5,Vacation,Pending,
5588,859,Casual Leave,2025-09-12,2025-09-15,4,Vacation,Approved,Yamini Parsa
5589,2849,Emergency Leave,2025-08-25,2025-09-03,10,Medical Treatment,Rejected,
5590,1990,Unpaid Leave,2025-08-27,2025-09-05,10,Child Care,Approved,Darpan Badal
5591,241,Annual Leave,2024-08-24,2024-08-29,6,Medical Treatment,Approved,Bhavya Cheema
5592,2875,Annual Leave,2024-02-05,2024-02-12,8,Family Emergency,Approved,Oliver Seshadri
5593,2890,Annual Leave,2025-06-22,2025-07-01,10,Vacation,Approved,Ekanta Gokhale
5594,555,Casual Leave,2024-07-04,2024-07-11,8,Vacation,Approved,Avi Agate
5595,662,Maternity Leave,2024-12-22,2024-12-30,9,Medical Treatment,Approved,Charan Sachdev
5596,1186,Annual Leave,2024-08-16,2024-08-17,2,Higher Education,Approved,Sanaya Aggarwal
5597,2589,Casual Leave,2024-12-26,2024-12-31,6,Higher Education,Approved,Upadhriti Baria
5598,2856,Annual Leave,2025-10-26,2025-11-04,10,Child Care,Approved,Yashica Choudhry
5599,1952,Unpaid Leave,2024-07-12,2024-07-20,9,Child Care,Approved,Chaaya Bhalla
5600,1207,Unpaid Leave,2025-12-06,2025-12-12,7,Medical Treatment,Approved,Kavya Sundaram
5601,979,Maternity Leave,2024-05-07,2024-05-08,2,Higher Education,Approved,Azad Ratta
5602,1236,Maternity Leave,2024-09-09,2024-09-10,2,Child Care,Approved,Devika Devi
5603,501,Unpaid Leave,2024-04-10,2024-04-19,10,Family Emergency,Rejected,
5604,1022,Paternity Leave,2024-12-30,2025-01-01,3,Personal Work,Approved,Yashvi Dugar
5605,197,Annual Leave,2025-05-28,2025-05-31,4,Religious Festival,Approved,Timothy Devan
5606,893,Casual Leave,2024-04-29,2024-04-29,1,Child Care,Approved,Siya Pandit
5607,2712,Sick Leave,2024-11-04,2024-11-10,7,Personal Work,Approved,Bahadurjit Kurian
5608,1411,Casual Leave,2025-05-31,2025-06-02,3,Family Emergency,Rejected,
5609,2687,Emergency Leave,2024-11-23,2024-11-27,5,Vacation,Pending,
5610,570,Paternity Leave,2025-07-20,2025-07-25,6,Medical Treatment,Approved,Pranav Goda
5611,2899,Emergency Leave,2024-02-12,2024-02-21,10,Personal Work,Approved,Mason Date
5612,2133,Maternity Leave,2024-04-07,2024-04-12,6,Personal Work,Approved,Imaran Rajan
5613,2076,Maternity Leave,2025-02-21,2025-03-02,10,Vacation,Approved,Jagvi Basu
5614,126,Casual Leave,2024-08-30,2024-08-31,2,Religious Festival,Approved,Jacob Keer
5615,1773,Emergency Leave,2024-04-01,2024-04-06,6,Child Care,Pending,
5616,853,Casual Leave,2025-01-12,2025-01-17,6,Personal Work,Approved,Rachit Mahal
5617,597,Unpaid Leave,2025-08-16,2025-08-18,3,Medical Treatment,Approved,Falan Zacharia
5618,1867,Sick Leave,2024-08-06,2024-08-12,7,Religious Festival,Approved,Veda Gupta
5619,1660,Casual Leave,2024-12-28,2024-12-28,1,Vacation,Approved,Nitara Pandey
5620,1952,Annual Leave,2025-11-21,2025-11-21,1,Personal Work,Approved,Nakul Arora
5621,456,Unpaid Leave,2024-01-23,2024-01-26,4,Child Care,Approved,Dalaja Dhingra
5622,2086,Paternity Leave,2025-07-26,2025-08-01,7,Personal Work,Approved,Riya Mody
5623,166,Unpaid Leave,2025-09-08,2025-09-16,9,Medical Treatment,Approved,Abdul Rajagopal
5624,22,Annual Leave,2024-06-30,2024-07-06,7,Vacation,Approved,Manya Raj
5625,2754,Casual Leave,2024-11-25,2024-11-26,2,Family Emergency,Approved,Avni Jha
5626,32,Emergency Leave,2024-02-11,2024-02-17,7,Medical Treatment,Approved,Ryan Gulati
5627,499,Casual Leave,2025-07-29,2025-07-31,3,Family Emergency,Approved,Parth Kothari
5628,2262,Sick Leave,2025-11-22,2025-11-24,3,Family Emergency,Approved,Brijesh Sodhi
5629,1163,Annual Leave,2024-06-30,2024-07-08,9,Religious Festival,Approved,Saumya Sheth
5630,638,Maternity Leave,2024-10-07,2024-10-10,4,Personal Work,Approved,Nakul Acharya
5631,131,Annual Leave,2024-02-21,2024-02-25,5,Personal Work,Approved,Laban Bahri
5632,1853,Maternity Leave,2025-07-03,2025-07-04,2,Medical Treatment,Approved,Wazir Shanker
5633,2886,Annual Leave,2025-04-06,2025-04-09,4,Vacation,Approved,Yauvani Basak
5634,1288,Sick Leave,2025-05-05,2025-05-10,6,Higher Education,Rejected,
5635,597,Sick Leave,2025-04-01,2025-04-09,9,Vacation,Approved,Falan Sachdeva
5636,1789,Casual Leave,2024-12-08,2024-12-09,2,Religious Festival,Approved,Vyanjana Ray
5637,2005,Maternity Leave,2024-01-13,2024-01-13,1,Higher Education,Approved,Ira Sharaf
5638,2148,Sick Leave,2025-10-24,2025-10-24,1,Vacation,Approved,Ridhi Keer
5639,299,Annual Leave,2024-02-06,2024-02-10,5,Personal Work,Approved,Gunbir Brahmbhatt
5640,2918,Casual Leave,2025-03-25,2025-03-28,4,Religious Festival,Approved,Alexander Datta
5641,518,Unpaid Leave,2025-09-26,2025-10-04,9,Medical Treatment,Approved,Viraj Sachdeva
5642,2687,Casual Leave,2024-08-11,2024-08-15,5,Child Care,Approved,Yashoda Srinivas
5643,1861,Casual Leave,2025-09-22,2025-09-24,3,Family Emergency,Approved,Sudiksha Issac
5644,349,Paternity Leave,2025-07-17,2025-07-25,9,Marriage,Approved,Imaran Chaudry
5645,93,Emergency Leave,2025-01-27,2025-01-30,4,Higher Education,Approved,Shaurya Deol
5646,2291,Paternity Leave,2025-12-20,2025-12-20,1,Marriage,Approved,Janaki Dubey
5647,1904,Maternity Leave,2024-04-17,2024-04-26,10,Family Emergency,Approved,Abhiram Krish
5648,399,Sick Leave,2024-01-30,2024-02-08,10,Higher Education,Approved,Jhalak Borah
5649,1027,Sick Leave,2025-10-28,2025-11-03,7,Vacation,Approved,William Padmanabhan
5650,1307,Unpaid Leave,2025-04-16,2025-04-21,6,Religious Festival,Approved,Christopher Menon
5651,2020,Unpaid Leave,2024-01-14,2024-01-19,6,Personal Work,Approved,Ekaraj Kara
5652,2859,Unpaid Leave,2025-12-20,2025-12-20,1,Personal Work,Approved,Anita Narula
5653,765,Maternity Leave,2024-12-19,2024-12-19,1,Child Care,Approved,Chandresh Dass
5654,2321,Paternity Leave,2025-10-14,2025-10-14,1,Religious Festival,Approved,Edhitha Kaur
5655,628,Maternity Leave,2024-12-11,2024-12-20,10,Child Care,Approved,Girish Aggarwal
5656,61,Emergency Leave,2025-04-24,2025-04-25,2,Child Care,Approved,Mohammed Sehgal
5657,1359,Emergency Leave,2024-03-06,2024-03-13,8,Higher Education,Approved,Tanveer Sethi
5658,1120,Casual Leave,2025-07-29,2025-08-05,8,Medical Treatment,Pending,
5659,1635,Casual Leave,2025-05-12,2025-05-14,3,Medical Treatment,Approved,Balhaar Agate
5660,913,Emergency Leave,2025-12-15,2025-12-23,9,Vacation,Approved,Karan Samra
5661,574,Casual Leave,2025-04-30,2025-05-03,4,Personal Work,Approved,Diya Barad
5662,797,Emergency Leave,2024-10-12,2024-10-18,7,Family Emergency,Approved,Shivansh Butala
5663,2623,Maternity Leave,2024-03-03,2024-03-09,7,Personal Work,Approved,Harsh Hayre
5664,1884,Unpaid Leave,2025-03-24,2025-03-31,8,Family Emergency,Approved,Jagvi Sarin
5665,1324,Unpaid Leave,2024-08-04,2024-08-04,1,Family Emergency,Approved,Barkha Rajan
5666,985,Paternity Leave,2024-04-15,2024-04-17,3,Family Emergency,Pending,
5667,871,Casual Leave,2025-11-15,2025-11-23,9,Vacation,Approved,Ishanvi Bhandari
5668,1122,Annual Leave,2025-04-05,2025-04-12,8,Personal Work,Approved,Bhavani Kothari
5669,454,Paternity Leave,2025-08-04,2025-08-09,6,Child Care,Approved,Lakshmi Prabhakar
5670,2460,Annual Leave,2025-05-27,2025-06-01,6,Religious Festival,Approved,Omisha Bail
5671,1879,Casual Leave,2025-01-07,2025-01-16,10,Child Care,Pending,
5672,714,Unpaid Leave,2024-12-16,2024-12-23,8,Child Care,Approved,Bhavna Boase
5673,62,Sick Leave,2025-08-21,2025-08-25,5,Higher Education,Approved,Ishani Deol
5674,252,Sick Leave,2024-08-08,2024-08-11,4,Family Emergency,Approved,Chaitaly Dora
5675,2542,Unpaid Leave,2024-06-04,2024-06-09,6,Personal Work,Approved,Darsh Menon
5676,1470,Sick Leave,2025-01-20,2025-01-23,4,Religious Festival,Approved,Osha Sawhney
5677,2622,Maternity Leave,2025-10-23,2025-10-25,3,Marriage,Approved,Tara Rastogi
5678,189,Casual Leave,2025-05-30,2025-05-30,1,Family Emergency,Pending,
5679,2479,Emergency Leave,2024-05-13,2024-05-19,7,Medical Treatment,Approved,Yatin Golla
5680,1813,Sick Leave,2024-03-30,2024-03-31,2,Family Emergency,Approved,Vritti Bansal
5681,2459,Sick Leave,2024-02-09,2024-02-11,3,Medical Treatment,Approved,Forum Nanda
5682,1669,Emergency Leave,2024-07-23,2024-07-31,9,Family Emergency,Pending,
5683,489,Casual Leave,2024-07-24,2024-07-27,4,Child Care,Approved,Aarnav Oza
5684,1567,Maternity Leave,2025-10-08,2025-10-11,4,Vacation,Approved,Robert Bhatia
5685,1623,Sick Leave,2025-12-23,2025-12-25,3,Vacation,Approved,Nidra Bhavsar
5686,883,Annual Leave,2025-08-29,2025-09-01,4,Vacation,Approved,Indali Dixit
5687,1238,Maternity Leave,2024-08-01,2024-08-06,6,Family Emergency,Approved,Garima Mangat
5688,185,Emergency Leave,2025-12-20,2025-12-21,2,Vacation,Approved,Ikshita Mukhopadhyay
5689,436,Maternity Leave,2025-09-13,2025-09-16,4,Marriage,Approved,Hritik Agate
5690,1531,Maternity Leave,2025-05-01,2025-05-04,4,Higher Education,Approved,Nitesh Singh
5691,348,Maternity Leave,2024-04-23,2024-04-23,1,Vacation,Approved,Falak Banik
5692,753,Paternity Leave,2025-07-07,2025-07-16,10,Child Care,Approved,Saumya Bala
5693,408,Emergency Leave,2024-01-12,2024-01-14,3,Religious Festival,Approved,Bachittar Chadha
5694,1543,Paternity Leave,2025-01-24,2025-01-28,5,Medical Treatment,Approved,Bachittar Mand
5695,2106,Paternity Leave,2024-09-24,2024-09-29,6,Personal Work,Approved,Siddharth Sethi
5696,11,Paternity Leave,2025-05-17,2025-05-24,8,Family Emergency,Approved,Ojas Parekh
5697,930,Annual Leave,2025-01-24,2025-01-28,5,Religious Festival,Approved,Ladli Tiwari
5698,2978,Unpaid Leave,2024-09-02,2024-09-05,4,Marriage,Approved,Harita Mital
5699,340,Emergency Leave,2024-07-06,2024-07-13,8,Medical Treatment,Approved,Falguni Kade
5700,1167,Casual Leave,2025-05-16,2025-05-22,7,Personal Work,Approved,Eesha Subramanian
5701,1004,Emergency Leave,2024-10-12,2024-10-12,1,Medical Treatment,Approved,Vaishnavi Dutt
5702,2519,Casual Leave,2025-08-13,2025-08-18,6,Medical Treatment,Approved,Damyanti Parmer
5703,329,Paternity Leave,2025-11-09,2025-11-16,8,Child Care,Rejected,
5704,1724,Paternity Leave,2025-01-06,2025-01-12,7,Religious Festival,Approved,Yauvani Mohan
5705,725,Paternity Leave,2024-02-03,2024-02-10,8,Child Care,Approved,Zaid Koshy
5706,275,Sick Leave,2025-05-13,2025-05-13,1,Family Emergency,Approved,Ijaya Jain
5707,2269,Annual Leave,2025-10-01,2025-10-06,6,Vacation,Approved,Nathaniel Bala
5708,1667,Paternity Leave,2025-07-13,2025-07-14,2,Vacation,Approved,Osha Hayre
5709,639,Sick Leave,2024-05-24,2024-05-27,4,Medical Treatment,Approved,Ishwar Nath
5710,1601,Emergency Leave,2025-09-22,2025-09-30,9,Higher Education,Approved,Lakshmi Natt
5711,99,Emergency Leave,2024-06-03,2024-06-10,8,Marriage,Approved,Girindra Walla
5712,1374,Sick Leave,2025-11-29,2025-12-01,3,Higher Education,Approved,Lajita Wali
5713,505,Maternity Leave,2025-09-29,2025-10-04,6,Medical Treatment,Approved,Triveni Doshi
5714,566,Emergency Leave,2025-08-09,2025-08-17,9,Religious Festival,Approved,Turvi Thaker
5715,1697,Sick Leave,2025-04-29,2025-05-06,8,Personal Work,Approved,Suhani Dhar
5716,624,Maternity Leave,2025-01-02,2025-01-06,5,Vacation,Approved,Balveer Madan
5717,119,Paternity Leave,2025-09-05,2025-09-08,4,Religious Festival,Approved,Theodore Cheema
5718,1007,Maternity Leave,2025-02-10,2025-02-18,9,Family Emergency,Approved,Chavvi Maharaj
5719,997,Paternity Leave,2025-08-30,2025-08-31,2,Personal Work,Approved,Devika Sengupta
5720,1792,Casual Leave,2024-07-02,2024-07-11,10,Child Care,Approved,Wazir Bains
5721,1557,Maternity Leave,2024-08-20,2024-08-23,4,Higher Education,Approved,Omisha Mohan
5722,2193,Paternity Leave,2025-02-28,2025-03-04,5,Marriage,Approved,Vasana Narang
5723,2798,Emergency Leave,2024-09-15,2024-09-21,7,Medical Treatment,Approved,Ishani Mutti
5724,1397,Sick Leave,2025-01-18,2025-01-26,9,Medical Treatment,Approved,Quincy Vaidya
5725,403,Unpaid Leave,2025-06-01,2025-06-05,5,Vacation,Approved,Eshana Dasgupta
5726,1589,Unpaid Leave,2025-07-26,2025-07-31,6,Child Care,Approved,Manya Kar
5727,1610,Casual Leave,2025-10-20,2025-10-22,3,Marriage,Approved,Faras Chauhan
5728,1511,Annual Leave,2025-10-04,2025-10-06,3,Personal Work,Approved,Janya Dugar
5729,1295,Casual Leave,2024-10-01,2024-10-04,4,Marriage,Rejected,
5730,2003,Unpaid Leave,2024-07-10,2024-07-15,6,Religious Festival,Approved,Banjeet Khare
5731,1581,Maternity Leave,2025-02-25,2025-03-04,8,Personal Work,Rejected,
5732,2167,Emergency Leave,2024-02-17,2024-02-25,9,Child Care,Approved,Vasatika Merchant
5733,655,Sick Leave,2025-05-15,2025-05-19,5,Personal Work,Approved,Amruta Varkey
5734,2901,Casual Leave,2025-09-28,2025-09-29,2,Child Care,Approved,Raghav Lalla
5735,2562,Sick Leave,2025-11-28,2025-12-03,6,Child Care,Approved,Mekhala Pal
5736,2370,Sick Leave,2025-04-29,2025-05-08,10,Child Care,Approved,Dayamai Pillai
5737,2187,Casual Leave,2024-03-29,2024-03-30,2,Vacation,Approved,Nitesh Kapur
5738,1728,Unpaid Leave,2024-08-26,2024-08-28,3,Child Care,Approved,Jagdish Mittal
5739,2913,Emergency Leave,2025-12-25,2025-12-27,3,Marriage,Approved,Aahana Kamdar
5740,1309,Paternity Leave,2025-10-29,2025-10-29,1,Marriage,Approved,Nachiket Subramaniam
5741,1055,Paternity Leave,2024-10-29,2024-11-02,5,Medical Treatment,Approved,Chavvi Ganguly
5742,537,Maternity Leave,2025-01-13,2025-01-14,2,Religious Festival,Approved,Ikshita Koshy
5743,18,Sick Leave,2025-01-09,2025-01-11,3,Personal Work,Approved,Bakhshi Ahluwalia
5744,2022,Emergency Leave,2024-02-16,2024-02-24,9,Vacation,Rejected,
5745,1176,Casual Leave,2024-05-12,2024-05-19,8,Higher Education,Approved,Tejas Salvi
5746,561,Casual Leave,2024-05-01,2024-05-02,2,Personal Work,Approved,Naksh Jha
5747,2860,Paternity Leave,2024-02-01,2024-02-01,1,Marriage,Approved,Mitesh Narasimhan
5748,943,Paternity Leave,2024-05-03,2024-05-12,10,Medical Treatment,Approved,Yatan Sem
5749,1199,Emergency Leave,2025-02-20,2025-02-28,9,Family Emergency,Approved,Yochana Dar
5750,996,Sick Leave,2024-07-03,2024-07-10,8,Family Emergency,Approved,Henry Kari
5751,2841,Annual Leave,2025-06-08,2025-06-17,10,Personal Work,Approved,Tara Kapur
5752,1298,Annual Leave,2024-10-19,2024-10-25,7,Higher Education,Approved,Yash Anne
5753,49,Emergency Leave,2024-05-15,2024-05-18,4,Marriage,Approved,Azaan Deshpande
5754,2749,Sick Leave,2025-01-20,2025-01-28,9,Vacation,Approved,Ubika Prabhu
5755,463,Annual Leave,2025-02-03,2025-02-05,3,Family Emergency,Pending,
5756,111,Unpaid Leave,2025-01-20,2025-01-20,1,Personal Work,Pending,
5757,2062,Casual Leave,2024-09-04,2024-09-06,3,Personal Work,Approved,Forum Garde
5758,2225,Sick Leave,2024-09-19,2024-09-22,4,Marriage,Rejected,
5759,1733,Unpaid Leave,2025-06-04,2025-06-11,8,Child Care,Approved,Ekani Naik
5760,94,Unpaid Leave,2024-08-28,2024-09-05,9,Child Care,Approved,Urvashi Lad
5761,2043,Paternity Leave,2025-02-15,2025-02-16,2,Child Care,Approved,Patrick Dugal
5762,36,Unpaid Leave,2024-08-29,2024-09-03,6,Personal Work,Approved,Eiravati Doshi
5763,2485,Casual Leave,2025-03-19,2025-03-25,7,Family Emergency,Approved,Nakul Thaker
5764,99,Maternity Leave,2024-05-26,2024-05-31,6,Personal Work,Pending,
5765,2328,Paternity Leave,2024-02-18,2024-02-18,1,Marriage,Approved,Zayan Tata
5766,597,Casual Leave,2025-10-23,2025-11-01,10,Medical Treatment,Approved,Harinakshi Sastry
5767,2310,Sick Leave,2025-12-15,2025-12-20,6,Vacation,Approved,Alka Dayal
5768,318,Annual Leave,2024-04-16,2024-04-21,6,Medical Treatment,Approved,Chatura Sarraf
5769,1947,Casual Leave,2025-07-07,2025-07-15,9,Vacation,Approved,Sathvik Loyal
5770,2216,Annual Leave,2025-03-13,2025-03-16,4,Vacation,Pending,
5771,1171,Casual Leave,2025-02-09,2025-02-10,2,Vacation,Approved,Finn Bhatnagar
5772,1114,Sick Leave,2025-01-23,2025-01-24,2,Child Care,Approved,Lakshit Dugar
5773,2085,Casual Leave,2024-03-21,2024-03-22,2,Religious Festival,Approved,Panini Buch
5774,783,Maternity Leave,2025-10-20,2025-10-21,2,Marriage,Approved,Yasti Sood
5775,1956,Casual Leave,2025-08-17,2025-08-24,8,Vacation,Approved,Azad Bora
5776,808,Annual Leave,2024-10-15,2024-10-24,10,Medical Treatment,Approved,Dalbir Murty
5777,1652,Maternity Leave,2025-11-19,2025-11-24,6,Higher Education,Approved,Waida Suresh
5778,451,Emergency Leave,2024-04-27,2024-05-04,8,Vacation,Approved,Gopal Goel
5779,374,Maternity Leave,2024-10-18,2024-10-18,1,Higher Education,Approved,Suhani Balakrishnan
5780,2692,Annual Leave,2024-08-14,2024-08-20,7,Marriage,Pending,
5781,1982,Paternity Leave,2025-10-27,2025-10-28,2,Medical Treatment,Approved,Forum Desai
5782,1499,Maternity Leave,2024-03-10,2024-03-16,7,Child Care,Approved,Bimala Anne
5783,463,Annual Leave,2025-10-24,2025-11-02,10,Child Care,Approved,Rushil Zacharia
5784,1797,Casual Leave,2024-10-12,2024-10-21,10,Marriage,Approved,Qarin Dua
5785,2720,Sick Leave,2024-09-30,2024-10-02,3,Higher Education,Approved,Fiyaz Joshi
5786,171,Paternity Leave,2024-12-11,2024-12-16,6,Religious Festival,Approved,Darsh Trivedi
5787,2197,Sick Leave,2025-03-14,2025-03-19,6,Religious Festival,Approved,Dominic Prasad
5788,2637,Maternity Leave,2024-09-29,2024-09-30,2,Child Care,Approved,Vihaan Borde
5789,1341,Emergency Leave,2024-09-21,2024-09-23,3,Marriage,Approved,Vinaya Saran
5790,1494,Sick Leave,2024-12-02,2024-12-05,4,Family Emergency,Approved,Avi Gulati
5791,1157,Sick Leave,2025-11-02,2025-11-08,7,Family Emergency,Approved,Inaya Pillai
5792,387,Emergency Leave,2025-06-06,2025-06-13,8,Vacation,Approved,Ronith Srinivasan
5793,273,Paternity Leave,2024-02-02,2024-02-07,6,Personal Work,Approved,Pranav Madan
5794,1743,Emergency Leave,2024-09-12,2024-09-20,9,Marriage,Approved,Hemangini Dutta
5795,18,Unpaid Leave,2024-03-19,2024-03-22,4,Religious Festival,Approved,Dakshesh Deshpande
5796,838,Sick Leave,2024-05-23,2024-05-30,8,Child Care,Approved,David Chakrabarti
5797,1762,Maternity Leave,2025-12-12,2025-12-20,9,Marriage,Approved,Samarth Chowdhury
5798,1045,Casual Leave,2025-05-02,2025-05-03,2,Vacation,Approved,Chatresh Patla
5799,675,Casual Leave,2025-11-28,2025-11-30,3,Religious Festival,Approved,Hema Ramaswamy
5800,1229,Emergency Leave,2024-12-10,2024-12-11,2,Vacation,Rejected,
5801,2230,Emergency Leave,2025-08-12,2025-08-15,4,Vacation,Pending,
5802,2193,Maternity Leave,2024-07-15,2024-07-22,8,Vacation,Approved,Indira Mody
5803,2617,Emergency Leave,2024-04-25,2024-04-28,4,Family Emergency,Approved,Abhiram Khatri
5804,1982,Unpaid Leave,2025-11-25,2025-12-02,8,Medical Treatment,Approved,Waida Singh
5805,496,Unpaid Leave,2025-03-10,2025-03-18,9,Religious Festival,Approved,Nikita Loyal
5806,526,Paternity Leave,2024-05-08,2024-05-15,8,Child Care,Approved,Max Hans
5807,813,Annual Leave,2024-10-22,2024-10-31,10,Higher Education,Approved,Veda Manne
5808,340,Sick Leave,2025-06-11,2025-06-12,2,Family Emergency,Approved,Faqid Bhakta
5809,2935,Unpaid Leave,2024-02-08,2024-02-12,5,Personal Work,Approved,Jonathan Banik
5810,2766,Casual Leave,2025-10-12,2025-10-19,8,Vacation,Approved,Oscar Koshy
5811,1429,Paternity Leave,2024-01-08,2024-01-15,8,Higher Education,Approved,Wazir Prashad
5812,1924,Annual Leave,2025-12-25,2026-01-03,10,Child Care,Approved,Ishaan Krish
5813,493,Paternity Leave,2024-06-10,2024-06-19,10,Higher Education,Approved,Arin Kamdar
5814,444,Emergency Leave,2025-01-31,2025-02-05,6,Child Care,Approved,Gauri Halder
5815,1434,Unpaid Leave,2024-01-13,2024-01-19,7,Higher Education,Approved,Chanchal Deep
5816,1666,Casual Leave,2025-02-19,2025-02-19,1,Child Care,Approved,Frederick Krishnamurthy
5817,2147,Unpaid Leave,2024-02-25,2024-02-28,4,Personal Work,Approved,Tanmayi Raman
5818,66,Annual Leave,2024-10-20,2024-10-29,10,Family Emergency,Approved,Dakshesh Narasimhan
5819,662,Unpaid Leave,2024-09-25,2024-09-29,5,Child Care,Pending,
5820,2795,Paternity Leave,2025-12-19,2025-12-24,6,Higher Education,Approved,Pushti Mammen
5821,2557,Sick Leave,2024-02-11,2024-02-13,3,Medical Treatment,Approved,Ishani Sengupta
5822,2374,Annual Leave,2025-11-17,2025-11-21,5,Vacation,Approved,Ishanvi Dubey
5823,1879,Annual Leave,2025-04-12,2025-04-17,6,Higher Education,Approved,Oviya Tiwari
5824,2752,Sick Leave,2025-02-16,2025-02-22,7,Medical Treatment,Approved,Divya Peri
5825,1371,Emergency Leave,2024-05-01,2024-05-10,10,Religious Festival,Approved,Shivani Tiwari
5826,153,Paternity Leave,2025-09-13,2025-09-14,2,Child Care,Approved,Ranveer Chhabra
5827,2904,Unpaid Leave,2024-02-24,2024-02-26,3,Vacation,Approved,Vihaan Pillai
5828,2065,Annual Leave,2025-08-24,2025-08-26,3,Marriage,Approved,Jason Gulati
5829,2742,Casual Leave,2024-01-02,2024-01-09,8,Higher Education,Pending,
5830,2279,Unpaid Leave,2025-12-26,2025-12-29,4,Personal Work,Approved,Samarth Chadha
5831,2080,Maternity Leave,2025-07-18,2025-07-21,4,Medical Treatment,Approved,Alexander Mohanty
5832,2459,Sick Leave,2025-01-06,2025-01-07,2,Child Care,Approved,Sarthak Muni
5833,1934,Maternity Leave,2025-09-28,2025-09-29,2,Child Care,Approved,Ekani Parmer
5834,994,Paternity Leave,2024-04-10,2024-04-18,9,Child Care,Pending,
5835,1162,Paternity Leave,2024-07-23,2024-07-26,4,Vacation,Approved,Damyanti Raju
5836,851,Annual Leave,2025-09-10,2025-09-17,8,Child Care,Approved,Girindra Kapur
5837,1734,Casual Leave,2024-07-28,2024-07-30,3,Family Emergency,Approved,Vinaya Dhingra
5838,1272,Emergency Leave,2025-12-05,2025-12-13,9,Family Emergency,Approved,Rachana Chakraborty
5839,2952,Emergency Leave,2024-06-02,2024-06-04,3,Vacation,Approved,Chaman Gera
5840,141,Paternity Leave,2025-10-13,2025-10-15,3,Child Care,Approved,Pushti Bajaj
5841,2721,Annual Leave,2025-10-05,2025-10-06,2,Child Care,Approved,Yutika Goyal
5842,72,Casual Leave,2024-12-16,2024-12-17,2,Religious Festival,Approved,Yutika Basak
5843,1147,Sick Leave,2024-04-11,2024-04-13,3,Medical Treatment,Approved,Zehaan Sarna
5844,1642,Paternity Leave,2024-02-21,2024-02-24,4,Marriage,Approved,Daksha Menon
5845,961,Casual Leave,2025-05-21,2025-05-27,7,Marriage,Approved,Nimrat Sankaran
5846,1563,Maternity Leave,2024-07-29,2024-08-01,4,Medical Treatment,Approved,Ekta Kumar
5847,239,Annual Leave,2025-02-14,2025-02-14,1,Marriage,Approved,Faqid Ben
5848,271,Maternity Leave,2024-07-13,2024-07-20,8,Vacation,Approved,Imaran Pandey
5849,1269,Unpaid Leave,2025-07-01,2025-07-09,9,Family Emergency,Rejected,
5850,2158,Paternity Leave,2024-11-14,2024-11-17,4,Personal Work,Approved,Ekaraj Sachdev
5851,265,Casual Leave,2024-06-05,2024-06-13,9,Family Emergency,Pending,
5852,2560,Paternity Leave,2024-08-27,2024-08-27,1,Marriage,Approved,Neha Deo
5853,203,Casual Leave,2024-06-15,2024-06-18,4,Child Care,Approved,Aadhya Zachariah
5854,1740,Annual Leave,2024-05-14,2024-05-17,4,Child Care,Approved,Veda Walia
5855,698,Maternity Leave,2025-01-15,2025-01-15,1,Medical Treatment,Approved,Ishita Deshmukh
5856,575,Sick Leave,2024-05-10,2024-05-16,7,Religious Festival,Approved,Ikbal Ghose
5857,2344,Casual Leave,2024-10-26,2024-11-02,8,Personal Work,Pending,
5858,1876,Unpaid Leave,2024-03-27,2024-03-27,1,Marriage,Approved,Yatan Sachdeva
5859,302,Unpaid Leave,2025-12-24,2025-12-25,2,Religious Festival,Approved,Tanveer Chakraborty
5860,2789,Maternity Leave,2025-09-02,2025-09-05,4,Marriage,Approved,Azad Sawhney
5861,35,Unpaid Leave,2025-01-05,2025-01-14,10,Marriage,Approved,Aarush Sane
5862,2477,Emergency Leave,2025-09-08,2025-09-17,10,Family Emergency,Approved,Faris Mangat
5863,388,Maternity Leave,2024-04-02,2024-04-11,10,Personal Work,Rejected,
5864,574,Paternity Leave,2024-12-14,2024-12-20,7,Higher Education,Approved,Gaurang Pandya
5865,1672,Paternity Leave,2025-11-07,2025-11-12,6,Medical Treatment,Approved,Gabriel Mital
5866,1662,Unpaid Leave,2024-01-18,2024-01-25,8,Medical Treatment,Approved,Kabir Desai
5867,2086,Emergency Leave,2025-03-17,2025-03-24,8,Family Emergency,Approved,Advay Subramanian
5868,2696,Maternity Leave,2025-05-10,2025-05-18,9,Marriage,Approved,Dhriti Dhaliwal
5869,1676,Sick Leave,2024-12-22,2024-12-28,7,Religious Festival,Approved,Baghyawati Pau
5870,101,Annual Leave,2024-09-04,2024-09-10,7,Family Emergency,Approved,Yatan Sanghvi
5871,1884,Emergency Leave,2025-06-19,2025-06-21,3,Family Emergency,Approved,Om Kamdar
5872,1742,Emergency Leave,2024-12-17,2024-12-23,7,Vacation,Approved,Qabil Shenoy
5873,2335,Paternity Leave,2024-12-27,2024-12-30,4,Child Care,Approved,Chakradhar Bhatt
5874,351,Emergency Leave,2025-01-10,2025-01-15,6,Vacation,Approved,Lavanya Hayer
5875,1900,Casual Leave,2025-06-11,2025-06-20,10,Religious Festival,Approved,Oliver Lall
5876,2317,Maternity Leave,2025-10-04,2025-10-05,2,Religious Festival,Approved,Yashica Patel
5877,2550,Emergency Leave,2024-12-28,2025-01-04,8,Child Care,Approved,Omaja Banerjee
5878,1322,Maternity Leave,2024-11-11,2024-11-18,8,Vacation,Approved,Aayush Amble
5879,2249,Unpaid Leave,2024-01-15,2024-01-18,4,Religious Festival,Pending,
5880,2180,Annual Leave,2024-07-16,2024-07-21,6,Medical Treatment,Approved,Unni Bala
5881,2911,Casual Leave,2024-01-14,2024-01-15,2,Medical Treatment,Approved,Sanaya Narula
5882,1588,Casual Leave,2025-06-29,2025-07-06,8,Marriage,Approved,Azaan De
5883,2342,Annual Leave,2024-05-19,2024-05-21,3,Religious Festival,Approved,Abha Hayre
5884,1624,Casual Leave,2024-11-28,2024-11-29,2,Higher Education,Approved,Ishita Srinivasan
5885,329,Paternity Leave,2025-07-03,2025-07-04,2,Personal Work,Approved,Zehaan Bassi
5886,2153,Emergency Leave,2024-07-02,2024-07-02,1,Religious Festival,Approved,Raksha Yohannan
5887,179,Annual Leave,2025-05-25,2025-06-03,10,Personal Work,Approved,Ekalinga Viswanathan
5888,2435,Paternity Leave,2025-12-27,2025-12-29,3,Higher Education,Approved,Lopa Madan
5889,2299,Unpaid Leave,2025-12-09,2025-12-16,8,Higher Education,Approved,Falguni Issac
5890,204,Paternity Leave,2025-10-04,2025-10-07,4,Family Emergency,Approved,Devansh Wali
5891,2416,Sick Leave,2024-12-07,2024-12-07,1,Family Emergency,Approved,Tamanna Arya
5892,1393,Paternity Leave,2024-04-23,2024-04-23,1,Child Care,Approved,Rayaan Singhal
5893,2563,Annual Leave,2025-04-07,2025-04-14,8,Vacation,Approved,Aarnav Edwin
5894,1645,Paternity Leave,2025-03-21,2025-03-30,10,Family Emergency,Approved,Mohini Venkatesh
5895,664,Sick Leave,2025-10-27,2025-10-30,4,Marriage,Approved,Anirudh Acharya
5896,488,Paternity Leave,2025-04-04,2025-04-12,9,Family Emergency,Approved,Chaaya Virk
5897,172,Annual Leave,2025-08-19,2025-08-26,8,Vacation,Approved,Yauvani Devan
5898,558,Unpaid Leave,2025-05-17,2025-05-21,5,Child Care,Approved,Luke Keer
5899,2668,Paternity Leave,2024-08-02,2024-08-08,7,Higher Education,Approved,Gaurav Narain
5900,1489,Sick Leave,2025-10-21,2025-10-28,8,Personal Work,Pending,
5901,102,Paternity Leave,2024-08-30,2024-09-04,6,Medical Treatment,Approved,Raagini Malhotra
5902,2630,Unpaid Leave,2025-02-25,2025-03-01,5,Religious Festival,Approved,Janani Chahal
5903,1672,Paternity Leave,2024-12-23,2024-12-30,8,Child Care,Approved,Jalsa Borra
5904,2224,Emergency Leave,2025-08-07,2025-08-10,4,Personal Work,Approved,Bhanumati Dubey
5905,1037,Casual Leave,2025-05-01,2025-05-04,4,Medical Treatment,Approved,Ati Chadha
5906,1150,Emergency Leave,2025-03-07,2025-03-13,7,Child Care,Pending,
5907,1450,Unpaid Leave,2024-10-14,2024-10-22,9,Personal Work,Approved,Madhavi Ratti
5908,2076,Sick Leave,2025-04-30,2025-05-04,5,Marriage,Approved,Zilmil Narang
5909,2709,Casual Leave,2025-02-02,2025-02-10,9,Family Emergency,Pending,
5910,1706,Unpaid Leave,2025-06-05,2025-06-12,8,Child Care,Approved,Chavvi Krishnamurthy
5911,1228,Maternity Leave,2024-04-16,2024-04-21,6,Vacation,Approved,Niharika Sachdeva
5912,2716,Unpaid Leave,2024-02-04,2024-02-11,8,Higher Education,Approved,Nandini Dube
5913,19,Maternity Leave,2024-01-27,2024-02-05,10,Family Emergency,Approved,Aarini Jayaraman
5914,2665,Emergency Leave,2025-10-20,2025-10-29,10,Personal Work,Approved,Wishi Kohli
5915,1232,Sick Leave,2024-01-19,2024-01-25,7,Religious Festival,Rejected,
5916,2194,Annual Leave,2024-06-12,2024-06-17,6,Personal Work,Approved,Ekapad Ram
5917,1308,Unpaid Leave,2025-02-07,2025-02-07,1,Vacation,Approved,Kiaan Ramakrishnan
5918,2441,Sick Leave,2024-02-26,2024-03-05,9,Higher Education,Approved,Waida Sachar
5919,677,Paternity Leave,2024-08-10,2024-08-10,1,Marriage,Approved,Januja Ramachandran
5920,1149,Sick Leave,2025-12-09,2025-12-18,10,Vacation,Approved,Charvi Chaudhari
5921,2855,Emergency Leave,2024-01-27,2024-02-03,8,Higher Education,Approved,Riya Kari
5922,582,Unpaid Leave,2025-06-05,2025-06-14,10,Religious Festival,Approved,Girindra Sami
5923,2732,Paternity Leave,2025-10-29,2025-10-29,1,Vacation,Approved,Rachit Mani
5924,260,Emergency Leave,2024-12-20,2024-12-22,3,Religious Festival,Approved,Ekavir Morar
5925,451,Casual Leave,2024-08-15,2024-08-15,1,Vacation,Approved,Devika Pandya
5926,1229,Casual Leave,2024-04-26,2024-04-26,1,Medical Treatment,Approved,Liam Nagi
5927,1277,Sick Leave,2024-10-10,2024-10-15,6,Medical Treatment,Approved,Megha Suresh
5928,571,Emergency Leave,2025-12-20,2025-12-29,10,Marriage,Approved,Yauvani Mahal
5929,917,Unpaid Leave,2025-01-15,2025-01-22,8,Religious Festival,Approved,Girish Sanghvi
5930,771,Annual Leave,2025-07-29,2025-07-30,2,Marriage,Approved,Tripti Saha
5931,2691,Casual Leave,2024-06-19,2024-06-28,10,Family Emergency,Approved,Barkha Chauhan
5932,1643,Casual Leave,2024-05-30,2024-06-01,3,Personal Work,Pending,
5933,611,Maternity Leave,2024-03-27,2024-04-02,7,Child Care,Approved,Adweta Salvi
5934,751,Unpaid Leave,2024-07-23,2024-07-28,6,Vacation,Approved,Upadhriti Prasad
5935,2145,Casual Leave,2024-08-18,2024-08-25,8,Marriage,Approved,Lohit Vasa
5936,2270,Paternity Leave,2024-04-14,2024-04-19,6,Religious Festival,Approved,Dipta Arya
5937,329,Casual Leave,2025-06-06,2025-06-12,7,Medical Treatment,Rejected,
5938,2395,Sick Leave,2024-03-17,2024-03-22,6,Higher Education,Approved,Ekaja Ahuja
5939,2727,Casual Leave,2025-01-01,2025-01-06,6,Religious Festival,Approved,Jason Mistry
5940,2803,Sick Leave,2024-04-27,2024-05-04,8,Child Care,Approved,Dhriti Choudhury
5941,556,Emergency Leave,2024-09-03,2024-09-05,3,Medical Treatment,Approved,Vanya Khanna
5942,1703,Emergency Leave,2024-04-09,2024-04-12,4,Personal Work,Approved,Pahal Oommen
5943,1579,Annual Leave,2024-05-15,2024-05-17,3,Religious Festival,Approved,Alexander Samra
5944,1949,Casual Leave,2024-07-15,2024-07-21,7,Family Emergency,Approved,Mason Dar
5945,1743,Casual Leave,2024-05-19,2024-05-20,2,Child Care,Approved,Michael Nath
5946,118,Maternity Leave,2025-08-25,2025-08-29,5,Higher Education,Approved,Chasmum Shere
5947,1607,Sick Leave,2025-07-17,2025-07-17,1,Vacation,Approved,Mekhala Shenoy
5948,1737,Maternity Leave,2025-10-01,2025-10-04,4,Child Care,Approved,Amol Shanker
5949,986,Annual Leave,2024-06-05,2024-06-08,4,Religious Festival,Pending,
5950,303,Emergency Leave,2025-03-18,2025-03-25,8,Personal Work,Pending,
5951,1375,Annual Leave,2024-06-20,2024-06-25,6,Family Emergency,Approved,Priya Bal
5952,513,Paternity Leave,2025-09-25,2025-10-01,7,Medical Treatment,Approved,Panini Kota
5953,710,Unpaid Leave,2024-03-25,2024-03-28,4,Marriage,Approved,Turvi Ganesh
5954,2176,Maternity Leave,2024-09-19,2024-09-27,9,Personal Work,Pending,
5955,2057,Casual Leave,2025-03-16,2025-03-17,2,Family Emergency,Approved,Januja Bhandari
5956,235,Sick Leave,2025-10-03,2025-10-08,6,Marriage,Approved,Qarin Nadkarni
5957,1642,Casual Leave,2024-11-13,2024-11-18,6,Family Emergency,Approved,Utkarsh Khosla
5958,2265,Sick Leave,2025-05-30,2025-06-02,4,Personal Work,Approved,Riya Batta
5959,543,Emergency Leave,2025-06-11,2025-06-16,6,Higher Education,Approved,Tanmayi Solanki
5960,1551,Emergency Leave,2024-06-19,2024-06-21,3,Medical Treatment,Approved,Rayaan Khalsa
5961,452,Paternity Leave,2025-11-25,2025-11-30,6,Vacation,Approved,Lucky Bhandari
5962,1169,Paternity Leave,2024-07-02,2024-07-06,5,Medical Treatment,Approved,Krish Memon
5963,2136,Unpaid Leave,2024-01-28,2024-01-31,4,Marriage,Approved,Hemangini Magar
5964,1786,Maternity Leave,2025-10-03,2025-10-08,6,Medical Treatment,Approved,Keya Bali
5965,157,Paternity Leave,2024-10-17,2024-10-19,3,Higher Education,Approved,Kalpit Arora
5966,1982,Annual Leave,2024-07-14,2024-07-15,2,Child Care,Approved,Yashvi Mutti
5967,603,Paternity Leave,2024-11-01,2024-11-10,10,Higher Education,Approved,Dipta Zacharia
5968,2478,Sick Leave,2024-03-25,2024-03-31,7,Religious Festival,Pending,
5969,264,Emergency Leave,2025-04-14,2025-04-17,4,Medical Treatment,Approved,Hemal Setty
5970,1751,Sick Leave,2025-02-06,2025-02-15,10,Vacation,Approved,Vasana Lala
5971,2995,Maternity Leave,2024-09-29,2024-10-06,8,Family Emergency,Approved,Harinakshi Karpe
5972,642,Annual Leave,2025-10-30,2025-11-08,10,Child Care,Approved,Yatan Chandra
5973,2324,Annual Leave,2025-07-28,2025-08-02,6,Higher Education,Approved,Anamika Shukla
5974,1783,Unpaid Leave,2025-11-02,2025-11-09,8,Vacation,Approved,Owen Mukherjee
5975,1471,Sick Leave,2025-09-25,2025-10-04,10,Higher Education,Approved,Jatin Peri
5976,1997,Annual Leave,2024-03-12,2024-03-19,8,Religious Festival,Approved,Eshana Kunda
5977,2437,Paternity Leave,2025-02-14,2025-02-23,10,Medical Treatment,Approved,Deepa Bhagat
5978,1529,Unpaid Leave,2024-10-03,2024-10-06,4,Personal Work,Approved,Sara Kala
5979,1302,Annual Leave,2025-08-23,2025-08-23,1,Family Emergency,Approved,Chaman Kant
5980,25,Sick Leave,2024-11-16,2024-11-22,7,Marriage,Approved,Harini Kothari
5981,2296,Emergency Leave,2025-01-02,2025-01-10,9,Marriage,Approved,Janya Barad
5982,1269,Paternity Leave,2024-05-31,2024-06-05,6,Family Emergency,Pending,
5983,2435,Casual Leave,2025-01-21,2025-01-29,9,Child Care,Approved,Lohit Gopal
5984,194,Sick Leave,2025-07-09,2025-07-09,1,Marriage,Approved,Maanav Krishna
5985,1119,Emergency Leave,2025-09-05,2025-09-12,8,Personal Work,Approved,Chakradev Garde
5986,2562,Annual Leave,2025-11-18,2025-11-26,9,Family Emergency,Approved,Daniel Sundaram
5987,984,Unpaid Leave,2025-07-20,2025-07-26,7,Medical Treatment,Approved,Mahika Soman
5988,183,Annual Leave,2024-01-30,2024-02-02,4,Family Emergency,Approved,Janani Subramaniam
5989,1829,Sick Leave,2025-01-29,2025-01-30,2,Religious Festival,Approved,Rachita Puri
5990,411,Sick Leave,2024-10-27,2024-10-30,4,Vacation,Approved,Lila Hora
5991,412,Maternity Leave,2024-04-12,2024-04-16,5,Vacation,Approved,Rajata Mitra
5992,404,Sick Leave,2025-06-12,2025-06-20,9,Family Emergency,Approved,Shaurya Mangal
5993,1482,Unpaid Leave,2025-08-01,2025-08-04,4,Marriage,Approved,Anya Gopal
5994,2807,Paternity Leave,2025-10-06,2025-10-07,2,Child Care,Pending,
5995,2143,Annual Leave,2024-10-18,2024-10-24,7,Vacation,Approved,Wazir Mital
5996,974,Maternity Leave,2025-04-25,2025-05-04,10,Medical Treatment,Approved,Ekanta Biswas
5997,2657,Paternity Leave,2024-07-06,2024-07-13,8,Child Care,Rejected,
5998,2459,Annual Leave,2024-05-18,2024-05-25,8,Personal Work,Approved,Jatin Solanki
5999,2655,Emergency Leave,2025-10-09,2025-10-15,7,Vacation,Approved,Viraj Aggarwal
6000,176,Annual Leave,2025-11-27,2025-12-02,6,Personal Work,Approved,Netra Goyal
6001,2863,Paternity Leave,2025-05-11,2025-05-12,2,Higher Education,Approved,Jyoti Samra
6002,37,Emergency Leave,2024-12-19,2024-12-20,2,Personal Work,Approved,Manthan Arya
6003,2297,Casual Leave,2024-04-23,2024-04-23,1,Religious Festival,Approved,Tanmayi Karpe
6004,427,Sick Leave,2024-08-06,2024-08-09,4,Religious Festival,Approved,Ikshita Basak
6005,332,Unpaid Leave,2024-06-22,2024-06-23,2,Medical Treatment,Pending,
6006,2549,Casual Leave,2024-09-28,2024-10-02,5,Religious Festival,Approved,Quincy Nadkarni
6007,1722,Maternity Leave,2024-12-11,2024-12-18,8,Child Care,Approved,Isha Iyengar
6008,1410,Casual Leave,2025-12-19,2025-12-25,7,Family Emergency,Approved,Manan Natarajan
6009,1858,Emergency Leave,2025-01-05,2025-01-12,8,Higher Education,Approved,Adya Karpe
6010,1828,Paternity Leave,2025-04-04,2025-04-05,2,Child Care,Approved,Maanav Badal
6011,580,Unpaid Leave,2024-08-20,2024-08-26,7,Religious Festival,Approved,Aarini Lad
6012,1642,Annual Leave,2025-06-06,2025-06-08,3,Child Care,Approved,Raagini Parekh
6013,1805,Maternity Leave,2025-07-05,2025-07-08,4,Religious Festival,Pending,
6014,1489,Emergency Leave,2025-04-29,2025-05-02,4,Marriage,Approved,Triveni Nayar
6015,2231,Unpaid Leave,2024-06-02,2024-06-10,9,Personal Work,Approved,Lajita Dyal
6016,191,Sick Leave,2024-04-24,2024-04-26,3,Personal Work,Approved,Ekaja Raju
6017,2733,Emergency Leave,2025-10-21,2025-10-22,2,Child Care,Approved,Ayaan Balakrishnan
6018,1562,Sick Leave,2024-01-07,2024-01-14,8,Marriage,Approved,Krishna Hora
6019,4,Casual Leave,2025-10-23,2025-10-24,2,Higher Education,Approved,Champak Iyengar
6020,1705,Unpaid Leave,2024-06-21,2024-06-22,2,Family Emergency,Approved,Gautam Johal
6021,2565,Paternity Leave,2025-04-25,2025-04-26,2,Personal Work,Approved,Nachiket Vyas
6022,2095,Sick Leave,2025-10-20,2025-10-21,2,Child Care,Approved,Charita Kota
6023,849,Emergency Leave,2024-01-18,2024-01-22,5,Personal Work,Approved,Tanmayi Thaker
6024,1591,Casual Leave,2025-04-24,2025-04-30,7,Child Care,Approved,Arunima Ram
6025,2430,Maternity Leave,2025-05-03,2025-05-10,8,Marriage,Pending,
6026,1546,Maternity Leave,2024-02-29,2024-03-08,9,Marriage,Approved,Udyati Buch
6027,13,Annual Leave,2024-07-21,2024-07-25,5,Higher Education,Approved,Vritti Srinivas
6028,2798,Maternity Leave,2025-01-02,2025-01-05,4,Marriage,Approved,Nicholas Venkatesh
6029,2827,Unpaid Leave,2025-01-28,2025-01-29,2,Family Emergency,Approved,Anamika Chander
6030,594,Unpaid Leave,2024-05-20,2024-05-29,10,Family Emergency,Approved,Nilima Brahmbhatt
6031,1977,Annual Leave,2025-10-05,2025-10-11,7,Marriage,Approved,Anika Ramanathan
6032,1148,Annual Leave,2025-06-23,2025-06-23,1,Vacation,Pending,
6033,1545,Paternity Leave,2025-11-10,2025-11-12,3,Medical Treatment,Approved,Chaaya Muni
6034,2226,Emergency Leave,2024-03-15,2024-03-17,3,Family Emergency,Approved,Devika Chowdhury
6035,1151,Emergency Leave,2024-08-12,2024-08-13,2,Vacation,Approved,Urmi Garde
6036,359,Maternity Leave,2025-11-05,2025-11-06,2,Child Care,Approved,Zarna Chahal
6037,2671,Annual Leave,2025-02-19,2025-02-26,8,Higher Education,Approved,Xiti Wali
6038,2154,Maternity Leave,2025-02-18,2025-02-26,9,Higher Education,Approved,Urishilla Kurian
6039,1167,Maternity Leave,2025-04-04,2025-04-13,10,Vacation,Approved,Urishilla Karpe
6040,1294,Sick Leave,2024-04-13,2024-04-15,3,Medical Treatment,Approved,Henry Dave
6041,453,Casual Leave,2024-11-30,2024-12-08,9,Religious Festival,Approved,Ryan Datta
6042,1711,Casual Leave,2024-01-25,2024-02-02,9,Medical Treatment,Approved,Yashawini Mane
6043,39,Emergency Leave,2025-04-08,2025-04-09,2,Religious Festival,Approved,Harish Saran
6044,1665,Unpaid Leave,2025-07-03,2025-07-06,4,Child Care,Approved,Abeer Soman
6045,820,Unpaid Leave,2025-02-14,2025-02-15,2,Higher Education,Approved,Reyansh Venkataraman
6046,1502,Unpaid Leave,2024-07-02,2024-07-07,6,Family Emergency,Approved,Noah Saini
6047,1698,Annual Leave,2025-12-19,2025-12-25,7,Child Care,Approved,Arin Mahajan
6048,893,Emergency Leave,2024-05-23,2024-05-31,9,Medical Treatment,Approved,Indrajit Hayre
6049,2351,Unpaid Leave,2025-09-12,2025-09-15,4,Vacation,Approved,Warda Goda
6050,1606,Maternity Leave,2025-03-16,2025-03-18,3,Medical Treatment,Approved,Ishanvi Karan
6051,849,Paternity Leave,2024-03-17,2024-03-17,1,Child Care,Approved,Tanvi Dugar
6052,2023,Casual Leave,2024-07-10,2024-07-13,4,Family Emergency,Approved,Ekantika Kibe
6053,471,Emergency Leave,2024-05-10,2024-05-13,4,Marriage,Approved,Falak Sura
6054,1727,Annual Leave,2025-05-15,2025-05-18,4,Religious Festival,Approved,Henry Pradhan
6055,1097,Maternity Leave,2025-04-14,2025-04-14,1,Vacation,Approved,Chandran Solanki
6056,1272,Paternity Leave,2025-03-29,2025-04-07,10,Marriage,Approved,Vedika Wadhwa
6057,1951,Paternity Leave,2025-04-07,2025-04-09,3,Personal Work,Approved,Banjeet Rama
6058,1522,Maternity Leave,2025-12-30,2026-01-04,6,Religious Festival,Approved,Chatresh Munshi
6059,2847,Emergency Leave,2025-04-04,2025-04-07,4,Medical Treatment,Approved,Joshua Sachdev
6060,628,Emergency Leave,2025-06-26,2025-06-30,5,Marriage,Rejected,
6061,2473,Paternity Leave,2024-06-06,2024-06-08,3,Religious Festival,Approved,Jack Madan
6062,1401,Annual Leave,2025-07-09,2025-07-16,8,Medical Treatment,Approved,Eshana Dar
6063,2459,Paternity Leave,2025-03-07,2025-03-09,3,Medical Treatment,Approved,Rishi Subramaniam
6064,2578,Paternity Leave,2024-02-16,2024-02-20,5,Child Care,Approved,Ishaan Nazareth
6065,736,Annual Leave,2025-05-13,2025-05-15,3,Child Care,Approved,Suhani Kala
6066,153,Annual Leave,2024-10-19,2024-10-27,9,Personal Work,Approved,Wazir Balay
6067,1467,Casual Leave,2025-12-03,2025-12-04,2,Personal Work,Approved,Gautam Sani
6068,1304,Sick Leave,2024-08-21,2024-08-22,2,Marriage,Approved,Ganga Sathe
6069,216,Maternity Leave,2025-06-20,2025-06-23,4,Higher Education,Approved,Vincent Pal
6070,2449,Emergency Leave,2025-08-27,2025-09-04,9,Religious Festival,Approved,Januja Anand
6071,2547,Annual Leave,2025-02-23,2025-03-04,10,Personal Work,Approved,Dipta Dutta
6072,1485,Unpaid Leave,2025-07-24,2025-08-02,10,Family Emergency,Approved,Hemal Badal
6073,2579,Casual Leave,2025-12-12,2025-12-12,1,Family Emergency,Approved,Chatura Karan
6074,2878,Annual Leave,2024-03-06,2024-03-13,8,Marriage,Approved,Udyati Sachar
6075,1347,Paternity Leave,2025-11-21,2025-11-22,2,Medical Treatment,Approved,Imaran Raval
6076,273,Sick Leave,2025-03-29,2025-04-01,4,Higher Education,Rejected,
6077,787,Emergency Leave,2025-08-05,2025-08-12,8,Family Emergency,Approved,Gaurika Dayal
6078,496,Emergency Leave,2024-08-20,2024-08-23,4,Vacation,Approved,Ikshita Sankaran
6079,2894,Sick Leave,2024-09-17,2024-09-21,5,Family Emergency,Approved,Krishna Sagar
6080,2648,Sick Leave,2025-04-25,2025-04-29,5,Marriage,Approved,Yashica Sodhi
6081,252,Emergency Leave,2024-05-22,2024-05-25,4,Marriage,Approved,Frederick Kibe
6082,1778,Casual Leave,2025-07-05,2025-07-09,5,Medical Treatment,Pending,
6083,2230,Annual Leave,2025-09-09,2025-09-13,5,Family Emergency,Approved,Isaiah Lad
6084,1215,Unpaid Leave,2025-12-14,2025-12-22,9,Personal Work,Approved,Ekantika Manda
6085,637,Paternity Leave,2025-07-04,2025-07-04,1,Personal Work,Approved,Vansha Bhagat
6086,1003,Unpaid Leave,2025-03-24,2025-03-29,6,Personal Work,Approved,Sai Iyer
6087,1800,Emergency Leave,2025-12-29,2026-01-03,6,Medical Treatment,Approved,Ojasvi Srinivas
6088,484,Paternity Leave,2025-01-16,2025-01-24,9,Medical Treatment,Approved,Chakradhar Menon
6089,1378,Emergency Leave,2025-02-18,2025-02-22,5,Personal Work,Approved,Veer Sathe
6090,423,Casual Leave,2024-11-25,2024-12-02,8,Medical Treatment,Approved,Chameli Bora
6091,789,Emergency Leave,2025-04-25,2025-04-25,1,Family Emergency,Approved,Nitesh Sankaran
6092,1230,Unpaid Leave,2024-05-17,2024-05-22,6,Vacation,Rejected,
6093,2084,Unpaid Leave,2024-09-08,2024-09-10,3,Medical Treatment,Approved,Yashoda Nazareth
6094,2734,Unpaid Leave,2024-05-19,2024-05-20,2,Marriage,Approved,Maya Pal
6095,1304,Emergency Leave,2025-04-21,2025-04-26,6,Family Emergency,Approved,Hemangini Karnik
6096,2368,Maternity Leave,2024-02-03,2024-02-05,3,Family Emergency,Approved,Niharika Atwal
6097,991,Emergency Leave,2025-12-22,2025-12-28,7,Child Care,Approved,Anusha Sethi
6098,2389,Paternity Leave,2024-06-03,2024-06-09,7,Family Emergency,Approved,Falak Dua
6099,2335,Casual Leave,2024-01-12,2024-01-15,4,Child Care,Approved,Chaman Dara
6100,383,Maternity Leave,2024-02-26,2024-03-01,5,Medical Treatment,Approved,Bakhshi Sidhu
6101,2561,Unpaid Leave,2025-04-21,2025-04-29,9,Marriage,Approved,Tejas Trivedi
6102,2494,Paternity Leave,2025-03-01,2025-03-01,1,Marriage,Approved,Edhitha Dube
6103,1252,Sick Leave,2024-01-22,2024-01-26,5,Family Emergency,Approved,Sachi Bajwa
6104,1205,Annual Leave,2025-06-04,2025-06-10,7,Family Emergency,Approved,Wyatt Kanda
6105,2099,Paternity Leave,2024-01-22,2024-01-25,4,Marriage,Approved,Shivani Ramesh
6106,826,Unpaid Leave,2024-07-29,2024-08-02,5,Marriage,Approved,Ekiya Dara
6107,976,Casual Leave,2024-02-04,2024-02-07,4,Medical Treatment,Approved,Riya Toor
6108,2158,Emergency Leave,2024-08-11,2024-08-17,7,Personal Work,Pending,
6109,2997,Annual Leave,2025-01-13,2025-01-21,9,Religious Festival,Approved,Odika Dhar
6110,1180,Sick Leave,2025-10-31,2025-11-04,5,Family Emergency,Approved,Jai Pau
6111,1572,Maternity Leave,2024-05-14,2024-05-16,3,Religious Festival,Approved,Chandani Kapadia
6112,86,Emergency Leave,2025-06-02,2025-06-06,5,Vacation,Approved,Karan Singhal
6113,2366,Unpaid Leave,2025-11-19,2025-11-24,6,Religious Festival,Approved,Fariq Nadkarni
6114,2494,Casual Leave,2025-02-14,2025-02-21,8,Vacation,Approved,Harish Parekh
6115,1019,Maternity Leave,2024-12-26,2025-01-01,7,Child Care,Approved,Vamakshi Uppal
6116,1161,Casual Leave,2025-06-08,2025-06-11,4,Medical Treatment,Approved,Ishaan Shenoy
6117,1927,Emergency Leave,2025-09-04,2025-09-09,6,Higher Education,Approved,Harrison Palla
6118,511,Unpaid Leave,2024-01-18,2024-01-26,9,Vacation,Approved,Lakshmi Krishna
6119,155,Unpaid Leave,2024-04-02,2024-04-11,10,Religious Festival,Approved,Harish Tripathi
6120,1123,Sick Leave,2024-04-18,2024-04-26,9,Higher Education,Approved,Yochana Chad
6121,870,Casual Leave,2024-03-25,2024-03-29,5,Child Care,Approved,Balhaar Sagar
6122,2732,Emergency Leave,2025-06-17,2025-06-25,9,Child Care,Rejected,
6123,1844,Maternity Leave,2025-08-26,2025-09-03,9,Personal Work,Approved,Nicholas Bobal
6124,1872,Annual Leave,2025-10-25,2025-10-31,7,Higher Education,Approved,Idika Garde
6125,2869,Unpaid Leave,2024-10-18,2024-10-18,1,Child Care,Approved,Jeevika Narula
6126,2394,Annual Leave,2025-04-28,2025-04-29,2,Higher Education,Approved,Ojasvi Roy
6127,337,Annual Leave,2024-04-04,2024-04-04,1,Marriage,Rejected,
6128,2145,Casual Leave,2024-10-02,2024-10-09,8,Child Care,Approved,Sara Sekhon
6129,1968,Unpaid Leave,2024-05-02,2024-05-07,6,Religious Festival,Approved,Charvi Ramakrishnan
6130,1,Paternity Leave,2025-07-08,2025-07-13,6,Child Care,Approved,Bhavya Handa
6131,82,Paternity Leave,2025-04-29,2025-04-30,2,Personal Work,Approved,Anita Dey
6132,1069,Maternity Leave,2024-02-20,2024-02-22,3,Marriage,Approved,Max Nagy
6133,1508,Maternity Leave,2025-06-08,2025-06-14,7,Religious Festival,Approved,Abha Pingle
6134,77,Casual Leave,2025-08-29,2025-09-03,6,Vacation,Approved,Mugdha Zacharia
6135,2645,Casual Leave,2024-07-27,2024-08-02,7,Marriage,Approved,Chakrika Narayanan
6136,1985,Casual Leave,2025-08-08,2025-08-12,5,Personal Work,Approved,Balveer Nazareth
6137,729,Unpaid Leave,2024-06-04,2024-06-12,9,Higher Education,Approved,Anthony Mane
6138,2880,Maternity Leave,2025-04-04,2025-04-13,10,Religious Festival,Approved,Zinal Srivastava
6139,1826,Annual Leave,2024-02-16,2024-02-20,5,Family Emergency,Pending,
6140,1354,Annual Leave,2024-12-09,2024-12-12,4,Higher Education,Approved,Zaid Bhatia
6141,1753,Paternity Leave,2024-02-03,2024-02-05,3,Personal Work,Approved,Abhiram Tandon
6142,2107,Unpaid Leave,2025-05-02,2025-05-03,2,Marriage,Approved,Sarthak Sundaram
6143,2119,Paternity Leave,2025-06-24,2025-06-28,5,Child Care,Approved,Pooja Mittal
6144,2291,Unpaid Leave,2024-10-06,2024-10-06,1,Marriage,Approved,Ekta Dey
6145,1324,Maternity Leave,2025-11-20,2025-11-25,6,Medical Treatment,Approved,Hemal Natarajan
6146,90,Unpaid Leave,2025-05-01,2025-05-02,2,Family Emergency,Approved,Lucky Behl
6147,1800,Maternity Leave,2025-04-02,2025-04-11,10,Religious Festival,Approved,Barkha Babu
6148,345,Unpaid Leave,2025-06-16,2025-06-25,10,Vacation,Approved,Jacob Thaman
6149,1205,Paternity Leave,2025-12-15,2025-12-23,9,Family Emergency,Approved,Damyanti Saraf
6150,2901,Emergency Leave,2024-07-18,2024-07-25,8,Child Care,Approved,Adweta Bir
6151,1945,Annual Leave,2024-10-17,2024-10-20,4,Child Care,Approved,Isha Puri
6152,601,Annual Leave,2024-02-19,2024-02-22,4,Marriage,Approved,Hitesh Bhatia
6153,1040,Casual Leave,2024-10-04,2024-10-08,5,Personal Work,Approved,Xavier Sharma
6154,1651,Maternity Leave,2024-01-12,2024-01-21,10,Marriage,Approved,Sachi Mukhopadhyay
6155,953,Annual Leave,2024-02-08,2024-02-16,9,Family Emergency,Approved,Liam Master
6156,804,Sick Leave,2025-02-21,2025-02-26,6,Child Care,Approved,Reyansh Nagar
6157,364,Emergency Leave,2024-06-26,2024-06-26,1,Marriage,Approved,Banjeet Kota
6158,509,Emergency Leave,2024-08-06,2024-08-10,5,Religious Festival,Approved,Veer Guha
6159,1889,Emergency Leave,2025-11-12,2025-11-18,7,Child Care,Approved,Fitan Banerjee
6160,557,Emergency Leave,2024-03-31,2024-04-03,4,Higher Education,Pending,
6161,2205,Casual Leave,2025-08-12,2025-08-12,1,Higher Education,Approved,Isha Vyas
6162,2032,Casual Leave,2024-09-26,2024-10-03,8,Religious Festival,Rejected,
6163,2512,Casual Leave,2024-05-24,2024-05-28,5,Personal Work,Approved,Aarnav Roy
6164,2058,Paternity Leave,2025-01-25,2025-01-30,6,Religious Festival,Approved,Zarna Saxena
6165,780,Emergency Leave,2025-08-15,2025-08-22,8,Vacation,Approved,Jagdish Sidhu
6166,984,Emergency Leave,2024-04-21,2024-04-27,7,Higher Education,Approved,Lohit Biswas
6167,1153,Annual Leave,2024-10-03,2024-10-07,5,Vacation,Approved,Daniel Chaudhry
6168,1967,Emergency Leave,2024-12-29,2025-01-05,8,Personal Work,Approved,Pallavi Shankar
6169,2445,Emergency Leave,2025-07-29,2025-08-03,6,Medical Treatment,Approved,Aashi Chana
6170,312,Casual Leave,2024-11-11,2024-11-18,8,Marriage,Approved,Alka Bhat
6171,244,Maternity Leave,2024-05-24,2024-06-02,10,Vacation,Approved,Nitara Sachar
6172,2636,Paternity Leave,2025-06-26,2025-06-26,1,Personal Work,Approved,Ojas Wadhwa
6173,138,Unpaid Leave,2025-05-14,2025-05-20,7,Religious Festival,Approved,Qadim Deol
6174,2974,Maternity Leave,2024-11-03,2024-11-05,3,Personal Work,Approved,Omkaar Aurora
6175,2959,Casual Leave,2025-09-06,2025-09-11,6,Religious Festival,Approved,Yasti Mander
6176,2682,Paternity Leave,2025-02-20,2025-02-26,7,Religious Festival,Approved,Laksh Raj
6177,739,Sick Leave,2024-01-02,2024-01-04,3,Child Care,Pending,
6178,131,Paternity Leave,2024-04-21,2024-04-21,1,Vacation,Approved,Abdul Rattan
6179,1066,Emergency Leave,2024-02-11,2024-02-11,1,Medical Treatment,Approved,Eta Rau
6180,288,Annual Leave,2025-12-06,2025-12-09,4,Religious Festival,Approved,Chaaya Rana
6181,1727,Annual Leave,2024-12-01,2024-12-02,2,Child Care,Approved,Krishna Ravel
6182,1288,Annual Leave,2025-07-21,2025-07-22,2,Religious Festival,Approved,Laksh Master
6183,2058,Sick Leave,2024-03-15,2024-03-22,8,Personal Work,Approved,Hritik Chauhan
6184,1646,Emergency Leave,2025-08-30,2025-08-31,2,Personal Work,Approved,Yachana Golla
6185,1927,Emergency Leave,2024-04-01,2024-04-07,7,Child Care,Pending,
6186,2094,Emergency Leave,2025-07-13,2025-07-13,1,Higher Education,Approved,Lakshit Devan
6187,2391,Emergency Leave,2025-12-05,2025-12-11,7,Child Care,Approved,Yahvi Purohit
6188,2243,Sick Leave,2024-10-30,2024-11-08,10,Religious Festival,Approved,Yashodhara Hayer
6189,2917,Sick Leave,2025-11-29,2025-12-04,6,Religious Festival,Approved,Ekaraj Devan
6190,69,Maternity Leave,2024-12-08,2024-12-17,10,Family Emergency,Approved,Jack Subramanian
6191,2873,Sick Leave,2024-05-25,2024-05-28,4,Family Emergency,Approved,Nikita Thaker
6192,2353,Paternity Leave,2024-03-30,2024-04-01,3,Personal Work,Approved,Amaira Misra
6193,72,Casual Leave,2025-02-07,2025-02-11,5,Marriage,Approved,Zaid Boase
6194,2553,Maternity Leave,2024-08-30,2024-09-05,7,Family Emergency,Approved,Keya Ranganathan
6195,275,Casual Leave,2025-03-27,2025-03-27,1,Marriage,Approved,Indira Sharaf
6196,362,Maternity Leave,2025-02-08,2025-02-14,7,Personal Work,Approved,Amruta Goda
6197,1985,Casual Leave,2024-07-18,2024-07-25,8,Marriage,Approved,Yadavi Sachdev
6198,2261,Maternity Leave,2024-01-19,2024-01-20,2,Religious Festival,Approved,Shivani Loke
6199,687,Casual Leave,2024-11-26,2024-12-03,8,Personal Work,Approved,Harsh Murthy
6200,526,Annual Leave,2025-08-27,2025-08-30,4,Personal Work,Approved,Raksha Som
6201,1156,Annual Leave,2024-12-03,2024-12-03,1,Family Emergency,Pending,
6202,2958,Sick Leave,2025-12-26,2026-01-03,9,Marriage,Approved,George Khurana
6203,1464,Annual Leave,2024-03-30,2024-04-07,9,Child Care,Pending,
6204,1695,Casual Leave,2024-06-03,2024-06-10,8,Medical Treatment,Approved,Shivani Mangat
6205,835,Annual Leave,2025-01-23,2025-01-26,4,Medical Treatment,Pending,
6206,2071,Paternity Leave,2024-10-14,2024-10-17,4,Religious Festival,Approved,Waida Sami
6207,2106,Casual Leave,2024-11-29,2024-12-02,4,Child Care,Approved,Charles Dave
6208,1304,Maternity Leave,2024-01-21,2024-01-22,2,Religious Festival,Approved,Madhavi Palla
6209,2613,Sick Leave,2024-09-05,2024-09-06,2,Religious Festival,Approved,Gaurav Saran
6210,1408,Maternity Leave,2025-12-08,2025-12-17,10,Personal Work,Approved,Mitali Sarma
6211,2892,Paternity Leave,2025-11-26,2025-11-27,2,Child Care,Pending,
6212,1353,Casual Leave,2024-06-03,2024-06-11,9,Medical Treatment,Approved,Rehaan Bumb
6213,1544,Emergency Leave,2025-09-26,2025-10-01,6,Family Emergency,Approved,Onkar Chadha
6214,882,Maternity Leave,2024-05-17,2024-05-20,4,Medical Treatment,Pending,
6215,2407,Sick Leave,2024-12-24,2024-12-28,5,Medical Treatment,Approved,Chasmum Chand
6216,2244,Paternity Leave,2025-03-17,2025-03-17,1,Marriage,Approved,Zilmil Das
6217,2183,Annual Leave,2024-08-22,2024-08-26,5,Marriage,Approved,Bhavini Bali
6218,1062,Sick Leave,2024-10-27,2024-11-05,10,Family Emergency,Rejected,
6219,1277,Sick Leave,2025-04-28,2025-04-29,2,Religious Festival,Approved,Brinda Raghavan
6220,2353,Emergency Leave,2024-09-25,2024-09-28,4,Vacation,Rejected,
6221,2407,Paternity Leave,2025-09-09,2025-09-10,2,Religious Festival,Approved,Chandresh Khosla
6222,634,Emergency Leave,2024-09-27,2024-09-30,4,Medical Treatment,Approved,Janaki Goswami
6223,1212,Paternity Leave,2025-08-03,2025-08-09,7,Marriage,Approved,Aishani Trivedi
6224,344,Casual Leave,2025-08-13,2025-08-18,6,Vacation,Approved,Nitesh Mani
6225,258,Casual Leave,2025-09-16,2025-09-19,4,Vacation,Approved,Ladli Dugal
6226,1259,Casual Leave,2024-04-05,2024-04-05,1,Medical Treatment,Approved,Varenya Vig
6227,2752,Paternity Leave,2025-01-27,2025-01-28,2,Child Care,Pending,
6228,1477,Maternity Leave,2025-11-25,2025-12-03,9,Religious Festival,Approved,Advik Sunder
6229,1310,Emergency Leave,2025-06-26,2025-07-02,7,Child Care,Approved,Chakrika Toor
6230,973,Paternity Leave,2025-09-30,2025-10-04,5,Personal Work,Approved,Alka Ganguly
6231,491,Unpaid Leave,2024-03-30,2024-04-07,9,Family Emergency,Approved,Bahadurjit Tandon
6232,2448,Maternity Leave,2025-10-01,2025-10-02,2,Personal Work,Approved,Aadhya Rattan
6233,1398,Sick Leave,2025-11-11,2025-11-11,1,Medical Treatment,Approved,Jatin Sant
6234,2532,Paternity Leave,2024-07-07,2024-07-08,2,Medical Treatment,Approved,Kiaan Kannan
6235,2846,Paternity Leave,2025-06-26,2025-07-02,7,Child Care,Rejected,
6236,2827,Maternity Leave,2024-02-01,2024-02-02,2,Family Emergency,Approved,Radha Saha
6237,656,Paternity Leave,2024-07-10,2024-07-14,5,Medical Treatment,Approved,Isaac Bajwa
6238,1657,Maternity Leave,2024-12-11,2024-12-13,3,Family Emergency,Approved,Chanakya Rana
6239,623,Paternity Leave,2024-04-03,2024-04-04,2,Higher Education,Approved,Qarin Agarwal
6240,1458,Paternity Leave,2024-04-21,2024-04-27,7,Child Care,Approved,Mason Kade
6241,2533,Maternity Leave,2025-05-27,2025-06-02,7,Vacation,Pending,
6242,2168,Sick Leave,2024-01-12,2024-01-16,5,Medical Treatment,Approved,Ishaan Dubey
6243,16,Annual Leave,2024-11-02,2024-11-07,6,Family Emergency,Approved,Mitesh Bhavsar
6244,2712,Unpaid Leave,2025-07-26,2025-07-31,6,Family Emergency,Approved,Jagat Sachar
6245,2258,Paternity Leave,2025-09-10,2025-09-17,8,Marriage,Approved,Yasti Kala
6246,647,Sick Leave,2024-07-20,2024-07-20,1,Higher Education,Approved,Madhav Walia
6247,1095,Maternity Leave,2025-12-23,2025-12-28,6,Family Emergency,Approved,Adweta Kaul
6248,1041,Unpaid Leave,2024-01-08,2024-01-11,4,Medical Treatment,Approved,Lucky Barman
6249,593,Maternity Leave,2024-07-29,2024-08-03,6,Religious Festival,Approved,Dhruv Master
6250,763,Paternity Leave,2025-07-17,2025-07-17,1,Vacation,Approved,Chanchal Lata
6251,2894,Sick Leave,2025-04-07,2025-04-15,9,Child Care,Approved,Yatan Pradhan
6252,180,Casual Leave,2025-12-14,2025-12-22,9,Family Emergency,Approved,Odika Sehgal
6253,1074,Annual Leave,2025-04-07,2025-04-13,7,Personal Work,Approved,Tanish Sankar
6254,1955,Casual Leave,2024-03-08,2024-03-15,8,Child Care,Pending,
6255,2837,Maternity Leave,2024-01-18,2024-01-23,6,Vacation,Approved,Abhiram Chana
6256,1054,Unpaid Leave,2024-01-03,2024-01-04,2,Religious Festival,Approved,Ethan Bumb
6257,1785,Emergency Leave,2024-06-02,2024-06-06,5,Medical Treatment,Approved,Eshana Patla
6258,1594,Casual Leave,2024-01-08,2024-01-13,6,Family Emergency,Approved,Ekiya Sandal
6259,904,Maternity Leave,2025-11-27,2025-12-05,9,Higher Education,Approved,Upma Ramanathan
6260,2982,Emergency Leave,2024-05-08,2024-05-13,6,Marriage,Approved,Jeremiah Bora
6261,304,Sick Leave,2025-10-11,2025-10-17,7,Vacation,Approved,Vincent Kashyap
6262,1707,Paternity Leave,2025-06-12,2025-06-14,3,Family Emergency,Pending,
6263,2424,Annual Leave,2025-08-02,2025-08-03,2,Marriage,Rejected,
6264,2278,Emergency Leave,2025-10-05,2025-10-05,1,Higher Education,Pending,
6265,2414,Casual Leave,2025-12-08,2025-12-15,8,Medical Treatment,Pending,
6266,2366,Maternity Leave,2024-07-30,2024-07-30,1,Vacation,Approved,Dalbir Ganesh
6267,850,Casual Leave,2024-12-08,2024-12-09,2,Personal Work,Approved,Jackson Narayanan
6268,2135,Maternity Leave,2024-01-12,2024-01-17,6,Family Emergency,Approved,Darsh Agarwal
6269,2942,Maternity Leave,2025-07-28,2025-08-01,5,Medical Treatment,Approved,Zehaan Sen
6270,1064,Emergency Leave,2024-01-14,2024-01-23,10,Religious Festival,Approved,Arjun Parsa
6271,956,Casual Leave,2025-10-01,2025-10-08,8,Marriage,Approved,Saumya Sem
6272,2411,Casual Leave,2025-06-30,2025-07-01,2,Child Care,Pending,
6273,1943,Sick Leave,2024-03-08,2024-03-08,1,Religious Festival,Approved,Yug Balasubramanian
6274,2985,Sick Leave,2024-01-29,2024-01-31,3,Child Care,Approved,Ucchal Chacko
6275,2022,Annual Leave,2024-01-08,2024-01-16,9,Child Care,Approved,Charvi Bera
6276,2568,Maternity Leave,2025-02-03,2025-02-09,7,Religious Festival,Approved,Alexander Bhat
6277,1557,Paternity Leave,2024-08-22,2024-08-24,3,Family Emergency,Approved,Chavvi Deshpande
6278,1506,Unpaid Leave,2025-03-17,2025-03-25,9,Family Emergency,Approved,Girish Parsa
6279,2153,Sick Leave,2025-03-26,2025-04-03,9,Medical Treatment,Pending,
6280,2159,Sick Leave,2024-11-03,2024-11-05,3,Marriage,Approved,Nihal Shetty
6281,171,Emergency Leave,2025-09-24,2025-10-02,9,Child Care,Approved,Dhruv Mallick
6282,2193,Paternity Leave,2025-02-01,2025-02-05,5,Child Care,Approved,Anthony Thakur
6283,1987,Emergency Leave,2025-11-30,2025-12-07,8,Child Care,Approved,Zarna Dubey
6284,1141,Casual Leave,2025-01-31,2025-02-08,9,Personal Work,Approved,Yashasvi Taneja
6285,1150,Maternity Leave,2024-10-04,2024-10-09,6,Higher Education,Approved,Vasudha Boase
6286,1372,Sick Leave,2025-07-29,2025-07-30,2,Marriage,Approved,Harinakshi Kanda
6287,333,Emergency Leave,2024-12-15,2024-12-20,6,Religious Festival,Pending,
6288,2457,Paternity Leave,2025-07-16,2025-07-18,3,Higher Education,Pending,
6289,1125,Maternity Leave,2025-07-14,2025-07-21,8,Medical Treatment,Rejected,
6290,2810,Annual Leave,2024-07-16,2024-07-20,5,Child Care,Rejected,
6291,2802,Sick Leave,2025-03-05,2025-03-11,7,Medical Treatment,Approved,Tamanna Mann
6292,2671,Annual Leave,2025-01-06,2025-01-15,10,Child Care,Approved,Anthony Suresh
6293,1054,Casual Leave,2024-07-10,2024-07-13,4,Child Care,Approved,Bhavika Butala
6294,1457,Unpaid Leave,2025-04-02,2025-04-07,6,Religious Festival,Approved,Sara Buch
6295,2627,Emergency Leave,2025-07-29,2025-08-02,5,Child Care,Pending,
6296,1805,Maternity Leave,2024-01-27,2024-02-05,10,Vacation,Approved,Kabir Chahal
6297,205,Maternity Leave,2024-08-03,2024-08-06,4,Family Emergency,Approved,Ria Mohan
6298,250,Unpaid Leave,2024-06-07,2024-06-08,2,Marriage,Approved,Advik Tailor
6299,155,Annual Leave,2025-02-08,2025-02-13,6,Family Emergency,Approved,Owen Ahuja
6300,707,Casual Leave,2024-07-20,2024-07-22,3,Personal Work,Approved,Ikbal Nazareth
6301,2218,Unpaid Leave,2025-07-20,2025-07-23,4,Family Emergency,Approved,Upasna Wali
6302,1965,Emergency Leave,2025-06-21,2025-06-27,7,Personal Work,Approved,Charita Bhargava
6303,1786,Paternity Leave,2025-08-15,2025-08-15,1,Vacation,Pending,
6304,1125,Annual Leave,2024-05-25,2024-05-28,4,Personal Work,Approved,Rachita Ramakrishnan
6305,2268,Annual Leave,2025-07-28,2025-07-29,2,Religious Festival,Approved,Peter Misra
6306,898,Emergency Leave,2024-06-04,2024-06-07,4,Child Care,Approved,Eta Naidu
6307,1640,Paternity Leave,2024-11-08,2024-11-15,8,Religious Festival,Approved,Upkaar Ravel
6308,1337,Casual Leave,2024-08-27,2024-08-31,5,Vacation,Approved,Abha Ravi
6309,1414,Sick Leave,2025-11-14,2025-11-23,10,Child Care,Approved,Manan Loyal
6310,168,Maternity Leave,2024-02-14,2024-02-20,7,Personal Work,Approved,Devansh Patel
6311,1651,Paternity Leave,2024-12-14,2024-12-16,3,Vacation,Approved,Lajita Acharya
6312,2577,Casual Leave,2024-10-12,2024-10-15,4,Personal Work,Approved,Abdul Dhar
6313,2557,Maternity Leave,2025-04-29,2025-04-30,2,Family Emergency,Approved,Noah Shan
6314,2911,Maternity Leave,2024-11-28,2024-12-03,6,Family Emergency,Approved,Dayita Mammen
6315,2054,Casual Leave,2025-06-19,2025-06-19,1,Medical Treatment,Approved,Rohan Salvi
6316,1464,Casual Leave,2025-08-22,2025-08-25,4,Vacation,Approved,Oliver Varkey
6317,2759,Emergency Leave,2025-12-18,2025-12-25,8,Religious Festival,Approved,Gaurangi Suri
6318,2249,Sick Leave,2024-08-15,2024-08-16,2,Child Care,Pending,
6319,748,Emergency Leave,2025-12-01,2025-12-05,5,Religious Festival,Approved,Upma Jhaveri
6320,1629,Emergency Leave,2025-09-11,2025-09-19,9,Child Care,Approved,Isha Banerjee
6321,11,Emergency Leave,2025-02-26,2025-03-06,9,Vacation,Approved,Simon Sampath
6322,1969,Unpaid Leave,2024-11-20,2024-11-25,6,Medical Treatment,Approved,Indira Karnik
6323,2487,Maternity Leave,2024-05-23,2024-05-24,2,Religious Festival,Approved,Harsh Vohra
6324,1517,Annual Leave,2025-07-13,2025-07-15,3,Personal Work,Approved,Banjeet Lal
6325,1225,Annual Leave,2024-07-27,2024-07-31,5,Family Emergency,Approved,Bhavini Swaminathan
6326,1389,Sick Leave,2025-12-14,2025-12-15,2,Personal Work,Approved,Benjamin Gandhi
6327,2540,Maternity Leave,2025-04-16,2025-04-18,3,Marriage,Approved,Kavya Varughese
6328,2120,Unpaid Leave,2024-02-01,2024-02-06,6,Higher Education,Approved,Anay Barad
6329,1115,Emergency Leave,2025-06-27,2025-07-04,8,Child Care,Approved,Tripti Kota
6330,1308,Maternity Leave,2024-12-16,2024-12-16,1,Religious Festival,Approved,Siya Mannan
6331,1336,Casual Leave,2025-07-02,2025-07-11,10,Marriage,Approved,Zaitra Bose
6332,2616,Unpaid Leave,2024-10-04,2024-10-08,5,Child Care,Approved,Veda Mani
6333,2200,Emergency Leave,2024-11-02,2024-11-09,8,Child Care,Approved,Balveer Cheema
6334,2309,Sick Leave,2024-10-01,2024-10-03,3,Personal Work,Approved,Laban Bhat
6335,2509,Unpaid Leave,2024-08-01,2024-08-01,1,Marriage,Approved,Gayathri Prabhu
6336,1223,Unpaid Leave,2024-11-14,2024-11-15,2,Religious Festival,Approved,Suhani Banik
6337,2432,Emergency Leave,2025-07-08,2025-07-15,8,Vacation,Approved,Max Basak
6338,2720,Annual Leave,2024-12-30,2024-12-31,2,Religious Festival,Approved,Charvi Behl
6339,2636,Casual Leave,2025-01-30,2025-02-06,8,Marriage,Approved,Ati Batta
6340,1179,Maternity Leave,2024-06-02,2024-06-06,5,Medical Treatment,Approved,Ria Palla
6341,2701,Casual Leave,2024-06-13,2024-06-21,9,Family Emergency,Approved,Farhan Bobal
6342,1444,Casual Leave,2024-07-05,2024-07-12,8,Religious Festival,Rejected,
6343,1644,Casual Leave,2024-11-19,2024-11-20,2,Personal Work,Approved,Azaan Chandra
6344,2655,Paternity Leave,2024-11-15,2024-11-22,8,Child Care,Approved,Indali Manne
6345,2188,Casual Leave,2024-02-26,2024-03-02,6,Religious Festival,Approved,Chakrika Hari
6346,622,Sick Leave,2025-07-24,2025-07-26,3,Religious Festival,Approved,Harshil Kale
6347,1432,Maternity Leave,2024-01-27,2024-01-27,1,Religious Festival,Approved,Yutika Wason
6348,1991,Paternity Leave,2025-09-08,2025-09-17,10,Higher Education,Approved,Ansh Saha
6349,1484,Maternity Leave,2024-07-27,2024-07-28,2,Child Care,Approved,Wridesh Sem
6350,182,Sick Leave,2025-04-22,2025-04-30,9,Personal Work,Approved,Abdul Keer
6351,2573,Paternity Leave,2024-02-01,2024-02-02,2,Child Care,Approved,Abeer Kumar
6352,687,Sick Leave,2024-10-24,2024-10-27,4,Personal Work,Approved,Ekansh Bora
6353,1819,Annual Leave,2025-08-02,2025-08-06,5,Medical Treatment,Approved,Raghav Ahluwalia
6354,1031,Emergency Leave,2025-09-17,2025-09-26,10,Higher Education,Rejected,
6355,2596,Paternity Leave,2025-11-09,2025-11-10,2,Higher Education,Approved,Rehaan Prabhakar
6356,2743,Maternity Leave,2024-08-14,2024-08-21,8,Marriage,Approved,Thomas Barad
6357,1192,Annual Leave,2024-03-26,2024-04-03,9,Religious Festival,Approved,Zilmil Gandhi
6358,2343,Casual Leave,2024-05-26,2024-05-26,1,Marriage,Approved,Gaurangi Desai
6359,2046,Casual Leave,2024-04-24,2024-04-29,6,Child Care,Approved,Mitesh Kanda
6360,152,Annual Leave,2024-07-20,2024-07-27,8,Child Care,Approved,Anya Joshi
6361,413,Annual Leave,2024-08-12,2024-08-13,2,Vacation,Approved,Oliver Dutt
6362,2700,Unpaid Leave,2025-01-01,2025-01-01,1,Higher Education,Approved,Kavya Goel
6363,145,Emergency Leave,2024-02-24,2024-03-02,8,Personal Work,Approved,Tristan Datta
6364,2354,Annual Leave,2024-06-23,2024-06-30,8,Family Emergency,Approved,Charan Hayer
6365,2167,Casual Leave,2024-08-20,2024-08-25,6,Child Care,Approved,Urishilla Das
6366,2883,Sick Leave,2025-04-29,2025-04-30,2,Religious Festival,Approved,Logan Dar
6367,2369,Unpaid Leave,2025-07-25,2025-07-28,4,Child Care,Approved,Bina Reddy
6368,1824,Emergency Leave,2024-09-13,2024-09-16,4,Marriage,Approved,Hemal Bala
6369,1755,Emergency Leave,2024-07-03,2024-07-06,4,Religious Festival,Approved,Manya Walia
6370,2881,Maternity Leave,2024-04-23,2024-05-02,10,Higher Education,Approved,Sneha Garde
6371,237,Emergency Leave,2025-08-18,2025-08-20,3,Marriage,Approved,Janya Tak
6372,1107,Unpaid Leave,2025-12-15,2025-12-16,2,Marriage,Rejected,
6373,1415,Unpaid Leave,2025-07-14,2025-07-15,2,Vacation,Approved,Vincent Ray
6374,305,Casual Leave,2024-01-12,2024-01-15,4,Higher Education,Approved,Jeet Bora
6375,1270,Sick Leave,2024-03-13,2024-03-20,8,Marriage,Approved,Upkaar Pall
6376,1771,Emergency Leave,2024-03-04,2024-03-07,4,Child Care,Approved,Saksham Pathak
6377,1809,Unpaid Leave,2025-11-13,2025-11-14,2,Personal Work,Pending,
6378,2131,Annual Leave,2024-08-20,2024-08-23,4,Vacation,Approved,Karan Srinivas
6379,2721,Annual Leave,2024-07-22,2024-07-29,8,Marriage,Approved,Jeet Palla
6380,1492,Unpaid Leave,2025-04-01,2025-04-07,7,Family Emergency,Approved,Ikshita Nagar
6381,1597,Unpaid Leave,2025-11-23,2025-11-23,1,Religious Festival,Approved,Avi Chahal
6382,744,Paternity Leave,2024-08-01,2024-08-07,7,Higher Education,Approved,Neel Krish
6383,2422,Casual Leave,2025-03-09,2025-03-10,2,Child Care,Approved,Oscar Virk
6384,1758,Maternity Leave,2025-06-30,2025-07-01,2,Family Emergency,Approved,Yagnesh Bawa
6385,2754,Sick Leave,2025-10-16,2025-10-19,4,Family Emergency,Approved,Samarth Hayer
6386,310,Casual Leave,2025-08-08,2025-08-10,3,Family Emergency,Approved,Lohit Jaggi
6387,1547,Annual Leave,2025-01-20,2025-01-21,2,Family Emergency,Approved,Chandresh Gulati
6388,1365,Unpaid Leave,2025-07-17,2025-07-26,10,Child Care,Approved,Rachit Dugal
6389,1305,Emergency Leave,2025-10-26,2025-10-30,5,Personal Work,Approved,Jagat Barman
6390,1547,Casual Leave,2025-01-19,2025-01-22,4,Religious Festival,Approved,Nisha Chaudhry
6391,1148,Casual Leave,2025-11-25,2025-11-26,2,Medical Treatment,Approved,Rajeshri Anand
6392,2817,Maternity Leave,2024-08-04,2024-08-09,6,Child Care,Approved,Yug De
6393,1844,Sick Leave,2024-11-20,2024-11-28,9,Religious Festival,Rejected,
6394,592,Annual Leave,2024-09-14,2024-09-17,4,Medical Treatment,Approved,Elijah Dutta
6395,2827,Maternity Leave,2024-01-31,2024-02-03,4,Child Care,Approved,Bhavani Shere
6396,2102,Casual Leave,2025-03-18,2025-03-19,2,Personal Work,Approved,Isaac Brahmbhatt
6397,2035,Annual Leave,2025-09-12,2025-09-16,5,Family Emergency,Approved,Varenya Chacko
6398,680,Annual Leave,2024-04-23,2024-04-24,2,Marriage,Approved,Maanav Ramesh
6399,813,Sick Leave,2024-11-24,2024-11-29,6,Vacation,Approved,Vamakshi Kunda
6400,400,Annual Leave,2024-06-11,2024-06-13,3,Marriage,Approved,Anita Chawla
6401,1595,Annual Leave,2025-01-05,2025-01-08,4,Higher Education,Approved,Qasim Trivedi
6402,1618,Casual Leave,2024-08-02,2024-08-09,8,Vacation,Pending,
6403,3000,Maternity Leave,2024-04-12,2024-04-12,1,Higher Education,Rejected,
6404,1784,Annual Leave,2024-01-04,2024-01-12,9,Higher Education,Approved,Girik Guha
6405,1546,Sick Leave,2024-02-01,2024-02-10,10,Higher Education,Approved,Aadhya Raval
6406,1725,Paternity Leave,2024-04-24,2024-05-01,8,Medical Treatment,Approved,Michael Kota
6407,2608,Emergency Leave,2024-03-04,2024-03-06,3,Higher Education,Pending,
6408,604,Annual Leave,2024-01-07,2024-01-11,5,Child Care,Approved,Hemani Ramachandran
6409,2298,Annual Leave,2025-03-02,2025-03-06,5,Child Care,Approved,Ladli Parmar
6410,2353,Sick Leave,2024-03-11,2024-03-11,1,Family Emergency,Approved,Qadim Choudhary
6411,1586,Unpaid Leave,2025-10-13,2025-10-17,5,Child Care,Approved,Bhavya Trivedi
6412,1052,Maternity Leave,2024-04-08,2024-04-14,7,Medical Treatment,Approved,Sarthak Bajwa
6413,2412,Maternity Leave,2025-07-27,2025-07-28,2,Religious Festival,Approved,Vidhi Prasad
6414,2941,Paternity Leave,2024-03-30,2024-04-02,4,Vacation,Approved,Alexander Roy
6415,1585,Unpaid Leave,2025-12-10,2025-12-14,5,Vacation,Approved,Upma Kumer
6416,2313,Paternity Leave,2025-01-28,2025-02-04,8,Marriage,Approved,Irya Ramanathan
6417,1223,Sick Leave,2025-05-31,2025-06-05,6,Medical Treatment,Approved,Pooja Pandey
6418,2889,Maternity Leave,2025-08-08,2025-08-15,8,Medical Treatment,Approved,Frado Padmanabhan
6419,2263,Annual Leave,2024-01-22,2024-01-27,6,Medical Treatment,Approved,Kiaan Varma
6420,770,Emergency Leave,2024-03-19,2024-03-27,9,Child Care,Approved,Abhiram Shroff
6421,1903,Annual Leave,2025-01-22,2025-01-29,8,Medical Treatment,Approved,Oscar Kala
6422,1361,Sick Leave,2024-07-30,2024-07-31,2,Child Care,Approved,Nachiket Bava
6423,2985,Sick Leave,2024-12-29,2025-01-03,6,Child Care,Pending,
6424,15,Sick Leave,2025-01-11,2025-01-13,3,Vacation,Approved,Champak Mander
6425,2255,Paternity Leave,2025-11-12,2025-11-20,9,Personal Work,Approved,Wyatt Pathak
6426,2107,Annual Leave,2024-04-14,2024-04-16,3,Marriage,Approved,Dev Bhatia
6427,816,Unpaid Leave,2024-08-07,2024-08-12,6,Personal Work,Approved,Ishanvi Bhattacharyya
6428,787,Paternity Leave,2024-05-09,2024-05-18,10,Vacation,Approved,Manthan Singh
6429,1673,Casual Leave,2024-06-09,2024-06-16,8,Religious Festival,Approved,Ekalinga Gandhi
6430,346,Emergency Leave,2024-01-05,2024-01-09,5,Personal Work,Approved,Aarush Chakraborty
6431,1546,Maternity Leave,2025-01-10,2025-01-13,4,Religious Festival,Approved,Ojas Sheth
6432,501,Annual Leave,2025-12-14,2025-12-16,3,Personal Work,Approved,Mitali Prashad
6433,193,Unpaid Leave,2024-01-13,2024-01-14,2,Marriage,Approved,Ekansh Mukherjee
6434,776,Annual Leave,2025-11-07,2025-11-16,10,Higher Education,Approved,Advika Talwar
6435,2320,Maternity Leave,2024-02-17,2024-02-17,1,Religious Festival,Pending,
6436,2470,Emergency Leave,2025-07-23,2025-07-24,2,Higher Education,Approved,Devansh Bakshi
6437,334,Unpaid Leave,2025-02-19,2025-02-26,8,Marriage,Approved,Ubika Ranganathan
6438,134,Casual Leave,2025-05-03,2025-05-09,7,Vacation,Approved,Rehaan Lala
6439,2348,Casual Leave,2025-02-05,2025-02-06,2,Child Care,Approved,Dipta Deshpande
6440,20,Casual Leave,2024-12-05,2024-12-06,2,Personal Work,Rejected,
6441,2216,Unpaid Leave,2024-09-08,2024-09-11,4,Religious Festival,Approved,Mitali Garde
6442,856,Sick Leave,2025-10-17,2025-10-24,8,Personal Work,Approved,Zinal Nanda
6443,473,Unpaid Leave,2024-05-15,2024-05-23,9,Child Care,Approved,Kashvi Ghose
6444,1874,Emergency Leave,2024-07-27,2024-08-02,7,Vacation,Approved,Oni Mallick
6445,1589,Casual Leave,2025-01-23,2025-01-26,4,Higher Education,Approved,Jairaj Parsa
6446,2771,Paternity Leave,2025-05-31,2025-06-03,4,Higher Education,Approved,Bahadurjit Prabhakar
6447,969,Annual Leave,2024-05-31,2024-06-03,4,Personal Work,Approved,Omaja Balakrishnan
6448,2377,Unpaid Leave,2024-10-21,2024-10-27,7,Higher Education,Approved,Indrajit Yadav
6449,1366,Unpaid Leave,2025-03-02,2025-03-09,8,Personal Work,Pending,
6450,1394,Annual Leave,2025-10-27,2025-10-27,1,Personal Work,Approved,Tanmayi Dubey
6451,2185,Unpaid Leave,2025-11-13,2025-11-13,1,Higher Education,Approved,Neha Chaudry
6452,2972,Unpaid Leave,2024-12-11,2024-12-14,4,Medical Treatment,Approved,Vincent Bali
6453,1411,Emergency Leave,2024-12-31,2024-12-31,1,Personal Work,Approved,Udant Narula
6454,665,Emergency Leave,2024-09-13,2024-09-13,1,Religious Festival,Approved,Indrajit Karpe
6455,2375,Paternity Leave,2024-04-07,2024-04-11,5,Child Care,Approved,Raghav Lalla
6456,481,Annual Leave,2024-02-02,2024-02-03,2,Higher Education,Approved,Girindra Nagarajan
6457,1607,Casual Leave,2025-11-21,2025-11-28,8,Religious Festival,Approved,Aarush Gandhi
6458,1714,Casual Leave,2025-06-07,2025-06-14,8,Higher Education,Approved,Eshana Aurora
6459,622,Sick Leave,2025-10-12,2025-10-18,7,Marriage,Approved,Zaitra Saha
6460,1213,Maternity Leave,2024-11-13,2024-11-18,6,Vacation,Approved,Gaurav Raju
6461,833,Maternity Leave,2024-06-16,2024-06-16,1,Personal Work,Approved,Oviya Bhattacharyya
6462,2807,Emergency Leave,2025-06-14,2025-06-22,9,Child Care,Approved,Ijaya Mander
6463,47,Unpaid Leave,2024-05-23,2024-05-29,7,Family Emergency,Approved,Dominic Saxena
6464,2663,Paternity Leave,2025-02-14,2025-02-20,7,Family Emergency,Approved,Krish Dugal
6465,1679,Unpaid Leave,2024-08-29,2024-09-06,9,Higher Education,Approved,Chatura Jayaraman
6466,1806,Emergency Leave,2024-01-31,2024-02-07,8,Higher Education,Approved,Sai Datta
6467,168,Unpaid Leave,2024-04-01,2024-04-04,4,Child Care,Approved,Anvi Narayanan
6468,592,Emergency Leave,2025-07-06,2025-07-09,4,Family Emergency,Approved,Lakshit Kothari
6469,1819,Annual Leave,2024-10-28,2024-10-29,2,Higher Education,Approved,Lavanya Shetty
6470,977,Casual Leave,2025-02-11,2025-02-12,2,Child Care,Approved,Mason Dave
6471,707,Sick Leave,2024-12-22,2024-12-22,1,Family Emergency,Approved,Chakradhar Dhar
6472,1178,Sick Leave,2024-10-05,2024-10-07,3,Marriage,Approved,Pavani Seth
6473,213,Unpaid Leave,2025-05-12,2025-05-14,3,Marriage,Approved,Irya Borra
6474,1034,Casual Leave,2024-01-18,2024-01-24,7,Child Care,Approved,Dominic Mammen
6475,2902,Annual Leave,2025-10-15,2025-10-21,7,Personal Work,Approved,Madhav Bhasin
6476,2899,Sick Leave,2024-12-18,2024-12-18,1,Religious Festival,Approved,Madhavi Mital
6477,2681,Sick Leave,2024-07-03,2024-07-06,4,Child Care,Approved,Omkaar Mistry
6478,1324,Unpaid Leave,2024-02-21,2024-02-23,3,Medical Treatment,Approved,Yashasvi Muni
6479,560,Maternity Leave,2025-03-08,2025-03-13,6,Vacation,Approved,Balhaar Shenoy
6480,136,Unpaid Leave,2025-10-16,2025-10-22,7,Personal Work,Approved,Owen Deshmukh
6481,1040,Maternity Leave,2025-08-29,2025-09-06,9,Higher Education,Approved,Siya Ramesh
6482,1396,Sick Leave,2025-06-28,2025-06-29,2,Vacation,Approved,Anjali Joshi
6483,1049,Sick Leave,2025-07-01,2025-07-06,6,Personal Work,Approved,Jagrati Tak
6484,587,Maternity Leave,2024-01-31,2024-01-31,1,Higher Education,Approved,Janani Oza
6485,1681,Unpaid Leave,2025-11-27,2025-12-01,5,Religious Festival,Rejected,
6486,1365,Unpaid Leave,2024-04-21,2024-04-21,1,Child Care,Approved,Qarin Venkatesh
6487,2256,Maternity Leave,2024-04-19,2024-04-26,8,Vacation,Approved,Darsh Seshadri
6488,2781,Sick Leave,2025-12-17,2025-12-17,1,Family Emergency,Approved,Barkha Buch
6489,692,Annual Leave,2025-08-07,2025-08-10,4,Higher Education,Pending,
6490,141,Annual Leave,2024-07-27,2024-08-05,10,Religious Festival,Rejected,
6491,2295,Emergency Leave,2025-06-26,2025-07-02,7,Family Emergency,Pending,
6492,2212,Unpaid Leave,2024-01-28,2024-02-04,8,Higher Education,Approved,Unni Manne
6493,654,Maternity Leave,2025-05-14,2025-05-21,8,Medical Treatment,Approved,Darpan Chaudhary
6494,1031,Unpaid Leave,2024-10-20,2024-10-22,3,Religious Festival,Approved,Meera Sarin
6495,1675,Sick Leave,2024-09-25,2024-10-04,10,Higher Education,Approved,Jasmit Garde
6496,2731,Maternity Leave,2025-04-15,2025-04-21,7,Medical Treatment,Approved,Lavanya Krishnamurthy
6497,1750,Annual Leave,2024-11-19,2024-11-22,4,Family Emergency,Approved,Anjali Sampath
6498,2220,Maternity Leave,2024-12-27,2025-01-04,9,Vacation,Approved,Darika Narayan
6499,80,Casual Leave,2025-07-22,2025-07-23,2,Family Emergency,Approved,Noah Kaur
6500,2159,Emergency Leave,2025-08-10,2025-08-14,5,Medical Treatment,Approved,Dipta Rege
6501,615,Annual Leave,2024-09-04,2024-09-06,3,Vacation,Approved,Prisha Mutti
6502,337,Paternity Leave,2025-11-12,2025-11-19,8,Religious Festival,Approved,Zaid Walia
6503,1113,Annual Leave,2025-01-12,2025-01-18,7,Higher Education,Approved,Riya Bhattacharyya
6504,2538,Sick Leave,2025-04-09,2025-04-10,2,Personal Work,Approved,Omya Pandit
6505,1663,Emergency Leave,2025-03-23,2025-03-25,3,Religious Festival,Approved,Patrick Pal
6506,2664,Paternity Leave,2024-05-15,2024-05-15,1,Religious Festival,Approved,Anirudh Apte
6507,701,Emergency Leave,2024-08-28,2024-09-06,10,Personal Work,Approved,Daksha Ahuja
6508,700,Unpaid Leave,2025-02-12,2025-02-12,1,Child Care,Approved,Hemangini Krishnamurthy
6509,227,Emergency Leave,2025-07-12,2025-07-20,9,Religious Festival,Pending,
6510,1198,Paternity Leave,2024-07-06,2024-07-14,9,Marriage,Pending,
6511,827,Annual Leave,2025-03-04,2025-03-13,10,Higher Education,Rejected,
6512,581,Sick Leave,2024-12-15,2024-12-23,9,Vacation,Approved,Ekansh Malhotra
6513,1746,Annual Leave,2025-02-26,2025-02-27,2,Religious Festival,Approved,Yashoda Hora
6514,1825,Maternity Leave,2024-07-01,2024-07-03,3,Child Care,Approved,Warjas Morar
6515,1989,Annual Leave,2025-08-19,2025-08-23,5,Religious Festival,Approved,Ronith Karpe
6516,2049,Paternity Leave,2025-09-11,2025-09-12,2,Higher Education,Approved,Harini Srinivasan
6517,29,Annual Leave,2025-04-02,2025-04-07,6,Medical Treatment,Approved,Bachittar Iyengar
6518,2317,Emergency Leave,2024-06-28,2024-07-05,8,Higher Education,Approved,Balhaar Narain
6519,2742,Sick Leave,2025-04-24,2025-04-24,1,Religious Festival,Approved,Mekhala Bhatt
6520,302,Maternity Leave,2025-10-01,2025-10-03,3,Family Emergency,Approved,Thomas Brar
6521,2252,Paternity Leave,2025-11-10,2025-11-15,6,Marriage,Approved,Noah Tata
6522,2888,Sick Leave,2025-08-12,2025-08-21,10,Vacation,Approved,Dalbir Comar
6523,1101,Maternity Leave,2024-02-05,2024-02-08,4,Religious Festival,Approved,Joshua Buch
6524,2071,Sick Leave,2024-10-08,2024-10-17,10,Religious Festival,Pending,
6525,2194,Paternity Leave,2024-01-25,2024-01-30,6,Medical Treatment,Pending,
6526,317,Emergency Leave,2025-08-02,2025-08-05,4,Higher Education,Approved,Yasti Madan
6527,342,Casual Leave,2025-05-21,2025-05-30,10,Vacation,Approved,Harinakshi Anand
6528,1912,Casual Leave,2025-03-27,2025-04-03,8,Medical Treatment,Approved,Lopa Apte
6529,1269,Sick Leave,2024-06-07,2024-06-11,5,Higher Education,Approved,Harita Narula
6530,976,Maternity Leave,2025-08-16,2025-08-22,7,Family Emergency,Approved,Samuel Mutti
6531,1417,Maternity Leave,2024-02-13,2024-02-14,2,Marriage,Approved,Zaitra Narasimhan
6532,2839,Annual Leave,2025-12-13,2025-12-15,3,Higher Education,Approved,Chavvi Bose
6533,2981,Emergency Leave,2024-09-14,2024-09-17,4,Child Care,Approved,Timothy Sehgal
6534,2902,Unpaid Leave,2025-01-17,2025-01-24,8,Personal Work,Approved,Yochana Handa
6535,1217,Sick Leave,2024-01-23,2024-01-27,5,Religious Festival,Approved,Azaan Tank
6536,1247,Maternity Leave,2024-06-24,2024-07-01,8,Family Emergency,Approved,Turvi Kapadia
6537,2473,Unpaid Leave,2025-08-11,2025-08-17,7,Medical Treatment,Approved,Mitali Wali
6538,1383,Emergency Leave,2025-11-12,2025-11-16,5,Vacation,Approved,Tanay Thakur
6539,642,Maternity Leave,2025-02-27,2025-03-08,10,Marriage,Approved,Rachit Narasimhan
6540,1107,Maternity Leave,2025-11-17,2025-11-17,1,Family Emergency,Approved,Vyanjana Kaul
6541,1201,Emergency Leave,2025-04-25,2025-05-04,10,Vacation,Approved,Jacob Jha
6542,2567,Annual Leave,2024-11-17,2024-11-17,1,Vacation,Approved,Jasmit Sarma
6543,2464,Annual Leave,2025-07-25,2025-07-31,7,Higher Education,Approved,Abdul Mitter
6544,935,Emergency Leave,2024-06-24,2024-06-30,7,Family Emergency,Approved,Aarav Dubey
6545,1661,Emergency Leave,2024-09-26,2024-09-28,3,Personal Work,Approved,Kritika Thaker
6546,2433,Sick Leave,2024-07-26,2024-07-26,1,Marriage,Approved,Qushi Lanka
6547,218,Maternity Leave,2024-04-27,2024-04-28,2,Personal Work,Approved,Tristan Dara
6548,2579,Annual Leave,2025-09-13,2025-09-14,2,Family Emergency,Approved,Nirja Gour
6549,1912,Sick Leave,2025-06-08,2025-06-09,2,Medical Treatment,Pending,
6550,1885,Sick Leave,2025-01-13,2025-01-15,3,Medical Treatment,Approved,Idika Naik
6551,1060,Emergency Leave,2024-08-18,2024-08-23,6,Vacation,Approved,Qushi Oommen
6552,48,Paternity Leave,2025-09-08,2025-09-09,2,Family Emergency,Approved,Jyoti Buch
6553,2501,Unpaid Leave,2025-05-07,2025-05-10,4,Religious Festival,Approved,Panini Batta
6554,2502,Maternity Leave,2024-08-01,2024-08-05,5,Personal Work,Approved,Krishna Manne
6555,671,Sick Leave,2024-08-28,2024-09-06,10,Marriage,Approved,Michael Borra
6556,2652,Unpaid Leave,2025-08-04,2025-08-09,6,Child Care,Approved,Lopa Sahota
6557,2841,Emergency Leave,2025-03-14,2025-03-21,8,Medical Treatment,Approved,Kavya Ganesan
6558,1446,Sick Leave,2024-08-22,2024-08-31,10,Family Emergency,Approved,Anjali Raju
6559,681,Emergency Leave,2024-05-19,2024-05-21,3,Higher Education,Approved,Yutika Kothari
6560,2985,Unpaid Leave,2024-11-21,2024-11-24,4,Vacation,Approved,Sachi Mohanty
6561,175,Paternity Leave,2024-05-11,2024-05-14,4,Vacation,Approved,Gaurav Bala
6562,2354,Annual Leave,2025-09-23,2025-09-23,1,Higher Education,Approved,Tarak Patla
6563,1666,Annual Leave,2024-01-09,2024-01-13,5,Higher Education,Approved,Dev Chadha
6564,2062,Emergency Leave,2025-08-10,2025-08-13,4,Religious Festival,Approved,Adya Ranganathan
6565,1303,Casual Leave,2024-08-20,2024-08-20,1,Personal Work,Approved,Eshana Handa
6566,722,Paternity Leave,2024-04-26,2024-04-29,4,Higher Education,Approved,Nakul Sethi
6567,2453,Sick Leave,2025-03-21,2025-03-21,1,Higher Education,Approved,Reva Karan
6568,1490,Unpaid Leave,2025-10-28,2025-11-01,5,Marriage,Pending,
6569,2548,Sick Leave,2024-01-13,2024-01-17,5,Child Care,Pending,
6570,2407,Annual Leave,2025-08-10,2025-08-14,5,Marriage,Approved,Kevin Deo
6571,2752,Maternity Leave,2025-08-26,2025-08-28,3,Religious Festival,Approved,Nimrat Bala
6572,715,Maternity Leave,2025-06-16,2025-06-23,8,Marriage,Approved,Chaaya Saini
6573,1370,Emergency Leave,2025-12-21,2025-12-24,4,Medical Treatment,Approved,Oliver Boase
6574,907,Sick Leave,2024-05-01,2024-05-01,1,Marriage,Pending,
6575,1136,Casual Leave,2025-10-22,2025-10-25,4,Marriage,Approved,Alexander Krishnan
6576,207,Sick Leave,2024-10-01,2024-10-04,4,Medical Treatment,Approved,Aarna Acharya
6577,733,Sick Leave,2024-01-02,2024-01-06,5,Personal Work,Approved,Raksha Sanghvi
6578,89,Paternity Leave,2024-02-18,2024-02-27,10,Marriage,Approved,Vanya Sant
6579,2927,Unpaid Leave,2025-09-28,2025-10-05,8,Marriage,Approved,Oni Mohanty
6580,943,Casual Leave,2025-03-21,2025-03-21,1,Medical Treatment,Approved,Ria Chakraborty
6581,1638,Annual Leave,2025-12-09,2025-12-11,3,Family Emergency,Approved,Ikshita Aggarwal
6582,1338,Annual Leave,2024-09-21,2024-09-21,1,Medical Treatment,Approved,Naveen Bail
6583,1498,Casual Leave,2024-06-02,2024-06-07,6,Higher Education,Approved,Falak Vyas
6584,222,Unpaid Leave,2024-06-20,2024-06-29,10,Personal Work,Pending,
6585,2598,Paternity Leave,2025-06-13,2025-06-13,1,Family Emergency,Approved,Gayathri Nadig
6586,2653,Unpaid Leave,2025-05-07,2025-05-11,5,Child Care,Pending,
6587,1252,Annual Leave,2024-06-08,2024-06-09,2,Family Emergency,Approved,Eshana Sandal
6588,1521,Unpaid Leave,2024-06-24,2024-06-29,6,Family Emergency,Approved,Fariq Tara
6589,1314,Sick Leave,2024-03-05,2024-03-13,9,Vacation,Approved,Orinder Sampath
6590,1992,Unpaid Leave,2024-01-23,2024-01-31,9,Medical Treatment,Approved,Rishi Kumar
6591,1022,Unpaid Leave,2024-05-05,2024-05-10,6,Religious Festival,Pending,
6592,2931,Paternity Leave,2025-02-15,2025-02-18,4,Personal Work,Approved,Lakshit Shanker
6593,2504,Casual Leave,2025-06-12,2025-06-13,2,Higher Education,Approved,Kala Pau
6594,451,Casual Leave,2025-10-08,2025-10-15,8,Religious Festival,Approved,Amaira Goswami
6595,1467,Emergency Leave,2025-06-26,2025-06-27,2,Child Care,Pending,
6596,1771,Unpaid Leave,2024-01-30,2024-02-02,4,Family Emergency,Approved,Amara Dalal
6597,1138,Emergency Leave,2025-12-25,2025-12-28,4,Child Care,Approved,Advik Mahal
6598,493,Paternity Leave,2024-07-20,2024-07-26,7,Medical Treatment,Approved,Udyati Wable
6599,2750,Paternity Leave,2024-12-11,2024-12-19,9,Child Care,Approved,Isaiah Sha
6600,973,Casual Leave,2024-10-23,2024-10-25,3,Vacation,Approved,Advika Mammen
6601,1877,Emergency Leave,2025-12-24,2025-12-25,2,Personal Work,Approved,Nitara Kalita
6602,631,Annual Leave,2024-05-15,2024-05-20,6,Child Care,Approved,Jeevika Ben
6603,2052,Unpaid Leave,2024-01-17,2024-01-22,6,Child Care,Approved,Lekha Nagarajan
6604,2440,Emergency Leave,2024-08-31,2024-09-07,8,Personal Work,Approved,Advay Anand
6605,778,Paternity Leave,2024-11-01,2024-11-04,4,Child Care,Approved,Christopher Aurora
6606,99,Maternity Leave,2024-06-01,2024-06-01,1,Vacation,Approved,Nandini Vala
6607,448,Annual Leave,2025-04-10,2025-04-11,2,Child Care,Pending,
6608,394,Unpaid Leave,2025-09-22,2025-09-22,1,Family Emergency,Approved,Chandani Ahluwalia
6609,1989,Unpaid Leave,2024-12-07,2024-12-15,9,Medical Treatment,Approved,Eta Agrawal
6610,2204,Maternity Leave,2025-04-26,2025-04-29,4,Child Care,Approved,Oliver Johal
6611,2689,Annual Leave,2024-03-10,2024-03-16,7,Medical Treatment,Pending,
6612,1670,Maternity Leave,2025-09-02,2025-09-09,8,Religious Festival,Approved,Raksha Badal
6613,363,Maternity Leave,2025-08-05,2025-08-10,6,Vacation,Pending,
6614,1436,Paternity Leave,2024-06-25,2024-06-25,1,Child Care,Approved,Meera Pathak
6615,1369,Emergency Leave,2025-05-11,2025-05-19,9,Family Emergency,Approved,Suhani Goyal
6616,1558,Emergency Leave,2025-05-13,2025-05-15,3,Vacation,Approved,Tristan Merchant
6617,1963,Sick Leave,2024-03-22,2024-03-29,8,Vacation,Approved,Dipta Vala
6618,2966,Paternity Leave,2025-04-22,2025-04-30,9,Personal Work,Approved,Qadim Pillai
6619,1833,Sick Leave,2025-05-11,2025-05-14,4,Religious Festival,Approved,Neha Jhaveri
6620,1721,Casual Leave,2025-07-17,2025-07-17,1,Marriage,Approved,Baljiwan Ghosh
6621,2979,Paternity Leave,2024-07-12,2024-07-12,1,Marriage,Pending,
6622,204,Unpaid Leave,2025-07-11,2025-07-17,7,Religious Festival,Approved,Vidhi Dar
6623,423,Paternity Leave,2024-10-16,2024-10-20,5,Personal Work,Approved,Anay Khalsa
6624,2489,Maternity Leave,2024-10-16,2024-10-19,4,Medical Treatment,Approved,Sanya Mani
6625,1066,Emergency Leave,2025-09-10,2025-09-17,8,Vacation,Approved,Sathvik Gera
6626,1781,Emergency Leave,2025-04-12,2025-04-20,9,Child Care,Approved,Qabil Sundaram
6627,1841,Casual Leave,2025-02-06,2025-02-07,2,Religious Festival,Approved,Jackson Bhasin
6628,2013,Annual Leave,2024-11-15,2024-11-16,2,Religious Festival,Approved,Krishna Keer
6629,1766,Annual Leave,2024-01-20,2024-01-25,6,Religious Festival,Approved,Samarth Manne
6630,1648,Sick Leave,2024-01-29,2024-02-02,5,Medical Treatment,Approved,Kalpit Chahal
6631,2064,Annual Leave,2024-03-29,2024-04-05,8,Family Emergency,Approved,Jagrati Chowdhury
6632,67,Paternity Leave,2024-07-10,2024-07-10,1,Religious Festival,Approved,Sanaya Majumdar
6633,1756,Casual Leave,2025-10-30,2025-11-02,4,Higher Education,Approved,Leela Kalita
6634,2882,Emergency Leave,2024-12-22,2024-12-29,8,Vacation,Approved,Lila Tata
6635,2774,Sick Leave,2024-04-17,2024-04-18,2,Higher Education,Approved,Yochana Mitter
6636,444,Maternity Leave,2024-11-13,2024-11-15,3,Medical Treatment,Approved,Amol Kannan
6637,1521,Casual Leave,2025-02-05,2025-02-13,9,Family Emergency,Approved,Harita Modi
6638,52,Unpaid Leave,2025-11-27,2025-11-28,2,Vacation,Approved,Frado Batta
6639,568,Casual Leave,2025-02-24,2025-02-28,5,Vacation,Approved,Riya Batta
6640,2696,Annual Leave,2025-05-14,2025-05-19,6,Vacation,Approved,Ucchal Dani
6641,2078,Paternity Leave,2025-07-04,2025-07-04,1,Marriage,Approved,Bhavani Dixit
6642,2327,Unpaid Leave,2025-11-26,2025-12-03,8,Higher Education,Approved,Saksham Prabhu
6643,971,Maternity Leave,2024-06-29,2024-07-07,9,Personal Work,Approved,Ucchal Badal
6644,1547,Annual Leave,2024-06-17,2024-06-23,7,Marriage,Approved,Xavier Thaker
6645,1156,Sick Leave,2024-11-05,2024-11-13,9,Vacation,Approved,Luke Vaidya
6646,113,Annual Leave,2024-05-04,2024-05-13,10,Marriage,Approved,Eta Patel
6647,1282,Sick Leave,2025-08-11,2025-08-20,10,Marriage,Approved,Irya Goel
6648,73,Emergency Leave,2024-02-24,2024-02-28,5,Child Care,Approved,Aarav Sathe
6649,1287,Casual Leave,2024-06-21,2024-06-27,7,Family Emergency,Approved,Vamakshi Prabhu
6650,2098,Maternity Leave,2024-05-25,2024-06-01,8,Religious Festival,Approved,Hitesh Lad
6651,409,Maternity Leave,2025-01-14,2025-01-23,10,Family Emergency,Approved,Wridesh Shenoy
6652,596,Casual Leave,2025-11-26,2025-11-28,3,Religious Festival,Approved,Rishi Ratti
6653,2589,Emergency Leave,2024-01-31,2024-01-31,1,Family Emergency,Approved,Janaki Shetty
6654,1024,Annual Leave,2025-08-30,2025-09-01,3,Personal Work,Approved,Ronith Parmar
6655,160,Casual Leave,2025-05-15,2025-05-21,7,Higher Education,Approved,Darpan Varghese
6656,419,Sick Leave,2025-08-24,2025-08-29,6,Religious Festival,Approved,Krisha Magar
6657,2125,Maternity Leave,2025-12-23,2025-12-23,1,Medical Treatment,Approved,Champak Shah
6658,2116,Unpaid Leave,2025-10-11,2025-10-13,3,Vacation,Approved,Ishaan Panchal
6659,1380,Annual Leave,2025-03-06,2025-03-12,7,Vacation,Approved,Amara Prabhu
6660,2907,Maternity Leave,2024-11-14,2024-11-15,2,Marriage,Approved,Waida Lalla
6661,2373,Sick Leave,2025-11-13,2025-11-20,8,Personal Work,Approved,Yochana Peri
6662,1129,Emergency Leave,2024-09-07,2024-09-16,10,Child Care,Approved,Arunima Seth
6663,794,Emergency Leave,2025-09-16,2025-09-17,2,Higher Education,Approved,Zayyan Sarna
6664,1602,Maternity Leave,2024-10-08,2024-10-13,6,Personal Work,Approved,Tamanna Karpe
6665,1241,Casual Leave,2024-01-22,2024-01-24,3,Family Emergency,Approved,Suhani Chaudhary
6666,1064,Paternity Leave,2024-11-22,2024-11-30,9,Child Care,Approved,Dhruv Bail
6667,784,Paternity Leave,2025-10-21,2025-10-22,2,Higher Education,Approved,Dhriti Mital
6668,962,Emergency Leave,2024-10-19,2024-10-20,2,Vacation,Approved,Ishita Dass
6669,928,Annual Leave,2024-01-27,2024-01-28,2,Vacation,Pending,
6670,2849,Sick Leave,2025-09-01,2025-09-07,7,Medical Treatment,Approved,Ria Mammen
6671,1080,Unpaid Leave,2025-01-10,2025-01-11,2,Marriage,Approved,Bishakha Nair
6672,2743,Maternity Leave,2024-03-21,2024-03-27,7,Medical Treatment,Approved,Lopa Wason
6673,101,Casual Leave,2025-12-08,2025-12-15,8,Medical Treatment,Pending,
6674,2054,Maternity Leave,2025-04-18,2025-04-19,2,Family Emergency,Approved,Raagini Narayanan
6675,1292,Unpaid Leave,2024-01-04,2024-01-10,7,Family Emergency,Pending,
6676,1245,Paternity Leave,2024-09-10,2024-09-17,8,Marriage,Approved,Upasna Manne
6677,1186,Annual Leave,2024-01-29,2024-01-29,1,Medical Treatment,Approved,Eshana Patil
6678,1151,Annual Leave,2025-03-07,2025-03-10,4,Medical Treatment,Approved,Rajeshri Agarwal
6679,455,Unpaid Leave,2024-12-19,2024-12-27,9,Personal Work,Approved,Chaitanya Sheth
6680,40,Casual Leave,2025-04-10,2025-04-11,2,Marriage,Approved,Hredhaan Agate
6681,642,Casual Leave,2024-11-21,2024-11-22,2,Vacation,Approved,Nicholas Prakash
6682,1269,Casual Leave,2024-11-06,2024-11-13,8,Religious Festival,Approved,Dhruv Mital
6683,1697,Annual Leave,2025-07-19,2025-07-28,10,Vacation,Approved,Raagini Subramaniam
6684,1583,Emergency Leave,2024-10-09,2024-10-10,2,Higher Education,Approved,Madhav Kade
6685,2157,Sick Leave,2025-03-23,2025-03-24,2,Medical Treatment,Approved,Januja Natarajan
6686,1076,Unpaid Leave,2024-01-20,2024-01-25,6,Child Care,Approved,Yoshita Bir
6687,1114,Casual Leave,2024-11-02,2024-11-09,8,Family Emergency,Approved,Rachana Kunda
6688,1875,Casual Leave,2025-05-08,2025-05-15,8,Vacation,Approved,Nicholas Ramaswamy
6689,1864,Paternity Leave,2025-07-06,2025-07-10,5,Marriage,Approved,Deepa Kamdar
6690,1843,Casual Leave,2024-03-20,2024-03-24,5,Higher Education,Approved,Raagini Mohanty
6691,16,Maternity Leave,2024-10-15,2024-10-18,4,Medical Treatment,Approved,Upadhriti Basak
6692,2901,Sick Leave,2024-01-18,2024-01-24,7,Personal Work,Approved,Rajeshri Khanna
6693,365,Sick Leave,2024-02-02,2024-02-08,7,Medical Treatment,Rejected,
6694,18,Unpaid Leave,2025-03-25,2025-03-31,7,Family Emergency,Approved,Praneel Pall
6695,1748,Unpaid Leave,2025-11-29,2025-12-06,8,Medical Treatment,Approved,Alexander Morar
6696,2879,Paternity Leave,2024-01-31,2024-02-08,9,Higher Education,Approved,Vidhi Purohit
6697,1625,Sick Leave,2024-04-10,2024-04-11,2,Vacation,Approved,Hredhaan Kata
6698,333,Annual Leave,2024-06-07,2024-06-15,9,Religious Festival,Approved,Rehaan Chand
6699,1210,Emergency Leave,2024-11-08,2024-11-09,2,Marriage,Approved,Bachittar Mital
6700,1623,Annual Leave,2025-11-06,2025-11-12,7,Vacation,Pending,
6701,252,Casual Leave,2025-05-14,2025-05-21,8,Child Care,Approved,Triya Basu
6702,1901,Maternity Leave,2025-04-18,2025-04-22,5,Child Care,Approved,Waida Mall
6703,2604,Paternity Leave,2024-11-23,2024-12-02,10,Personal Work,Approved,Jasmit Balay
6704,2084,Casual Leave,2024-06-12,2024-06-20,9,Vacation,Approved,Triya Ram
6705,2661,Sick Leave,2025-09-12,2025-09-18,7,Vacation,Approved,Bhavika Kohli
6706,220,Emergency Leave,2025-06-01,2025-06-08,8,Medical Treatment,Approved,Azaan Muni
6707,1821,Emergency Leave,2024-06-10,2024-06-13,4,Religious Festival,Approved,Warda Sarraf
6708,2352,Casual Leave,2024-06-03,2024-06-12,10,Marriage,Approved,Jalsa Konda
6709,152,Emergency Leave,2024-03-25,2024-04-02,9,Medical Treatment,Approved,Avni D’Alia
6710,1812,Annual Leave,2024-12-24,2025-01-02,10,Child Care,Approved,Aadi Seshadri
6711,214,Annual Leave,2024-11-04,2024-11-08,5,Family Emergency,Approved,Kiaan Radhakrishnan
6712,381,Casual Leave,2025-09-25,2025-09-29,5,Religious Festival,Approved,Varenya Raj
6713,1369,Unpaid Leave,2024-08-25,2024-09-03,10,Personal Work,Approved,Ayush Srivastava
6714,932,Sick Leave,2024-01-18,2024-01-21,4,Personal Work,Approved,Yasti Guha
6715,2719,Maternity Leave,2025-03-07,2025-03-13,7,Religious Festival,Rejected,
6716,1533,Sick Leave,2025-09-20,2025-09-23,4,Medical Treatment,Approved,Ojas Bhavsar
6717,1967,Unpaid Leave,2025-08-18,2025-08-18,1,Marriage,Approved,Abeer Loyal
6718,1476,Sick Leave,2024-06-11,2024-06-11,1,Vacation,Approved,Henry Raja
6719,1275,Maternity Leave,2024-07-09,2024-07-18,10,Child Care,Approved,Yashvi Ganguly
6720,2567,Emergency Leave,2025-08-09,2025-08-14,6,Child Care,Approved,Suhani Ravi
6721,2940,Annual Leave,2024-07-19,2024-07-28,10,Higher Education,Approved,William Chakraborty
6722,965,Annual Leave,2025-11-28,2025-12-05,8,Personal Work,Approved,Hamsini Soman
6723,1752,Paternity Leave,2025-05-18,2025-05-20,3,Higher Education,Approved,Samesh Kakar
6724,2940,Paternity Leave,2025-12-17,2025-12-19,3,Marriage,Pending,
6725,2295,Unpaid Leave,2025-09-05,2025-09-10,6,Child Care,Approved,Bhavika Natarajan
6726,1350,Paternity Leave,2025-01-10,2025-01-13,4,Family Emergency,Approved,Maya Deep
6727,1963,Paternity Leave,2025-08-29,2025-09-04,7,Medical Treatment,Approved,Jagrati Doshi
6728,1069,Paternity Leave,2024-09-15,2024-09-16,2,Marriage,Rejected,
6729,1121,Maternity Leave,2025-05-10,2025-05-13,4,Higher Education,Approved,Advik Agate
6730,2495,Emergency Leave,2024-02-17,2024-02-24,8,Child Care,Pending,
6731,25,Casual Leave,2025-11-17,2025-11-22,6,Medical Treatment,Approved,Chatresh Sule
6732,1957,Unpaid Leave,2024-12-29,2025-01-01,4,Higher Education,Approved,Harsh Kara
6733,2489,Sick Leave,2025-03-21,2025-03-22,2,Medical Treatment,Pending,
6734,1592,Sick Leave,2025-06-07,2025-06-12,6,Marriage,Approved,Ekansh Ramaswamy
6735,1520,Unpaid Leave,2024-04-01,2024-04-05,5,Child Care,Approved,Pratyush Bhatia
6736,855,Unpaid Leave,2025-12-29,2026-01-07,10,Higher Education,Approved,Samesh Rau
6737,64,Annual Leave,2024-11-20,2024-11-24,5,Religious Festival,Approved,Aayush Taneja
6738,1478,Emergency Leave,2025-02-21,2025-02-21,1,Marriage,Approved,Jhalak Andra
6739,2455,Paternity Leave,2025-11-08,2025-11-11,4,Family Emergency,Approved,Arya Sarna
6740,1948,Paternity Leave,2024-02-04,2024-02-05,2,Child Care,Approved,Amruta Pandya
6741,1629,Paternity Leave,2025-12-19,2025-12-28,10,Religious Festival,Rejected,
6742,1320,Sick Leave,2024-02-23,2024-03-03,10,Vacation,Approved,Chanchal Manne
6743,1349,Annual Leave,2025-05-11,2025-05-20,10,Child Care,Pending,
6744,220,Annual Leave,2024-05-06,2024-05-06,1,Medical Treatment,Approved,Ekiya Sarin
6745,2733,Unpaid Leave,2025-09-22,2025-09-22,1,Religious Festival,Approved,Meghana Choudhry
6746,1738,Annual Leave,2024-07-05,2024-07-11,7,Higher Education,Approved,Udarsh Sethi
6747,789,Maternity Leave,2025-11-04,2025-11-08,5,Medical Treatment,Approved,Bhavini Bedi
6748,571,Annual Leave,2024-04-27,2024-04-30,4,Family Emergency,Approved,Charles Padmanabhan
6749,2684,Unpaid Leave,2024-12-16,2024-12-19,4,Personal Work,Approved,Charles Saxena
6750,2728,Emergency Leave,2024-08-07,2024-08-16,10,Child Care,Approved,Harita Dalal
6751,1959,Sick Leave,2024-07-10,2024-07-13,4,Marriage,Approved,Anamika Tank
6752,302,Annual Leave,2025-06-05,2025-06-09,5,Medical Treatment,Approved,Unni Hayre
6753,2023,Paternity Leave,2025-09-26,2025-10-03,8,Marriage,Pending,
6754,2573,Emergency Leave,2024-11-27,2024-12-02,6,Child Care,Rejected,
6755,288,Maternity Leave,2025-04-26,2025-04-28,3,Medical Treatment,Approved,Geetika Deshmukh
6756,2173,Maternity Leave,2025-02-17,2025-02-19,3,Vacation,Approved,Baghyawati Magar
6757,1683,Sick Leave,2024-01-29,2024-01-30,2,Child Care,Approved,Mekhala Khatri
6758,1178,Annual Leave,2025-10-22,2025-10-29,8,Marriage,Approved,Mugdha Gola
6759,120,Sick Leave,2025-11-22,2025-11-25,4,Medical Treatment,Approved,Tanvi Chauhan
6760,2828,Paternity Leave,2025-11-09,2025-11-15,7,Child Care,Approved,Gaurangi Bose
6761,2076,Sick Leave,2025-05-01,2025-05-06,6,Medical Treatment,Pending,
6762,1696,Unpaid Leave,2025-11-22,2025-11-29,8,Vacation,Approved,Laban Raju
6763,999,Sick Leave,2024-07-08,2024-07-11,4,Medical Treatment,Approved,Unnati Dugar
6764,2921,Maternity Leave,2024-10-01,2024-10-04,4,Religious Festival,Approved,Sudiksha Mittal
6765,574,Unpaid Leave,2024-07-16,2024-07-24,9,Child Care,Approved,Kamala Nayar
6766,1861,Annual Leave,2025-09-11,2025-09-13,3,Marriage,Approved,Tarak Gulati
6767,1889,Maternity Leave,2024-11-01,2024-11-05,5,Religious Festival,Approved,Advik Kadakia
6768,678,Sick Leave,2025-09-18,2025-09-23,6,Child Care,Approved,Rajeshri Ben
6769,1054,Casual Leave,2025-02-01,2025-02-05,5,Personal Work,Approved,Harinakshi Edwin
6770,1018,Unpaid Leave,2024-02-08,2024-02-14,7,Child Care,Approved,Hiral Pillai
6771,2078,Annual Leave,2024-08-02,2024-08-03,2,Marriage,Approved,Yachana Krishnamurthy
6772,905,Annual Leave,2025-06-23,2025-06-29,7,Vacation,Approved,Tripti Gulati
6773,1313,Maternity Leave,2025-06-02,2025-06-09,8,Religious Festival,Approved,Rachita Raman
6774,1300,Paternity Leave,2024-08-20,2024-08-25,6,Vacation,Approved,Brijesh Pathak
6775,2623,Emergency Leave,2025-02-15,2025-02-17,3,Higher Education,Approved,Tamanna Sami
6776,2498,Annual Leave,2024-09-16,2024-09-18,3,Medical Treatment,Pending,
6777,2819,Sick Leave,2024-05-27,2024-05-27,1,Personal Work,Approved,Widisha Bobal
6778,1599,Sick Leave,2024-08-29,2024-09-05,8,Child Care,Approved,Keya D’Alia
6779,732,Paternity Leave,2024-12-03,2024-12-09,7,Vacation,Approved,Isaiah Bhasin
6780,887,Sick Leave,2025-08-02,2025-08-05,4,Personal Work,Approved,Zayan Kibe
6781,297,Maternity Leave,2024-05-15,2024-05-15,1,Religious Festival,Approved,Yamini Deep
6782,1412,Paternity Leave,2024-12-11,2024-12-20,10,Higher Education,Approved,Baljiwan Kulkarni
6783,1919,Unpaid Leave,2025-08-20,2025-08-23,4,Marriage,Approved,Alka Naidu
6784,2465,Unpaid Leave,2024-01-11,2024-01-16,6,Religious Festival,Rejected,
6785,1419,Annual Leave,2025-10-28,2025-11-06,10,Family Emergency,Rejected,
6786,1044,Paternity Leave,2025-05-19,2025-05-26,8,Medical Treatment,Approved,Jack Tak
6787,302,Annual Leave,2024-07-30,2024-08-06,8,Child Care,Approved,Geetika Nair
6788,1868,Annual Leave,2025-09-23,2025-09-26,4,Child Care,Approved,Henry Bhakta
6789,608,Casual Leave,2025-03-19,2025-03-25,7,Higher Education,Pending,
6790,1766,Annual Leave,2024-09-29,2024-09-30,2,Personal Work,Approved,Reva Batta
6791,2992,Unpaid Leave,2025-02-24,2025-02-26,3,Vacation,Approved,Irya Bhandari
6792,60,Maternity Leave,2025-10-18,2025-10-18,1,Marriage,Approved,Daniel Bhattacharyya
6793,132,Paternity Leave,2025-11-30,2025-12-08,9,Family Emergency,Approved,Fiyaz Patla
6794,2574,Casual Leave,2025-11-07,2025-11-15,9,Higher Education,Approved,Upkaar Vohra
6795,915,Unpaid Leave,2024-03-04,2024-03-06,3,Vacation,Approved,Aachal Nair
6796,1933,Paternity Leave,2025-12-16,2025-12-24,9,Medical Treatment,Approved,Anika Rajan
6797,704,Paternity Leave,2024-03-28,2024-04-04,8,Child Care,Approved,Faris Sibal
6798,1447,Unpaid Leave,2024-04-07,2024-04-11,5,Family Emergency,Approved,Urmi Chawla
6799,754,Annual Leave,2025-06-11,2025-06-18,8,Medical Treatment,Approved,Ijaya Pathak
6800,2528,Emergency Leave,2024-05-04,2024-05-04,1,Family Emergency,Approved,Qadim Anne
6801,2232,Emergency Leave,2024-11-27,2024-12-01,5,Medical Treatment,Approved,Ekiya Hayer
6802,1790,Paternity Leave,2024-04-14,2024-04-16,3,Child Care,Approved,Damini Kaur
6803,858,Paternity Leave,2025-12-07,2025-12-13,7,Family Emergency,Approved,Jyoti Sundaram
6804,2559,Paternity Leave,2024-10-23,2024-10-28,6,Medical Treatment,Approved,Netra Garde
6805,2804,Paternity Leave,2025-01-30,2025-01-30,1,Religious Festival,Approved,Upadhriti Suresh
6806,331,Annual Leave,2025-08-12,2025-08-20,9,Personal Work,Approved,Abhiram Nagy
6807,2821,Maternity Leave,2025-02-28,2025-03-04,5,Family Emergency,Approved,Pranit Ramanathan
6808,1759,Sick Leave,2024-11-06,2024-11-09,4,Vacation,Approved,Neha Padmanabhan
6809,860,Emergency Leave,2024-12-16,2024-12-16,1,Family Emergency,Rejected,
6810,529,Sick Leave,2025-09-18,2025-09-23,6,Marriage,Approved,Aarnav Chanda
6811,12,Paternity Leave,2024-11-21,2024-11-24,4,Family Emergency,Approved,Nisha Chaudhry
6812,2621,Casual Leave,2025-03-12,2025-03-15,4,Religious Festival,Rejected,
6813,839,Maternity Leave,2024-08-20,2024-08-21,2,Family Emergency,Rejected,
6814,2295,Annual Leave,2024-05-16,2024-05-25,10,Child Care,Approved,Kai Gopal
6815,2906,Emergency Leave,2025-06-23,2025-06-26,4,Child Care,Approved,Pranit Choudhary
6816,2508,Emergency Leave,2025-04-12,2025-04-20,9,Personal Work,Approved,Rehaan Dani
6817,38,Sick Leave,2025-08-31,2025-09-03,4,Personal Work,Approved,Lekha Kapadia
6818,1532,Casual Leave,2024-10-12,2024-10-16,5,Vacation,Approved,Ijaya Grewal
6819,1596,Annual Leave,2025-07-12,2025-07-18,7,Higher Education,Approved,Vedant Sule
6820,18,Annual Leave,2024-11-12,2024-11-20,9,Religious Festival,Approved,Lohit Kaul
6821,2263,Annual Leave,2025-03-02,2025-03-03,2,Medical Treatment,Approved,Vritti Desai
6822,2007,Emergency Leave,2024-01-17,2024-01-21,5,Child Care,Approved,Wahab Nazareth
6823,2840,Sick Leave,2025-06-10,2025-06-18,9,Family Emergency,Approved,Ishita Bakshi
6824,1212,Annual Leave,2024-12-20,2024-12-21,2,Religious Festival,Approved,Chatresh Malhotra
6825,75,Paternity Leave,2025-05-28,2025-06-06,10,Child Care,Rejected,
6826,2521,Maternity Leave,2024-11-19,2024-11-25,7,Marriage,Approved,Lakshmi Sheth
6827,501,Casual Leave,2024-09-09,2024-09-11,3,Religious Festival,Approved,Jatin Dutta
6828,655,Paternity Leave,2025-04-17,2025-04-20,4,Family Emergency,Approved,Guneet Dubey
6829,2707,Unpaid Leave,2025-01-22,2025-01-30,9,Religious Festival,Pending,
6830,2062,Unpaid Leave,2025-02-06,2025-02-14,9,Higher Education,Approved,Rajeshri Guha
6831,2654,Emergency Leave,2024-09-02,2024-09-06,5,Personal Work,Approved,Ishanvi Parsa
6832,235,Paternity Leave,2024-04-19,2024-04-23,5,Child Care,Approved,Tanveer Dube
6833,715,Casual Leave,2025-07-31,2025-08-03,4,Vacation,Approved,Daksh Bumb
6834,437,Annual Leave,2025-04-10,2025-04-11,2,Family Emergency,Pending,
6835,1330,Casual Leave,2024-04-13,2024-04-21,9,Family Emergency,Approved,Quincy Walla
6836,1897,Emergency Leave,2025-10-30,2025-11-07,9,Family Emergency,Approved,Darpan Kala
6837,1647,Annual Leave,2025-08-27,2025-08-30,4,Higher Education,Approved,Eesha Kohli
6838,1132,Maternity Leave,2024-07-03,2024-07-12,10,Marriage,Approved,Reyansh Butala
6839,82,Casual Leave,2025-08-02,2025-08-07,6,Vacation,Approved,Yashodhara Desai
6840,2895,Unpaid Leave,2024-02-23,2024-03-03,10,Child Care,Approved,Jalsa Mannan
6841,277,Unpaid Leave,2025-06-18,2025-06-22,5,Family Emergency,Approved,Nihal Narula
6842,730,Maternity Leave,2024-08-03,2024-08-06,4,Religious Festival,Approved,Kamya Shroff
6843,2835,Unpaid Leave,2025-11-19,2025-11-23,5,Religious Festival,Approved,Elijah Master
6844,2443,Sick Leave,2025-03-28,2025-03-28,1,Religious Festival,Approved,Tarak Golla
6845,2309,Emergency Leave,2025-11-02,2025-11-09,8,Higher Education,Approved,Mohini Thakur
6846,2456,Maternity Leave,2024-02-21,2024-02-22,2,Marriage,Approved,Madhavi Agrawal
6847,1840,Maternity Leave,2025-12-18,2025-12-26,9,Personal Work,Approved,Ekantika Batta
6848,1358,Emergency Leave,2024-03-27,2024-04-02,7,Higher Education,Rejected,
6849,1025,Casual Leave,2024-10-04,2024-10-05,2,Child Care,Approved,Rachit Date
6850,3,Maternity Leave,2024-09-28,2024-10-07,10,Religious Festival,Rejected,
6851,2174,Maternity Leave,2025-04-02,2025-04-09,8,Vacation,Pending,
6852,447,Casual Leave,2025-04-18,2025-04-20,3,Marriage,Approved,Isaac Deep
6853,826,Emergency Leave,2024-04-20,2024-04-28,9,Child Care,Approved,Udarsh Buch
6854,249,Annual Leave,2025-06-16,2025-06-24,9,Higher Education,Approved,Jacob Doctor
6855,1773,Paternity Leave,2025-04-14,2025-04-15,2,Marriage,Approved,Ishani Lanka
6856,29,Paternity Leave,2024-08-23,2024-08-30,8,Medical Treatment,Approved,Kalpit Sant
6857,479,Paternity Leave,2025-07-26,2025-07-29,4,Higher Education,Approved,Hredhaan Goyal
6858,2365,Unpaid Leave,2024-12-09,2024-12-18,10,Medical Treatment,Approved,Nakul Bhargava
6859,2595,Casual Leave,2025-08-09,2025-08-15,7,Marriage,Pending,
6860,866,Maternity Leave,2025-08-27,2025-09-03,8,Religious Festival,Approved,Andrew Chauhan
6861,597,Maternity Leave,2024-01-24,2024-01-29,6,Child Care,Approved,Isaac Chaudry
6862,2100,Paternity Leave,2025-09-19,2025-09-20,2,Personal Work,Approved,Girik Oommen
6863,962,Maternity Leave,2025-03-06,2025-03-13,8,Marriage,Approved,Gaurav Prabhu
6864,210,Paternity Leave,2025-03-13,2025-03-22,10,Vacation,Approved,Vincent Mangal
6865,1927,Sick Leave,2025-07-13,2025-07-20,8,Personal Work,Approved,Advaith Kar
6866,1134,Casual Leave,2025-11-14,2025-11-21,8,Personal Work,Approved,Yatan Chowdhury
6867,1269,Casual Leave,2025-05-11,2025-05-12,2,Vacation,Approved,Laksh Patel
6868,1851,Emergency Leave,2025-10-12,2025-10-21,10,Family Emergency,Pending,
6869,1746,Sick Leave,2025-12-13,2025-12-19,7,Religious Festival,Approved,Chavvi Khare
6870,1167,Paternity Leave,2025-06-21,2025-06-24,4,Higher Education,Approved,Widisha Kale
6871,1453,Maternity Leave,2025-01-05,2025-01-06,2,Vacation,Approved,Nisha Kakar
6872,1062,Sick Leave,2024-09-29,2024-10-04,6,Marriage,Approved,Kiaan Datta
6873,2504,Maternity Leave,2024-11-20,2024-11-25,6,Vacation,Pending,
6874,1893,Unpaid Leave,2025-09-12,2025-09-21,10,Child Care,Approved,Kala Sha
6875,1491,Maternity Leave,2025-02-03,2025-02-08,6,Marriage,Approved,Harita Mittal
6876,2753,Emergency Leave,2025-02-09,2025-02-14,6,Medical Treatment,Approved,Samarth Singh
6877,1550,Emergency Leave,2025-10-25,2025-11-02,9,Marriage,Approved,Ekaraj Nayak
6878,1256,Paternity Leave,2025-09-15,2025-09-15,1,Marriage,Approved,Lucky Lalla
6879,233,Emergency Leave,2024-03-24,2024-03-25,2,Higher Education,Approved,Nidhi Anand
6880,1908,Emergency Leave,2025-03-14,2025-03-15,2,Marriage,Pending,
6881,1296,Paternity Leave,2025-09-22,2025-09-22,1,Vacation,Approved,Ishita Deep
6882,2015,Maternity Leave,2025-11-30,2025-12-08,9,Family Emergency,Approved,Ucchal Bhattacharyya
6883,609,Sick Leave,2025-08-11,2025-08-14,4,Religious Festival,Approved,Urmi Viswanathan
6884,1158,Annual Leave,2024-06-04,2024-06-07,4,Child Care,Pending,
6885,2383,Maternity Leave,2024-03-14,2024-03-23,10,Religious Festival,Approved,Aarush Dewan
6886,2794,Unpaid Leave,2024-01-24,2024-01-24,1,Marriage,Approved,Nilima Palan
6887,357,Unpaid Leave,2025-10-22,2025-10-24,3,Child Care,Pending,
6888,1291,Sick Leave,2024-09-05,2024-09-07,3,Religious Festival,Approved,Dakshesh Tailor
6889,2845,Paternity Leave,2025-03-05,2025-03-10,6,Personal Work,Approved,Yachana Kapoor
6890,2553,Emergency Leave,2025-03-12,2025-03-14,3,Vacation,Approved,Krishna Kadakia
6891,772,Sick Leave,2024-02-21,2024-02-23,3,Higher Education,Approved,Ayaan Sidhu
6892,1996,Annual Leave,2025-08-15,2025-08-19,5,Religious Festival,Approved,Aishani Vora
6893,137,Maternity Leave,2025-10-21,2025-10-24,4,Religious Festival,Approved,Vinaya Saxena
6894,1508,Casual Leave,2025-08-14,2025-08-21,8,Vacation,Rejected,
6895,610,Annual Leave,2024-03-17,2024-03-17,1,Higher Education,Approved,Harinakshi Nazareth
6896,1031,Annual Leave,2024-05-27,2024-05-30,4,Personal Work,Approved,Jagvi Warrior
6897,1088,Unpaid Leave,2025-04-24,2025-04-29,6,Higher Education,Approved,Amrita Bhakta
6898,1605,Annual Leave,2024-10-13,2024-10-15,3,Marriage,Approved,Indira Buch
6899,2715,Maternity Leave,2025-08-14,2025-08-15,2,Family Emergency,Pending,
6900,1957,Paternity Leave,2024-08-04,2024-08-04,1,Religious Festival,Approved,Januja Mander
6901,122,Emergency Leave,2025-10-27,2025-11-02,7,Family Emergency,Approved,Tejas Bail
6902,692,Unpaid Leave,2024-05-27,2024-05-29,3,Marriage,Pending,
6903,2688,Paternity Leave,2024-01-10,2024-01-10,1,Personal Work,Approved,Rajeshri Upadhyay
6904,1161,Emergency Leave,2025-07-23,2025-07-31,9,Marriage,Approved,Jagrati Chahal
6905,2750,Annual Leave,2025-11-01,2025-11-05,5,Religious Festival,Approved,Owen Oak
6906,1394,Maternity Leave,2025-04-19,2025-04-24,6,Child Care,Approved,Yashvi Tailor
6907,870,Paternity Leave,2024-02-15,2024-02-20,6,Higher Education,Approved,Suhani Rastogi
6908,2042,Emergency Leave,2025-05-28,2025-06-05,9,Personal Work,Approved,Abhiram Suresh
6909,887,Sick Leave,2024-01-04,2024-01-06,3,Marriage,Approved,Zaitra Baria
6910,2362,Paternity Leave,2024-11-04,2024-11-13,10,Child Care,Approved,Reyansh Vasa
6911,145,Annual Leave,2024-06-01,2024-06-09,9,Marriage,Approved,Shaurya Mannan
6912,1640,Maternity Leave,2024-03-25,2024-03-31,7,Family Emergency,Approved,Vincent Bajwa
6913,1738,Maternity Leave,2025-11-12,2025-11-12,1,Family Emergency,Approved,Veer Divan
6914,614,Annual Leave,2025-10-13,2025-10-22,10,Religious Festival,Approved,Bachittar Pandit
6915,2772,Annual Leave,2024-08-14,2024-08-20,7,Vacation,Approved,Sai Nagi
6916,1769,Paternity Leave,2025-05-21,2025-05-28,8,Medical Treatment,Approved,Michael Mutti
6917,1396,Paternity Leave,2024-09-26,2024-09-27,2,Vacation,Approved,Saumya Savant
6918,849,Maternity Leave,2025-01-02,2025-01-05,4,Vacation,Approved,Mekhala Shetty
6919,1873,Emergency Leave,2025-05-05,2025-05-14,10,Family Emergency,Approved,Girik Anand
6920,470,Emergency Leave,2025-12-13,2025-12-15,3,Marriage,Approved,Inaya Saran
6921,2810,Sick Leave,2024-04-12,2024-04-15,4,Medical Treatment,Approved,Udant Goswami
6922,2443,Sick Leave,2024-01-24,2024-02-02,10,Family Emergency,Pending,
6923,461,Annual Leave,2024-06-27,2024-07-02,6,Higher Education,Approved,Girik Nanda
6924,349,Sick Leave,2024-11-01,2024-11-03,3,Vacation,Pending,
6925,228,Maternity Leave,2025-06-27,2025-06-29,3,Marriage,Pending,
6926,2673,Emergency Leave,2024-12-15,2024-12-22,8,Family Emergency,Approved,Matthew Ramakrishnan
6927,1860,Unpaid Leave,2025-10-02,2025-10-02,1,Religious Festival,Approved,Gayathri Venkataraman
6928,2012,Paternity Leave,2024-10-01,2024-10-09,9,Higher Education,Approved,Nitesh Pandit
6929,683,Maternity Leave,2024-11-27,2024-11-29,3,Marriage,Approved,Harish Hans
6930,618,Sick Leave,2024-08-02,2024-08-10,9,Vacation,Approved,Chakradev Upadhyay
6931,325,Sick Leave,2025-03-14,2025-03-20,7,Vacation,Rejected,
6932,1193,Casual Leave,2024-01-08,2024-01-14,7,Religious Festival,Approved,Wridesh Joshi
6933,2062,Maternity Leave,2025-08-20,2025-08-25,6,Personal Work,Approved,Nandini Buch
6934,2012,Emergency Leave,2025-12-07,2025-12-07,1,Child Care,Approved,Aarini Kalla
6935,2837,Unpaid Leave,2025-12-09,2025-12-09,1,Personal Work,Approved,Leela Vala
6936,1803,Sick Leave,2025-12-21,2025-12-25,5,Religious Festival,Pending,
6937,725,Casual Leave,2025-02-05,2025-02-12,8,Higher Education,Approved,Arjun Bora
6938,2847,Casual Leave,2025-03-25,2025-04-01,8,Personal Work,Approved,Sudiksha Khatri
6939,58,Emergency Leave,2025-09-22,2025-09-22,1,Personal Work,Approved,Chatresh Wadhwa
6940,1707,Casual Leave,2025-05-18,2025-05-25,8,Vacation,Approved,Jairaj Hari
6941,1778,Annual Leave,2025-10-25,2025-10-27,3,Higher Education,Pending,
6942,628,Maternity Leave,2024-12-08,2024-12-12,5,Vacation,Approved,Janani Raja
6943,2453,Sick Leave,2024-05-01,2024-05-09,9,Family Emergency,Approved,Gunbir Bal
6944,1643,Paternity Leave,2025-01-20,2025-01-21,2,Child Care,Approved,Chaitanya Uppal
6945,1054,Annual Leave,2025-08-12,2025-08-19,8,Religious Festival,Approved,Faraj Sani
6946,803,Unpaid Leave,2024-04-19,2024-04-26,8,Child Care,Approved,David Sridhar
6947,137,Casual Leave,2024-10-17,2024-10-23,7,Child Care,Approved,Veer Gara
6948,2224,Maternity Leave,2024-09-24,2024-09-24,1,Medical Treatment,Approved,Ishwar Prashad
6949,2827,Unpaid Leave,2025-05-29,2025-06-04,7,Higher Education,Approved,Krishna Handa
6950,2365,Unpaid Leave,2024-02-26,2024-03-02,6,Family Emergency,Approved,Vanya Seth
6951,1910,Maternity Leave,2025-07-12,2025-07-20,9,Medical Treatment,Approved,Abhimanyu Ramaswamy
6952,714,Unpaid Leave,2024-06-04,2024-06-08,5,Religious Festival,Approved,Ubika Joshi
6953,976,Casual Leave,2025-06-26,2025-06-30,5,Child Care,Approved,Hema Agate
6954,74,Annual Leave,2024-04-15,2024-04-24,10,Personal Work,Approved,Yahvi Bajaj
6955,2279,Annual Leave,2024-06-05,2024-06-13,9,Medical Treatment,Approved,Mohini Bawa
6956,1931,Annual Leave,2024-03-31,2024-04-08,9,Child Care,Approved,Keya Kar
6957,1991,Unpaid Leave,2024-11-30,2024-12-01,2,Vacation,Approved,Udarsh Gera
6958,1965,Emergency Leave,2025-04-27,2025-04-28,2,Vacation,Approved,Banjeet Grewal
6959,1931,Unpaid Leave,2024-09-30,2024-10-04,5,Marriage,Approved,Faqid Issac
6960,922,Emergency Leave,2024-11-18,2024-11-26,9,Higher Education,Approved,Rudra Rattan
6961,2446,Emergency Leave,2025-05-16,2025-05-23,8,Personal Work,Approved,Anita Merchant
6962,1689,Annual Leave,2025-03-10,2025-03-10,1,Medical Treatment,Approved,Mohini Ratti
6963,376,Annual Leave,2024-09-15,2024-09-24,10,Vacation,Pending,
6964,2771,Emergency Leave,2025-03-12,2025-03-12,1,Higher Education,Approved,Lohit Doctor
6965,2275,Paternity Leave,2025-08-08,2025-08-13,6,Family Emergency,Approved,Chaaya Srinivasan
6966,49,Casual Leave,2024-03-03,2024-03-03,1,Personal Work,Approved,Balhaar Sha
6967,2316,Emergency Leave,2025-07-09,2025-07-11,3,Marriage,Approved,Upkaar Vala
6968,2881,Paternity Leave,2025-06-24,2025-07-03,10,Medical Treatment,Approved,Abhiram Pathak
6969,49,Paternity Leave,2025-01-26,2025-01-28,3,Higher Education,Approved,Veda Chowdhury
6970,1493,Maternity Leave,2025-01-04,2025-01-13,10,Higher Education,Approved,Jagdish Brahmbhatt
6971,2763,Paternity Leave,2025-09-12,2025-09-17,6,Child Care,Approved,Gopal Soni
6972,1317,Maternity Leave,2025-11-24,2025-12-01,8,Personal Work,Approved,Xalak Raval
6973,685,Casual Leave,2025-04-26,2025-04-28,3,Personal Work,Approved,Rushil Manne
6974,2741,Paternity Leave,2025-07-27,2025-07-29,3,Medical Treatment,Approved,Advay Bahl
6975,1657,Casual Leave,2024-09-22,2024-09-23,2,Marriage,Approved,Ishanvi Handa
6976,1806,Casual Leave,2025-01-20,2025-01-20,1,Religious Festival,Pending,
6977,381,Sick Leave,2025-12-21,2025-12-24,4,Marriage,Approved,Vrinda More
6978,1820,Unpaid Leave,2024-11-24,2024-11-30,7,Child Care,Approved,Champak Uppal
6979,2349,Unpaid Leave,2024-10-01,2024-10-10,10,Medical Treatment,Approved,Anthony Murty
6980,2770,Emergency Leave,2024-08-22,2024-08-22,1,Religious Festival,Approved,Shravya Sanghvi
6981,1407,Emergency Leave,2024-06-09,2024-06-10,2,Higher Education,Approved,Pooja Vaidya
6982,1234,Maternity Leave,2024-09-25,2024-09-25,1,Personal Work,Approved,Bhavani Vasa
6983,2521,Paternity Leave,2025-11-21,2025-11-27,7,Medical Treatment,Approved,Peter Swaminathan
6984,1127,Casual Leave,2025-07-11,2025-07-20,10,Vacation,Approved,Yatan Swamy
6985,867,Unpaid Leave,2024-01-04,2024-01-09,6,Family Emergency,Approved,Raagini Rana
6986,1161,Paternity Leave,2025-08-23,2025-08-23,1,Higher Education,Approved,Jonathan Narasimhan
6987,1047,Casual Leave,2025-12-24,2025-12-29,6,Child Care,Approved,Tanay Sen
6988,857,Sick Leave,2024-10-15,2024-10-19,5,Marriage,Approved,Viraj Tandon
6989,1300,Sick Leave,2024-03-14,2024-03-21,8,Medical Treatment,Approved,Kiaan Rege
6990,399,Annual Leave,2024-07-27,2024-07-28,2,Vacation,Approved,Dalaja Khanna
6991,2872,Maternity Leave,2025-11-19,2025-11-24,6,Medical Treatment,Approved,Mugdha Lad
6992,2189,Casual Leave,2024-01-31,2024-02-06,7,Religious Festival,Approved,Onveer Agate
6993,2444,Sick Leave,2025-10-18,2025-10-20,3,Religious Festival,Approved,Chameli Mangat
6994,2363,Emergency Leave,2025-01-08,2025-01-09,2,Marriage,Approved,Pushti Bir
6995,215,Unpaid Leave,2025-01-01,2025-01-08,8,Marriage,Approved,Ucchal Wason
6996,2666,Casual Leave,2025-02-22,2025-03-02,9,Vacation,Approved,Yashoda Kumer
6997,640,Sick Leave,2024-06-04,2024-06-10,7,Religious Festival,Approved,Raagini Basu
6998,2524,Emergency Leave,2025-04-09,2025-04-11,3,Religious Festival,Approved,Wriddhish Chandran
6999,1215,Maternity Leave,2025-03-15,2025-03-17,3,Higher Education,Approved,Kashvi Chhabra
7000,2245,Unpaid Leave,2025-01-25,2025-01-26,2,Family Emergency,Approved,Maanav Sarkar
7001,264,Unpaid Leave,2025-05-17,2025-05-21,5,Personal Work,Approved,Aadi Ben
7002,2494,Paternity Leave,2024-05-12,2024-05-20,9,Personal Work,Approved,Kabir Bumb
7003,1584,Annual Leave,2025-12-27,2025-12-31,5,Marriage,Approved,Jasmit Agrawal
7004,1867,Annual Leave,2025-06-19,2025-06-26,8,Personal Work,Approved,Oeshi Goel
7005,2795,Emergency Leave,2025-04-20,2025-04-22,3,Child Care,Approved,Kalpit Dutta
7006,322,Emergency Leave,2024-07-29,2024-07-31,3,Vacation,Approved,Adweta Shenoy
7007,1112,Casual Leave,2025-11-29,2025-12-01,3,Family Emergency,Approved,Kritika Oommen
7008,1736,Emergency Leave,2024-05-29,2024-06-04,7,Higher Education,Approved,Rushil Bandi
7009,2416,Maternity Leave,2025-08-22,2025-08-30,9,Higher Education,Approved,Qushi Krishnamurthy
7010,1355,Casual Leave,2025-01-30,2025-02-03,5,Personal Work,Approved,Hitesh Tak
7011,1852,Unpaid Leave,2024-02-08,2024-02-12,5,Marriage,Rejected,
7012,1138,Annual Leave,2025-02-04,2025-02-05,2,Family Emergency,Pending,
7013,2958,Maternity Leave,2024-12-16,2024-12-19,4,Vacation,Approved,Hamsini Tank
7014,2832,Casual Leave,2024-10-09,2024-10-18,10,Higher Education,Approved,Ishaan Uppal
7015,1364,Paternity Leave,2024-12-11,2024-12-12,2,Marriage,Rejected,
7016,1029,Emergency Leave,2024-09-13,2024-09-16,4,Vacation,Approved,Suhani Bera
7017,455,Sick Leave,2024-08-06,2024-08-10,5,Personal Work,Approved,Yatin Bains
7018,1207,Emergency Leave,2024-03-05,2024-03-14,10,Religious Festival,Approved,Devika Bora
7019,1668,Annual Leave,2025-06-22,2025-06-23,2,Child Care,Rejected,
7020,2271,Unpaid Leave,2025-05-27,2025-06-02,7,Family Emergency,Approved,Kala Saxena
7021,2873,Sick Leave,2024-07-12,2024-07-12,1,Higher Education,Rejected,
7022,116,Paternity Leave,2025-11-16,2025-11-22,7,Personal Work,Approved,Hemangini Wadhwa
7023,2124,Annual Leave,2025-02-21,2025-02-26,6,Medical Treatment,Rejected,
7024,1552,Annual Leave,2025-03-16,2025-03-18,3,Higher Education,Approved,Pranav Shroff
7025,2604,Casual Leave,2025-08-11,2025-08-14,4,Marriage,Approved,Ishaan Sangha
7026,1803,Paternity Leave,2024-08-23,2024-08-25,3,Higher Education,Approved,Jai Kuruvilla
7027,277,Maternity Leave,2024-07-30,2024-08-05,7,Family Emergency,Approved,Falguni Divan
7028,1165,Casual Leave,2025-05-13,2025-05-20,8,Religious Festival,Approved,Mahika Narayan
7029,1714,Sick Leave,2024-06-13,2024-06-14,2,Medical Treatment,Approved,Eiravati Dugar
7030,533,Paternity Leave,2025-02-01,2025-02-02,2,Vacation,Approved,Vinaya Patel
7031,2014,Maternity Leave,2025-08-08,2025-08-10,3,Higher Education,Approved,Sara Sarkar
7032,2211,Unpaid Leave,2025-05-23,2025-05-23,1,Child Care,Pending,
7033,318,Casual Leave,2025-05-05,2025-05-09,5,Religious Festival,Approved,Ucchal Lalla
7034,2104,Emergency Leave,2025-03-05,2025-03-11,7,Child Care,Approved,Bakhshi Swamy
7035,1336,Paternity Leave,2025-09-01,2025-09-05,5,Vacation,Approved,Netra Dugar
7036,677,Paternity Leave,2025-10-21,2025-10-29,9,Family Emergency,Approved,Ucchal Chakraborty
7037,1387,Sick Leave,2024-11-18,2024-11-19,2,Child Care,Pending,
7038,1773,Maternity Leave,2024-04-15,2024-04-15,1,Religious Festival,Pending,
7039,2513,Casual Leave,2024-02-07,2024-02-13,7,Personal Work,Approved,Turvi Sur
7040,720,Maternity Leave,2025-08-14,2025-08-22,9,Personal Work,Pending,
7041,1840,Annual Leave,2024-06-16,2024-06-21,6,Marriage,Approved,Chaman Nazareth
7042,325,Paternity Leave,2025-03-15,2025-03-18,4,Family Emergency,Approved,Unni Oza
7043,2527,Maternity Leave,2024-03-30,2024-04-07,9,Higher Education,Approved,Veer Munshi
7044,374,Unpaid Leave,2024-04-04,2024-04-06,3,Family Emergency,Approved,Qasim Mukherjee
7045,69,Sick Leave,2024-03-28,2024-04-03,7,Child Care,Pending,
7046,1201,Sick Leave,2025-08-17,2025-08-24,8,Higher Education,Pending,
7047,2233,Emergency Leave,2025-08-24,2025-08-26,3,Religious Festival,Approved,Yashvi Korpal
7048,763,Emergency Leave,2025-04-18,2025-04-20,3,Child Care,Approved,Laksh Biswas
7049,120,Paternity Leave,2024-10-30,2024-11-02,4,Higher Education,Approved,Balendra Khatri
7050,1839,Maternity Leave,2025-12-15,2025-12-18,4,Higher Education,Approved,Kai Vora
7051,328,Paternity Leave,2024-11-01,2024-11-01,1,Marriage,Approved,Dhruv Sarna
7052,909,Casual Leave,2024-03-24,2024-03-29,6,Religious Festival,Approved,Nidra Lad
7053,1968,Sick Leave,2024-10-05,2024-10-10,6,Family Emergency,Pending,
7054,791,Paternity Leave,2025-02-22,2025-02-24,3,Higher Education,Approved,Lajita Dey
7055,2047,Paternity Leave,2025-09-21,2025-09-21,1,Religious Festival,Approved,Deepa Agarwal
7056,873,Casual Leave,2024-10-13,2024-10-21,9,Higher Education,Approved,Anmol Halder
7057,895,Annual Leave,2025-03-22,2025-03-24,3,Marriage,Approved,Abdul Bhardwaj
7058,2606,Paternity Leave,2025-10-22,2025-10-24,3,Religious Festival,Approved,Upasna Gera
7059,1836,Annual Leave,2024-11-03,2024-11-07,5,Personal Work,Approved,Amara Madan
7060,172,Unpaid Leave,2024-01-30,2024-02-01,3,Religious Festival,Approved,Reva Dhingra
7061,1190,Emergency Leave,2024-07-15,2024-07-23,9,Marriage,Approved,Anvi Pal
7062,2371,Unpaid Leave,2025-06-22,2025-06-29,8,Higher Education,Pending,
7063,2660,Annual Leave,2024-07-07,2024-07-11,5,Child Care,Approved,Abhimanyu Chaudhuri
7064,1953,Maternity Leave,2024-11-18,2024-11-26,9,Medical Treatment,Approved,Samarth Dara
7065,1474,Unpaid Leave,2025-08-20,2025-08-29,10,Personal Work,Approved,Anirudh Chaudry
7066,1638,Unpaid Leave,2024-10-21,2024-10-28,8,Child Care,Approved,Barkha Deshmukh
7067,1407,Emergency Leave,2024-05-12,2024-05-21,10,Personal Work,Approved,Arunima Saxena
7068,2110,Paternity Leave,2024-03-30,2024-04-03,5,Child Care,Approved,Xalak Dave
7069,2046,Paternity Leave,2025-09-30,2025-10-03,4,Family Emergency,Approved,Shaurya Pandya
7070,2555,Unpaid Leave,2024-12-03,2024-12-04,2,Family Emergency,Rejected,
7071,1161,Maternity Leave,2024-12-22,2024-12-31,10,Higher Education,Approved,Hiral Edwin
7072,2825,Emergency Leave,2025-08-26,2025-08-26,1,Child Care,Approved,Nidra Goda
7073,663,Sick Leave,2025-01-28,2025-02-06,10,Religious Festival,Approved,Lipika Chaudry
7074,2387,Unpaid Leave,2024-12-05,2024-12-14,10,Personal Work,Approved,Keya Mallick
7075,654,Emergency Leave,2025-01-31,2025-02-04,5,Child Care,Approved,Unnati Bhandari
7076,99,Paternity Leave,2025-10-22,2025-10-30,9,Marriage,Approved,Bhanumati Murthy
7077,243,Annual Leave,2025-09-16,2025-09-18,3,Vacation,Pending,
7078,924,Unpaid Leave,2025-08-01,2025-08-04,4,Vacation,Approved,Waida Nagy
7079,2842,Annual Leave,2025-05-26,2025-05-29,4,Higher Education,Approved,Maya Rana
7080,374,Unpaid Leave,2024-01-10,2024-01-16,7,Marriage,Approved,Bakhshi Walia
7081,1015,Casual Leave,2024-10-31,2024-11-06,7,Vacation,Approved,Ekavir Comar
7082,1313,Maternity Leave,2025-12-01,2025-12-02,2,Vacation,Approved,Suhani Dara
7083,480,Casual Leave,2024-09-23,2024-09-26,4,Personal Work,Approved,Bishakha Vaidya
7084,810,Casual Leave,2025-11-26,2025-12-02,7,Family Emergency,Approved,Ishanvi Lala
7085,2605,Paternity Leave,2025-03-22,2025-03-29,8,Higher Education,Approved,Chaman Deshmukh
7086,291,Casual Leave,2025-08-14,2025-08-20,7,Child Care,Approved,Urvashi Tripathi
7087,2704,Maternity Leave,2025-08-07,2025-08-12,6,Personal Work,Approved,Xavier Lanka
7088,1448,Emergency Leave,2024-08-08,2024-08-13,6,Religious Festival,Approved,Joshua Nair
7089,1507,Annual Leave,2024-05-09,2024-05-14,6,Marriage,Approved,Rohan Acharya
7090,2820,Paternity Leave,2024-04-23,2024-04-29,7,Medical Treatment,Approved,Dominic Johal
7091,1815,Annual Leave,2024-07-14,2024-07-18,5,Personal Work,Approved,Brijesh Ramanathan
7092,305,Maternity Leave,2024-11-09,2024-11-12,4,Family Emergency,Approved,Tristan Parmer
7093,2825,Casual Leave,2025-02-12,2025-02-14,3,Religious Festival,Approved,Onveer Ray
7094,588,Unpaid Leave,2024-08-12,2024-08-12,1,Family Emergency,Pending,
7095,305,Emergency Leave,2024-02-23,2024-02-28,6,Medical Treatment,Approved,Harshil Balakrishnan
7096,2500,Paternity Leave,2025-01-08,2025-01-10,3,Religious Festival,Approved,Agastya Kala
7097,2013,Casual Leave,2024-06-06,2024-06-10,5,Vacation,Approved,Kamala Barad
7098,838,Annual Leave,2025-03-09,2025-03-11,3,Child Care,Approved,Yauvani Ramachandran
7099,2552,Casual Leave,2024-02-02,2024-02-09,8,Family Emergency,Approved,Riya Magar
7100,1230,Annual Leave,2025-07-25,2025-07-28,4,Religious Festival,Approved,Xavier Mallick
7101,2799,Unpaid Leave,2024-02-02,2024-02-05,4,Medical Treatment,Approved,Chasmum Sengupta
7102,691,Paternity Leave,2024-07-10,2024-07-14,5,Personal Work,Approved,Robert Devi
7103,40,Paternity Leave,2024-08-17,2024-08-19,3,Child Care,Approved,Shaurya Konda
7104,957,Casual Leave,2025-02-17,2025-02-17,1,Medical Treatment,Approved,Benjamin Verma
7105,722,Unpaid Leave,2024-03-23,2024-03-24,2,Vacation,Approved,Gautami Raval
7106,1482,Paternity Leave,2025-11-01,2025-11-03,3,Religious Festival,Approved,Gaurangi Sidhu
7107,2388,Maternity Leave,2024-07-19,2024-07-19,1,Personal Work,Approved,Mahika Ghosh
7108,1960,Maternity Leave,2024-07-18,2024-07-22,5,Marriage,Approved,Adya Gola
7109,631,Casual Leave,2025-12-27,2025-12-31,5,Medical Treatment,Approved,Brijesh Purohit
7110,2268,Maternity Leave,2025-02-21,2025-02-22,2,Medical Treatment,Pending,
7111,836,Unpaid Leave,2024-06-06,2024-06-10,5,Marriage,Approved,Girik Vasa
7112,1074,Unpaid Leave,2024-02-05,2024-02-13,9,Higher Education,Approved,Akshay Dube
7113,282,Sick Leave,2024-09-11,2024-09-14,4,Child Care,Approved,Omya Rana
7114,2835,Sick Leave,2024-02-09,2024-02-16,8,Child Care,Approved,Widisha Bhatti
7115,358,Sick Leave,2024-01-29,2024-02-05,8,Family Emergency,Approved,Kai Mander
7116,476,Unpaid Leave,2025-09-23,2025-09-24,2,Family Emergency,Approved,Chameli Murty
7117,2537,Annual Leave,2025-12-29,2026-01-01,4,Marriage,Approved,Timothy Kara
7118,162,Annual Leave,2025-10-10,2025-10-14,5,Personal Work,Approved,Ekbal Ramachandran
7119,2296,Annual Leave,2024-05-03,2024-05-05,3,Vacation,Approved,Siddharth Dave
7120,2278,Maternity Leave,2024-04-19,2024-04-27,9,Child Care,Approved,Anya Chaudhari
7121,2775,Emergency Leave,2025-02-17,2025-02-21,5,Family Emergency,Approved,Praneel Ganguly
7122,772,Annual Leave,2024-09-05,2024-09-14,10,Vacation,Approved,Falak Choudhary
7123,2102,Sick Leave,2024-04-19,2024-04-20,2,Marriage,Approved,Janaki Gara
7124,1315,Emergency Leave,2024-08-23,2024-08-31,9,Marriage,Approved,Chakradev Mani
7125,386,Emergency Leave,2025-04-13,2025-04-15,3,Child Care,Approved,Wishi Balasubramanian
7126,2565,Emergency Leave,2025-06-06,2025-06-13,8,Personal Work,Approved,Wahab Rout
7127,2915,Paternity Leave,2025-03-19,2025-03-20,2,Medical Treatment,Pending,
7128,47,Unpaid Leave,2024-11-12,2024-11-15,4,Medical Treatment,Approved,Atharv Parmar
7129,2533,Annual Leave,2024-09-09,2024-09-17,9,Higher Education,Approved,Yatin Dara
7130,1191,Annual Leave,2024-09-26,2024-10-01,6,Vacation,Approved,Janya Sankar
7131,459,Sick Leave,2024-08-25,2024-08-28,4,Vacation,Approved,Brinda Basak
7132,1020,Casual Leave,2025-02-14,2025-02-18,5,Child Care,Approved,Mahika Taneja
7133,114,Emergency Leave,2025-01-28,2025-01-29,2,Higher Education,Approved,Yamini Dhawan
7134,1601,Casual Leave,2025-04-28,2025-04-28,1,Higher Education,Approved,Ishaan Narain
7135,1859,Casual Leave,2024-12-08,2024-12-10,3,Higher Education,Approved,Ekiya Chand
7136,623,Sick Leave,2025-07-23,2025-07-24,2,Marriage,Approved,Ayaan Bir
7137,482,Emergency Leave,2024-10-12,2024-10-12,1,Higher Education,Approved,Saanvi Singhal
7138,2632,Maternity Leave,2024-05-09,2024-05-10,2,Vacation,Approved,Rachita Chhabra
7139,1293,Unpaid Leave,2024-09-20,2024-09-27,8,Vacation,Rejected,
7140,770,Unpaid Leave,2024-11-06,2024-11-15,10,Marriage,Approved,Oni Sami
7141,248,Emergency Leave,2025-11-09,2025-11-15,7,Vacation,Approved,Oscar Dar
7142,56,Casual Leave,2024-07-10,2024-07-19,10,Child Care,Approved,Advika Chaudhari
7143,2447,Unpaid Leave,2025-11-23,2025-11-29,7,Marriage,Approved,Caleb Grover
7144,2932,Sick Leave,2024-07-21,2024-07-24,4,Higher Education,Approved,Amara Chander
7145,243,Annual Leave,2024-05-27,2024-06-03,8,Religious Festival,Approved,George Loke
7146,2142,Unpaid Leave,2025-07-05,2025-07-05,1,Higher Education,Approved,Zayan Chandra
7147,270,Casual Leave,2025-08-16,2025-08-16,1,Marriage,Approved,Fiyaz Morar
7148,1023,Sick Leave,2024-06-15,2024-06-18,4,Vacation,Approved,Harsh Saxena
7149,1664,Casual Leave,2025-09-27,2025-10-05,9,Personal Work,Approved,Chatresh Raghavan
7150,1169,Paternity Leave,2024-03-28,2024-04-05,9,Marriage,Approved,Chandani Sarkar
7151,2553,Paternity Leave,2025-05-19,2025-05-21,3,Religious Festival,Approved,Yatan Tak
7152,2457,Paternity Leave,2024-02-03,2024-02-03,1,Higher Education,Approved,Chaaya Wason
7153,764,Sick Leave,2025-07-27,2025-08-04,9,Religious Festival,Approved,Jackson Varkey
7154,2219,Unpaid Leave,2024-12-03,2024-12-05,3,Religious Festival,Approved,Vansha Sinha
7155,1124,Casual Leave,2025-01-20,2025-01-25,6,Medical Treatment,Rejected,
7156,867,Maternity Leave,2024-02-23,2024-02-24,2,Child Care,Pending,
7157,99,Sick Leave,2024-09-21,2024-09-25,5,Family Emergency,Approved,Ojasvi Behl
7158,964,Emergency Leave,2024-08-28,2024-09-04,8,Marriage,Approved,Tamanna Edwin
7159,2244,Paternity Leave,2024-03-27,2024-04-03,8,Marriage,Approved,Charles Dua
7160,596,Sick Leave,2024-05-04,2024-05-12,9,Personal Work,Approved,Bhavya Swaminathan
7161,2847,Sick Leave,2024-09-07,2024-09-13,7,Religious Festival,Approved,Advika Atwal
7162,2126,Casual Leave,2025-12-23,2025-12-29,7,Personal Work,Approved,Anamika Lanka
7163,2119,Emergency Leave,2025-11-11,2025-11-18,8,Personal Work,Pending,
7164,403,Emergency Leave,2024-07-22,2024-07-25,4,Medical Treatment,Approved,Hemang Deshpande
7165,534,Annual Leave,2025-10-28,2025-11-03,7,Higher Education,Approved,Warda Shah
7166,1364,Casual Leave,2024-02-14,2024-02-16,3,Higher Education,Approved,Irya Ganesan
7167,1637,Annual Leave,2025-08-27,2025-08-28,2,Personal Work,Approved,Vyanjana Badal
7168,20,Maternity Leave,2025-10-29,2025-10-30,2,Personal Work,Approved,Harita Roy
7169,1037,Unpaid Leave,2025-09-19,2025-09-20,2,Family Emergency,Approved,Amol Gade
7170,2229,Annual Leave,2024-07-09,2024-07-13,5,Child Care,Approved,Ethan Rattan
7171,281,Annual Leave,2024-10-12,2024-10-18,7,Medical Treatment,Approved,Aayush Nori
7172,418,Casual Leave,2024-04-25,2024-05-01,7,Marriage,Pending,
7173,1537,Annual Leave,2025-03-01,2025-03-02,2,Family Emergency,Approved,Girish Balasubramanian
7174,1638,Paternity Leave,2024-11-09,2024-11-09,1,Religious Festival,Approved,Yochana Kade
7175,1392,Paternity Leave,2025-11-23,2025-11-27,5,Religious Festival,Approved,Udarsh Thakkar
7176,1058,Sick Leave,2024-05-04,2024-05-10,7,Marriage,Approved,Ekaja Natarajan
7177,1556,Maternity Leave,2024-01-07,2024-01-11,5,Marriage,Pending,
7178,2048,Emergency Leave,2025-09-04,2025-09-05,2,Vacation,Rejected,
7179,813,Casual Leave,2024-04-12,2024-04-16,5,Religious Festival,Approved,Finn Mandal
7180,1151,Casual Leave,2024-12-25,2025-01-03,10,Child Care,Approved,Ayaan Patla
7181,1737,Annual Leave,2024-07-03,2024-07-03,1,Vacation,Approved,Reyansh Sood
7182,354,Annual Leave,2024-04-27,2024-05-06,10,Family Emergency,Pending,
7183,624,Emergency Leave,2024-10-28,2024-10-30,3,Child Care,Pending,
7184,2405,Emergency Leave,2025-01-16,2025-01-20,5,Medical Treatment,Approved,Bhavya Naidu
7185,2670,Unpaid Leave,2024-01-03,2024-01-10,8,Marriage,Approved,Qarin Wali
7186,1600,Unpaid Leave,2024-08-18,2024-08-26,9,Religious Festival,Approved,Ekaraj Bahri
7187,2696,Unpaid Leave,2025-04-01,2025-04-01,1,Religious Festival,Pending,
7188,2782,Paternity Leave,2024-10-10,2024-10-17,8,Marriage,Approved,Wishi Walla
7189,1060,Annual Leave,2025-08-08,2025-08-17,10,Child Care,Approved,Ethan Konda
7190,2798,Casual Leave,2024-11-06,2024-11-06,1,Medical Treatment,Approved,Vedika Mall
7191,775,Emergency Leave,2024-02-17,2024-02-21,5,Vacation,Approved,Raagini More
7192,986,Casual Leave,2025-09-26,2025-10-04,9,Personal Work,Approved,Sudiksha Tailor
7193,774,Unpaid Leave,2025-10-03,2025-10-10,8,Vacation,Approved,Krishna Gopal
7194,64,Paternity Leave,2025-12-06,2025-12-12,7,Higher Education,Approved,Oviya Khurana
7195,2337,Casual Leave,2024-11-03,2024-11-12,10,Medical Treatment,Approved,Vinaya Mukherjee
7196,1249,Unpaid Leave,2025-12-05,2025-12-07,3,Religious Festival,Approved,Lohit Ray
7197,1045,Casual Leave,2024-06-20,2024-06-29,10,Child Care,Approved,Zayyan Kumar
7198,2360,Casual Leave,2024-04-04,2024-04-08,5,Medical Treatment,Approved,Aachal Randhawa
7199,2854,Emergency Leave,2024-10-18,2024-10-23,6,Family Emergency,Approved,Chanchal Bajaj
7200,1945,Casual Leave,2024-07-01,2024-07-03,3,Vacation,Approved,Tara Shah
7201,460,Emergency Leave,2025-10-18,2025-10-19,2,Higher Education,Approved,Amruta Kurian
7202,839,Casual Leave,2024-10-14,2024-10-18,5,Personal Work,Approved,Anamika Soman
7203,2856,Unpaid Leave,2024-09-17,2024-09-22,6,Marriage,Approved,Tamanna Lal
7204,1283,Paternity Leave,2024-04-16,2024-04-17,2,Marriage,Approved,Ladli Salvi
7205,2257,Sick Leave,2025-01-09,2025-01-11,3,Higher Education,Approved,Janaki Jayaraman
7206,2943,Annual Leave,2025-06-02,2025-06-02,1,Higher Education,Approved,Tamanna Halder
7207,53,Emergency Leave,2025-06-23,2025-07-01,9,Medical Treatment,Rejected,
7208,514,Paternity Leave,2025-09-03,2025-09-12,10,Religious Festival,Approved,Janya Bath
7209,1837,Emergency Leave,2025-09-11,2025-09-12,2,Marriage,Approved,Saanvi Raghavan
7210,168,Unpaid Leave,2024-07-25,2024-07-29,5,Personal Work,Approved,Mitali Chahal
7211,2292,Casual Leave,2024-03-28,2024-03-29,2,Personal Work,Approved,Kamya Om
7212,712,Paternity Leave,2024-02-21,2024-02-24,4,Religious Festival,Approved,Kala Raja
7213,614,Unpaid Leave,2024-03-23,2024-03-31,9,Marriage,Approved,Yashvi Patla
7214,1980,Sick Leave,2024-04-28,2024-05-06,9,Religious Festival,Approved,Aarnav Arya
7215,1661,Paternity Leave,2025-11-03,2025-11-10,8,Medical Treatment,Approved,Amruta Dhar
7216,2702,Sick Leave,2025-07-17,2025-07-17,1,Child Care,Pending,
7217,1335,Emergency Leave,2024-01-06,2024-01-10,5,Higher Education,Approved,Brijesh Nori
7218,393,Unpaid Leave,2025-06-11,2025-06-12,2,Family Emergency,Approved,Warjas Nanda
7219,2986,Paternity Leave,2024-01-25,2024-01-26,2,Higher Education,Approved,Kamala Mandal
7220,154,Paternity Leave,2024-03-31,2024-04-08,9,Personal Work,Approved,Chaitaly Dua
7221,299,Paternity Leave,2025-12-27,2025-12-27,1,Medical Treatment,Approved,Jagvi Deshpande
7222,476,Emergency Leave,2024-12-12,2024-12-13,2,Child Care,Approved,Rachit Sibal
7223,1056,Casual Leave,2024-01-02,2024-01-08,7,Medical Treatment,Approved,Rajeshri Shere
7224,423,Maternity Leave,2025-02-03,2025-02-11,9,Higher Education,Approved,Brinda Borde
7225,1488,Unpaid Leave,2024-07-30,2024-08-03,5,Personal Work,Approved,Imaran Purohit
7226,2005,Sick Leave,2024-06-11,2024-06-19,9,Religious Festival,Pending,
7227,2910,Sick Leave,2025-05-27,2025-05-30,4,Higher Education,Approved,Vasatika Pillai
7228,1198,Maternity Leave,2024-12-21,2024-12-28,8,Vacation,Approved,Aahana Konda
7229,1921,Maternity Leave,2024-08-17,2024-08-25,9,Family Emergency,Pending,
7230,1396,Sick Leave,2025-05-02,2025-05-04,3,Medical Treatment,Approved,Tanveer Padmanabhan
7231,643,Annual Leave,2025-02-24,2025-03-04,9,Family Emergency,Approved,Yashasvi Walla
7232,680,Emergency Leave,2024-04-22,2024-04-29,8,Vacation,Approved,Nilima Hari
7233,2518,Emergency Leave,2024-03-08,2024-03-14,7,Vacation,Approved,Ishwar Lala
7234,608,Maternity Leave,2024-10-11,2024-10-17,7,Marriage,Approved,Aradhana Golla
7235,2250,Sick Leave,2024-09-06,2024-09-15,10,Religious Festival,Approved,Riya Kulkarni
7236,1882,Annual Leave,2024-09-04,2024-09-10,7,Family Emergency,Approved,Udyati Rana
7237,445,Unpaid Leave,2024-04-23,2024-04-23,1,Marriage,Approved,Tamanna Konda
7238,2798,Paternity Leave,2025-03-30,2025-04-06,8,Vacation,Approved,Amrita Setty
7239,1831,Annual Leave,2025-08-03,2025-08-06,4,Vacation,Approved,Chaitaly Kapoor
7240,2162,Paternity Leave,2024-05-12,2024-05-20,9,Child Care,Approved,Faqid Rai
7241,2923,Paternity Leave,2025-07-22,2025-07-28,7,Marriage,Approved,Mohini Sodhi
7242,673,Annual Leave,2025-06-04,2025-06-11,8,Vacation,Approved,Veer Jani
7243,2338,Maternity Leave,2025-03-29,2025-04-01,4,Personal Work,Approved,Adya Prashad
7244,2433,Sick Leave,2025-01-16,2025-01-22,7,Personal Work,Approved,Frado Kara
7245,2216,Emergency Leave,2024-06-17,2024-06-23,7,Family Emergency,Pending,
7246,2522,Emergency Leave,2024-09-29,2024-10-04,6,Higher Education,Approved,Wazir Bora
7247,1174,Paternity Leave,2024-11-24,2024-11-28,5,Child Care,Approved,Chatresh Bedi
7248,1298,Emergency Leave,2024-12-29,2024-12-31,3,Child Care,Approved,Anjali Raj
7249,1477,Paternity Leave,2024-03-15,2024-03-19,5,Family Emergency,Approved,Gautam Wadhwa
7250,2057,Annual Leave,2025-03-31,2025-04-07,8,Personal Work,Rejected,
7251,2042,Emergency Leave,2025-05-21,2025-05-30,10,Vacation,Approved,Jalsa Arora
7252,794,Casual Leave,2025-07-14,2025-07-19,6,Family Emergency,Approved,Vedant Singhal
7253,250,Sick Leave,2024-04-22,2024-04-28,7,Child Care,Rejected,
7254,2505,Sick Leave,2024-11-18,2024-11-18,1,Child Care,Approved,Farhan Narain
7255,2717,Casual Leave,2024-10-11,2024-10-16,6,Religious Festival,Approved,Sai Mann
7256,1816,Sick Leave,2025-10-16,2025-10-19,4,Vacation,Approved,Sai Keer
7257,1891,Unpaid Leave,2024-12-05,2024-12-09,5,Vacation,Approved,Oni Buch
7258,1561,Sick Leave,2024-12-07,2024-12-12,6,Religious Festival,Approved,Rohan Panchal
7259,601,Paternity Leave,2025-10-30,2025-11-01,3,Child Care,Approved,Priya Taneja
7260,1961,Casual Leave,2025-12-11,2025-12-12,2,Marriage,Approved,Mohini Chandra
7261,1976,Unpaid Leave,2024-12-30,2025-01-08,10,Vacation,Approved,Dalaja Raj
7262,254,Paternity Leave,2024-10-26,2024-10-31,6,Marriage,Approved,Upkaar Chaudhry
7263,1637,Paternity Leave,2025-12-18,2025-12-24,7,Marriage,Approved,Amol Halder
7264,796,Sick Leave,2025-03-08,2025-03-15,8,Marriage,Approved,Hemang Balasubramanian
7265,1057,Sick Leave,2025-01-11,2025-01-13,3,Religious Festival,Approved,Irya Bir
7266,2856,Emergency Leave,2025-03-27,2025-03-29,3,Marriage,Approved,Niharika Kala
7267,1907,Sick Leave,2025-11-02,2025-11-05,4,Family Emergency,Approved,Imaran Modi
7268,763,Casual Leave,2025-05-14,2025-05-23,10,Vacation,Approved,Yasti Khurana
7269,955,Unpaid Leave,2024-09-26,2024-09-29,4,Vacation,Approved,Adweta Bajaj
7270,29,Maternity Leave,2025-07-01,2025-07-10,10,Marriage,Approved,Varsha Sha
7271,1029,Annual Leave,2024-10-06,2024-10-09,4,Vacation,Approved,Abdul Malhotra
7272,1095,Sick Leave,2024-02-15,2024-02-18,4,Marriage,Approved,Devansh Pandit
7273,2797,Annual Leave,2024-11-11,2024-11-19,9,Marriage,Pending,
7274,2185,Casual Leave,2024-07-20,2024-07-25,6,Medical Treatment,Approved,Yoshita Rai
7275,524,Casual Leave,2024-11-07,2024-11-14,8,Vacation,Pending,
7276,1104,Emergency Leave,2025-01-03,2025-01-06,4,Religious Festival,Approved,Tamanna Guha
7277,2815,Paternity Leave,2025-03-18,2025-03-19,2,Child Care,Approved,Matthew Bawa
7278,2341,Paternity Leave,2024-08-27,2024-09-02,7,Child Care,Approved,Yadavi Joshi
7279,1212,Casual Leave,2024-04-10,2024-04-15,6,Family Emergency,Approved,Kamala Ghose
7280,393,Casual Leave,2025-11-04,2025-11-11,8,Marriage,Approved,Tanvi Jhaveri
7281,1899,Maternity Leave,2024-06-21,2024-06-23,3,Vacation,Approved,Yasti Puri
7282,1324,Sick Leave,2025-04-21,2025-04-23,3,Higher Education,Approved,Harrison Golla
7283,812,Paternity Leave,2024-03-15,2024-03-24,10,Religious Festival,Approved,Bhavani Badal
7284,2527,Sick Leave,2025-08-15,2025-08-19,5,Family Emergency,Approved,Tara Dixit
7285,2156,Maternity Leave,2025-06-02,2025-06-05,4,Vacation,Approved,Andrew Cheema
7286,906,Maternity Leave,2024-03-21,2024-03-28,8,Higher Education,Approved,Girindra Parikh
7287,2773,Paternity Leave,2024-06-07,2024-06-15,9,Marriage,Approved,Vritti Chokshi
7288,329,Paternity Leave,2024-03-02,2024-03-07,6,Family Emergency,Approved,Balvan Sankar
7289,388,Maternity Leave,2025-09-17,2025-09-25,9,Child Care,Approved,Aarush Bhargava
7290,1415,Unpaid Leave,2025-05-20,2025-05-25,6,Vacation,Approved,Zansi Om
7291,524,Casual Leave,2025-03-02,2025-03-02,1,Child Care,Approved,Vidhi Balasubramanian
7292,2660,Maternity Leave,2025-10-24,2025-10-30,7,Vacation,Approved,Nikita Prabhakar
7293,1652,Paternity Leave,2024-10-21,2024-10-28,8,Personal Work,Approved,Sudiksha Thaman
7294,2025,Emergency Leave,2025-09-14,2025-09-21,8,Personal Work,Approved,Panini Raja
7295,2328,Maternity Leave,2025-08-20,2025-08-28,9,Family Emergency,Approved,Aarini Apte
7296,2292,Maternity Leave,2025-12-16,2025-12-21,6,Medical Treatment,Approved,Daniel Sankaran
7297,2994,Annual Leave,2025-07-22,2025-07-25,4,Family Emergency,Approved,Harinakshi Magar
7298,1272,Sick Leave,2025-06-29,2025-07-06,8,Family Emergency,Approved,Chatresh Chowdhury
7299,423,Casual Leave,2024-04-04,2024-04-09,6,Child Care,Approved,Yauvani Johal
7300,992,Paternity Leave,2024-05-09,2024-05-16,8,Child Care,Approved,Abhiram Arya
7301,934,Maternity Leave,2024-10-26,2024-11-04,10,Religious Festival,Approved,Idika Bumb
7302,2444,Casual Leave,2025-12-16,2025-12-16,1,Religious Festival,Approved,Tanmayi Srinivasan
7303,1313,Unpaid Leave,2025-09-01,2025-09-05,5,Child Care,Approved,Jason Kale
7304,2714,Paternity Leave,2024-01-03,2024-01-08,6,Higher Education,Approved,Falguni Narayan
7305,239,Maternity Leave,2025-09-13,2025-09-20,8,Vacation,Approved,Rachana Dugal
7306,613,Paternity Leave,2025-02-09,2025-02-10,2,Family Emergency,Approved,Vrinda Varkey
7307,1916,Sick Leave,2025-10-14,2025-10-20,7,Marriage,Approved,Amaira Narula
7308,2798,Paternity Leave,2025-11-04,2025-11-06,3,Child Care,Approved,Vihaan Hegde
7309,2691,Unpaid Leave,2024-09-07,2024-09-14,8,Family Emergency,Approved,Anita Desai
7310,697,Paternity Leave,2025-03-10,2025-03-13,4,Higher Education,Approved,Vamakshi Sarraf
7311,1098,Maternity Leave,2024-06-24,2024-06-27,4,Medical Treatment,Approved,Oni Kunda
7312,1746,Paternity Leave,2025-06-07,2025-06-13,7,Medical Treatment,Approved,Kamya Modi
7313,2377,Annual Leave,2024-02-22,2024-02-22,1,Personal Work,Approved,Divya Varkey
7314,2248,Maternity Leave,2025-06-27,2025-07-03,7,Vacation,Approved,Ucchal Ramachandran
7315,1812,Sick Leave,2025-05-31,2025-06-02,3,Personal Work,Approved,Bhavna Mukherjee
7316,1833,Unpaid Leave,2024-02-11,2024-02-19,9,Marriage,Pending,
7317,2722,Emergency Leave,2025-06-23,2025-07-01,9,Religious Festival,Approved,Isaiah Varty
7318,2581,Casual Leave,2024-01-26,2024-01-27,2,Child Care,Approved,Balhaar Ramaswamy
7319,239,Unpaid Leave,2024-06-03,2024-06-12,10,Marriage,Approved,Baghyawati Sundaram
7320,2031,Annual Leave,2025-09-14,2025-09-20,7,Religious Festival,Approved,Eesha Sharma
7321,2616,Maternity Leave,2024-01-20,2024-01-21,2,Religious Festival,Approved,Balveer Seth
7322,2011,Unpaid Leave,2025-08-27,2025-08-30,4,Child Care,Approved,Eta D’Alia
7323,1784,Maternity Leave,2025-01-16,2025-01-20,5,Higher Education,Approved,Wazir Sani
7324,875,Paternity Leave,2025-09-14,2025-09-17,4,Vacation,Approved,Thomas Gulati
7325,2915,Casual Leave,2025-02-24,2025-02-26,3,Vacation,Approved,Yamini Aurora
7326,2701,Casual Leave,2024-09-16,2024-09-22,7,Medical Treatment,Approved,Ekanta Tata
7327,2266,Sick Leave,2025-09-07,2025-09-14,8,Personal Work,Approved,Udyati Dube
7328,1841,Emergency Leave,2024-10-22,2024-10-23,2,Marriage,Approved,Yuvraj Bhatnagar
7329,1823,Casual Leave,2024-08-26,2024-08-29,4,Religious Festival,Approved,Balhaar Kaur
7330,178,Maternity Leave,2024-12-06,2024-12-12,7,Marriage,Approved,Kamya Koshy
7331,2062,Annual Leave,2025-11-19,2025-11-25,7,Religious Festival,Approved,Viraj Merchant
7332,237,Sick Leave,2025-03-02,2025-03-05,4,Child Care,Approved,Udant Narain
7333,1149,Emergency Leave,2024-08-10,2024-08-19,10,Family Emergency,Pending,
7334,1087,Sick Leave,2025-12-29,2026-01-02,5,Marriage,Approved,Dhruv Gala
7335,1468,Casual Leave,2024-05-29,2024-06-06,9,Religious Festival,Approved,Karan Rana
7336,725,Annual Leave,2024-03-25,2024-03-27,3,Religious Festival,Approved,Krishna Mitter
7337,1593,Annual Leave,2024-05-28,2024-05-31,4,Medical Treatment,Approved,Ojas Wadhwa
7338,21,Maternity Leave,2025-06-13,2025-06-21,9,Religious Festival,Approved,Jalsa Chaudhary
7339,1272,Emergency Leave,2024-05-07,2024-05-16,10,Child Care,Approved,Andrew Trivedi
7340,3,Casual Leave,2025-03-27,2025-04-05,10,Marriage,Approved,Zaid Sahota
7341,1954,Emergency Leave,2025-11-22,2025-11-26,5,Higher Education,Approved,Shaurya Chaudhary
7342,1763,Paternity Leave,2024-02-22,2024-03-02,10,Medical Treatment,Approved,Advay Memon
7343,1746,Annual Leave,2025-05-18,2025-05-20,3,Religious Festival,Approved,Pushti Varkey
7344,182,Unpaid Leave,2024-05-11,2024-05-14,4,Child Care,Approved,Meera Kapoor
7345,2863,Casual Leave,2024-02-01,2024-02-06,6,Child Care,Approved,Urishilla Mammen
7346,2909,Maternity Leave,2025-08-16,2025-08-17,2,Vacation,Approved,Neha Nagi
7347,174,Unpaid Leave,2024-01-20,2024-01-24,5,Marriage,Approved,Leela Sarna
7348,881,Sick Leave,2025-10-19,2025-10-24,6,Child Care,Approved,Bhavya Das
7349,2928,Paternity Leave,2025-06-29,2025-07-05,7,Marriage,Approved,Anjali Cheema
7350,2112,Casual Leave,2024-04-29,2024-05-04,6,Vacation,Approved,Agastya Gokhale
7351,686,Maternity Leave,2024-01-03,2024-01-08,6,Higher Education,Approved,Guneet Wason
7352,791,Unpaid Leave,2025-10-27,2025-11-04,9,Vacation,Approved,Raagini Bose
7353,281,Sick Leave,2024-12-16,2024-12-20,5,Higher Education,Approved,Samar Chada
7354,388,Maternity Leave,2024-03-19,2024-03-20,2,Vacation,Pending,
7355,1577,Paternity Leave,2025-09-22,2025-09-23,2,Medical Treatment,Approved,Gabriel Sastry
7356,777,Emergency Leave,2025-07-13,2025-07-18,6,Religious Festival,Approved,Jyoti Palla
7357,1377,Annual Leave,2025-01-01,2025-01-10,10,Marriage,Approved,Dalaja Sankaran
7358,2361,Emergency Leave,2024-07-04,2024-07-12,9,Child Care,Approved,Balendra Tandon
7359,2705,Emergency Leave,2024-05-23,2024-05-24,2,Vacation,Approved,Xalak Talwar
7360,2630,Casual Leave,2025-12-23,2026-01-01,10,Marriage,Pending,
7361,2897,Sick Leave,2025-01-18,2025-01-26,9,Religious Festival,Pending,
7362,71,Emergency Leave,2024-08-13,2024-08-14,2,Medical Treatment,Approved,Anay Sethi
7363,630,Maternity Leave,2024-10-02,2024-10-05,4,Family Emergency,Approved,Chakrika Gill
7364,305,Unpaid Leave,2025-10-20,2025-10-23,4,Religious Festival,Approved,Maanav Koshy
7365,669,Sick Leave,2024-03-12,2024-03-12,1,Personal Work,Approved,Ekanta Roy
7366,170,Paternity Leave,2025-07-16,2025-07-16,1,Marriage,Pending,
7367,1958,Unpaid Leave,2024-08-04,2024-08-05,2,Higher Education,Pending,
7368,2032,Casual Leave,2024-11-30,2024-12-08,9,Child Care,Approved,Yashasvi Jaggi
7369,633,Paternity Leave,2024-03-29,2024-04-05,8,Vacation,Approved,Jason Borah
7370,1592,Emergency Leave,2025-08-03,2025-08-04,2,Family Emergency,Approved,Darsh Basak
7371,1698,Unpaid Leave,2024-09-07,2024-09-09,3,Marriage,Approved,Kashvi Wali
7372,244,Emergency Leave,2025-07-07,2025-07-16,10,Religious Festival,Rejected,
7373,301,Emergency Leave,2025-04-10,2025-04-15,6,Medical Treatment,Approved,Jackson Dua
7374,689,Annual Leave,2025-10-09,2025-10-10,2,Vacation,Approved,Jagvi Brahmbhatt
7375,2635,Annual Leave,2025-03-24,2025-04-01,9,Medical Treatment,Approved,Warda Prashad
7376,2733,Paternity Leave,2024-04-26,2024-04-28,3,Marriage,Approved,Omisha Nanda
7377,2784,Maternity Leave,2024-01-29,2024-02-07,10,Marriage,Pending,
7378,243,Sick Leave,2025-03-13,2025-03-18,6,Higher Education,Approved,Farhan Sem
7379,2379,Paternity Leave,2025-08-30,2025-09-01,3,Family Emergency,Approved,Ria Kunda
7380,906,Annual Leave,2025-10-03,2025-10-07,5,Religious Festival,Approved,Anika Bhalla
7381,2458,Emergency Leave,2025-03-01,2025-03-09,9,Medical Treatment,Approved,Devansh Som
7382,83,Maternity Leave,2024-08-22,2024-08-28,7,Child Care,Approved,Ekapad Kumer
7383,2243,Annual Leave,2024-05-17,2024-05-21,5,Religious Festival,Approved,Tarak Tripathi
7384,669,Annual Leave,2024-01-17,2024-01-18,2,Vacation,Approved,Lipika Kashyap
7385,890,Unpaid Leave,2024-08-19,2024-08-25,7,Medical Treatment,Approved,Yahvi Raval
7386,1659,Unpaid Leave,2025-10-04,2025-10-08,5,Vacation,Approved,Isaac Gupta
7387,1037,Casual Leave,2025-03-17,2025-03-23,7,Medical Treatment,Approved,Harish Sampath
7388,2834,Maternity Leave,2025-04-03,2025-04-10,8,Personal Work,Pending,
7389,157,Unpaid Leave,2024-08-17,2024-08-25,9,Personal Work,Approved,William Chaudhuri
7390,1741,Maternity Leave,2025-06-13,2025-06-18,6,Religious Festival,Approved,Yatin Suresh
7391,123,Unpaid Leave,2025-05-31,2025-06-06,7,Religious Festival,Approved,Sneha Vora
7392,2055,Annual Leave,2024-11-13,2024-11-19,7,Higher Education,Approved,Jhalak Kale
7393,1075,Casual Leave,2025-05-19,2025-05-25,7,Marriage,Approved,Avi Wable
7394,2803,Maternity Leave,2025-08-30,2025-09-07,9,Religious Festival,Pending,
7395,2341,Paternity Leave,2025-03-02,2025-03-02,1,Family Emergency,Approved,Idika Kala
7396,2492,Casual Leave,2025-02-03,2025-02-04,2,Vacation,Approved,Bakhshi Dugar
7397,1190,Maternity Leave,2024-03-25,2024-03-30,6,Higher Education,Approved,Yasti Shankar
7398,1766,Sick Leave,2024-11-20,2024-11-25,6,Personal Work,Approved,Azad Chhabra
7399,1861,Emergency Leave,2025-10-31,2025-11-06,7,Religious Festival,Approved,Charvi Trivedi
7400,800,Annual Leave,2025-08-25,2025-08-26,2,Personal Work,Approved,Panini Sidhu
7401,2030,Sick Leave,2025-12-21,2025-12-29,9,Child Care,Rejected,
7402,506,Emergency Leave,2025-03-03,2025-03-07,5,Child Care,Approved,Zarna Nadkarni
7403,2125,Casual Leave,2025-11-15,2025-11-24,10,Family Emergency,Pending,
7404,2812,Emergency Leave,2025-07-15,2025-07-17,3,Higher Education,Approved,Baljiwan Kashyap
7405,1590,Annual Leave,2025-11-08,2025-11-09,2,Child Care,Approved,Hiral Ghosh
7406,562,Unpaid Leave,2024-07-16,2024-07-24,9,Vacation,Approved,Dalbir Goswami
7407,777,Casual Leave,2025-08-07,2025-08-16,10,Personal Work,Approved,Urvi Sarraf
7408,1639,Maternity Leave,2025-01-01,2025-01-10,10,Child Care,Pending,
7409,1979,Paternity Leave,2025-07-20,2025-07-20,1,Religious Festival,Approved,Gautami Mann
7410,1551,Sick Leave,2024-08-27,2024-09-03,8,Personal Work,Approved,Nirja Lalla
7411,184,Sick Leave,2025-11-17,2025-11-18,2,Higher Education,Pending,
7412,542,Sick Leave,2025-06-01,2025-06-02,2,Family Emergency,Approved,Sai Khurana
7413,1321,Sick Leave,2025-03-29,2025-04-02,5,Marriage,Approved,Amara Gaba
7414,1394,Sick Leave,2024-11-16,2024-11-21,6,Child Care,Approved,Chakradhar Pathak
7415,139,Annual Leave,2024-10-20,2024-10-28,9,Personal Work,Approved,Onkar Dhingra
7416,2459,Emergency Leave,2024-02-03,2024-02-04,2,Medical Treatment,Approved,Anika Nath
7417,1483,Unpaid Leave,2025-05-15,2025-05-15,1,Family Emergency,Approved,Madhav Goswami
7418,34,Paternity Leave,2024-04-18,2024-04-23,6,Marriage,Pending,
7419,1354,Sick Leave,2025-10-18,2025-10-19,2,Medical Treatment,Approved,Netra Dayal
7420,2110,Casual Leave,2025-12-28,2026-01-02,6,Vacation,Pending,
7421,1350,Maternity Leave,2024-03-31,2024-04-09,10,Family Emergency,Approved,Rehaan Amble
7422,993,Sick Leave,2024-08-21,2024-08-23,3,Medical Treatment,Approved,Yashvi Pall
7423,28,Maternity Leave,2025-12-16,2025-12-17,2,Personal Work,Pending,
7424,1058,Paternity Leave,2025-04-02,2025-04-05,4,Personal Work,Approved,Mitali Gandhi
7425,2861,Paternity Leave,2025-06-11,2025-06-12,2,Vacation,Approved,Nathan Anne
7426,2205,Unpaid Leave,2024-02-11,2024-02-18,8,Personal Work,Approved,Isha Hayer
7427,2846,Unpaid Leave,2025-10-16,2025-10-19,4,Higher Education,Approved,Ria Keer
7428,1974,Maternity Leave,2025-06-14,2025-06-22,9,Personal Work,Approved,Yug Dube
7429,185,Unpaid Leave,2024-01-22,2024-01-24,3,Medical Treatment,Approved,Indira Bath
7430,1750,Maternity Leave,2024-05-16,2024-05-18,3,Marriage,Approved,Ijaya Deol
7431,2016,Maternity Leave,2025-06-17,2025-06-26,10,Medical Treatment,Approved,Jacob Kohli
7432,2058,Annual Leave,2025-11-12,2025-11-12,1,Child Care,Rejected,
7433,617,Unpaid Leave,2025-06-09,2025-06-13,5,Child Care,Approved,Sanya Contractor
7434,1409,Emergency Leave,2024-07-26,2024-08-03,9,Child Care,Approved,Unnati Bhakta
7435,890,Paternity Leave,2024-04-27,2024-05-02,6,Higher Education,Approved,Ishaan Dhar
7436,1850,Casual Leave,2024-05-15,2024-05-20,6,Child Care,Approved,Aadhya Om
7437,874,Unpaid Leave,2024-02-05,2024-02-09,5,Family Emergency,Approved,Radhika Sandal
7438,801,Paternity Leave,2025-08-25,2025-09-01,8,Family Emergency,Approved,Darika Cheema
7439,1289,Casual Leave,2025-12-20,2025-12-24,5,Family Emergency,Approved,Deepa Naidu
7440,2619,Casual Leave,2024-08-03,2024-08-06,4,Medical Treatment,Approved,Vedant Cherian
7441,1909,Maternity Leave,2025-12-05,2025-12-13,9,Vacation,Approved,Abhimanyu Kapoor
7442,1357,Annual Leave,2025-08-27,2025-08-30,4,Religious Festival,Approved,Gauri Bumb
7443,944,Maternity Leave,2024-01-08,2024-01-16,9,Higher Education,Approved,Peter Kala
7444,651,Annual Leave,2025-03-16,2025-03-20,5,Higher Education,Approved,Upasna Sabharwal
7445,1783,Emergency Leave,2025-05-04,2025-05-10,7,Family Emergency,Approved,Maanas Master
7446,2214,Maternity Leave,2024-09-20,2024-09-27,8,Higher Education,Approved,Lopa Gulati
7447,324,Paternity Leave,2025-06-16,2025-06-18,3,Higher Education,Approved,Gayathri Mani
7448,1284,Sick Leave,2024-07-22,2024-07-23,2,Marriage,Approved,Owen Bawa
7449,2936,Emergency Leave,2024-05-04,2024-05-12,9,Marriage,Approved,Harish Shetty
7450,421,Casual Leave,2025-12-12,2025-12-14,3,Medical Treatment,Approved,Upasna Sura
7451,2690,Paternity Leave,2024-03-29,2024-03-29,1,Personal Work,Approved,Lila Manda
7452,2916,Annual Leave,2024-02-22,2024-02-26,5,Personal Work,Approved,Samar Iyer
7453,901,Annual Leave,2025-02-14,2025-02-15,2,Child Care,Approved,Jalsa Sawhney
7454,335,Casual Leave,2025-10-14,2025-10-18,5,Child Care,Approved,Chaman Thakur
7455,1253,Casual Leave,2024-05-26,2024-06-02,8,Marriage,Approved,Michael Dani
7456,875,Annual Leave,2024-08-02,2024-08-11,10,Higher Education,Approved,Darsh Dhar
7457,397,Unpaid Leave,2025-08-03,2025-08-04,2,Religious Festival,Approved,Riya Bhattacharyya
7458,929,Sick Leave,2024-04-16,2024-04-19,4,Higher Education,Pending,
7459,675,Maternity Leave,2024-12-12,2024-12-18,7,Higher Education,Approved,Yuvraj Lalla
7460,117,Annual Leave,2024-11-08,2024-11-08,1,Marriage,Approved,Upasna Choudhury
7461,2594,Casual Leave,2025-08-18,2025-08-21,4,Higher Education,Approved,Jairaj Sur
7462,1493,Paternity Leave,2024-08-18,2024-08-26,9,Child Care,Approved,Ayaan Khurana
7463,2568,Annual Leave,2024-07-26,2024-08-03,9,Medical Treatment,Approved,Daniel Dixit
7464,1951,Maternity Leave,2024-04-22,2024-04-28,7,Family Emergency,Approved,Dakshesh Mannan
7465,474,Casual Leave,2025-09-02,2025-09-11,10,Higher Education,Approved,Kabir Nayak
7466,2487,Casual Leave,2025-07-14,2025-07-17,4,Marriage,Approved,Harita Manda
7467,2110,Sick Leave,2024-08-27,2024-09-03,8,Vacation,Pending,
7468,863,Sick Leave,2024-02-03,2024-02-04,2,Family Emergency,Approved,Vidhi Dada
7469,939,Unpaid Leave,2025-06-04,2025-06-13,10,Vacation,Approved,Neel Sankar
7470,1799,Annual Leave,2025-04-14,2025-04-18,5,Medical Treatment,Approved,Qarin Dhingra
7471,1279,Paternity Leave,2025-03-24,2025-04-01,9,Child Care,Approved,Odika Bhattacharyya
7472,2276,Emergency Leave,2024-01-04,2024-01-08,5,Higher Education,Approved,Alexander Agarwal
7473,1048,Annual Leave,2024-02-14,2024-02-21,8,Child Care,Approved,Aachal Goel
7474,1577,Emergency Leave,2025-12-02,2025-12-07,6,Vacation,Approved,Zayyan Aggarwal
7475,2754,Emergency Leave,2025-06-06,2025-06-12,7,Family Emergency,Rejected,
7476,664,Unpaid Leave,2024-07-09,2024-07-17,9,Medical Treatment,Approved,Chaitanya Ganesh
7477,742,Unpaid Leave,2024-09-01,2024-09-09,9,Marriage,Approved,Jairaj Arya
7478,2063,Emergency Leave,2024-08-28,2024-09-05,9,Personal Work,Approved,Ojasvi Cheema
7479,1804,Sick Leave,2025-04-01,2025-04-07,7,Marriage,Approved,Ranbir Lad
7480,2453,Sick Leave,2024-06-13,2024-06-16,4,Personal Work,Approved,Vedant Chandra
7481,2957,Unpaid Leave,2025-05-28,2025-06-02,6,Child Care,Approved,Madhav Mital
7482,2335,Sick Leave,2025-11-05,2025-11-05,1,Child Care,Pending,
7483,2704,Emergency Leave,2025-07-28,2025-07-28,1,Religious Festival,Pending,
7484,949,Annual Leave,2025-11-11,2025-11-13,3,Personal Work,Approved,Chanakya Garde
7485,843,Casual Leave,2025-01-15,2025-01-23,9,Personal Work,Approved,Ria Butala
7486,2369,Maternity Leave,2024-03-12,2024-03-13,2,Personal Work,Approved,Damini Chander
7487,1774,Casual Leave,2024-11-12,2024-11-13,2,Personal Work,Approved,Sachi Rai
7488,743,Annual Leave,2024-02-20,2024-02-20,1,Marriage,Approved,Gayathri Lalla
7489,1916,Maternity Leave,2024-01-30,2024-01-31,2,Vacation,Approved,Ishita Kannan
7490,1258,Maternity Leave,2024-07-29,2024-08-01,4,Personal Work,Approved,Kai Din
7491,2564,Maternity Leave,2024-05-12,2024-05-13,2,Child Care,Approved,Arunima Basak
7492,2977,Casual Leave,2024-11-29,2024-12-08,10,Religious Festival,Approved,Niharika Dayal
7493,2263,Unpaid Leave,2025-06-11,2025-06-16,6,Personal Work,Approved,Nidra Badal
7494,684,Annual Leave,2024-03-23,2024-04-01,10,Marriage,Approved,Pranav Varkey
7495,428,Sick Leave,2024-05-30,2024-06-05,7,Child Care,Approved,Zayyan Saran
7496,1379,Maternity Leave,2024-05-18,2024-05-25,8,Child Care,Approved,Indali Kale
7497,1890,Emergency Leave,2025-09-02,2025-09-10,9,Higher Education,Approved,Irya Varma
7498,1500,Maternity Leave,2024-11-15,2024-11-18,4,Child Care,Approved,Zaitra Sharma
7499,295,Sick Leave,2025-02-26,2025-03-02,5,Personal Work,Approved,Gaurangi Ray
7500,2440,Annual Leave,2025-02-21,2025-03-02,10,Vacation,Approved,Wyatt Korpal
7501,2244,Paternity Leave,2024-01-26,2024-02-03,9,Family Emergency,Approved,Hitesh Kari
7502,1771,Unpaid Leave,2024-03-22,2024-03-29,8,Marriage,Approved,Simon Kari
7503,822,Maternity Leave,2025-09-04,2025-09-13,10,Higher Education,Approved,Krish Narula
7504,1664,Annual Leave,2025-12-25,2025-12-30,6,Vacation,Approved,Kevin Saini
7505,385,Annual Leave,2024-02-29,2024-03-01,2,Medical Treatment,Approved,Tanveer Choudhry
7506,1370,Casual Leave,2024-08-23,2024-08-31,9,Personal Work,Rejected,
7507,1160,Sick Leave,2024-07-26,2024-07-29,4,Personal Work,Approved,Sathvik Bandi
7508,2046,Maternity Leave,2025-11-19,2025-11-21,3,Personal Work,Approved,Girik Tandon
7509,2397,Maternity Leave,2024-01-17,2024-01-17,1,Child Care,Approved,Ayushman Venkataraman
7510,399,Unpaid Leave,2024-07-08,2024-07-14,7,Personal Work,Approved,Arin Badami
7511,1886,Paternity Leave,2025-05-25,2025-06-03,10,Medical Treatment,Approved,Samaksh Chaudry
7512,1404,Emergency Leave,2024-04-26,2024-04-29,4,Vacation,Approved,Chaitanya Seth
7513,1563,Emergency Leave,2025-04-18,2025-04-27,10,Child Care,Pending,
7514,1892,Paternity Leave,2024-08-31,2024-09-03,4,Family Emergency,Approved,Mitali Uppal
7515,150,Maternity Leave,2024-05-29,2024-06-04,7,Family Emergency,Approved,Eiravati Sidhu
7516,794,Emergency Leave,2025-07-21,2025-07-23,3,Marriage,Approved,Yasti Shukla
7517,2764,Sick Leave,2025-12-20,2025-12-20,1,Child Care,Approved,Lavanya Atwal
7518,2325,Maternity Leave,2025-07-27,2025-08-03,8,Personal Work,Rejected,
7519,1488,Maternity Leave,2024-07-05,2024-07-12,8,Religious Festival,Approved,Charvi Johal
7520,1483,Paternity Leave,2025-12-28,2026-01-04,8,Family Emergency,Approved,Pratyush Varkey
7521,2003,Emergency Leave,2024-03-28,2024-03-28,1,Religious Festival,Approved,Bhavya Srinivasan
7522,1263,Paternity Leave,2025-07-04,2025-07-13,10,Higher Education,Approved,Ronith Ramakrishnan
7523,2769,Emergency Leave,2024-06-05,2024-06-08,4,Family Emergency,Approved,Advay Bhardwaj
7524,2991,Unpaid Leave,2024-05-08,2024-05-14,7,Child Care,Approved,Aadi Sidhu
7525,2081,Casual Leave,2024-09-20,2024-09-26,7,Child Care,Approved,Faris Kadakia
7526,258,Annual Leave,2025-10-23,2025-10-31,9,Higher Education,Approved,Kabir Choudhry
7527,822,Casual Leave,2025-07-22,2025-07-30,9,Higher Education,Approved,Watika Gour
7528,2422,Casual Leave,2025-06-25,2025-06-28,4,Marriage,Pending,
7529,1683,Casual Leave,2024-08-07,2024-08-11,5,Vacation,Pending,
7530,690,Emergency Leave,2025-10-14,2025-10-17,4,Child Care,Approved,Maanav Kari
7531,2019,Paternity Leave,2024-01-03,2024-01-09,7,Religious Festival,Pending,
7532,2436,Emergency Leave,2024-01-31,2024-02-04,5,Higher Education,Approved,Yochana Sarin
7533,2687,Paternity Leave,2024-05-24,2024-05-30,7,Personal Work,Approved,Yashica Tella
7534,2390,Paternity Leave,2024-01-04,2024-01-08,5,Medical Treatment,Rejected,
7535,1429,Casual Leave,2024-12-05,2024-12-08,4,Higher Education,Approved,Gautam Sama
7536,1036,Unpaid Leave,2024-03-17,2024-03-22,6,Family Emergency,Approved,Janani Chandran
7537,1038,Annual Leave,2024-03-27,2024-04-01,6,Higher Education,Approved,Neelima Singhal
7538,695,Maternity Leave,2024-03-22,2024-03-22,1,Personal Work,Approved,Siya Ratta
7539,2783,Unpaid Leave,2024-12-22,2024-12-30,9,Religious Festival,Approved,Anjali Palla
7540,930,Paternity Leave,2025-04-21,2025-04-30,10,Vacation,Approved,Yuvraj Venkataraman
7541,971,Emergency Leave,2024-03-07,2024-03-12,6,Vacation,Approved,Aarini Karnik
7542,1975,Maternity Leave,2024-08-14,2024-08-14,1,Marriage,Approved,Rajata Trivedi
7543,814,Paternity Leave,2024-01-28,2024-02-05,9,Child Care,Approved,Radha Lal
7544,2378,Sick Leave,2025-06-30,2025-07-02,3,Medical Treatment,Approved,Ganga Biswas
7545,1015,Emergency Leave,2025-06-08,2025-06-17,10,Vacation,Approved,Lakshit Thakkar
7546,2854,Casual Leave,2025-02-12,2025-02-12,1,Higher Education,Approved,Rayaan Mishra
7547,857,Annual Leave,2025-03-29,2025-04-02,5,Vacation,Approved,Ishwar Narasimhan
7548,2957,Emergency Leave,2024-12-03,2024-12-06,4,Personal Work,Approved,Hema Bali
7549,121,Casual Leave,2024-12-08,2024-12-09,2,Family Emergency,Approved,Hritik Mitra
7550,1670,Casual Leave,2025-08-04,2025-08-12,9,Higher Education,Approved,Jagdish Jain
7551,2588,Maternity Leave,2025-12-23,2025-12-29,7,Personal Work,Approved,Faqid Gade
7552,1617,Emergency Leave,2024-04-15,2024-04-19,5,Personal Work,Approved,Elijah Dayal
7553,2834,Unpaid Leave,2024-05-15,2024-05-21,7,Vacation,Approved,Jagvi Arora
7554,1015,Sick Leave,2025-06-12,2025-06-14,3,Marriage,Pending,
7555,2337,Maternity Leave,2025-06-09,2025-06-16,8,Religious Festival,Approved,Baljiwan Pandya
7556,2436,Sick Leave,2024-09-10,2024-09-10,1,Personal Work,Approved,Siya Natt
7557,286,Annual Leave,2024-06-18,2024-06-19,2,Higher Education,Approved,Maanas Rau
7558,1787,Annual Leave,2025-04-22,2025-04-29,8,Medical Treatment,Approved,Zayyan Prakash
7559,2794,Unpaid Leave,2024-07-06,2024-07-15,10,Child Care,Approved,Viraj Tank
7560,1225,Maternity Leave,2024-11-30,2024-12-04,5,Higher Education,Approved,Ucchal Khatri
7561,1949,Maternity Leave,2025-07-14,2025-07-21,8,Marriage,Approved,Odika Lad
7562,967,Unpaid Leave,2024-03-18,2024-03-18,1,Personal Work,Approved,Yasti Pandya
7563,1031,Sick Leave,2025-03-01,2025-03-06,6,Religious Festival,Approved,Girik Gara
7564,1105,Paternity Leave,2025-11-04,2025-11-11,8,Marriage,Approved,Unnati Soman
7565,1399,Annual Leave,2024-12-15,2024-12-20,6,Family Emergency,Approved,Kashish Sundaram
7566,1679,Annual Leave,2024-08-03,2024-08-05,3,Vacation,Approved,Isaac Bhardwaj
7567,2975,Emergency Leave,2025-10-04,2025-10-12,9,Child Care,Approved,Matthew Mody
7568,1927,Annual Leave,2024-03-05,2024-03-12,8,Medical Treatment,Approved,Rachit Pillay
7569,656,Maternity Leave,2025-07-13,2025-07-15,3,Child Care,Approved,Jacob Vaidya
7570,389,Unpaid Leave,2025-06-10,2025-06-13,4,Family Emergency,Approved,Ishita Reddy
7571,769,Emergency Leave,2025-09-08,2025-09-15,8,Personal Work,Approved,Chatresh Maharaj
7572,2754,Annual Leave,2025-07-22,2025-07-25,4,Marriage,Pending,
7573,2041,Emergency Leave,2024-10-13,2024-10-21,9,Religious Festival,Approved,Hema Srivastava
7574,2841,Maternity Leave,2024-10-17,2024-10-17,1,Medical Treatment,Approved,Christopher Sahota
7575,184,Paternity Leave,2024-02-24,2024-03-01,7,Religious Festival,Approved,Yashvi Panchal
7576,488,Annual Leave,2024-09-28,2024-10-04,7,Higher Education,Approved,Bachittar Kar
7577,147,Emergency Leave,2024-01-09,2024-01-17,9,Personal Work,Approved,Hemani Deep
7578,1808,Maternity Leave,2024-04-07,2024-04-11,5,Marriage,Approved,Yatan Vala
7579,44,Sick Leave,2024-10-20,2024-10-24,5,Religious Festival,Approved,Anusha Pradhan
7580,1895,Sick Leave,2024-08-23,2024-08-29,7,Religious Festival,Pending,
7581,2704,Casual Leave,2024-12-12,2024-12-12,1,Personal Work,Approved,Netra Kuruvilla
7582,2541,Sick Leave,2025-05-07,2025-05-14,8,Vacation,Approved,Chaaya Sachdev
7583,2517,Annual Leave,2025-12-09,2025-12-12,4,Higher Education,Approved,Charita Ramaswamy
7584,2270,Unpaid Leave,2024-02-23,2024-03-02,9,Child Care,Approved,Rajeshri Upadhyay
7585,1050,Sick Leave,2024-05-14,2024-05-15,2,Religious Festival,Approved,Diya Sabharwal
7586,2557,Maternity Leave,2024-02-17,2024-02-21,5,Personal Work,Pending,
7587,171,Maternity Leave,2025-05-01,2025-05-09,9,Religious Festival,Approved,Sneha Seth
7588,2407,Sick Leave,2025-02-15,2025-02-15,1,Family Emergency,Approved,Odika Doctor
7589,2563,Annual Leave,2024-04-13,2024-04-20,8,Religious Festival,Approved,Noah Dube
7590,1785,Annual Leave,2025-03-14,2025-03-19,6,Vacation,Approved,Abdul Sandhu
7591,509,Paternity Leave,2025-03-19,2025-03-24,6,Vacation,Approved,Omkaar Dhingra
7592,534,Maternity Leave,2025-10-20,2025-10-29,10,Child Care,Approved,Vasudha Talwar
7593,1561,Sick Leave,2024-03-27,2024-03-30,4,Family Emergency,Approved,Maanav Mitra
7594,1008,Casual Leave,2024-10-31,2024-11-06,7,Vacation,Approved,Azaan Walia
7595,1003,Annual Leave,2025-09-19,2025-09-26,8,Medical Treatment,Approved,Unnati Prasad
7596,1447,Casual Leave,2024-10-16,2024-10-16,1,Higher Education,Approved,Ridhi Saini
7597,854,Sick Leave,2025-02-16,2025-02-16,1,Religious Festival,Approved,Gopal Gaba
7598,881,Annual Leave,2024-03-03,2024-03-11,9,Religious Festival,Rejected,
7599,18,Annual Leave,2025-08-14,2025-08-18,5,Medical Treatment,Approved,Irya Tara
7600,2721,Maternity Leave,2024-10-01,2024-10-03,3,Child Care,Approved,Meera Sathe
7601,2119,Sick Leave,2025-12-02,2025-12-02,1,Medical Treatment,Approved,Bhavika Goda
7602,2840,Annual Leave,2024-03-17,2024-03-26,10,Vacation,Approved,Ishani Sastry
7603,1420,Casual Leave,2025-10-05,2025-10-13,9,Higher Education,Approved,Kevin Seshadri
7604,891,Maternity Leave,2025-03-28,2025-04-02,6,Higher Education,Approved,Omisha Sachdev
7605,2458,Emergency Leave,2024-07-18,2024-07-21,4,Family Emergency,Approved,Nikita Dalal
7606,1110,Unpaid Leave,2024-07-17,2024-07-22,6,Religious Festival,Approved,Yatin Dhingra
7607,970,Maternity Leave,2024-12-05,2024-12-06,2,Medical Treatment,Approved,Balhaar Bhatti
7608,2195,Sick Leave,2025-09-12,2025-09-19,8,Marriage,Approved,Ria Sarkar
7609,2111,Unpaid Leave,2025-08-17,2025-08-19,3,Personal Work,Approved,Rudra Bir
7610,539,Maternity Leave,2025-02-04,2025-02-09,6,Medical Treatment,Approved,Daksha Rattan
7611,2067,Casual Leave,2025-03-01,2025-03-03,3,Religious Festival,Approved,Sarthak Samra
7612,2649,Emergency Leave,2025-02-16,2025-02-22,7,Medical Treatment,Approved,Tarak Padmanabhan
7613,1379,Casual Leave,2025-06-26,2025-07-05,10,Vacation,Approved,Urmi Sura
7614,2103,Annual Leave,2024-07-07,2024-07-16,10,Religious Festival,Approved,Thomas Kapoor
7615,1243,Casual Leave,2024-10-03,2024-10-11,9,Medical Treatment,Approved,Damini Doshi
7616,2766,Unpaid Leave,2024-01-11,2024-01-16,6,Personal Work,Approved,Bachittar More
7617,2100,Maternity Leave,2025-03-19,2025-03-23,5,Medical Treatment,Approved,Leela Bhatt
7618,2921,Unpaid Leave,2025-09-26,2025-10-01,6,Family Emergency,Approved,Yash Contractor
7619,2681,Casual Leave,2024-03-01,2024-03-05,5,Personal Work,Approved,Nathaniel Rajagopal
7620,169,Sick Leave,2024-12-31,2025-01-05,6,Child Care,Approved,Harrison Mittal
7621,2440,Casual Leave,2024-08-02,2024-08-07,6,Marriage,Approved,Lekha Bhavsar
7622,1509,Unpaid Leave,2024-01-05,2024-01-10,6,Medical Treatment,Approved,Kalpit Minhas
7623,254,Maternity Leave,2025-03-28,2025-03-30,3,Higher Education,Approved,Ekalinga Ramaswamy
7624,1797,Unpaid Leave,2024-01-07,2024-01-12,6,Higher Education,Approved,Quincy Golla
7625,2571,Emergency Leave,2024-09-15,2024-09-22,8,Family Emergency,Approved,Bhavani Venkatesh
7626,1516,Casual Leave,2025-05-12,2025-05-13,2,Higher Education,Approved,Daksh Sarma
7627,608,Unpaid Leave,2024-05-12,2024-05-16,5,Marriage,Approved,Nikita Biswas
7628,1977,Maternity Leave,2024-12-04,2024-12-11,8,Vacation,Approved,Daksha Rajagopalan
7629,2022,Annual Leave,2025-09-03,2025-09-07,5,Religious Festival,Approved,Dominic Raval
7630,2457,Casual Leave,2024-05-26,2024-06-03,9,Child Care,Approved,Rushil Bhatia
7631,1892,Casual Leave,2024-09-07,2024-09-08,2,Family Emergency,Approved,Zaid Rege
7632,809,Paternity Leave,2025-09-22,2025-10-01,10,Child Care,Approved,Vinaya Bala
7633,2700,Unpaid Leave,2024-11-22,2024-11-29,8,Religious Festival,Approved,Zashil Bahri
7634,1492,Maternity Leave,2025-02-27,2025-03-02,4,Vacation,Approved,Rushil Nigam
7635,692,Unpaid Leave,2025-10-30,2025-11-06,8,Personal Work,Approved,Guneet Doctor
7636,2557,Paternity Leave,2025-07-31,2025-07-31,1,Medical Treatment,Approved,Chaitanya Palan
7637,635,Unpaid Leave,2024-08-28,2024-08-30,3,Higher Education,Approved,Theodore Varughese
7638,1628,Casual Leave,2025-05-04,2025-05-07,4,Personal Work,Approved,Ridhi Edwin
7639,1507,Annual Leave,2024-06-11,2024-06-14,4,Higher Education,Approved,Vincent Warrior
7640,2610,Unpaid Leave,2025-01-10,2025-01-10,1,Personal Work,Approved,Simon Upadhyay
7641,1494,Casual Leave,2024-11-11,2024-11-19,9,Personal Work,Approved,Mekhala Sachdev
7642,1447,Casual Leave,2025-12-21,2025-12-30,10,Religious Festival,Rejected,
7643,1783,Unpaid Leave,2024-02-06,2024-02-08,3,Child Care,Pending,
7644,2287,Paternity Leave,2025-08-26,2025-08-29,4,Higher Education,Approved,Ikbal Bhattacharyya
7645,2865,Unpaid Leave,2024-09-17,2024-09-23,7,Vacation,Approved,Samar Shroff
7646,2296,Unpaid Leave,2025-09-07,2025-09-16,10,Vacation,Approved,Bhavani Rajagopal
7647,1236,Unpaid Leave,2024-01-09,2024-01-18,10,Child Care,Approved,Ishanvi Vora
7648,2940,Annual Leave,2025-07-10,2025-07-14,5,Higher Education,Approved,Max Bahri
7649,364,Casual Leave,2025-08-04,2025-08-09,6,Religious Festival,Approved,Triveni Dara
7650,650,Annual Leave,2025-04-23,2025-05-02,10,Marriage,Approved,Gopal Jani
7651,914,Emergency Leave,2025-08-29,2025-09-06,9,Vacation,Approved,Yashoda Savant
7652,2524,Paternity Leave,2024-12-23,2024-12-26,4,Child Care,Approved,Jairaj Sankaran
7653,148,Maternity Leave,2024-07-13,2024-07-22,10,Religious Festival,Pending,
7654,2647,Paternity Leave,2024-06-08,2024-06-08,1,Vacation,Rejected,
7655,1510,Casual Leave,2025-11-21,2025-11-29,9,Medical Treatment,Approved,Nirja Patla
7656,381,Annual Leave,2025-11-13,2025-11-18,6,Family Emergency,Approved,Anjali Choudhury
7657,180,Sick Leave,2025-06-16,2025-06-22,7,Vacation,Approved,Nidra Sengupta
7658,2504,Paternity Leave,2025-08-09,2025-08-12,4,Marriage,Approved,Janya Mutti
7659,2899,Sick Leave,2025-11-13,2025-11-22,10,Higher Education,Approved,Krisha Dugal
7660,2407,Annual Leave,2025-10-10,2025-10-12,3,Marriage,Pending,
7661,2226,Maternity Leave,2024-03-13,2024-03-20,8,Medical Treatment,Approved,Chaaya Choudhury
7662,2293,Maternity Leave,2025-05-09,2025-05-18,10,Personal Work,Approved,Tanmayi Chaudhuri
7663,1161,Emergency Leave,2025-12-17,2025-12-25,9,Child Care,Approved,Dhruv Wadhwa
7664,1855,Emergency Leave,2024-03-28,2024-04-03,7,Personal Work,Approved,Yadavi Agarwal
7665,554,Paternity Leave,2025-03-01,2025-03-01,1,Personal Work,Approved,Vaishnavi Sandal
7666,2100,Paternity Leave,2024-11-25,2024-11-26,2,Family Emergency,Approved,Zinal Virk
7667,1658,Emergency Leave,2024-09-20,2024-09-24,5,Family Emergency,Approved,Megha Batta
7668,2982,Unpaid Leave,2025-09-10,2025-09-16,7,Vacation,Approved,Rayaan Baria
7669,1056,Emergency Leave,2024-12-31,2025-01-08,9,Family Emergency,Approved,Januja Das
7670,2028,Maternity Leave,2024-03-21,2024-03-27,7,Higher Education,Approved,Baghyawati Khanna
7671,2433,Unpaid Leave,2025-02-20,2025-02-25,6,Higher Education,Approved,Neha Kannan
7672,1818,Unpaid Leave,2025-06-26,2025-06-30,5,Family Emergency,Approved,Noah Dass
7673,1275,Emergency Leave,2024-10-18,2024-10-26,9,Medical Treatment,Approved,Zaid Rout
7674,1254,Casual Leave,2024-03-20,2024-03-26,7,Marriage,Approved,Om Dey
7675,2331,Maternity Leave,2024-01-09,2024-01-14,6,Religious Festival,Approved,Rachana Narang
7676,1353,Unpaid Leave,2024-10-06,2024-10-12,7,Family Emergency,Approved,Joshua Pandey
7677,803,Maternity Leave,2024-12-10,2024-12-14,5,Family Emergency,Approved,Darsh Baria
7678,2567,Emergency Leave,2024-04-20,2024-04-29,10,Child Care,Approved,Samuel Sunder
7679,1099,Unpaid Leave,2025-08-27,2025-09-05,10,Child Care,Approved,Ekaraj Kant
7680,2735,Unpaid Leave,2024-02-14,2024-02-22,9,Medical Treatment,Approved,Raksha Kohli
7681,2709,Maternity Leave,2025-04-30,2025-05-02,3,Family Emergency,Approved,Yasti Gopal
7682,996,Paternity Leave,2024-05-20,2024-05-22,3,Higher Education,Approved,Damyanti Srinivas
7683,563,Sick Leave,2025-04-28,2025-04-28,1,Marriage,Approved,Mohammed Sharaf
7684,944,Emergency Leave,2024-01-30,2024-02-07,9,Vacation,Approved,Yashodhara Deep
7685,1585,Paternity Leave,2025-11-22,2025-11-23,2,Child Care,Approved,Yashodhara Dhingra
7686,2015,Casual Leave,2024-11-15,2024-11-23,9,Higher Education,Rejected,
7687,2054,Sick Leave,2025-08-17,2025-08-17,1,Religious Festival,Pending,
7688,1343,Maternity Leave,2025-01-22,2025-01-28,7,Religious Festival,Approved,Anthony Sane
7689,2768,Unpaid Leave,2025-11-06,2025-11-13,8,Religious Festival,Approved,Saumya Tank
7690,1886,Maternity Leave,2024-05-06,2024-05-12,7,Vacation,Approved,Onkar Dada
7691,222,Casual Leave,2024-03-27,2024-04-01,6,Family Emergency,Approved,Charles Lala
7692,1621,Paternity Leave,2024-11-06,2024-11-13,8,Personal Work,Approved,Vedika Shanker
7693,2618,Casual Leave,2025-10-07,2025-10-16,10,Child Care,Approved,Rohan Chad
7694,919,Sick Leave,2025-06-08,2025-06-15,8,Child Care,Approved,Ucchal Rajagopalan
7695,440,Casual Leave,2025-11-10,2025-11-16,7,Personal Work,Approved,Harshil Kari
7696,1038,Sick Leave,2025-11-29,2025-11-29,1,Family Emergency,Approved,Bimala Warrior
7697,360,Paternity Leave,2025-08-24,2025-09-01,9,Personal Work,Approved,Thomas Chawla
7698,1868,Paternity Leave,2025-03-06,2025-03-07,2,Family Emergency,Approved,Wahab Nagarajan
7699,208,Sick Leave,2025-06-07,2025-06-12,6,Medical Treatment,Approved,Anirudh Boase
7700,2342,Maternity Leave,2025-05-12,2025-05-17,6,Vacation,Approved,Gautami Sani
7701,1394,Emergency Leave,2024-10-12,2024-10-17,6,Marriage,Approved,Vyanjana Sagar
7702,917,Casual Leave,2024-12-19,2024-12-27,9,Medical Treatment,Approved,Mitali Sidhu
7703,2564,Casual Leave,2024-07-22,2024-07-25,4,Family Emergency,Pending,
7704,2907,Maternity Leave,2025-05-20,2025-05-28,9,Higher Education,Approved,Xiti Jani
7705,1734,Emergency Leave,2025-01-20,2025-01-23,4,Higher Education,Approved,Gagan Som
7706,2751,Maternity Leave,2024-10-18,2024-10-18,1,Family Emergency,Approved,Jyoti Saini
7707,849,Sick Leave,2025-03-21,2025-03-29,9,Child Care,Approved,Tanvi Raj
7708,167,Paternity Leave,2025-11-16,2025-11-24,9,Medical Treatment,Approved,Advay Das
7709,2012,Annual Leave,2025-01-07,2025-01-07,1,Family Emergency,Approved,Praneel Manda
7710,2471,Annual Leave,2024-10-21,2024-10-29,9,Higher Education,Approved,Michael Mistry
7711,2681,Unpaid Leave,2024-11-18,2024-11-22,5,Child Care,Approved,Leena Bajaj
7712,1483,Maternity Leave,2024-02-06,2024-02-15,10,Family Emergency,Approved,Qushi Yogi
7713,1938,Annual Leave,2025-03-26,2025-03-28,3,Child Care,Approved,Mason De
7714,392,Annual Leave,2025-04-12,2025-04-16,5,Marriage,Approved,Nikita Sundaram
7715,184,Casual Leave,2025-09-25,2025-09-25,1,Higher Education,Approved,Ishaan Deshmukh
7716,2997,Paternity Leave,2024-11-22,2024-11-27,6,Vacation,Approved,Chaitaly Dave
7717,1754,Annual Leave,2025-03-24,2025-03-24,1,Family Emergency,Approved,Lajita Dey
7718,574,Annual Leave,2024-08-31,2024-09-06,7,Higher Education,Approved,David Magar
7719,1178,Casual Leave,2024-03-05,2024-03-08,4,Medical Treatment,Approved,Falak Bath
7720,1158,Emergency Leave,2025-08-18,2025-08-21,4,Family Emergency,Rejected,
7721,180,Casual Leave,2024-03-25,2024-03-28,4,Family Emergency,Approved,Frederick Gole
7722,1817,Casual Leave,2024-01-31,2024-02-03,4,Family Emergency,Approved,Chameli Buch
7723,1695,Emergency Leave,2024-11-12,2024-11-18,7,Vacation,Approved,Jagvi Divan
7724,719,Sick Leave,2024-03-17,2024-03-20,4,Child Care,Approved,Timothy Badami
7725,1458,Casual Leave,2025-12-22,2025-12-30,9,Family Emergency,Approved,Onveer Thakur
7726,1027,Emergency Leave,2024-07-12,2024-07-17,6,Family Emergency,Approved,Kai Yohannan
7727,1725,Emergency Leave,2024-10-21,2024-10-23,3,Marriage,Pending,
7728,1660,Paternity Leave,2025-10-10,2025-10-17,8,Family Emergency,Approved,Anita Ranganathan
7729,1863,Paternity Leave,2025-05-17,2025-05-22,6,Vacation,Approved,Baghyawati Mahal
7730,1460,Paternity Leave,2025-11-05,2025-11-11,7,Vacation,Approved,Baghyawati Choudhury
7731,1746,Maternity Leave,2024-06-07,2024-06-07,1,Medical Treatment,Approved,Madhavi Thaman
7732,291,Sick Leave,2025-08-21,2025-08-22,2,Medical Treatment,Approved,Tejas Mittal
7733,1570,Emergency Leave,2024-12-29,2025-01-07,10,Family Emergency,Approved,Amara Parsa
7734,987,Casual Leave,2025-12-25,2025-12-28,4,Marriage,Approved,Avni Mander
7735,2852,Sick Leave,2025-01-29,2025-01-29,1,Religious Festival,Approved,Tanvi Chakrabarti
7736,1117,Maternity Leave,2024-02-10,2024-02-14,5,Religious Festival,Approved,Anamika Borde
7737,336,Unpaid Leave,2024-02-11,2024-02-17,7,Vacation,Approved,Faqid Chahal
7738,1812,Maternity Leave,2024-07-15,2024-07-19,5,Medical Treatment,Approved,Yatan Kuruvilla
7739,2893,Maternity Leave,2025-07-26,2025-07-29,4,Personal Work,Approved,Hitesh Seth
7740,724,Emergency Leave,2025-09-07,2025-09-11,5,Religious Festival,Approved,Tripti Subramaniam
7741,2573,Paternity Leave,2024-08-25,2024-08-30,6,Vacation,Approved,Aadi Purohit
7742,585,Paternity Leave,2025-08-08,2025-08-08,1,Medical Treatment,Approved,Shivansh Parmer
7743,1323,Paternity Leave,2025-06-12,2025-06-16,5,Vacation,Approved,Ekaja Bala
7744,1295,Annual Leave,2024-11-07,2024-11-07,1,Marriage,Approved,Kiaan Ravel
7745,1166,Emergency Leave,2024-09-14,2024-09-19,6,Marriage,Approved,Anirudh Shanker
7746,1707,Sick Leave,2024-05-24,2024-05-27,4,Higher Education,Approved,Darpan Goyal
7747,2903,Unpaid Leave,2024-11-25,2024-11-30,6,Marriage,Approved,Radha Tank
7748,1907,Paternity Leave,2024-03-16,2024-03-16,1,Personal Work,Approved,Indira Roy
7749,490,Emergency Leave,2025-02-20,2025-02-24,5,Higher Education,Approved,Liam Mannan
7750,136,Paternity Leave,2024-06-01,2024-06-03,3,Higher Education,Approved,Zayyan Mane
7751,44,Unpaid Leave,2025-02-05,2025-02-09,5,Medical Treatment,Approved,Azaan Murthy
7752,754,Casual Leave,2025-07-22,2025-07-31,10,Marriage,Approved,Imaran Parsa
7753,870,Paternity Leave,2024-03-17,2024-03-26,10,Medical Treatment,Approved,Fitan Muni
7754,1840,Paternity Leave,2024-10-08,2024-10-16,9,Medical Treatment,Approved,Kala Pillai
7755,1860,Emergency Leave,2025-09-21,2025-09-30,10,Vacation,Approved,Vivaan Kapadia
7756,1453,Maternity Leave,2025-11-03,2025-11-04,2,Marriage,Approved,Lajita Mishra
7757,2824,Unpaid Leave,2024-12-13,2024-12-22,10,Medical Treatment,Approved,Ethan Mallick
7758,235,Paternity Leave,2025-10-28,2025-11-02,6,Medical Treatment,Approved,Rudra Randhawa
7759,1551,Maternity Leave,2025-10-19,2025-10-27,9,Medical Treatment,Approved,Patrick Arya
7760,2000,Maternity Leave,2024-02-15,2024-02-18,4,Child Care,Rejected,
7761,1178,Paternity Leave,2024-10-01,2024-10-08,8,Personal Work,Approved,Rajeshri Bhattacharyya
7762,2961,Casual Leave,2025-12-13,2025-12-13,1,Personal Work,Approved,Libni Varughese
7763,1454,Unpaid Leave,2025-05-06,2025-05-08,3,Religious Festival,Rejected,
7764,2339,Sick Leave,2024-10-08,2024-10-13,6,Higher Education,Approved,Barkha Chakraborty
7765,1566,Unpaid Leave,2025-09-01,2025-09-06,6,Personal Work,Approved,Wishi Subramanian
7766,1606,Sick Leave,2024-05-04,2024-05-04,1,Religious Festival,Approved,Bhavani Lata
7767,1743,Sick Leave,2025-07-05,2025-07-07,3,Family Emergency,Approved,Zilmil Saini
7768,1683,Annual Leave,2024-11-02,2024-11-04,3,Child Care,Rejected,
7769,266,Annual Leave,2024-07-02,2024-07-10,9,Vacation,Approved,Laksh Manda
7770,482,Annual Leave,2024-01-31,2024-02-09,10,Marriage,Pending,
7771,1786,Unpaid Leave,2024-09-06,2024-09-06,1,Medical Treatment,Approved,Ekta Puri
7772,2415,Casual Leave,2024-03-27,2024-04-05,10,Medical Treatment,Approved,Arunima Naidu
7773,2678,Emergency Leave,2024-08-04,2024-08-04,1,Marriage,Approved,Eta Chadha
7774,557,Emergency Leave,2024-06-06,2024-06-12,7,Vacation,Approved,Amruta Yohannan
7775,1412,Unpaid Leave,2024-03-04,2024-03-12,9,Higher Education,Approved,George Issac
7776,2031,Unpaid Leave,2024-08-15,2024-08-15,1,Higher Education,Approved,Bishakha Venkataraman
7777,550,Paternity Leave,2025-06-24,2025-06-30,7,Medical Treatment,Approved,Nisha Bansal
7778,431,Maternity Leave,2025-08-29,2025-09-03,6,Child Care,Approved,Zarna Ram
7779,1254,Emergency Leave,2025-01-29,2025-01-29,1,Higher Education,Rejected,
7780,829,Paternity Leave,2024-12-08,2024-12-13,6,Religious Festival,Rejected,
7781,1599,Paternity Leave,2025-02-20,2025-03-01,10,Family Emergency,Approved,Alka Bhalla
7782,612,Annual Leave,2024-08-20,2024-08-25,6,Medical Treatment,Approved,Kevin Narayanan
7783,839,Casual Leave,2024-10-27,2024-11-02,7,Higher Education,Approved,Sachi Chauhan
7784,1157,Paternity Leave,2025-01-03,2025-01-11,9,Family Emergency,Approved,Vasudha Khosla
7785,1441,Annual Leave,2024-08-20,2024-08-20,1,Medical Treatment,Approved,Ekbal Kapur
7786,1739,Emergency Leave,2025-07-02,2025-07-06,5,Child Care,Approved,Bimala Lala
7787,2618,Emergency Leave,2024-07-18,2024-07-21,4,Medical Treatment,Approved,Raghav Vaidya
7788,2257,Sick Leave,2025-01-29,2025-01-30,2,Higher Education,Approved,Naveen Jayaraman
7789,1074,Maternity Leave,2025-11-13,2025-11-20,8,Personal Work,Pending,
7790,2045,Emergency Leave,2024-07-13,2024-07-22,10,Religious Festival,Approved,Unni Dhillon
7791,2682,Maternity Leave,2024-01-20,2024-01-24,5,Marriage,Approved,Yashawini Goswami
7792,1528,Emergency Leave,2025-07-13,2025-07-22,10,Higher Education,Approved,Faras Kapur
7793,509,Sick Leave,2024-06-13,2024-06-18,6,Vacation,Approved,Chakradhar Morar
7794,329,Maternity Leave,2024-10-12,2024-10-15,4,Child Care,Approved,Hema Menon
7795,1042,Emergency Leave,2025-08-17,2025-08-26,10,Child Care,Approved,Anirudh Ghose
7796,2011,Annual Leave,2025-11-23,2025-12-02,10,Child Care,Approved,Bimala Ratti
7797,2398,Maternity Leave,2024-12-20,2024-12-23,4,Marriage,Approved,Yagnesh Bakshi
7798,2779,Annual Leave,2025-01-18,2025-01-21,4,Marriage,Approved,Liam Jani
7799,2274,Emergency Leave,2025-12-11,2025-12-19,9,Religious Festival,Approved,Zayyan D’Alia
7800,2628,Emergency Leave,2024-06-11,2024-06-19,9,Higher Education,Approved,Kamala Sule
7801,1532,Sick Leave,2025-10-24,2025-10-27,4,Religious Festival,Approved,Yashasvi Bhagat
7802,729,Emergency Leave,2024-12-17,2024-12-19,3,Personal Work,Approved,Neelima Doctor
7803,2249,Emergency Leave,2024-01-02,2024-01-06,5,Medical Treatment,Approved,Yamini Majumdar
7804,466,Sick Leave,2025-07-31,2025-08-08,9,Marriage,Approved,Arin Krishna
7805,1190,Paternity Leave,2024-11-06,2024-11-11,6,Marriage,Approved,Krishna Iyengar
7806,2338,Sick Leave,2025-12-08,2025-12-10,3,Marriage,Approved,Orinder Kamdar
7807,339,Emergency Leave,2025-12-30,2026-01-06,8,Religious Festival,Approved,Frederick Vig
7808,34,Unpaid Leave,2024-12-17,2024-12-20,4,Personal Work,Approved,Chaitaly Vohra
7809,2809,Paternity Leave,2025-07-22,2025-07-29,8,Vacation,Approved,Veda Nadig
7810,1296,Casual Leave,2025-04-17,2025-04-24,8,Higher Education,Approved,Gaurika Varkey
7811,2969,Emergency Leave,2024-09-15,2024-09-24,10,Personal Work,Approved,Ojasvi Bala
7812,835,Annual Leave,2025-06-27,2025-06-29,3,Marriage,Approved,Suhani Aggarwal
7813,1237,Paternity Leave,2024-07-25,2024-07-30,6,Marriage,Approved,Adya Kaul
7814,2060,Paternity Leave,2025-08-10,2025-08-11,2,Religious Festival,Approved,Indrajit Chaudhary
7815,2028,Casual Leave,2024-07-17,2024-07-17,1,Family Emergency,Approved,Viraj Swamy
7816,1882,Sick Leave,2025-08-04,2025-08-04,1,Vacation,Approved,Xalak Muni
7817,771,Emergency Leave,2025-12-30,2026-01-08,10,Religious Festival,Approved,Brinda Bandi
7818,1847,Paternity Leave,2025-04-04,2025-04-09,6,Family Emergency,Rejected,
7819,2506,Casual Leave,2024-07-18,2024-07-21,4,Medical Treatment,Approved,Lajita Pandya
7820,1667,Maternity Leave,2024-01-29,2024-02-04,7,Higher Education,Pending,
7821,20,Unpaid Leave,2024-12-06,2024-12-14,9,Religious Festival,Approved,Qasim Lad
7822,68,Emergency Leave,2024-01-13,2024-01-22,10,Marriage,Approved,Yashawini Bhatnagar
7823,2373,Paternity Leave,2025-05-10,2025-05-14,5,Medical Treatment,Approved,Dalbir Agarwal
7824,248,Unpaid Leave,2025-02-14,2025-02-15,2,Family Emergency,Approved,Hamsini Bava
7825,1994,Unpaid Leave,2025-02-20,2025-03-01,10,Marriage,Approved,Kalpit Varughese
7826,1429,Casual Leave,2025-06-19,2025-06-28,10,Vacation,Approved,Girish Chokshi
7827,438,Unpaid Leave,2025-09-03,2025-09-11,9,Child Care,Approved,Anay Singh
7828,2504,Maternity Leave,2024-01-27,2024-01-28,2,Family Emergency,Approved,Vritti Rau
7829,2571,Maternity Leave,2025-07-18,2025-07-21,4,Religious Festival,Approved,Devansh Ahluwalia
7830,861,Maternity Leave,2024-12-26,2024-12-30,5,Medical Treatment,Approved,Aarav Venkatesh
7831,413,Annual Leave,2025-03-11,2025-03-16,6,Vacation,Approved,Omisha Bawa
7832,773,Casual Leave,2024-10-06,2024-10-13,8,Vacation,Approved,Lucky Sunder
7833,2634,Annual Leave,2024-12-30,2025-01-05,7,Family Emergency,Approved,Aditya De
7834,1575,Sick Leave,2025-01-07,2025-01-11,5,Religious Festival,Approved,Hemang Rattan
7835,1325,Casual Leave,2024-03-07,2024-03-13,7,Vacation,Rejected,
7836,729,Annual Leave,2025-12-04,2025-12-07,4,Personal Work,Approved,Gautam Sharma
7837,1595,Maternity Leave,2025-07-14,2025-07-16,3,Marriage,Approved,Zinal Bhagat
7838,2334,Casual Leave,2025-09-17,2025-09-17,1,Medical Treatment,Approved,Deepa Varughese
7839,1822,Sick Leave,2025-08-25,2025-08-29,5,Child Care,Approved,Gautam Madan
7840,1569,Annual Leave,2025-02-03,2025-02-12,10,Personal Work,Pending,
7841,1935,Paternity Leave,2024-11-16,2024-11-16,1,Vacation,Approved,Balvan Deep
7842,1709,Annual Leave,2025-10-19,2025-10-22,4,Medical Treatment,Pending,
7843,211,Emergency Leave,2024-02-03,2024-02-12,10,Religious Festival,Rejected,
7844,444,Emergency Leave,2025-08-01,2025-08-04,4,Medical Treatment,Approved,Chanakya Naik
7845,1064,Paternity Leave,2025-01-14,2025-01-15,2,Vacation,Approved,Ranveer Gola
7846,699,Sick Leave,2025-10-15,2025-10-19,5,Higher Education,Approved,Maanav Nagi
7847,1385,Emergency Leave,2025-05-30,2025-05-31,2,Vacation,Approved,Yashoda Hari
7848,2488,Casual Leave,2025-07-03,2025-07-09,7,Medical Treatment,Approved,Charvi Bhavsar
7849,2166,Paternity Leave,2025-02-03,2025-02-08,6,Marriage,Approved,Jai Apte
7850,895,Paternity Leave,2024-04-08,2024-04-11,4,Religious Festival,Approved,Pahal Saini
7851,2994,Unpaid Leave,2025-10-20,2025-10-20,1,Religious Festival,Approved,Kevin Sant
7852,2447,Unpaid Leave,2025-06-10,2025-06-11,2,Child Care,Approved,Aashi Majumdar
7853,2854,Unpaid Leave,2025-07-07,2025-07-12,6,Higher Education,Approved,Henry Borra
7854,2650,Maternity Leave,2024-02-29,2024-03-01,2,Higher Education,Approved,Bhanumati Saxena
7855,2248,Sick Leave,2025-01-14,2025-01-23,10,Religious Festival,Approved,Aahana Bhattacharyya
7856,728,Paternity Leave,2025-03-11,2025-03-15,5,Family Emergency,Approved,Siddharth Bhargava
7857,351,Unpaid Leave,2024-07-28,2024-08-06,10,Medical Treatment,Approved,Rehaan Sarna
7858,2665,Casual Leave,2025-01-10,2025-01-12,3,Personal Work,Approved,Vidhi Ahuja
7859,2064,Annual Leave,2025-02-16,2025-02-20,5,Vacation,Approved,Gayathri Khare
7860,345,Sick Leave,2024-04-17,2024-04-25,9,Child Care,Rejected,
7861,2365,Maternity Leave,2024-11-15,2024-11-18,4,Personal Work,Approved,Waida Bal
7862,690,Emergency Leave,2024-12-10,2024-12-15,6,Medical Treatment,Approved,Panini Pai
7863,665,Unpaid Leave,2024-02-07,2024-02-07,1,Personal Work,Approved,Neha Thakur
7864,176,Sick Leave,2025-05-06,2025-05-06,1,Personal Work,Approved,Om Joshi
7865,2875,Casual Leave,2024-01-26,2024-02-01,7,Child Care,Approved,Darsh Ray
7866,1652,Casual Leave,2025-01-27,2025-02-05,10,Medical Treatment,Approved,Harinakshi Merchant
7867,2831,Maternity Leave,2025-10-04,2025-10-06,3,Medical Treatment,Approved,Lakshit Borah
7868,1013,Paternity Leave,2025-11-23,2025-11-29,7,Religious Festival,Approved,Qadim Venkataraman
7869,2485,Annual Leave,2025-05-10,2025-05-16,7,Personal Work,Approved,Jeevika Muni
7870,2843,Paternity Leave,2025-05-12,2025-05-21,10,Religious Festival,Approved,Manbir Kade
7871,784,Unpaid Leave,2024-01-29,2024-01-31,3,Vacation,Approved,Jyoti Tripathi
7872,390,Annual Leave,2025-09-02,2025-09-05,4,Religious Festival,Approved,Darika Jaggi
7873,563,Sick Leave,2025-12-12,2025-12-13,2,Family Emergency,Approved,Onveer Lalla
7874,966,Casual Leave,2024-11-21,2024-11-23,3,Vacation,Approved,Neha Chad
7875,2979,Sick Leave,2025-12-06,2025-12-08,3,Personal Work,Pending,
7876,1617,Sick Leave,2025-01-18,2025-01-24,7,Medical Treatment,Approved,Aarini Sarna
7877,2580,Sick Leave,2025-07-13,2025-07-15,3,Family Emergency,Approved,Triya Halder
7878,1283,Sick Leave,2025-03-28,2025-04-01,5,Child Care,Approved,Nathan Mitter
7879,1807,Unpaid Leave,2024-05-08,2024-05-08,1,Higher Education,Approved,Aayush Sandal
7880,1577,Annual Leave,2025-09-09,2025-09-13,5,Marriage,Approved,Leena Sangha
7881,2670,Paternity Leave,2025-06-14,2025-06-23,10,Higher Education,Approved,Bahadurjit Gulati
7882,2621,Paternity Leave,2024-02-09,2024-02-15,7,Higher Education,Approved,Christopher Viswanathan
7883,1239,Annual Leave,2025-10-20,2025-10-28,9,Higher Education,Approved,Jatin Khanna
7884,1994,Unpaid Leave,2024-09-11,2024-09-13,3,Higher Education,Approved,Janaki Uppal
7885,2664,Casual Leave,2025-08-26,2025-08-28,3,Vacation,Approved,Ranbir Bhagat
7886,84,Sick Leave,2024-08-08,2024-08-11,4,Religious Festival,Approved,Darika Parsa
7887,300,Annual Leave,2025-01-13,2025-01-22,10,Higher Education,Approved,Jeevika Sodhi
7888,593,Casual Leave,2025-08-07,2025-08-14,8,Family Emergency,Approved,Siya Bera
7889,1412,Casual Leave,2024-02-10,2024-02-12,3,Personal Work,Approved,Ekanta Agate
7890,266,Emergency Leave,2024-03-02,2024-03-10,9,Marriage,Approved,Meera Grover
7891,2432,Sick Leave,2025-06-17,2025-06-24,8,Child Care,Rejected,
7892,2966,Unpaid Leave,2024-03-07,2024-03-10,4,Religious Festival,Approved,Owen Mishra
7893,2865,Sick Leave,2024-04-27,2024-04-30,4,Medical Treatment,Approved,Nathaniel Bir
7894,2259,Sick Leave,2025-01-06,2025-01-14,9,Child Care,Approved,Zayan Tandon
7895,2655,Sick Leave,2024-09-06,2024-09-08,3,Higher Education,Approved,Madhavi Dube
7896,2250,Paternity Leave,2025-09-08,2025-09-14,7,Higher Education,Approved,Rushil D’Alia
7897,163,Casual Leave,2024-01-17,2024-01-19,3,Marriage,Approved,Rishi Dyal
7898,1443,Emergency Leave,2025-06-30,2025-07-03,4,Religious Festival,Approved,Vritti Sahni
7899,2371,Sick Leave,2024-09-11,2024-09-12,2,Child Care,Approved,Harinakshi Kakar
7900,2793,Maternity Leave,2025-06-12,2025-06-21,10,Medical Treatment,Approved,Mason Mannan
7901,2666,Sick Leave,2025-04-12,2025-04-17,6,Higher Education,Approved,Jatin Raghavan
7902,2949,Annual Leave,2025-02-18,2025-02-23,6,Higher Education,Approved,Omya Chada
7903,2685,Annual Leave,2024-02-29,2024-03-07,8,Vacation,Approved,Radha Panchal
7904,2963,Maternity Leave,2024-10-11,2024-10-19,9,Personal Work,Pending,
7905,2320,Casual Leave,2025-12-20,2025-12-29,10,Child Care,Approved,Ayush Malhotra
7906,811,Unpaid Leave,2025-12-16,2025-12-21,6,Child Care,Approved,Shaurya Kade
7907,2886,Emergency Leave,2024-01-05,2024-01-07,3,Marriage,Approved,Aradhana Goda
7908,2240,Annual Leave,2024-05-14,2024-05-19,6,Religious Festival,Pending,
7909,299,Maternity Leave,2024-08-03,2024-08-07,5,Religious Festival,Approved,William Wali
7910,1139,Paternity Leave,2025-03-01,2025-03-03,3,Religious Festival,Approved,Pahal Mohanty
7911,2387,Casual Leave,2025-07-23,2025-07-28,6,Marriage,Approved,Caleb Dhaliwal
7912,2900,Annual Leave,2024-12-02,2024-12-07,6,Religious Festival,Approved,Oeshi Dubey
7913,1205,Annual Leave,2024-02-01,2024-02-10,10,Religious Festival,Approved,Naveen Sunder
7914,450,Paternity Leave,2024-03-22,2024-03-23,2,Child Care,Approved,Imaran Mody
7915,2040,Casual Leave,2024-03-21,2024-03-26,6,Marriage,Approved,Manbir Gupta
7916,1757,Sick Leave,2025-07-27,2025-08-02,7,Vacation,Approved,Nimrat Apte
7917,1373,Paternity Leave,2025-09-25,2025-09-25,1,Higher Education,Approved,Omisha Thakur
7918,973,Emergency Leave,2024-01-06,2024-01-08,3,Personal Work,Approved,Isha Tiwari
7919,551,Emergency Leave,2024-02-22,2024-02-29,8,Higher Education,Approved,Manan Banerjee
7920,162,Paternity Leave,2024-08-21,2024-08-24,4,Family Emergency,Pending,
7921,887,Paternity Leave,2024-11-23,2024-12-01,9,Medical Treatment,Approved,Isha Desai
7922,1808,Annual Leave,2025-08-12,2025-08-20,9,Marriage,Approved,Laksh Jain
7923,1448,Unpaid Leave,2024-08-06,2024-08-10,5,Religious Festival,Approved,Faras Comar
7924,570,Unpaid Leave,2025-11-05,2025-11-06,2,Family Emergency,Approved,Ranveer Pillai
7925,1808,Paternity Leave,2025-05-26,2025-05-31,6,Child Care,Pending,
7926,1001,Unpaid Leave,2025-07-18,2025-07-25,8,Marriage,Pending,
7927,289,Annual Leave,2024-11-16,2024-11-20,5,Marriage,Approved,Chanakya Rajan
7928,978,Annual Leave,2025-06-09,2025-06-09,1,Child Care,Rejected,
7929,664,Sick Leave,2024-08-26,2024-08-26,1,Religious Festival,Approved,Forum Tailor
7930,2382,Casual Leave,2025-08-09,2025-08-09,1,Medical Treatment,Approved,Oni Mody
7931,2087,Unpaid Leave,2025-04-08,2025-04-08,1,Child Care,Approved,Devansh Uppal
7932,1220,Maternity Leave,2025-02-18,2025-02-23,6,Vacation,Approved,Laban Nagarajan
7933,183,Sick Leave,2025-09-12,2025-09-13,2,Personal Work,Approved,Jack Bains
7934,311,Paternity Leave,2024-09-06,2024-09-10,5,Medical Treatment,Approved,Ikshita Bose
7935,1834,Annual Leave,2024-03-29,2024-03-31,3,Child Care,Approved,George Mukhopadhyay
7936,257,Emergency Leave,2025-04-05,2025-04-13,9,Higher Education,Approved,Lipika Kala
7937,2628,Unpaid Leave,2024-08-15,2024-08-18,4,Medical Treatment,Approved,Yashica Walla
7938,1154,Maternity Leave,2024-10-22,2024-10-31,10,Vacation,Approved,Veda Srinivas
7939,859,Paternity Leave,2025-09-11,2025-09-13,3,Personal Work,Rejected,
7940,769,Paternity Leave,2025-05-10,2025-05-14,5,Personal Work,Approved,Anjali Thakkar
7941,873,Paternity Leave,2024-09-28,2024-10-01,4,Family Emergency,Approved,Anusha Taneja
7942,428,Annual Leave,2025-09-07,2025-09-13,7,Vacation,Approved,Parth Dutta
7943,86,Casual Leave,2025-01-26,2025-02-01,7,Vacation,Approved,Watika Basu
7944,2577,Casual Leave,2025-04-07,2025-04-08,2,Marriage,Approved,Wridesh Batra
7945,1378,Casual Leave,2024-12-19,2024-12-24,6,Higher Education,Rejected,
7946,2340,Casual Leave,2025-11-28,2025-11-30,3,Higher Education,Approved,Vritti Shah
7947,602,Paternity Leave,2025-09-03,2025-09-05,3,Religious Festival,Approved,Manbir Borra
7948,1734,Unpaid Leave,2024-07-19,2024-07-26,8,Medical Treatment,Approved,Gaurav Dutta
7949,2004,Emergency Leave,2025-04-29,2025-04-30,2,Higher Education,Approved,Harini Mangal
7950,2930,Maternity Leave,2024-04-16,2024-04-23,8,Higher Education,Approved,Jalsa Shroff
7951,1794,Casual Leave,2024-07-06,2024-07-07,2,Higher Education,Approved,Ijaya Varty
7952,1904,Paternity Leave,2024-02-02,2024-02-03,2,Marriage,Approved,Zilmil Gulati
7953,2485,Maternity Leave,2024-05-22,2024-05-23,2,Marriage,Approved,Urishilla Krishnan
7954,2518,Emergency Leave,2024-03-25,2024-03-27,3,Higher Education,Approved,Umang Badal
7955,921,Annual Leave,2025-10-27,2025-10-31,5,Personal Work,Approved,Harrison Guha
7956,1307,Casual Leave,2025-02-07,2025-02-15,9,Medical Treatment,Approved,Advika Zachariah
7957,2643,Paternity Leave,2025-05-25,2025-06-01,8,Marriage,Approved,Imaran Singhal
7958,1150,Annual Leave,2025-05-05,2025-05-13,9,Vacation,Approved,Patrick Bal
7959,2043,Maternity Leave,2025-04-10,2025-04-16,7,Vacation,Approved,Michael Borde
7960,1016,Paternity Leave,2025-01-09,2025-01-10,2,Higher Education,Approved,Ishwar Bhatia
7961,1307,Maternity Leave,2025-09-27,2025-10-02,6,Medical Treatment,Approved,Abha Padmanabhan
7962,2210,Paternity Leave,2024-08-15,2024-08-20,6,Child Care,Approved,Eta Atwal
7963,2951,Sick Leave,2024-07-21,2024-07-21,1,Personal Work,Approved,Ranveer Kadakia
7964,1253,Maternity Leave,2025-10-16,2025-10-19,4,Family Emergency,Approved,Ganga Korpal
7965,1836,Annual Leave,2025-10-04,2025-10-13,10,Vacation,Approved,Zansi Ranganathan
7966,1682,Sick Leave,2025-08-04,2025-08-12,9,Child Care,Approved,Prisha Peri
7967,1869,Annual Leave,2024-02-03,2024-02-05,3,Higher Education,Rejected,
7968,2601,Annual Leave,2025-12-06,2025-12-11,6,Personal Work,Approved,Aadi Kar
7969,762,Annual Leave,2024-02-21,2024-02-26,6,Religious Festival,Approved,Ojas Krish
7970,2945,Casual Leave,2024-07-14,2024-07-17,4,Personal Work,Approved,Saumya Kanda
7971,1157,Unpaid Leave,2025-01-22,2025-01-22,1,Child Care,Approved,Jack Behl
7972,1868,Emergency Leave,2025-06-20,2025-06-28,9,Family Emergency,Approved,Nisha Mahajan
7973,2640,Paternity Leave,2024-09-19,2024-09-21,3,Medical Treatment,Rejected,
7974,129,Paternity Leave,2024-02-21,2024-02-21,1,Family Emergency,Approved,Charles Saxena
7975,2782,Paternity Leave,2024-02-26,2024-02-26,1,Vacation,Pending,
7976,2534,Casual Leave,2024-01-18,2024-01-25,8,Medical Treatment,Approved,Udant Thakur
7977,512,Unpaid Leave,2025-12-12,2025-12-14,3,Medical Treatment,Approved,Laksh Sant
7978,2819,Emergency Leave,2024-10-02,2024-10-07,6,Vacation,Approved,Rudra Raju
7979,1145,Annual Leave,2025-04-04,2025-04-04,1,Personal Work,Pending,
7980,2261,Emergency Leave,2024-07-08,2024-07-14,7,Child Care,Approved,Lekha Dutta
7981,1054,Casual Leave,2025-11-27,2025-11-29,3,Family Emergency,Pending,
7982,1198,Casual Leave,2024-04-02,2024-04-09,8,Personal Work,Approved,Neelima Lata
7983,2306,Maternity Leave,2025-09-24,2025-09-30,7,Medical Treatment,Approved,Bhanumati Kalla
7984,65,Annual Leave,2025-01-03,2025-01-11,9,Vacation,Approved,Bhavini Babu
7985,946,Sick Leave,2025-12-02,2025-12-04,3,Vacation,Approved,Mahika Mander
7986,2839,Casual Leave,2025-07-01,2025-07-05,5,Vacation,Approved,Samaksh Subramanian
7987,1899,Sick Leave,2025-04-19,2025-04-21,3,Child Care,Approved,Anvi Dixit
7988,2701,Emergency Leave,2024-11-15,2024-11-23,9,Higher Education,Approved,Harita Thakkar
7989,2693,Casual Leave,2025-08-25,2025-09-03,10,Vacation,Approved,Waida Tandon
7990,876,Paternity Leave,2025-08-21,2025-08-21,1,Marriage,Approved,Lekha Kalita
7991,2103,Annual Leave,2025-01-26,2025-02-02,8,Family Emergency,Approved,Zashil Batra
7992,1070,Emergency Leave,2025-02-05,2025-02-14,10,Higher Education,Approved,Kevin Kibe
7993,92,Casual Leave,2025-12-28,2026-01-05,9,Marriage,Approved,Advay Bala
7994,243,Annual Leave,2025-03-13,2025-03-21,9,Personal Work,Approved,Saanvi Deshpande
7995,1004,Sick Leave,2025-07-14,2025-07-17,4,Personal Work,Approved,Farhan Char
7996,1464,Paternity Leave,2025-01-31,2025-02-06,7,Medical Treatment,Approved,Reva Kuruvilla
7997,2090,Unpaid Leave,2025-11-09,2025-11-10,2,Religious Festival,Approved,Charvi Dani
7998,2436,Annual Leave,2025-01-10,2025-01-17,8,Marriage,Approved,Zashil Singhal
7999,1111,Sick Leave,2025-12-05,2025-12-12,8,Family Emergency,Approved,Dev Apte
8000,1451,Emergency Leave,2025-08-23,2025-08-30,8,Religious Festival,Approved,Hamsini Swaminathan
8001,861,Emergency Leave,2024-07-13,2024-07-15,3,Family Emergency,Approved,Arya Pant
8002,842,Annual Leave,2025-11-02,2025-11-03,2,Personal Work,Approved,Patrick Bakshi
8003,448,Paternity Leave,2025-06-09,2025-06-10,2,Vacation,Approved,Chavvi Andra
8004,2622,Sick Leave,2025-11-23,2025-11-23,1,Higher Education,Approved,Dev Mahal
8005,420,Sick Leave,2025-09-20,2025-09-26,7,Marriage,Approved,Anamika Bhavsar
8006,217,Unpaid Leave,2025-02-08,2025-02-08,1,Family Emergency,Approved,Harinakshi Bhatia
8007,724,Annual Leave,2024-12-13,2024-12-17,5,Child Care,Approved,Sara Batra
8008,1793,Paternity Leave,2025-06-27,2025-06-30,4,Religious Festival,Approved,Azad Sangha
8009,820,Maternity Leave,2025-12-01,2025-12-05,5,Religious Festival,Approved,Meghana Gokhale
8010,1739,Annual Leave,2025-11-07,2025-11-08,2,Medical Treatment,Approved,Bhavya Bir
8011,2808,Casual Leave,2024-09-07,2024-09-16,10,Personal Work,Approved,Ranveer Magar
8012,1107,Paternity Leave,2025-11-15,2025-11-17,3,Medical Treatment,Approved,Harsh Mane
8013,2188,Casual Leave,2025-03-25,2025-03-30,6,Higher Education,Approved,Wakeeta Chadha
8014,1298,Maternity Leave,2025-02-16,2025-02-18,3,Family Emergency,Approved,Rachana Choudhary
8015,2949,Paternity Leave,2025-07-08,2025-07-17,10,Medical Treatment,Approved,Varenya Peri
8016,1105,Unpaid Leave,2024-03-16,2024-03-25,10,Personal Work,Approved,Vivaan Parmar
8017,129,Sick Leave,2024-05-24,2024-05-27,4,Religious Festival,Approved,Samuel De
8018,2274,Casual Leave,2024-12-19,2024-12-28,10,Religious Festival,Approved,Zaid Raj
8019,2094,Annual Leave,2025-06-29,2025-07-02,4,Religious Festival,Pending,
8020,2642,Sick Leave,2025-03-07,2025-03-15,9,Religious Festival,Approved,Sneha Bajwa
8021,115,Unpaid Leave,2024-09-25,2024-10-02,8,Higher Education,Approved,Hemal Sachdev
8022,2934,Paternity Leave,2025-11-03,2025-11-11,9,Higher Education,Approved,Yagnesh Bhattacharyya
8023,868,Casual Leave,2024-12-21,2024-12-25,5,Personal Work,Approved,Gaurangi Hans
8024,539,Casual Leave,2024-09-09,2024-09-11,3,Higher Education,Approved,Oscar Nori
8025,2017,Emergency Leave,2024-12-30,2025-01-06,8,Personal Work,Approved,Anita Soni
8026,2317,Emergency Leave,2025-06-04,2025-06-08,5,Marriage,Approved,Mitesh Ahluwalia
8027,139,Casual Leave,2025-02-08,2025-02-14,7,Vacation,Approved,Aadi Pall
8028,200,Emergency Leave,2024-04-13,2024-04-13,1,Family Emergency,Approved,Faqid Mahajan
8029,1599,Casual Leave,2024-08-07,2024-08-15,9,Higher Education,Approved,Turvi Dewan
8030,1492,Unpaid Leave,2024-08-28,2024-09-02,6,Higher Education,Approved,Timothy Shetty
8031,1895,Maternity Leave,2024-09-18,2024-09-21,4,Religious Festival,Approved,Ira Shah
8032,2669,Unpaid Leave,2024-06-13,2024-06-17,5,Child Care,Approved,Onveer Chadha
8033,85,Maternity Leave,2024-09-12,2024-09-13,2,Vacation,Approved,Ishanvi Virk
8034,1042,Annual Leave,2024-03-16,2024-03-23,8,Religious Festival,Approved,Krish Dube
8035,1038,Unpaid Leave,2024-06-07,2024-06-12,6,Child Care,Approved,Lucky Khosla
8036,179,Annual Leave,2024-06-05,2024-06-11,7,Marriage,Approved,Leena Chadha
8037,579,Unpaid Leave,2024-08-20,2024-08-24,5,Higher Education,Approved,Kashish Wagle
8038,2309,Sick Leave,2025-05-08,2025-05-14,7,Religious Festival,Pending,
8039,2738,Unpaid Leave,2024-11-09,2024-11-10,2,Personal Work,Approved,Abha Mangat
8040,825,Annual Leave,2025-08-18,2025-08-24,7,Marriage,Approved,Vasana Parmer
8041,540,Casual Leave,2024-04-25,2024-04-25,1,Marriage,Approved,Chakradev Kanda
8042,2787,Paternity Leave,2024-08-08,2024-08-17,10,Personal Work,Approved,Ronith Bhandari
8043,1096,Sick Leave,2025-09-06,2025-09-13,8,Religious Festival,Approved,Caleb Kumer
8044,637,Paternity Leave,2024-12-01,2024-12-04,4,Higher Education,Approved,Laksh Varkey
8045,2423,Casual Leave,2024-11-20,2024-11-29,10,Personal Work,Approved,Unni Hayer
8046,1377,Unpaid Leave,2025-07-25,2025-07-29,5,Religious Festival,Approved,Damini Sama
8047,2914,Maternity Leave,2025-12-05,2025-12-10,6,Medical Treatment,Approved,Champak Tiwari
8048,710,Emergency Leave,2025-09-15,2025-09-18,4,Higher Education,Approved,Urmi Oak
8049,2907,Unpaid Leave,2025-09-27,2025-10-01,5,Family Emergency,Approved,Oliver Sridhar
8050,1800,Paternity Leave,2024-09-19,2024-09-20,2,Family Emergency,Approved,Samaksh Palla
8051,595,Paternity Leave,2025-01-20,2025-01-24,5,Family Emergency,Pending,
8052,874,Maternity Leave,2024-02-22,2024-02-25,4,Family Emergency,Approved,Neha Mitter
8053,1949,Emergency Leave,2025-10-18,2025-10-19,2,Personal Work,Approved,Chakrika Soni
8054,2911,Annual Leave,2025-09-11,2025-09-15,5,Personal Work,Rejected,
8055,2984,Emergency Leave,2024-10-30,2024-11-04,6,Medical Treatment,Approved,Pallavi Dhawan
8056,331,Sick Leave,2025-04-07,2025-04-15,9,Medical Treatment,Approved,Aarav Mital
8057,503,Annual Leave,2024-06-15,2024-06-20,6,Family Emergency,Approved,Kamya Gola
8058,2898,Unpaid Leave,2024-05-13,2024-05-15,3,Family Emergency,Approved,Oscar Modi
8059,156,Emergency Leave,2024-11-15,2024-11-19,5,Religious Festival,Approved,Amrita Solanki
8060,2408,Casual Leave,2024-05-17,2024-05-19,3,Family Emergency,Approved,Zayan Dubey
8061,1812,Unpaid Leave,2024-02-06,2024-02-12,7,Personal Work,Approved,Dhruv Bhandari
8062,748,Sick Leave,2025-01-02,2025-01-11,10,Personal Work,Approved,Diya Sur
8063,889,Unpaid Leave,2025-08-01,2025-08-04,4,Higher Education,Approved,Bakhshi Bajaj
8064,793,Paternity Leave,2024-07-23,2024-07-25,3,Marriage,Approved,Christopher Swamy
8065,2491,Emergency Leave,2024-04-19,2024-04-28,10,Religious Festival,Approved,Ayushman Chana
8066,491,Annual Leave,2025-07-10,2025-07-10,1,Vacation,Approved,Zayyan Raghavan
8067,2006,Emergency Leave,2024-06-14,2024-06-16,3,Marriage,Approved,Dalaja Patel
8068,2573,Paternity Leave,2025-02-19,2025-02-23,5,Child Care,Pending,
8069,2332,Paternity Leave,2024-06-01,2024-06-07,7,Religious Festival,Rejected,
8070,888,Unpaid Leave,2024-09-08,2024-09-15,8,Religious Festival,Approved,Harsh Mahal
8071,1952,Sick Leave,2025-01-27,2025-01-28,2,Religious Festival,Rejected,
8072,744,Annual Leave,2025-10-01,2025-10-09,9,Marriage,Approved,Ishani Panchal
8073,269,Maternity Leave,2024-02-09,2024-02-16,8,Religious Festival,Approved,Kabir Baral
8074,212,Emergency Leave,2024-04-30,2024-05-09,10,Marriage,Approved,Daksh Lal
8075,1914,Emergency Leave,2024-05-21,2024-05-24,4,Family Emergency,Approved,Chaaya Rai
8076,2508,Emergency Leave,2024-01-29,2024-02-01,4,Personal Work,Pending,
8077,351,Paternity Leave,2024-06-26,2024-06-30,5,Vacation,Approved,Shivansh Gupta
8078,655,Paternity Leave,2025-10-29,2025-11-05,8,Religious Festival,Approved,Wazir Hegde
8079,2485,Paternity Leave,2025-03-21,2025-03-21,1,Child Care,Approved,Pushti Vohra
8080,2229,Paternity Leave,2025-11-05,2025-11-05,1,Vacation,Approved,Qushi Randhawa
8081,1934,Sick Leave,2025-09-08,2025-09-10,3,Higher Education,Approved,Bahadurjit Chopra
8082,350,Unpaid Leave,2025-01-28,2025-01-30,3,Medical Treatment,Pending,
8083,2140,Maternity Leave,2025-01-27,2025-01-31,5,Marriage,Approved,Ronith Ganesan
8084,2443,Paternity Leave,2025-06-25,2025-06-30,6,Vacation,Approved,Jack Lal
8085,539,Sick Leave,2024-09-22,2024-09-25,4,Religious Festival,Approved,Rajata Dar
8086,2543,Unpaid Leave,2025-04-13,2025-04-22,10,Higher Education,Approved,Onveer Krishnan
8087,1437,Annual Leave,2024-04-17,2024-04-24,8,Vacation,Approved,Kevin Konda
8088,810,Sick Leave,2024-01-04,2024-01-07,4,Vacation,Approved,Udarsh Rao
8089,1778,Unpaid Leave,2024-03-21,2024-03-21,1,Personal Work,Pending,
8090,275,Emergency Leave,2024-08-14,2024-08-19,6,Personal Work,Approved,Ekantika Salvi
8091,499,Sick Leave,2025-11-16,2025-11-16,1,Child Care,Approved,Arya Gupta
8092,2022,Paternity Leave,2024-09-28,2024-10-03,6,Higher Education,Approved,Zinal Malhotra
8093,1330,Casual Leave,2025-12-17,2025-12-25,9,Vacation,Approved,Vedika Kibe
8094,2408,Casual Leave,2025-12-11,2025-12-20,10,Personal Work,Approved,Leela Dass
8095,1374,Annual Leave,2024-03-15,2024-03-19,5,Higher Education,Approved,Yachana Kapoor
8096,721,Sick Leave,2025-04-13,2025-04-19,7,Personal Work,Approved,Farhan Murty
8097,2774,Emergency Leave,2024-10-25,2024-10-27,3,Child Care,Approved,David Sachdev
8098,1390,Annual Leave,2024-10-31,2024-11-08,9,Personal Work,Pending,
8099,2826,Sick Leave,2025-05-14,2025-05-14,1,Marriage,Approved,Rishi Barad
8100,2668,Maternity Leave,2025-08-19,2025-08-23,5,Religious Festival,Approved,Edhitha Ahuja
8101,189,Paternity Leave,2024-04-23,2024-04-27,5,Family Emergency,Pending,
8102,435,Emergency Leave,2024-07-19,2024-07-25,7,Marriage,Approved,Hema Srivastava
8103,1212,Maternity Leave,2024-02-26,2024-02-29,4,Personal Work,Approved,Upasna Khurana
8104,437,Emergency Leave,2024-04-19,2024-04-25,7,Vacation,Approved,Radhika Kamdar
8105,1809,Maternity Leave,2024-12-31,2025-01-08,9,Child Care,Approved,Udarsh Agarwal
8106,2309,Maternity Leave,2024-06-04,2024-06-09,6,Higher Education,Approved,Pahal Walia
8107,1109,Maternity Leave,2025-10-16,2025-10-17,2,Medical Treatment,Pending,
8108,224,Emergency Leave,2024-09-23,2024-09-29,7,Family Emergency,Approved,Yashodhara Dada
8109,1757,Casual Leave,2025-12-21,2025-12-22,2,Marriage,Approved,Viraj Mohanty
8110,2676,Maternity Leave,2025-06-07,2025-06-14,8,Religious Festival,Approved,Gopal Mangat
8111,888,Emergency Leave,2025-12-19,2025-12-26,8,Family Emergency,Approved,Abha Halder
8112,1142,Maternity Leave,2024-12-20,2024-12-23,4,Medical Treatment,Approved,Bhavika Khatri
8113,1767,Paternity Leave,2025-09-06,2025-09-10,5,Family Emergency,Approved,Sathvik Rau
8114,1060,Sick Leave,2024-07-28,2024-08-04,8,Personal Work,Approved,Rushil Lala
8115,1804,Annual Leave,2024-01-31,2024-02-04,5,Marriage,Approved,Varenya Hari
8116,1594,Casual Leave,2024-10-23,2024-10-24,2,Higher Education,Approved,Tanvi Agrawal
8117,1529,Emergency Leave,2024-05-29,2024-06-07,10,Child Care,Approved,Xiti Ramaswamy
8118,2856,Maternity Leave,2025-11-15,2025-11-17,3,Marriage,Approved,Tejas Naik
8119,2738,Paternity Leave,2024-09-08,2024-09-10,3,Marriage,Approved,Vasudha Goel
8120,1403,Unpaid Leave,2024-10-10,2024-10-17,8,Religious Festival,Approved,Chasmum Viswanathan
8121,1595,Emergency Leave,2025-10-08,2025-10-10,3,Family Emergency,Rejected,
8122,1021,Annual Leave,2024-08-10,2024-08-10,1,Religious Festival,Approved,Bhavika Pal
8123,1876,Paternity Leave,2025-09-04,2025-09-12,9,Religious Festival,Approved,Vaishnavi Deshmukh
8124,2405,Annual Leave,2024-10-21,2024-10-26,6,Personal Work,Approved,Forum Chandran
8125,744,Casual Leave,2025-10-11,2025-10-17,7,Vacation,Approved,Nachiket Sarna
8126,2378,Maternity Leave,2024-12-12,2024-12-12,1,Religious Festival,Approved,Omisha Sarin
8127,2012,Unpaid Leave,2024-08-12,2024-08-20,9,Vacation,Approved,Dalaja Aggarwal
8128,2859,Sick Leave,2025-10-13,2025-10-13,1,Personal Work,Approved,Ronith Uppal
8129,300,Unpaid Leave,2024-04-01,2024-04-04,4,Child Care,Approved,Widisha Babu
8130,1386,Paternity Leave,2024-09-02,2024-09-05,4,Religious Festival,Approved,Zayan Mall
8131,1777,Paternity Leave,2025-12-21,2025-12-29,9,Higher Education,Approved,Bishakha Muni
8132,2950,Unpaid Leave,2025-10-28,2025-11-04,8,Vacation,Approved,Ranveer Pall
8133,2042,Unpaid Leave,2025-08-26,2025-08-26,1,Vacation,Approved,Ishani Sodhi
8134,2043,Casual Leave,2025-10-17,2025-10-23,7,Personal Work,Approved,Vinaya Sekhon
8135,982,Sick Leave,2024-06-05,2024-06-12,8,Vacation,Approved,Hiral Maharaj
8136,1138,Paternity Leave,2024-09-28,2024-10-07,10,Higher Education,Approved,Avi Warrior
8137,1266,Casual Leave,2024-08-31,2024-09-03,4,Higher Education,Approved,Gavin Chanda
8138,338,Paternity Leave,2025-05-05,2025-05-11,7,Higher Education,Approved,Shivani Mohanty
8139,1789,Sick Leave,2024-07-05,2024-07-06,2,Higher Education,Pending,
8140,2900,Emergency Leave,2025-08-02,2025-08-06,5,Religious Festival,Approved,Simon Sarma
8141,1045,Casual Leave,2024-06-27,2024-07-05,9,Medical Treatment,Approved,Jeet Chaudhuri
8142,2145,Sick Leave,2024-11-05,2024-11-09,5,Higher Education,Approved,Balvan Rege
8143,1260,Annual Leave,2025-03-07,2025-03-11,5,Religious Festival,Approved,Wazir Borra
8144,958,Paternity Leave,2025-12-28,2025-12-29,2,Higher Education,Approved,Vedika Om
8145,710,Emergency Leave,2024-07-24,2024-07-27,4,Family Emergency,Approved,Rachit Nazareth
8146,337,Paternity Leave,2024-05-09,2024-05-11,3,Marriage,Approved,Laban Raman
8147,2361,Unpaid Leave,2024-05-18,2024-05-27,10,Family Emergency,Approved,Yahvi Pall
8148,503,Casual Leave,2024-08-01,2024-08-10,10,Vacation,Approved,Azad Subramanian
8149,1889,Paternity Leave,2025-05-18,2025-05-19,2,Family Emergency,Approved,Kashish Purohit
8150,2711,Paternity Leave,2024-02-11,2024-02-11,1,Personal Work,Approved,Azaan Wadhwa
8151,2095,Casual Leave,2025-05-23,2025-05-28,6,Higher Education,Approved,Peter Karpe
8152,292,Casual Leave,2025-05-09,2025-05-13,5,Higher Education,Approved,Adya Khurana
8153,2663,Paternity Leave,2025-10-22,2025-10-28,7,Personal Work,Approved,Girik Doshi
8154,1293,Emergency Leave,2024-04-20,2024-04-28,9,Marriage,Approved,Gautami Chanda
8155,2363,Annual Leave,2024-05-17,2024-05-18,2,Personal Work,Approved,Jagvi Sarna
8156,1518,Emergency Leave,2024-09-20,2024-09-26,7,Higher Education,Approved,Chaitaly Bhagat
8157,1637,Casual Leave,2025-12-09,2025-12-16,8,Child Care,Approved,Pahal Bose
8158,1642,Unpaid Leave,2025-04-25,2025-04-29,5,Child Care,Approved,Yashvi Walla
8159,192,Maternity Leave,2024-06-12,2024-06-17,6,Religious Festival,Approved,Devansh Bumb
8160,2625,Sick Leave,2024-07-05,2024-07-14,10,Religious Festival,Approved,Bahadurjit Konda
8161,1314,Sick Leave,2025-11-07,2025-11-08,2,Vacation,Approved,Ryan Ratta
8162,1178,Maternity Leave,2025-05-23,2025-06-01,10,Higher Education,Approved,Unnati Chandran
8163,2168,Sick Leave,2025-03-08,2025-03-17,10,Higher Education,Approved,Manan Talwar
8164,589,Emergency Leave,2024-05-09,2024-05-14,6,Personal Work,Approved,Meera Seth
8165,581,Sick Leave,2025-12-03,2025-12-03,1,Religious Festival,Approved,Qadim Gade
8166,2836,Annual Leave,2024-06-14,2024-06-20,7,Family Emergency,Pending,
8167,2437,Unpaid Leave,2025-05-09,2025-05-17,9,Marriage,Approved,Shivansh Palan
8168,2644,Maternity Leave,2025-06-14,2025-06-20,7,Personal Work,Approved,Kevin Chahal
8169,143,Annual Leave,2024-03-27,2024-04-02,7,Family Emergency,Approved,Harsh Hegde
8170,1251,Emergency Leave,2024-02-19,2024-02-25,7,Vacation,Approved,Gayathri Nagar
8171,1007,Sick Leave,2024-08-26,2024-08-27,2,Vacation,Approved,Nisha Pandya
8172,795,Annual Leave,2025-05-12,2025-05-20,9,Marriage,Approved,Damini Ramakrishnan
8173,991,Unpaid Leave,2025-03-10,2025-03-10,1,Medical Treatment,Pending,
8174,459,Unpaid Leave,2024-09-27,2024-10-05,9,Vacation,Approved,Shaurya Shukla
8175,1641,Casual Leave,2024-03-05,2024-03-09,5,Religious Festival,Approved,Samuel Sami
8176,1406,Maternity Leave,2025-01-21,2025-01-28,8,Family Emergency,Approved,Urmi Desai
8177,2853,Casual Leave,2025-03-12,2025-03-17,6,Child Care,Approved,Onkar Gill
8178,428,Casual Leave,2025-09-18,2025-09-19,2,Child Care,Approved,Ucchal Acharya
8179,2493,Emergency Leave,2024-10-21,2024-10-25,5,Marriage,Approved,Maanav Iyer
8180,1300,Annual Leave,2024-05-01,2024-05-08,8,Marriage,Pending,
8181,2664,Maternity Leave,2024-04-25,2024-05-02,8,Medical Treatment,Approved,Siya Mannan
8182,2690,Sick Leave,2025-04-26,2025-05-01,6,Child Care,Approved,Varsha Baria
8183,1738,Maternity Leave,2024-10-07,2024-10-13,7,Marriage,Rejected,
8184,2692,Sick Leave,2025-08-26,2025-09-03,9,Religious Festival,Approved,Agastya Dutt
8185,2911,Paternity Leave,2025-08-28,2025-09-05,9,Personal Work,Approved,Yochana Ganesh
8186,280,Emergency Leave,2025-11-10,2025-11-18,9,Religious Festival,Pending,
8187,2796,Emergency Leave,2025-12-28,2025-12-28,1,Medical Treatment,Approved,Mitesh Balakrishnan
8188,1771,Sick Leave,2025-01-17,2025-01-21,5,Personal Work,Approved,Owen Narayan
8189,2597,Emergency Leave,2025-01-31,2025-02-06,7,Family Emergency,Approved,Bina Yadav
8190,2425,Sick Leave,2024-05-23,2024-05-29,7,Personal Work,Approved,Aarush Sengupta
8191,563,Emergency Leave,2024-03-27,2024-04-04,9,Medical Treatment,Approved,Pratyush Mand
8192,1988,Maternity Leave,2025-01-01,2025-01-08,8,Higher Education,Approved,Yashawini Loke
8193,2313,Paternity Leave,2024-12-05,2024-12-14,10,Vacation,Pending,
8194,371,Unpaid Leave,2024-11-08,2024-11-08,1,Higher Education,Approved,Ryan Magar
8195,316,Maternity Leave,2025-09-20,2025-09-20,1,Religious Festival,Approved,Ojasvi Halder
8196,2951,Paternity Leave,2024-12-17,2024-12-19,3,Marriage,Approved,Timothy Walla
8197,2212,Paternity Leave,2025-02-05,2025-02-12,8,Family Emergency,Approved,Ekalinga Nori
8198,509,Unpaid Leave,2024-03-26,2024-03-31,6,Vacation,Approved,Indali Sandhu
8199,2597,Casual Leave,2025-08-18,2025-08-23,6,Child Care,Approved,Neha Deep
8200,703,Unpaid Leave,2024-04-05,2024-04-09,5,Personal Work,Approved,Abha Lata
8201,1709,Paternity Leave,2025-12-01,2025-12-03,3,Medical Treatment,Approved,Zilmil More
8202,1601,Casual Leave,2025-07-27,2025-08-02,7,Marriage,Approved,Viraj Sunder
8203,2465,Sick Leave,2025-06-23,2025-06-28,6,Family Emergency,Approved,Rudra Dar
8204,1180,Sick Leave,2024-07-29,2024-07-31,3,Religious Festival,Approved,Daksha Dewan
8205,986,Paternity Leave,2024-06-04,2024-06-12,9,Personal Work,Approved,Eesha Rajagopal
8206,60,Sick Leave,2024-11-16,2024-11-16,1,Religious Festival,Approved,Gabriel Apte
8207,1284,Unpaid Leave,2025-09-16,2025-09-25,10,Personal Work,Approved,Sara Hayre
8208,269,Paternity Leave,2024-08-21,2024-08-25,5,Vacation,Pending,
8209,579,Casual Leave,2025-04-24,2025-05-02,9,Religious Festival,Approved,Mitali Khare
8210,202,Emergency Leave,2024-07-19,2024-07-23,5,Marriage,Approved,Elijah Grewal
8211,1011,Sick Leave,2025-09-15,2025-09-23,9,Higher Education,Approved,Wazir Singhal
8212,101,Sick Leave,2025-11-26,2025-11-30,5,Personal Work,Approved,Saanvi Kakar
8213,829,Annual Leave,2025-03-22,2025-03-22,1,Vacation,Pending,
8214,1918,Emergency Leave,2024-04-05,2024-04-06,2,Family Emergency,Approved,Aarnav Majumdar
8215,966,Paternity Leave,2025-07-05,2025-07-10,6,Marriage,Approved,Anmol Natt
8216,530,Unpaid Leave,2024-12-24,2024-12-31,8,Marriage,Approved,Bina Karpe
8217,2006,Emergency Leave,2025-08-07,2025-08-12,6,Higher Education,Approved,Girish Gala
8218,1630,Annual Leave,2025-03-27,2025-04-03,8,Religious Festival,Approved,Udant Jani
8219,1949,Sick Leave,2024-05-07,2024-05-12,6,Medical Treatment,Approved,Prisha Nayak
8220,1181,Emergency Leave,2025-08-21,2025-08-22,2,Child Care,Approved,Maanas Sarma
8221,1665,Emergency Leave,2025-10-13,2025-10-14,2,Marriage,Approved,Aayush Chanda
8222,2377,Sick Leave,2025-02-09,2025-02-18,10,Family Emergency,Approved,Abeer Seshadri
8223,2488,Casual Leave,2025-10-16,2025-10-18,3,Vacation,Approved,Yashawini Viswanathan
8224,569,Annual Leave,2025-08-09,2025-08-14,6,Medical Treatment,Approved,David Vora
8225,851,Casual Leave,2025-02-22,2025-02-25,4,Vacation,Approved,Anamika Bath
8226,1789,Sick Leave,2024-09-18,2024-09-25,8,Religious Festival,Approved,Omaja Patel
8227,2066,Sick Leave,2025-11-05,2025-11-09,5,Higher Education,Approved,Zayyan Anne
8228,774,Sick Leave,2024-05-13,2024-05-22,10,Family Emergency,Approved,Vasudha Dugar
8229,2470,Unpaid Leave,2024-06-12,2024-06-21,10,Marriage,Approved,Omisha Ghosh
8230,1843,Annual Leave,2025-11-13,2025-11-22,10,Higher Education,Approved,Liam Nigam
8231,1420,Maternity Leave,2025-08-28,2025-08-31,4,Religious Festival,Approved,Divya Mandal
8232,1291,Emergency Leave,2025-01-12,2025-01-13,2,Family Emergency,Pending,
8233,346,Unpaid Leave,2025-09-03,2025-09-04,2,Family Emergency,Approved,Rajeshri Krishna
8234,727,Annual Leave,2024-05-18,2024-05-24,7,Religious Festival,Approved,Chandani Dugar
8235,2450,Annual Leave,2024-10-30,2024-10-30,1,Personal Work,Approved,Finn Tiwari
8236,1030,Sick Leave,2025-01-11,2025-01-17,7,Marriage,Approved,Nicholas Keer
8237,1607,Casual Leave,2024-11-03,2024-11-07,5,Family Emergency,Approved,Shaurya Sem
8238,2308,Unpaid Leave,2025-06-18,2025-06-24,7,Personal Work,Approved,Jacob Anand
8239,604,Sick Leave,2024-03-08,2024-03-08,1,Higher Education,Approved,Jagrati Datta
8240,2578,Sick Leave,2025-10-17,2025-10-19,3,Higher Education,Pending,
8241,1631,Paternity Leave,2025-02-22,2025-03-02,9,Family Emergency,Approved,Wakeeta Lata
8242,1892,Maternity Leave,2024-09-10,2024-09-10,1,Higher Education,Approved,Balveer Lalla
8243,2234,Casual Leave,2024-01-23,2024-01-30,8,Marriage,Approved,Jyoti Kanda
8244,772,Maternity Leave,2024-09-07,2024-09-12,6,Vacation,Approved,Ati Chhabra
8245,179,Maternity Leave,2025-01-08,2025-01-08,1,Child Care,Pending,
8246,868,Paternity Leave,2024-09-17,2024-09-19,3,Child Care,Approved,Karan Gera
8247,2644,Emergency Leave,2025-10-12,2025-10-19,8,Personal Work,Pending,
8248,1649,Casual Leave,2025-12-17,2025-12-25,9,Higher Education,Approved,Irya Dubey
8249,679,Maternity Leave,2025-09-28,2025-10-02,5,Vacation,Rejected,
8250,989,Casual Leave,2025-06-26,2025-06-30,5,Marriage,Approved,Charita Chacko
8251,903,Sick Leave,2024-08-04,2024-08-08,5,Religious Festival,Approved,Siddharth Chaudhari
8252,2657,Unpaid Leave,2024-07-01,2024-07-07,7,Personal Work,Approved,Garima Kata
8253,267,Casual Leave,2025-02-25,2025-03-01,5,Marriage,Approved,Anusha Dyal
8254,1364,Annual Leave,2024-06-08,2024-06-15,8,Marriage,Approved,Ishani Palla
8255,1285,Unpaid Leave,2025-02-01,2025-02-02,2,Religious Festival,Approved,Samuel Gara
8256,444,Unpaid Leave,2024-08-29,2024-09-05,8,Child Care,Approved,Max Shenoy
8257,1471,Paternity Leave,2025-12-29,2026-01-07,10,Child Care,Approved,Eiravati Mukherjee
8258,1341,Unpaid Leave,2024-01-30,2024-02-05,7,Marriage,Approved,Udant Datta
8259,2890,Sick Leave,2024-04-19,2024-04-26,8,Family Emergency,Approved,Anjali Vig
8260,747,Maternity Leave,2025-11-01,2025-11-07,7,Personal Work,Approved,Netra Apte
8261,2611,Sick Leave,2024-04-08,2024-04-09,2,Family Emergency,Approved,Daksh Bali
8262,754,Sick Leave,2024-10-21,2024-10-26,6,Personal Work,Approved,Urmi Suri
8263,1387,Casual Leave,2024-02-14,2024-02-21,8,Religious Festival,Pending,
8264,2951,Sick Leave,2025-05-26,2025-06-02,8,Marriage,Approved,Geetika Kadakia
8265,1986,Emergency Leave,2024-11-25,2024-12-01,7,Medical Treatment,Approved,Raksha Dugar
8266,1167,Sick Leave,2025-07-11,2025-07-17,7,Vacation,Approved,Kashish Ramaswamy
8267,758,Maternity Leave,2025-03-20,2025-03-27,8,Medical Treatment,Approved,Gaurav Sahota
8268,904,Unpaid Leave,2025-04-19,2025-04-26,8,Family Emergency,Approved,Hemangini Ravi
8269,500,Annual Leave,2025-10-07,2025-10-16,10,Religious Festival,Approved,Jai Prasad
8270,2615,Unpaid Leave,2025-09-03,2025-09-05,3,Marriage,Approved,Chameli Doshi
8271,2483,Sick Leave,2024-08-09,2024-08-11,3,Religious Festival,Approved,Advay Krish
8272,135,Annual Leave,2024-06-02,2024-06-06,5,Family Emergency,Approved,Neha Sethi
8273,2282,Casual Leave,2025-11-09,2025-11-09,1,Child Care,Approved,Mohini Sur
8274,2773,Paternity Leave,2024-12-18,2024-12-27,10,Marriage,Approved,Warinder Taneja
8275,2472,Annual Leave,2025-11-21,2025-11-29,9,Marriage,Approved,Vasatika Dyal
8276,2701,Paternity Leave,2025-12-27,2025-12-31,5,Child Care,Approved,Arin Narang
8277,1876,Paternity Leave,2025-08-07,2025-08-16,10,Higher Education,Approved,Girik Luthra
8278,2072,Sick Leave,2025-08-24,2025-08-28,5,Child Care,Approved,Fariq Saraf
8279,1607,Emergency Leave,2025-04-07,2025-04-16,10,Marriage,Approved,Eiravati Madan
8280,1768,Paternity Leave,2024-10-08,2024-10-08,1,Personal Work,Approved,Ekapad Sami
8281,862,Maternity Leave,2024-01-25,2024-01-31,7,Religious Festival,Approved,Gaurav Sodhi
8282,2986,Annual Leave,2025-01-11,2025-01-19,9,Family Emergency,Approved,Yash Karnik
8283,1369,Unpaid Leave,2025-08-04,2025-08-10,7,Higher Education,Approved,Unni Rajan
8284,756,Emergency Leave,2025-01-15,2025-01-21,7,Family Emergency,Approved,Raksha Ahuja
8285,864,Unpaid Leave,2025-05-15,2025-05-17,3,Family Emergency,Approved,Anya Konda
8286,1999,Sick Leave,2024-12-30,2025-01-03,5,Child Care,Approved,Jagdish Krishna
8287,2214,Unpaid Leave,2024-08-13,2024-08-22,10,Higher Education,Approved,Harshil Natarajan
8288,225,Paternity Leave,2024-09-02,2024-09-06,5,Marriage,Approved,Jagrati Date
8289,2753,Paternity Leave,2025-04-01,2025-04-04,4,Personal Work,Approved,Zaitra Kale
8290,1764,Emergency Leave,2025-04-01,2025-04-07,7,Religious Festival,Approved,Ekalinga Kuruvilla
8291,411,Casual Leave,2024-07-17,2024-07-26,10,Child Care,Approved,Ucchal Biswas
8292,357,Maternity Leave,2024-07-08,2024-07-08,1,Child Care,Rejected,
8293,692,Maternity Leave,2025-11-22,2025-11-30,9,Higher Education,Approved,Hiral Sarkar
8294,2524,Sick Leave,2024-02-06,2024-02-10,5,Personal Work,Rejected,
8295,78,Unpaid Leave,2024-05-29,2024-06-01,4,Religious Festival,Approved,Vedant Yogi
8296,342,Maternity Leave,2024-09-03,2024-09-09,7,Religious Festival,Approved,Oni Lalla
8297,1709,Unpaid Leave,2024-04-25,2024-04-26,2,Personal Work,Approved,Aadi Cherian
8298,1119,Annual Leave,2024-11-04,2024-11-12,9,Marriage,Rejected,
8299,2849,Paternity Leave,2025-12-30,2026-01-02,4,Marriage,Approved,Darsh Dasgupta
8300,2231,Annual Leave,2024-12-06,2024-12-07,2,Marriage,Approved,Watika Narayanan
8301,1098,Emergency Leave,2024-07-04,2024-07-10,7,Family Emergency,Approved,Abhimanyu Pradhan
8302,2644,Unpaid Leave,2025-12-20,2025-12-23,4,Higher Education,Approved,Hema Kanda
8303,2468,Unpaid Leave,2024-07-16,2024-07-19,4,Vacation,Approved,Nikita Patel
8304,373,Unpaid Leave,2024-12-19,2024-12-21,3,Vacation,Approved,Bahadurjit Dugar
8305,315,Emergency Leave,2025-11-03,2025-11-06,4,Religious Festival,Approved,Yug Bora
8306,739,Annual Leave,2025-01-18,2025-01-18,1,Marriage,Approved,Damyanti Shetty
8307,2376,Annual Leave,2024-03-29,2024-04-03,6,Medical Treatment,Approved,Jai Tata
8308,799,Sick Leave,2024-12-25,2024-12-31,7,Marriage,Approved,Chakradev Warrior
8309,2781,Annual Leave,2024-05-10,2024-05-14,5,Family Emergency,Approved,Qarin Shanker
8310,326,Sick Leave,2025-08-03,2025-08-10,8,Marriage,Approved,Krishna Aggarwal
8311,501,Maternity Leave,2025-10-20,2025-10-29,10,Higher Education,Pending,
8312,768,Annual Leave,2025-09-15,2025-09-16,2,Religious Festival,Approved,Lopa Sabharwal
8313,2476,Annual Leave,2024-08-10,2024-08-13,4,Higher Education,Approved,Qushi Mody
8314,1991,Paternity Leave,2025-10-07,2025-10-12,6,Vacation,Approved,Jeet Sehgal
8315,32,Paternity Leave,2025-03-28,2025-03-28,1,Medical Treatment,Approved,Ganga Zachariah
8316,1897,Emergency Leave,2024-05-27,2024-06-01,6,Marriage,Approved,Warda Upadhyay
8317,714,Casual Leave,2024-03-04,2024-03-08,5,Personal Work,Approved,Faqid Chanda
8318,896,Unpaid Leave,2025-09-18,2025-09-26,9,Higher Education,Pending,
8319,466,Casual Leave,2025-08-13,2025-08-14,2,Higher Education,Approved,Balendra Narain
8320,1248,Emergency Leave,2025-12-04,2025-12-13,10,Higher Education,Approved,Darpan Sami
8321,2566,Annual Leave,2024-03-24,2024-04-01,9,Family Emergency,Approved,Gaurika Mital
8322,1977,Sick Leave,2024-11-07,2024-11-15,9,Vacation,Rejected,
8323,1043,Annual Leave,2025-11-10,2025-11-10,1,Vacation,Approved,Laban Varghese
8324,2234,Paternity Leave,2025-07-09,2025-07-12,4,Medical Treatment,Approved,Mitali Shah
8325,733,Unpaid Leave,2024-05-05,2024-05-08,4,Child Care,Approved,Ishanvi Pal
8326,2729,Paternity Leave,2025-04-28,2025-04-28,1,Marriage,Approved,Sarthak Misra
8327,729,Casual Leave,2025-07-22,2025-07-23,2,Family Emergency,Approved,Simon Lalla
8328,2799,Paternity Leave,2024-08-29,2024-09-03,6,Higher Education,Approved,Janani Khalsa
8329,1575,Sick Leave,2024-07-25,2024-07-30,6,Vacation,Approved,Ansh Hans
8330,672,Annual Leave,2024-09-05,2024-09-08,4,Child Care,Approved,Qasim Badami
8331,1915,Maternity Leave,2024-08-19,2024-08-24,6,Family Emergency,Approved,Baljiwan Dara
8332,2168,Paternity Leave,2024-11-28,2024-12-01,4,Child Care,Approved,Janya Baral
8333,2024,Paternity Leave,2025-06-05,2025-06-05,1,Medical Treatment,Approved,Indira Sridhar
8334,1643,Emergency Leave,2025-08-04,2025-08-12,9,Child Care,Approved,Lila Sood
8335,1919,Unpaid Leave,2025-10-05,2025-10-13,9,Family Emergency,Approved,Lila Borah
8336,2449,Annual Leave,2024-01-08,2024-01-10,3,Religious Festival,Approved,Ijaya Varma
8337,774,Maternity Leave,2024-09-05,2024-09-11,7,Family Emergency,Approved,Saumya Sangha
8338,1771,Emergency Leave,2025-07-26,2025-07-29,4,Family Emergency,Approved,Peter Tripathi
8339,701,Annual Leave,2025-06-21,2025-06-30,10,Medical Treatment,Approved,Sathvik Arya
8340,1980,Paternity Leave,2024-09-10,2024-09-15,6,Vacation,Approved,Ojas Purohit
8341,1159,Paternity Leave,2025-03-24,2025-03-24,1,Marriage,Approved,Gavin Prasad
8342,318,Maternity Leave,2025-03-26,2025-04-03,9,Medical Treatment,Approved,Dipta Kapoor
8343,249,Paternity Leave,2024-12-11,2024-12-16,6,Religious Festival,Approved,Nihal Zachariah
8344,1310,Annual Leave,2024-04-10,2024-04-18,9,Religious Festival,Approved,Kala Zacharia
8345,671,Maternity Leave,2024-11-17,2024-11-21,5,Higher Education,Approved,Anjali Gera
8346,1830,Annual Leave,2024-12-20,2024-12-23,4,Personal Work,Approved,Yashvi Kunda
8347,1787,Emergency Leave,2024-10-03,2024-10-12,10,Vacation,Approved,Nisha Verma
8348,2291,Paternity Leave,2025-01-23,2025-01-26,4,Higher Education,Rejected,
8349,1609,Casual Leave,2025-01-11,2025-01-15,5,Religious Festival,Approved,Karan Sarin
8350,2089,Sick Leave,2025-03-01,2025-03-06,6,Vacation,Approved,Shravya Sathe
8351,345,Emergency Leave,2025-12-07,2025-12-09,3,Higher Education,Approved,Udyati Ravi
8352,2627,Maternity Leave,2024-06-15,2024-06-22,8,Family Emergency,Approved,Turvi Borra
8353,2247,Sick Leave,2025-11-18,2025-11-27,10,Marriage,Approved,Netra Balay
8354,535,Annual Leave,2025-07-27,2025-08-01,6,Family Emergency,Approved,Udant Narula
8355,259,Unpaid Leave,2024-09-11,2024-09-14,4,Child Care,Approved,Diya Raval
8356,801,Unpaid Leave,2025-12-19,2025-12-25,7,Medical Treatment,Approved,Siya Nadkarni
8357,2532,Maternity Leave,2024-10-24,2024-10-24,1,Family Emergency,Approved,Vrishti Vaidya
8358,1241,Annual Leave,2024-12-02,2024-12-08,7,Medical Treatment,Approved,Shaurya Shenoy
8359,2763,Emergency Leave,2025-05-31,2025-06-04,5,Higher Education,Approved,Avi Kapadia
8360,319,Paternity Leave,2025-09-14,2025-09-15,2,Child Care,Approved,Sneha Bahri
8361,1113,Maternity Leave,2025-10-08,2025-10-13,6,Higher Education,Pending,
8362,2322,Emergency Leave,2025-11-01,2025-11-09,9,Marriage,Approved,Pushti Kumar
8363,2584,Paternity Leave,2024-05-06,2024-05-07,2,Personal Work,Approved,Pratyush Pant
8364,230,Emergency Leave,2025-08-08,2025-08-17,10,Personal Work,Approved,Odika Ray
8365,2225,Paternity Leave,2024-02-01,2024-02-02,2,Medical Treatment,Pending,
8366,2366,Annual Leave,2024-04-06,2024-04-07,2,Personal Work,Approved,Veda Sampath
8367,1374,Paternity Leave,2025-10-12,2025-10-18,7,Child Care,Approved,Lucky Parmer
8368,1904,Emergency Leave,2025-11-16,2025-11-22,7,Religious Festival,Pending,
8369,530,Casual Leave,2025-07-30,2025-08-08,10,Vacation,Approved,Victor Lall
8370,395,Emergency Leave,2025-03-06,2025-03-06,1,Medical Treatment,Approved,Balhaar Gulati
8371,1843,Emergency Leave,2025-07-31,2025-08-04,5,Higher Education,Approved,Jonathan Jani
8372,1912,Unpaid Leave,2024-01-11,2024-01-11,1,Family Emergency,Approved,Wazir Jha
8373,2726,Sick Leave,2024-06-27,2024-07-05,9,Religious Festival,Approved,Chaitanya Bali
8374,943,Casual Leave,2024-07-30,2024-08-06,8,Family Emergency,Approved,Vasatika Arora
8375,1804,Emergency Leave,2024-04-05,2024-04-07,3,Marriage,Approved,Agastya Ghose
8376,2985,Sick Leave,2025-06-09,2025-06-09,1,Religious Festival,Approved,Tanish Butala
8377,2606,Maternity Leave,2024-11-15,2024-11-17,3,Higher Education,Approved,Jagat Magar
8378,966,Casual Leave,2024-08-08,2024-08-16,9,Higher Education,Approved,Gagan Raja
8379,703,Maternity Leave,2025-03-29,2025-04-07,10,Marriage,Approved,Zehaan Grewal
8380,881,Paternity Leave,2025-12-23,2025-12-28,6,Vacation,Approved,Nakul Chana
8381,670,Paternity Leave,2025-02-27,2025-03-03,5,Marriage,Approved,Sai De
8382,2357,Maternity Leave,2025-12-24,2025-12-30,7,Marriage,Approved,Theodore Majumdar
8383,2925,Maternity Leave,2025-11-06,2025-11-14,9,Child Care,Approved,Madhav Pal
8384,1173,Maternity Leave,2025-03-08,2025-03-12,5,Higher Education,Approved,Amrita Issac
8385,1018,Maternity Leave,2025-07-09,2025-07-17,9,Child Care,Approved,Girindra Dora
8386,2774,Casual Leave,2024-05-02,2024-05-04,3,Medical Treatment,Approved,Samesh Kohli
8387,2266,Paternity Leave,2024-04-16,2024-04-24,9,Higher Education,Approved,Devika Bobal
8388,1660,Sick Leave,2024-03-05,2024-03-07,3,Religious Festival,Approved,Nitara Dhingra
8389,925,Unpaid Leave,2024-04-06,2024-04-09,4,Vacation,Approved,Chakradev Pau
8390,1600,Paternity Leave,2025-01-19,2025-01-21,3,Medical Treatment,Approved,Vidhi Nath
8391,1684,Emergency Leave,2025-06-29,2025-07-02,4,Vacation,Approved,Umang Bal
8392,478,Casual Leave,2025-01-09,2025-01-11,3,Child Care,Approved,Chandran Thaker
8393,2826,Sick Leave,2025-09-25,2025-09-29,5,Religious Festival,Pending,
8394,726,Unpaid Leave,2024-01-16,2024-01-22,7,Family Emergency,Approved,Yug Agrawal
8395,2164,Maternity Leave,2024-09-12,2024-09-18,7,Marriage,Approved,Devansh Cherian
8396,799,Casual Leave,2024-05-04,2024-05-11,8,Personal Work,Approved,Jacob Datta
8397,1091,Casual Leave,2025-09-01,2025-09-06,6,Medical Treatment,Approved,Xalak Malhotra
8398,2673,Casual Leave,2025-10-22,2025-10-25,4,Personal Work,Approved,Balendra Arya
8399,604,Annual Leave,2025-06-24,2025-06-25,2,Religious Festival,Approved,Abdul Wable
8400,1087,Maternity Leave,2025-04-20,2025-04-24,5,Religious Festival,Approved,Henry Sanghvi
8401,1959,Paternity Leave,2024-10-27,2024-10-31,5,Medical Treatment,Approved,Niharika Rastogi
8402,2588,Maternity Leave,2024-06-19,2024-06-27,9,Family Emergency,Approved,Reyansh Pradhan
8403,2562,Unpaid Leave,2024-04-16,2024-04-20,5,Medical Treatment,Approved,Anirudh Anne
8404,1504,Annual Leave,2024-10-29,2024-10-31,3,Medical Treatment,Approved,Vidhi Upadhyay
8405,1671,Casual Leave,2025-10-21,2025-10-28,8,Family Emergency,Approved,Fiyaz Bajaj
8406,1031,Paternity Leave,2025-03-08,2025-03-14,7,Higher Education,Approved,Ridhi Sarkar
8407,711,Casual Leave,2024-05-16,2024-05-23,8,Religious Festival,Approved,Dakshesh Master
8408,879,Paternity Leave,2025-11-05,2025-11-14,10,Higher Education,Approved,Ishwar Subramanian
8409,1535,Unpaid Leave,2025-02-16,2025-02-25,10,Religious Festival,Approved,Forum Dua
8410,983,Unpaid Leave,2024-06-27,2024-06-27,1,Religious Festival,Approved,Ekalinga Dewan
8411,489,Casual Leave,2024-06-01,2024-06-06,6,Medical Treatment,Rejected,
8412,2167,Sick Leave,2024-08-14,2024-08-18,5,Family Emergency,Approved,Ekalinga Karpe
8413,2816,Sick Leave,2025-10-30,2025-10-30,1,Higher Education,Approved,Krish Shukla
8414,2285,Sick Leave,2025-11-30,2025-12-04,5,Marriage,Approved,Mohammed Barad
8415,313,Annual Leave,2024-04-04,2024-04-12,9,Personal Work,Approved,Aarav Kale
8416,1657,Casual Leave,2025-06-20,2025-06-23,4,Child Care,Approved,Ranveer Balasubramanian
8417,689,Casual Leave,2024-11-01,2024-11-04,4,Medical Treatment,Approved,Bachittar Bhattacharyya
8418,1101,Paternity Leave,2024-07-26,2024-08-01,7,Child Care,Approved,Vansha Bath
8419,2419,Emergency Leave,2024-07-27,2024-07-28,2,Child Care,Approved,Robert Shankar
8420,2437,Paternity Leave,2025-07-05,2025-07-11,7,Higher Education,Approved,Chavvi Khurana
8421,1268,Maternity Leave,2025-06-01,2025-06-02,2,Family Emergency,Pending,
8422,262,Maternity Leave,2024-09-21,2024-09-28,8,Vacation,Approved,Riya Hegde
8423,1581,Casual Leave,2024-01-27,2024-01-27,1,Personal Work,Approved,Viraj Sem
8424,1794,Annual Leave,2025-07-27,2025-08-01,6,Medical Treatment,Approved,Thomas Agarwal
8425,441,Sick Leave,2025-06-16,2025-06-21,6,Marriage,Approved,Rajeshri Jani
8426,334,Emergency Leave,2024-08-11,2024-08-11,1,Personal Work,Approved,Chandran Arya
8427,216,Sick Leave,2025-08-22,2025-08-29,8,Child Care,Approved,Warjas Kata
8428,2095,Sick Leave,2024-08-29,2024-08-31,3,Family Emergency,Approved,Ishaan Magar
8429,247,Maternity Leave,2024-01-14,2024-01-20,7,Personal Work,Pending,
8430,2876,Maternity Leave,2025-01-06,2025-01-14,9,Religious Festival,Approved,Ishwar Halder
8431,151,Unpaid Leave,2025-08-03,2025-08-10,8,Child Care,Approved,Reyansh Raval
8432,2531,Maternity Leave,2025-02-12,2025-02-19,8,Personal Work,Approved,Ekbal Pillai
8433,672,Annual Leave,2025-11-09,2025-11-09,1,Personal Work,Approved,Zansi Agarwal
8434,348,Casual Leave,2025-01-28,2025-02-01,5,Child Care,Approved,Lajita Gokhale
8435,57,Paternity Leave,2025-11-27,2025-12-04,8,Higher Education,Approved,Oeshi Prabhakar
8436,695,Sick Leave,2024-08-23,2024-08-31,9,Medical Treatment,Pending,
8437,2943,Casual Leave,2025-10-02,2025-10-11,10,Religious Festival,Approved,Edhitha Balay
8438,2454,Paternity Leave,2024-11-12,2024-11-21,10,Religious Festival,Approved,Chaman Dixit
8439,2703,Emergency Leave,2024-01-19,2024-01-25,7,Higher Education,Approved,Rayaan Luthra
8440,2877,Unpaid Leave,2024-04-14,2024-04-23,10,Marriage,Approved,Devika Vig
8441,118,Casual Leave,2025-02-18,2025-02-23,6,Higher Education,Approved,Aadhya Mutti
8442,2704,Unpaid Leave,2025-06-03,2025-06-12,10,Marriage,Approved,Qadim Sabharwal
8443,1598,Emergency Leave,2025-04-03,2025-04-09,7,Personal Work,Approved,Kiaan Jain
8444,2949,Paternity Leave,2024-12-08,2024-12-09,2,Marriage,Approved,Divya Mukhopadhyay
8445,2480,Casual Leave,2024-10-15,2024-10-23,9,Vacation,Approved,Warjas Uppal
8446,1150,Unpaid Leave,2025-05-24,2025-05-27,4,Marriage,Approved,Omya Bhatt
8447,1397,Unpaid Leave,2025-07-02,2025-07-08,7,Family Emergency,Approved,Alexander Radhakrishnan
8448,2174,Casual Leave,2025-09-23,2025-10-01,9,Child Care,Approved,Krishna Rao
8449,1743,Paternity Leave,2025-02-28,2025-02-28,1,Child Care,Approved,Meghana Sachdev
8450,867,Casual Leave,2025-11-08,2025-11-12,5,Child Care,Approved,Hemal Chand
8451,71,Emergency Leave,2025-10-13,2025-10-18,6,Family Emergency,Approved,Maya Bera
8452,357,Annual Leave,2024-09-30,2024-10-01,2,Family Emergency,Approved,Farhan Nagar
8453,1596,Sick Leave,2024-12-04,2024-12-06,3,Personal Work,Approved,Chameli Shenoy
8454,426,Maternity Leave,2025-06-14,2025-06-14,1,Family Emergency,Approved,Fiyaz Mutti
8455,1137,Casual Leave,2024-12-27,2025-01-05,10,Religious Festival,Approved,Chameli Ben
8456,2485,Paternity Leave,2024-03-20,2024-03-23,4,Religious Festival,Approved,Pushti Sathe
8457,985,Casual Leave,2024-10-28,2024-10-30,3,Marriage,Approved,Saumya Dugal
8458,1928,Unpaid Leave,2024-10-31,2024-11-07,8,Religious Festival,Approved,Hredhaan Swaminathan
8459,156,Unpaid Leave,2024-02-29,2024-03-07,8,Child Care,Approved,Janaki Raju
8460,2793,Casual Leave,2025-02-28,2025-03-05,6,Marriage,Approved,Krish Bhargava
8461,1991,Unpaid Leave,2024-03-29,2024-04-02,5,Religious Festival,Approved,Andrew Garde
8462,2980,Paternity Leave,2025-06-28,2025-06-30,3,Family Emergency,Approved,Pushti Kade
8463,699,Casual Leave,2024-04-13,2024-04-21,9,Child Care,Approved,Manthan Prabhakar
8464,1876,Unpaid Leave,2025-04-10,2025-04-19,10,Vacation,Approved,Harini Saran
8465,338,Paternity Leave,2025-09-21,2025-09-28,8,Family Emergency,Approved,Hredhaan Sane
8466,647,Unpaid Leave,2025-11-11,2025-11-18,8,Family Emergency,Approved,Azad Parekh
8467,2545,Casual Leave,2024-02-12,2024-02-21,10,Child Care,Approved,Xiti Reddy
8468,1343,Sick Leave,2025-09-03,2025-09-06,4,Child Care,Approved,Wishi Dhingra
8469,2034,Casual Leave,2025-08-17,2025-08-26,10,Vacation,Pending,
8470,583,Annual Leave,2024-07-23,2024-07-26,4,Religious Festival,Approved,Chandran Bassi
8471,1103,Annual Leave,2024-03-19,2024-03-26,8,Personal Work,Approved,Andrew Kapadia
8472,368,Casual Leave,2025-11-08,2025-11-17,10,Family Emergency,Approved,Zehaan Chad
8473,1159,Sick Leave,2025-11-08,2025-11-14,7,Religious Festival,Approved,Chakrika Sami
8474,1925,Casual Leave,2024-07-02,2024-07-05,4,Religious Festival,Approved,Tanvi Gopal
8475,284,Paternity Leave,2024-09-07,2024-09-10,4,Higher Education,Approved,Jairaj Narain
8476,1537,Paternity Leave,2025-11-13,2025-11-16,4,Personal Work,Approved,Januja Sant
8477,1709,Annual Leave,2025-07-22,2025-07-26,5,Child Care,Approved,Dalaja Saha
8478,687,Annual Leave,2025-04-14,2025-04-18,5,Religious Festival,Approved,Edhitha Bandi
8479,577,Annual Leave,2024-12-23,2024-12-29,7,Marriage,Approved,Vanya Kaur
8480,1080,Emergency Leave,2025-10-05,2025-10-06,2,Higher Education,Approved,Gaurika Taneja
8481,2153,Emergency Leave,2024-02-27,2024-03-01,4,Family Emergency,Approved,Libni Issac
8482,2666,Emergency Leave,2024-02-17,2024-02-22,6,Marriage,Rejected,
8483,2700,Sick Leave,2025-09-20,2025-09-28,9,Medical Treatment,Approved,Triya Raja
8484,2916,Maternity Leave,2024-11-18,2024-11-19,2,Child Care,Approved,Caleb Dutta
8485,198,Sick Leave,2025-11-03,2025-11-06,4,Marriage,Rejected,
8486,251,Maternity Leave,2024-07-09,2024-07-14,6,Medical Treatment,Approved,Utkarsh Soni
8487,2168,Paternity Leave,2025-04-23,2025-04-27,5,Child Care,Approved,Barkha Lalla
8488,223,Paternity Leave,2025-09-19,2025-09-21,3,Marriage,Approved,Dipta Rao
8489,358,Sick Leave,2025-02-23,2025-03-02,8,Vacation,Pending,
8490,2995,Sick Leave,2024-10-16,2024-10-17,2,Marriage,Approved,Warhi Prashad
8491,1702,Emergency Leave,2025-02-14,2025-02-20,7,Higher Education,Approved,Forum Balay
8492,1900,Emergency Leave,2024-09-22,2024-09-25,4,Religious Festival,Approved,Agastya Nair
8493,1869,Emergency Leave,2025-05-09,2025-05-13,5,Personal Work,Approved,Yug Lal
8494,1356,Maternity Leave,2025-05-11,2025-05-11,1,Medical Treatment,Approved,Onkar Kashyap
8495,2513,Casual Leave,2025-09-07,2025-09-11,5,Medical Treatment,Approved,Jacob Nayar
8496,442,Annual Leave,2025-07-12,2025-07-14,3,Marriage,Approved,Keya Narasimhan
8497,2352,Casual Leave,2025-06-26,2025-07-01,6,Vacation,Approved,Warhi Dewan
8498,2202,Maternity Leave,2024-07-22,2024-07-24,3,Marriage,Approved,Turvi Malhotra
8499,773,Paternity Leave,2024-01-08,2024-01-09,2,Medical Treatment,Approved,Avni Das
8500,1276,Paternity Leave,2024-02-15,2024-02-23,9,Vacation,Approved,Kritika Bansal
8501,1903,Annual Leave,2024-06-19,2024-06-21,3,Vacation,Approved,Chaaya Bala
8502,1771,Sick Leave,2025-11-13,2025-11-19,7,Higher Education,Approved,Nachiket Chaudry
8503,1153,Paternity Leave,2024-03-26,2024-03-27,2,Medical Treatment,Approved,Neha Apte
8504,1217,Casual Leave,2025-10-13,2025-10-21,9,Family Emergency,Approved,Chandran Dar
8505,440,Emergency Leave,2025-07-11,2025-07-15,5,Marriage,Approved,Jonathan Bhavsar
8506,1045,Paternity Leave,2024-09-09,2024-09-11,3,Higher Education,Approved,Oeshi Swamy
8507,1021,Annual Leave,2024-08-16,2024-08-18,3,Vacation,Approved,Kalpit Rao
8508,1790,Maternity Leave,2024-04-15,2024-04-20,6,Family Emergency,Approved,Quincy Ghose
8509,1413,Sick Leave,2024-03-13,2024-03-13,1,Religious Festival,Approved,Fiyaz Krishnan
8510,2078,Maternity Leave,2024-11-16,2024-11-19,4,Medical Treatment,Approved,Vasana Sarma
8511,659,Casual Leave,2025-02-11,2025-02-19,9,Personal Work,Approved,Anirudh Sandhu
8512,2174,Unpaid Leave,2025-12-28,2026-01-05,9,Medical Treatment,Approved,Abdul Aggarwal
8513,2424,Paternity Leave,2024-08-24,2024-09-02,10,Personal Work,Pending,
8514,2472,Casual Leave,2025-01-14,2025-01-15,2,Religious Festival,Approved,Ekapad Batra
8515,2560,Maternity Leave,2024-09-06,2024-09-07,2,Personal Work,Approved,Harshil Comar
8516,1285,Unpaid Leave,2025-04-22,2025-04-28,7,Personal Work,Approved,Mitesh Saxena
8517,1223,Emergency Leave,2024-08-09,2024-08-13,5,Family Emergency,Approved,Samarth Deshmukh
8518,976,Unpaid Leave,2024-06-04,2024-06-13,10,Personal Work,Approved,Daniel Naidu
8519,298,Casual Leave,2025-02-22,2025-02-24,3,Family Emergency,Approved,Teerth Chhabra
8520,2156,Emergency Leave,2024-09-08,2024-09-15,8,Religious Festival,Approved,Omya Shankar
8521,1048,Emergency Leave,2024-02-18,2024-02-18,1,Higher Education,Approved,Neel Minhas
8522,2000,Maternity Leave,2024-10-03,2024-10-08,6,Medical Treatment,Approved,Lipika Kalla
8523,2806,Casual Leave,2025-06-07,2025-06-13,7,Vacation,Approved,Warjas Mammen
8524,2524,Paternity Leave,2025-06-26,2025-06-29,4,Family Emergency,Approved,Indira Seth
8525,2629,Casual Leave,2025-01-18,2025-01-18,1,Vacation,Approved,Atharv Agarwal
8526,235,Unpaid Leave,2025-05-30,2025-06-03,5,Higher Education,Approved,Charita Deo
8527,1981,Paternity Leave,2024-10-12,2024-10-12,1,Higher Education,Approved,Widisha Nadig
8528,989,Casual Leave,2024-03-07,2024-03-13,7,Marriage,Approved,Pooja Bhakta
8529,434,Emergency Leave,2025-02-18,2025-02-19,2,Personal Work,Approved,Vedant Wadhwa
8530,52,Paternity Leave,2024-11-05,2024-11-12,8,Family Emergency,Approved,Darika Mand
8531,2807,Paternity Leave,2025-01-08,2025-01-09,2,Personal Work,Approved,Kai Padmanabhan
8532,1434,Emergency Leave,2025-08-22,2025-08-27,6,Higher Education,Approved,Tanmayi Master
8533,1415,Casual Leave,2025-09-11,2025-09-13,3,Marriage,Approved,Finn Ghosh
8534,515,Unpaid Leave,2024-09-10,2024-09-18,9,Higher Education,Approved,Lohit Dey
8535,2816,Maternity Leave,2025-09-14,2025-09-19,6,Religious Festival,Pending,
8536,2786,Annual Leave,2025-12-07,2025-12-13,7,Child Care,Pending,
8537,2135,Maternity Leave,2024-05-01,2024-05-02,2,Higher Education,Approved,Vedhika Purohit
8538,450,Paternity Leave,2024-03-02,2024-03-07,6,Child Care,Approved,Ria Varghese
8539,2775,Emergency Leave,2025-10-20,2025-10-21,2,Child Care,Approved,Dalbir Dash
8540,2293,Maternity Leave,2024-02-27,2024-03-02,5,Marriage,Rejected,
8541,1723,Paternity Leave,2025-01-16,2025-01-19,4,Child Care,Approved,Qasim Mand
8542,2619,Annual Leave,2025-05-25,2025-05-30,6,Religious Festival,Approved,Darpan Kanda
8543,1285,Annual Leave,2024-02-06,2024-02-12,7,Medical Treatment,Approved,Sai Jani
8544,898,Sick Leave,2025-08-21,2025-08-30,10,Marriage,Approved,Ojas Swamy
8545,768,Sick Leave,2025-01-24,2025-01-28,5,Medical Treatment,Pending,
8546,2093,Sick Leave,2025-02-19,2025-02-24,6,Child Care,Approved,Bhavini Menon
8547,276,Maternity Leave,2025-08-08,2025-08-10,3,Family Emergency,Approved,Neha Gour
8548,2627,Paternity Leave,2024-06-16,2024-06-22,7,Higher Education,Pending,
8549,1278,Maternity Leave,2024-12-10,2024-12-16,7,Personal Work,Approved,Sachi Sen
8550,2153,Emergency Leave,2025-04-19,2025-04-28,10,Child Care,Approved,Ekavir Bhalla
8551,812,Annual Leave,2024-12-24,2025-01-02,10,Marriage,Approved,Dayamai Setty
8552,240,Casual Leave,2025-10-11,2025-10-13,3,Vacation,Approved,Gautami Bala
8553,1065,Paternity Leave,2025-08-08,2025-08-11,4,Family Emergency,Approved,Aadi Mani
8554,740,Unpaid Leave,2024-02-21,2024-02-26,6,Medical Treatment,Approved,Bimala Sodhi
8555,1729,Casual Leave,2024-12-06,2024-12-08,3,Medical Treatment,Approved,Alka Morar
8556,550,Emergency Leave,2024-07-04,2024-07-08,5,Vacation,Approved,Vyanjana Ghose
8557,454,Emergency Leave,2024-03-19,2024-03-25,7,Medical Treatment,Approved,Yuvraj Ratta
8558,2482,Annual Leave,2025-12-21,2025-12-30,10,Child Care,Approved,Saksham Varghese
8559,999,Emergency Leave,2024-10-12,2024-10-12,1,Religious Festival,Approved,Charvi Pradhan
8560,2734,Casual Leave,2024-09-03,2024-09-06,4,Vacation,Approved,Raksha Raman
8561,1721,Unpaid Leave,2024-05-25,2024-05-27,3,Vacation,Approved,Darpan Kalla
8562,1693,Sick Leave,2025-03-08,2025-03-13,6,Marriage,Approved,Tripti Mannan
8563,2627,Paternity Leave,2025-09-07,2025-09-12,6,Religious Festival,Approved,Upadhriti Wason
8564,1604,Maternity Leave,2024-12-14,2024-12-18,5,Personal Work,Approved,Zehaan Banerjee
8565,266,Annual Leave,2025-11-19,2025-11-23,5,Vacation,Approved,Lekha Dewan
8566,890,Unpaid Leave,2024-09-13,2024-09-15,3,Vacation,Approved,Ekaja Narayanan
8567,893,Unpaid Leave,2025-03-29,2025-03-31,3,Family Emergency,Approved,Lakshit Chahal
8568,2906,Emergency Leave,2025-07-19,2025-07-23,5,Child Care,Approved,Bakhshi Palla
8569,848,Paternity Leave,2025-08-08,2025-08-13,6,Marriage,Approved,Ayaan Chander
8570,1399,Unpaid Leave,2025-12-23,2025-12-29,7,Family Emergency,Approved,Krish Dara
8571,53,Sick Leave,2025-12-03,2025-12-11,9,Child Care,Approved,Pavani Gole
8572,2755,Paternity Leave,2024-07-30,2024-08-08,10,Child Care,Approved,Dayita Tak
8573,569,Paternity Leave,2025-05-05,2025-05-06,2,Marriage,Approved,Hemal Naik
8574,2661,Paternity Leave,2025-08-13,2025-08-14,2,Medical Treatment,Approved,Unni Bhargava
8575,2687,Sick Leave,2025-01-23,2025-01-31,9,Higher Education,Approved,Dayamai Bawa
8576,1985,Unpaid Leave,2024-02-07,2024-02-16,10,Marriage,Approved,Aadhya Tella
8577,2612,Emergency Leave,2024-03-07,2024-03-13,7,Marriage,Approved,Balendra Ganesan
8578,1607,Paternity Leave,2024-11-09,2024-11-18,10,Family Emergency,Approved,Neelima Sura
8579,2078,Annual Leave,2024-05-04,2024-05-07,4,Religious Festival,Approved,Chaitaly Hegde
8580,2382,Maternity Leave,2024-08-09,2024-08-13,5,Marriage,Approved,Keya Som
8581,824,Paternity Leave,2025-08-06,2025-08-13,8,Family Emergency,Approved,Isha Bains
8582,2736,Paternity Leave,2025-08-05,2025-08-14,10,Vacation,Approved,Dalbir Korpal
8583,922,Emergency Leave,2024-07-19,2024-07-24,6,Marriage,Approved,Garima Arya
8584,2730,Paternity Leave,2024-08-08,2024-08-09,2,Family Emergency,Approved,Benjamin Gandhi
8585,2911,Casual Leave,2024-10-25,2024-10-30,6,Higher Education,Approved,Hiral Goel
8586,2821,Casual Leave,2024-03-01,2024-03-07,7,Medical Treatment,Approved,Chavvi Magar
8587,2385,Paternity Leave,2024-08-09,2024-08-14,6,Marriage,Approved,Triveni Kale
8588,224,Casual Leave,2025-02-16,2025-02-22,7,Vacation,Approved,Edhitha Bakshi
8589,1869,Unpaid Leave,2025-04-22,2025-04-23,2,Child Care,Approved,Wriddhish Deol
8590,1351,Sick Leave,2024-09-26,2024-09-30,5,Personal Work,Approved,Gabriel Chandran
8591,2220,Maternity Leave,2025-02-19,2025-02-20,2,Family Emergency,Approved,Chakradhar Varkey
8592,2963,Maternity Leave,2024-04-16,2024-04-24,9,Family Emergency,Approved,Lavanya Khatri
8593,17,Paternity Leave,2024-05-10,2024-05-11,2,Personal Work,Approved,Alka Sami
8594,2405,Emergency Leave,2024-02-12,2024-02-19,8,Personal Work,Approved,Nakul Patla
8595,2353,Annual Leave,2025-02-14,2025-02-17,4,Medical Treatment,Approved,Harshil Virk
8596,1673,Unpaid Leave,2024-07-05,2024-07-10,6,Religious Festival,Approved,Chandran Ram
8597,564,Maternity Leave,2024-05-28,2024-05-30,3,Child Care,Pending,
8598,445,Unpaid Leave,2025-10-18,2025-10-27,10,Personal Work,Approved,Bhanumati Pathak
8599,2902,Maternity Leave,2024-05-17,2024-05-17,1,Family Emergency,Pending,
8600,2305,Casual Leave,2024-03-23,2024-03-31,9,Personal Work,Approved,Tristan Dua
8601,778,Paternity Leave,2025-12-01,2025-12-05,5,Religious Festival,Approved,Chakradev Wason
8602,1877,Emergency Leave,2024-11-03,2024-11-09,7,Medical Treatment,Approved,Kamya Nadkarni
8603,2957,Sick Leave,2025-12-28,2026-01-05,9,Child Care,Approved,Ronith Sarin
8604,1406,Paternity Leave,2024-07-28,2024-08-02,6,Vacation,Approved,Arin Pal
8605,2897,Maternity Leave,2025-12-06,2025-12-07,2,Religious Festival,Approved,Urvi Agrawal
8606,2951,Emergency Leave,2025-01-09,2025-01-16,8,Family Emergency,Approved,Waida Lata
8607,854,Maternity Leave,2025-06-29,2025-07-04,6,Marriage,Pending,
8608,1572,Unpaid Leave,2024-05-20,2024-05-20,1,Personal Work,Pending,
8609,357,Sick Leave,2024-10-16,2024-10-23,8,Child Care,Approved,Reyansh Kulkarni
8610,435,Maternity Leave,2025-08-24,2025-08-29,6,Child Care,Approved,Lipika Sethi
8611,141,Paternity Leave,2025-02-28,2025-03-08,9,Vacation,Approved,Darsh Goswami
8612,1796,Sick Leave,2024-08-25,2024-08-25,1,Vacation,Approved,Rohan Saha
8613,916,Paternity Leave,2024-10-27,2024-10-30,4,Medical Treatment,Approved,Sanya Venkatesh
8614,274,Sick Leave,2025-11-10,2025-11-10,1,Child Care,Approved,Unni Pillay
8615,1623,Unpaid Leave,2024-05-14,2024-05-21,8,Marriage,Approved,Karan Dani
8616,1815,Sick Leave,2024-05-27,2024-05-27,1,Higher Education,Approved,Jagdish Hayre
8617,916,Casual Leave,2025-10-10,2025-10-14,5,Child Care,Approved,Waida Maharaj
8618,1482,Emergency Leave,2024-05-15,2024-05-22,8,Medical Treatment,Approved,Praneel Mallick
8619,2373,Paternity Leave,2024-11-21,2024-11-21,1,Religious Festival,Approved,Sanya Chahal
8620,2009,Unpaid Leave,2024-10-26,2024-10-30,5,Marriage,Approved,Warjas Bhat
8621,2413,Emergency Leave,2024-10-27,2024-11-03,8,Religious Festival,Approved,Triveni Iyengar
8622,1068,Emergency Leave,2024-04-06,2024-04-13,8,Marriage,Approved,Baghyawati Soni
8623,311,Emergency Leave,2025-03-02,2025-03-06,5,Vacation,Approved,Wyatt Kulkarni
8624,2419,Paternity Leave,2024-02-02,2024-02-07,6,Child Care,Approved,Avi Mishra
8625,2252,Paternity Leave,2025-03-07,2025-03-15,9,Marriage,Approved,Daniel Dasgupta
8626,2944,Paternity Leave,2024-09-04,2024-09-04,1,Child Care,Approved,Finn Choudhry
8627,2187,Annual Leave,2024-09-27,2024-09-27,1,Religious Festival,Approved,Jai Gour
8628,870,Annual Leave,2024-11-29,2024-12-01,3,Family Emergency,Rejected,
8629,1731,Unpaid Leave,2024-11-10,2024-11-16,7,Personal Work,Approved,Gopal Kibe
8630,2029,Unpaid Leave,2025-12-06,2025-12-14,9,Vacation,Pending,
8631,2309,Casual Leave,2024-01-20,2024-01-28,9,Vacation,Approved,Veer Garg
8632,372,Unpaid Leave,2025-03-26,2025-03-30,5,Religious Festival,Approved,Netra Setty
8633,2492,Unpaid Leave,2025-04-10,2025-04-17,8,Vacation,Approved,Gopal Dora
8634,168,Annual Leave,2024-08-09,2024-08-10,2,Vacation,Pending,
8635,144,Emergency Leave,2024-10-14,2024-10-17,4,Religious Festival,Approved,Sanaya Kapoor
8636,1056,Emergency Leave,2025-11-24,2025-12-01,8,Marriage,Pending,
8637,2584,Casual Leave,2024-02-24,2024-03-02,8,Child Care,Approved,Aarna Kant
8638,2345,Sick Leave,2025-02-17,2025-02-26,10,Vacation,Approved,Yahvi Pant
8639,2272,Maternity Leave,2024-04-13,2024-04-17,5,Medical Treatment,Approved,Michael Sodhi
8640,2353,Maternity Leave,2025-11-06,2025-11-11,6,Child Care,Pending,
8641,2040,Annual Leave,2025-10-01,2025-10-09,9,Medical Treatment,Approved,Guneet Bahri
8642,824,Annual Leave,2025-04-14,2025-04-19,6,Personal Work,Approved,Lakshit Sarma
8643,2682,Unpaid Leave,2024-01-19,2024-01-21,3,Medical Treatment,Approved,Unnati Pillai
8644,425,Annual Leave,2025-03-21,2025-03-30,10,Marriage,Approved,Ati Dugar
8645,1448,Maternity Leave,2025-08-24,2025-08-28,5,Vacation,Approved,Udarsh Subramaniam
8646,2367,Casual Leave,2024-12-07,2024-12-09,3,Personal Work,Approved,Samar Nagar
8647,259,Unpaid Leave,2024-08-31,2024-09-02,3,Higher Education,Approved,Logan Srinivas
8648,2546,Maternity Leave,2025-02-13,2025-02-22,10,Marriage,Approved,Xalak Varghese
8649,572,Sick Leave,2024-07-29,2024-08-06,9,Higher Education,Approved,Lucky Kala
8650,2783,Emergency Leave,2024-02-27,2024-03-05,8,Child Care,Approved,Atharv Chaudhuri
8651,149,Paternity Leave,2024-08-20,2024-08-26,7,Religious Festival,Approved,Lakshit Sachdeva
8652,291,Sick Leave,2025-01-25,2025-01-29,5,Marriage,Approved,Yochana Sani
8653,2311,Maternity Leave,2025-04-02,2025-04-09,8,Higher Education,Approved,Naksh Oak
8654,1175,Casual Leave,2025-11-27,2025-11-30,4,Medical Treatment,Approved,Zashil Wali
8655,2092,Sick Leave,2024-06-11,2024-06-17,7,Marriage,Approved,Gaurav Din
8656,2596,Maternity Leave,2025-05-23,2025-05-30,8,Family Emergency,Approved,Nachiket Mukherjee
8657,1577,Unpaid Leave,2025-10-05,2025-10-11,7,Family Emergency,Approved,Leena Shukla
8658,19,Emergency Leave,2024-09-17,2024-09-18,2,Personal Work,Approved,Daksh Chowdhury
8659,2291,Annual Leave,2024-07-19,2024-07-27,9,Marriage,Approved,Madhav Bora
8660,915,Unpaid Leave,2025-01-02,2025-01-03,2,Higher Education,Approved,Krishna Soni
8661,2087,Emergency Leave,2025-10-17,2025-10-17,1,Higher Education,Approved,Yasti Gupta
8662,1663,Unpaid Leave,2024-03-08,2024-03-15,8,Family Emergency,Approved,Karan Korpal
8663,2885,Unpaid Leave,2024-01-16,2024-01-24,9,Family Emergency,Approved,Teerth Ahluwalia
8664,137,Unpaid Leave,2024-05-06,2024-05-09,4,Family Emergency,Approved,Megha Reddy
8665,2174,Emergency Leave,2024-03-07,2024-03-12,6,Personal Work,Approved,Indali Prashad
8666,138,Casual Leave,2024-10-21,2024-10-29,9,Family Emergency,Approved,Shivani Sha
8667,976,Paternity Leave,2024-11-03,2024-11-03,1,Vacation,Approved,Vasana Andra
8668,1549,Emergency Leave,2024-11-01,2024-11-08,8,Medical Treatment,Approved,Kai Deo
8669,2436,Unpaid Leave,2025-05-04,2025-05-06,3,Higher Education,Approved,Samarth Ganesh
8670,2714,Sick Leave,2024-04-14,2024-04-20,7,Higher Education,Approved,Irya Sathe
8671,263,Sick Leave,2024-01-17,2024-01-23,7,Child Care,Approved,Jonathan Date
8672,1953,Casual Leave,2024-11-27,2024-12-02,6,Personal Work,Approved,Oeshi Lad
8673,1296,Sick Leave,2024-12-11,2024-12-18,8,Family Emergency,Approved,Advik Rajagopal
8674,1456,Emergency Leave,2025-10-19,2025-10-23,5,Personal Work,Rejected,
8675,2777,Unpaid Leave,2024-10-13,2024-10-21,9,Religious Festival,Approved,Varenya Ravi
8676,572,Paternity Leave,2024-09-20,2024-09-26,7,Vacation,Approved,Omisha Sampath
8677,2897,Annual Leave,2024-04-18,2024-04-26,9,Medical Treatment,Approved,Keya Murthy
8678,422,Unpaid Leave,2025-11-26,2025-11-27,2,Child Care,Approved,Jairaj Pal
8679,1952,Sick Leave,2025-05-26,2025-05-29,4,Religious Festival,Approved,Qarin Sastry
8680,306,Casual Leave,2025-06-11,2025-06-18,8,Child Care,Approved,Noah Vig
8681,2026,Annual Leave,2024-01-16,2024-01-21,6,Child Care,Approved,Mason Khurana
8682,2180,Annual Leave,2024-07-31,2024-08-09,10,Marriage,Approved,Abhiram Bumb
8683,278,Unpaid Leave,2024-12-26,2025-01-04,10,Child Care,Approved,Rachit Mangat
8684,1326,Paternity Leave,2025-01-09,2025-01-09,1,Higher Education,Approved,William Thakkar
8685,1311,Maternity Leave,2024-08-19,2024-08-25,7,Personal Work,Approved,Bakhshi Walia
8686,1410,Emergency Leave,2024-08-31,2024-09-03,4,Marriage,Approved,Wyatt Som
8687,2214,Maternity Leave,2024-10-29,2024-10-31,3,Religious Festival,Approved,Gabriel Desai
8688,567,Casual Leave,2024-10-25,2024-10-30,6,Religious Festival,Approved,Mohini Narayanan
8689,316,Casual Leave,2024-10-30,2024-11-04,6,Family Emergency,Approved,Peter Deep
8690,1649,Sick Leave,2024-08-07,2024-08-15,9,Marriage,Approved,Krish Badami
8691,681,Casual Leave,2024-05-12,2024-05-14,3,Child Care,Approved,Harsh Shankar
8692,451,Paternity Leave,2025-02-04,2025-02-12,9,Child Care,Approved,Aarini Chander
8693,659,Paternity Leave,2025-01-19,2025-01-27,9,Child Care,Pending,
8694,2376,Emergency Leave,2024-03-02,2024-03-06,5,Family Emergency,Approved,Bina Gade
8695,884,Paternity Leave,2024-11-03,2024-11-10,8,Religious Festival,Approved,Arjun Pillay
8696,2669,Casual Leave,2024-05-09,2024-05-16,8,Higher Education,Approved,Harsh Chaudhari
8697,2847,Sick Leave,2024-08-10,2024-08-16,7,Marriage,Approved,Om Loke
8698,504,Unpaid Leave,2024-03-31,2024-04-09,10,Personal Work,Approved,Yash Pradhan
8699,370,Unpaid Leave,2025-02-06,2025-02-08,3,Marriage,Pending,
8700,572,Maternity Leave,2024-04-11,2024-04-11,1,Child Care,Approved,Siddharth Dugal
8701,760,Casual Leave,2024-04-15,2024-04-18,4,Personal Work,Approved,Yatan Samra
8702,3000,Annual Leave,2024-12-29,2025-01-06,9,Religious Festival,Approved,Abhimanyu Mammen
8703,1508,Casual Leave,2024-12-15,2024-12-16,2,Family Emergency,Approved,Fiyaz Pandey
8704,1304,Maternity Leave,2025-05-27,2025-06-04,9,Marriage,Pending,
8705,351,Casual Leave,2024-12-17,2024-12-17,1,Marriage,Approved,Manya Dass
8706,1422,Emergency Leave,2024-07-20,2024-07-23,4,Family Emergency,Approved,Meghana Contractor
8707,2069,Sick Leave,2024-08-16,2024-08-22,7,Religious Festival,Approved,Vrishti Reddy
8708,2736,Casual Leave,2025-10-17,2025-10-26,10,Higher Education,Approved,Oliver Tata
8709,2374,Unpaid Leave,2025-06-03,2025-06-11,9,Religious Festival,Pending,
8710,1815,Annual Leave,2024-09-02,2024-09-08,7,Child Care,Approved,Anay Ganguly
8711,2680,Sick Leave,2025-11-14,2025-11-15,2,Religious Festival,Approved,Abdul Nazareth
8712,245,Maternity Leave,2025-04-09,2025-04-15,7,Child Care,Approved,Sai Sehgal
8713,2197,Casual Leave,2024-04-17,2024-04-23,7,Marriage,Approved,David Nagi
8714,1221,Emergency Leave,2024-04-26,2024-05-02,7,Family Emergency,Approved,Oeshi Char
8715,864,Annual Leave,2025-02-04,2025-02-13,10,Religious Festival,Approved,Qabil Kapoor
8716,2230,Emergency Leave,2025-09-03,2025-09-05,3,Personal Work,Approved,Guneet Vasa
8717,1619,Emergency Leave,2025-09-09,2025-09-12,4,Medical Treatment,Approved,Kabir Doshi
8718,1625,Sick Leave,2024-12-06,2024-12-09,4,Personal Work,Approved,Udyati Sastry
8719,1587,Annual Leave,2025-02-19,2025-02-20,2,Child Care,Approved,Onkar Mane
8720,624,Maternity Leave,2025-09-02,2025-09-02,1,Marriage,Approved,Abdul Contractor
8721,2872,Emergency Leave,2024-10-22,2024-10-26,5,Personal Work,Approved,Ekiya Madan
8722,2735,Emergency Leave,2024-10-06,2024-10-10,5,Medical Treatment,Approved,Warhi Amble
8723,1775,Unpaid Leave,2024-12-30,2025-01-02,4,Marriage,Approved,Raagini Oza
8724,2785,Annual Leave,2025-01-25,2025-01-28,4,Vacation,Pending,
8725,2922,Paternity Leave,2025-01-20,2025-01-21,2,Marriage,Approved,Ishita Vig
8726,1538,Emergency Leave,2025-05-07,2025-05-09,3,Family Emergency,Rejected,
8727,2147,Casual Leave,2024-12-02,2024-12-07,6,Personal Work,Approved,Vritti Edwin
8728,297,Casual Leave,2024-03-31,2024-03-31,1,Religious Festival,Approved,Leela Vohra
8729,1859,Maternity Leave,2024-05-27,2024-06-02,7,Religious Festival,Approved,Krisha Tank
8730,312,Unpaid Leave,2024-04-10,2024-04-11,2,Personal Work,Approved,Wyatt Gupta
8731,2159,Emergency Leave,2025-03-13,2025-03-14,2,Child Care,Approved,Manya Subramanian
8732,180,Paternity Leave,2025-04-29,2025-04-29,1,Child Care,Approved,Mohini Rao
8733,26,Casual Leave,2024-01-20,2024-01-26,7,Medical Treatment,Approved,Barkha Bains
8734,1812,Casual Leave,2024-01-07,2024-01-16,10,Marriage,Approved,Wridesh Deo
8735,2094,Unpaid Leave,2025-02-18,2025-02-27,10,Child Care,Approved,Harshil Bala
8736,550,Casual Leave,2025-08-06,2025-08-10,5,Vacation,Approved,Yashvi Nayar
8737,1706,Emergency Leave,2024-07-17,2024-07-24,8,Personal Work,Approved,Yochana Choudhury
8738,1309,Emergency Leave,2025-10-02,2025-10-05,4,Family Emergency,Approved,Rayaan Rai
8739,312,Emergency Leave,2024-04-06,2024-04-11,6,Family Emergency,Approved,Lavanya Dhawan
8740,2799,Casual Leave,2024-11-24,2024-11-26,3,Marriage,Pending,
8741,1420,Casual Leave,2025-09-15,2025-09-19,5,Vacation,Approved,Thomas Chauhan
8742,1888,Annual Leave,2024-07-08,2024-07-09,2,Vacation,Approved,Hiral Bala
8743,2815,Emergency Leave,2024-02-26,2024-02-28,3,Religious Festival,Approved,Aashi Ganesan
8744,99,Sick Leave,2025-03-10,2025-03-13,4,Vacation,Approved,Xiti Mukhopadhyay
8745,1418,Paternity Leave,2024-05-20,2024-05-20,1,Child Care,Approved,Falguni Sinha
8746,1821,Annual Leave,2025-06-02,2025-06-06,5,Marriage,Approved,Agastya Hora
8747,911,Paternity Leave,2025-04-17,2025-04-20,4,Higher Education,Approved,Lakshmi Murty
8748,331,Casual Leave,2025-09-26,2025-10-03,8,Religious Festival,Approved,Gayathri Ratta
8749,1462,Casual Leave,2025-10-18,2025-10-19,2,Family Emergency,Approved,Harini Bora
8750,1199,Unpaid Leave,2025-12-22,2025-12-31,10,Vacation,Approved,Samuel Karnik
8751,737,Maternity Leave,2024-02-14,2024-02-22,9,Family Emergency,Approved,Ishani Gulati
8752,195,Maternity Leave,2025-01-08,2025-01-17,10,Religious Festival,Approved,Yasti Kaur
8753,569,Annual Leave,2024-11-09,2024-11-16,8,Vacation,Approved,Luke Dalal
8754,493,Unpaid Leave,2024-03-18,2024-03-20,3,Child Care,Approved,Jagvi Kar
8755,681,Casual Leave,2025-06-21,2025-06-21,1,Vacation,Approved,Nachiket Oza
8756,1955,Paternity Leave,2025-01-21,2025-01-24,4,Family Emergency,Rejected,
8757,1141,Paternity Leave,2024-06-02,2024-06-11,10,Personal Work,Approved,Raagini Arya
8758,978,Annual Leave,2024-12-03,2024-12-06,4,Family Emergency,Approved,Jasmit Arora
8759,1497,Annual Leave,2025-10-14,2025-10-16,3,Child Care,Approved,Megha Krishnan
8760,623,Unpaid Leave,2025-07-22,2025-07-25,4,Personal Work,Approved,Riya Shetty
8761,1212,Annual Leave,2024-06-08,2024-06-11,4,Child Care,Approved,Leela Kade
8762,1454,Casual Leave,2024-08-07,2024-08-10,4,Personal Work,Approved,Hredhaan Sagar
8763,633,Unpaid Leave,2025-09-19,2025-09-27,9,Vacation,Approved,Harita Lad
8764,783,Sick Leave,2025-07-07,2025-07-07,1,Personal Work,Approved,Abha Chanda
8765,394,Casual Leave,2025-04-05,2025-04-13,9,Marriage,Approved,Liam Khurana
8766,525,Maternity Leave,2024-11-05,2024-11-05,1,Vacation,Approved,Krish Suri
8767,1363,Annual Leave,2025-05-21,2025-05-25,5,Higher Education,Pending,
8768,2707,Annual Leave,2024-04-02,2024-04-07,6,Religious Festival,Approved,Dalbir Minhas
8769,483,Maternity Leave,2024-11-14,2024-11-16,3,Higher Education,Pending,
8770,2000,Sick Leave,2025-03-12,2025-03-13,2,Vacation,Approved,Peter Dhillon
8771,1980,Casual Leave,2024-10-27,2024-10-31,5,Marriage,Approved,Chanchal Datta
8772,2327,Annual Leave,2025-07-30,2025-07-31,2,Higher Education,Approved,Qarin Dhar
8773,1030,Unpaid Leave,2025-09-04,2025-09-04,1,Personal Work,Approved,Hritik Saini
8774,1461,Emergency Leave,2025-01-14,2025-01-22,9,Personal Work,Approved,Gaurangi Seth
8775,2171,Emergency Leave,2024-05-06,2024-05-11,6,Higher Education,Approved,Widisha Zacharia
8776,853,Emergency Leave,2024-06-11,2024-06-15,5,Child Care,Approved,Kamya Chopra
8777,1659,Emergency Leave,2024-08-20,2024-08-20,1,Marriage,Approved,Yauvani Deo
8778,1613,Emergency Leave,2025-02-24,2025-02-24,1,Higher Education,Approved,Gauri Yogi
8779,1079,Annual Leave,2024-11-07,2024-11-09,3,Medical Treatment,Approved,Saksham Chatterjee
8780,2226,Annual Leave,2024-08-03,2024-08-06,4,Marriage,Approved,Aradhana Batta
8781,2053,Paternity Leave,2025-07-08,2025-07-10,3,Family Emergency,Approved,Benjamin Bhatti
8782,2186,Paternity Leave,2024-02-05,2024-02-14,10,Vacation,Approved,Zilmil Arya
8783,1254,Sick Leave,2024-03-06,2024-03-15,10,Religious Festival,Approved,Varsha Thakur
8784,480,Emergency Leave,2024-05-12,2024-05-12,1,Religious Festival,Approved,Tripti Ghosh
8785,1979,Emergency Leave,2024-09-17,2024-09-22,6,Child Care,Approved,Vasana Rai
8786,1716,Maternity Leave,2024-03-11,2024-03-15,5,Vacation,Pending,
8787,889,Paternity Leave,2025-04-30,2025-05-01,2,Child Care,Approved,Vaishnavi Handa
8788,1925,Maternity Leave,2024-01-14,2024-01-15,2,Family Emergency,Approved,Faras Kamdar
8789,1072,Unpaid Leave,2025-11-09,2025-11-17,9,Religious Festival,Approved,Gaurav Bains
8790,1000,Emergency Leave,2024-02-20,2024-02-26,7,Family Emergency,Pending,
8791,2498,Unpaid Leave,2024-07-04,2024-07-12,9,Marriage,Approved,Ekansh Parmar
8792,47,Sick Leave,2025-06-14,2025-06-23,10,Religious Festival,Approved,Darpan Johal
8793,985,Maternity Leave,2025-11-01,2025-11-06,6,Child Care,Approved,Zayyan Mohanty
8794,172,Maternity Leave,2024-02-21,2024-02-29,9,Marriage,Rejected,
8795,741,Maternity Leave,2025-12-04,2025-12-12,9,Marriage,Approved,Kashish Varty
8796,1189,Paternity Leave,2025-07-28,2025-07-28,1,Personal Work,Approved,Vrinda Agarwal
8797,2538,Unpaid Leave,2024-06-23,2024-07-02,10,Personal Work,Approved,Waida Basak
8798,1865,Casual Leave,2024-09-04,2024-09-08,5,Marriage,Approved,Ekalinga Mittal
8799,2753,Unpaid Leave,2025-07-19,2025-07-26,8,Vacation,Approved,George Keer
8800,1129,Unpaid Leave,2025-03-29,2025-04-07,10,Vacation,Pending,
8801,2359,Emergency Leave,2024-08-31,2024-09-07,8,Personal Work,Approved,Rachana Brahmbhatt
8802,1494,Unpaid Leave,2024-10-25,2024-10-31,7,Religious Festival,Rejected,
8803,2356,Emergency Leave,2024-07-10,2024-07-17,8,Child Care,Approved,Zaitra Chanda
8804,386,Unpaid Leave,2024-12-04,2024-12-04,1,Personal Work,Approved,Libni Ramanathan
8805,87,Casual Leave,2025-11-20,2025-11-27,8,Child Care,Approved,Darika Jayaraman
8806,2218,Unpaid Leave,2024-11-06,2024-11-15,10,Vacation,Approved,Hritik Chacko
8807,2126,Unpaid Leave,2025-01-25,2025-01-25,1,Medical Treatment,Approved,Sai Kapadia
8808,2891,Paternity Leave,2025-09-03,2025-09-10,8,Religious Festival,Rejected,
8809,1759,Maternity Leave,2024-08-27,2024-08-31,5,Vacation,Pending,
8810,1941,Unpaid Leave,2025-05-30,2025-06-01,3,Higher Education,Approved,Yagnesh Krishna
8811,2711,Emergency Leave,2025-06-29,2025-06-30,2,Child Care,Approved,Shaurya Seth
8812,2361,Maternity Leave,2024-10-18,2024-10-19,2,Higher Education,Approved,Anika Om
8813,742,Sick Leave,2024-03-28,2024-04-03,7,Medical Treatment,Approved,Anirudh Sathe
8814,487,Annual Leave,2025-06-30,2025-07-04,5,Religious Festival,Approved,Dalaja Dada
8815,1801,Maternity Leave,2024-01-18,2024-01-24,7,Medical Treatment,Approved,Bina Kara
8816,596,Emergency Leave,2025-11-06,2025-11-11,6,Family Emergency,Approved,Ekalinga Divan
8817,2250,Unpaid Leave,2025-03-01,2025-03-02,2,Family Emergency,Approved,Ekta Borra
8818,2404,Unpaid Leave,2024-10-28,2024-10-29,2,Higher Education,Approved,Yachana Sodhi
8819,2303,Maternity Leave,2024-11-19,2024-11-27,9,Family Emergency,Approved,Jhalak Dixit
8820,1058,Maternity Leave,2024-08-29,2024-09-07,10,Child Care,Approved,Ubika Bera
8821,106,Paternity Leave,2025-12-05,2025-12-13,9,Religious Festival,Approved,Divya Varkey
8822,2775,Maternity Leave,2024-05-26,2024-05-31,6,Marriage,Approved,Bhavya Upadhyay
8823,1906,Paternity Leave,2024-04-21,2024-04-24,4,Personal Work,Approved,Kamala Raman
8824,879,Emergency Leave,2024-03-23,2024-03-29,7,Religious Festival,Approved,Nimrat Bahri
8825,1510,Maternity Leave,2025-07-02,2025-07-08,7,Vacation,Rejected,
8826,2020,Unpaid Leave,2025-11-10,2025-11-11,2,Personal Work,Approved,Dalbir Bera
8827,1046,Maternity Leave,2025-12-23,2025-12-24,2,Personal Work,Approved,Geetika Kala
8828,10,Annual Leave,2024-06-11,2024-06-11,1,Personal Work,Approved,Bhavya Chowdhury
8829,149,Unpaid Leave,2024-09-16,2024-09-23,8,Vacation,Approved,Pooja Tripathi
8830,611,Sick Leave,2024-02-13,2024-02-14,2,Child Care,Approved,Janaki Kala
8831,1280,Unpaid Leave,2024-12-12,2024-12-12,1,Higher Education,Approved,Owen Narang
8832,651,Maternity Leave,2025-08-09,2025-08-15,7,Family Emergency,Approved,Jeet Patla
8833,723,Paternity Leave,2024-04-06,2024-04-14,9,Religious Festival,Approved,Daksha Dora
8834,1252,Sick Leave,2024-04-02,2024-04-09,8,Personal Work,Pending,
8835,1060,Maternity Leave,2024-05-16,2024-05-23,8,Family Emergency,Approved,Qushi Thakkar
8836,1536,Annual Leave,2025-11-16,2025-11-25,10,Marriage,Approved,Eiravati Bir
8837,1684,Emergency Leave,2024-05-12,2024-05-17,6,Higher Education,Rejected,
8838,1501,Maternity Leave,2024-03-11,2024-03-18,8,Marriage,Approved,Mohini Dhillon
8839,2732,Emergency Leave,2024-03-23,2024-03-24,2,Religious Festival,Pending,
8840,769,Maternity Leave,2025-01-29,2025-01-31,3,Vacation,Approved,Falan Mohanty
8841,1762,Paternity Leave,2025-01-07,2025-01-14,8,Religious Festival,Approved,Laban Sarna
8842,799,Paternity Leave,2025-10-03,2025-10-09,7,Medical Treatment,Approved,Advik Rajan
8843,1948,Casual Leave,2025-04-06,2025-04-09,4,Personal Work,Approved,Warinder Kade
8844,251,Sick Leave,2024-11-13,2024-11-18,6,Vacation,Approved,Tanveer Pingle
8845,192,Casual Leave,2025-03-16,2025-03-17,2,Medical Treatment,Approved,Gavin Nagi
8846,1676,Paternity Leave,2025-05-06,2025-05-12,7,Higher Education,Approved,Viraj Andra
8847,1443,Sick Leave,2024-10-11,2024-10-18,8,Vacation,Approved,Yauvani Kurian
8848,1794,Annual Leave,2024-06-16,2024-06-18,3,Higher Education,Pending,
8849,421,Emergency Leave,2024-05-06,2024-05-12,7,Religious Festival,Approved,Vedika Chadha
8850,38,Emergency Leave,2025-08-13,2025-08-17,5,Higher Education,Approved,Nathaniel Parekh
8851,645,Maternity Leave,2024-11-14,2024-11-23,10,Personal Work,Pending,
8852,863,Maternity Leave,2024-03-23,2024-03-31,9,Higher Education,Approved,Dhriti Shukla
8853,2947,Emergency Leave,2025-02-26,2025-03-05,8,Family Emergency,Approved,Hemal Radhakrishnan
8854,1796,Annual Leave,2025-07-24,2025-07-26,3,Personal Work,Approved,Deepa Gole
8855,1010,Annual Leave,2024-07-12,2024-07-18,7,Marriage,Approved,Nisha More
8856,2354,Annual Leave,2024-01-15,2024-01-20,6,Child Care,Approved,David Loyal
8857,1118,Emergency Leave,2025-01-25,2025-01-27,3,Vacation,Approved,Ayushman Sinha
8858,1159,Emergency Leave,2024-03-20,2024-03-27,8,Family Emergency,Rejected,
8859,2677,Annual Leave,2025-04-17,2025-04-20,4,Vacation,Approved,Noah Ramachandran
8860,1601,Paternity Leave,2024-07-11,2024-07-12,2,Religious Festival,Approved,Bhavya Sarin
8861,135,Paternity Leave,2025-10-29,2025-10-31,3,Medical Treatment,Approved,Jasmit Khare
8862,974,Casual Leave,2024-01-30,2024-01-30,1,Higher Education,Approved,Vincent Sahni
8863,928,Annual Leave,2025-12-22,2025-12-24,3,Vacation,Approved,Yashvi De
8864,2918,Emergency Leave,2025-12-27,2026-01-02,7,Child Care,Approved,Elijah Chand
8865,1323,Casual Leave,2024-09-03,2024-09-03,1,Family Emergency,Approved,Widisha Natarajan
8866,1138,Sick Leave,2025-03-20,2025-03-21,2,Child Care,Approved,Yashica Sahni
8867,2316,Casual Leave,2025-07-28,2025-07-31,4,Family Emergency,Approved,Fariq Sandal
8868,2051,Paternity Leave,2025-04-20,2025-04-26,7,Higher Education,Pending,
8869,2254,Paternity Leave,2024-07-02,2024-07-02,1,Medical Treatment,Approved,Anusha Peri
8870,983,Maternity Leave,2024-05-01,2024-05-01,1,Higher Education,Pending,
8871,919,Sick Leave,2025-01-27,2025-01-28,2,Higher Education,Approved,Upasna Lall
8872,2286,Unpaid Leave,2024-08-27,2024-09-04,9,Religious Festival,Approved,Faras Wali
8873,1361,Unpaid Leave,2024-02-12,2024-02-17,6,Medical Treatment,Approved,Shivani Parekh
8874,1292,Annual Leave,2025-12-30,2025-12-30,1,Religious Festival,Approved,Ira Sangha
8875,2727,Casual Leave,2024-11-17,2024-11-24,8,Family Emergency,Approved,Brinda Bir
8876,2552,Casual Leave,2025-08-24,2025-08-24,1,Higher Education,Approved,Ira Mutti
8877,1094,Casual Leave,2024-12-29,2024-12-30,2,Marriage,Approved,Maya Sridhar
8878,1408,Paternity Leave,2025-10-03,2025-10-12,10,Child Care,Approved,Yashasvi Taneja
8879,2687,Sick Leave,2025-06-11,2025-06-16,6,Family Emergency,Approved,Ekansh Bora
8880,1635,Sick Leave,2024-08-26,2024-08-31,6,Vacation,Approved,Unni Pingle
8881,1569,Paternity Leave,2025-07-10,2025-07-12,3,Religious Festival,Approved,Diya Kari
8882,258,Casual Leave,2025-11-05,2025-11-06,2,Higher Education,Approved,Forum Rai
8883,2846,Casual Leave,2024-01-08,2024-01-09,2,Marriage,Approved,Indali Bhalla
8884,1945,Maternity Leave,2024-01-01,2024-01-05,5,Marriage,Approved,Yatin Sampath
8885,275,Unpaid Leave,2025-07-28,2025-07-30,3,Marriage,Approved,Balvan Hari
8886,1095,Unpaid Leave,2025-08-17,2025-08-21,5,Religious Festival,Approved,Zilmil Agrawal
8887,2171,Paternity Leave,2025-06-15,2025-06-15,1,Higher Education,Approved,Chaman Sahni
8888,1734,Paternity Leave,2025-11-02,2025-11-04,3,Personal Work,Approved,Turvi Zachariah
8889,1708,Unpaid Leave,2024-01-19,2024-01-20,2,Child Care,Approved,Ansh Bhardwaj
8890,316,Casual Leave,2024-03-08,2024-03-10,3,Child Care,Pending,
8891,1374,Sick Leave,2024-10-15,2024-10-17,3,Family Emergency,Approved,Anita Divan
8892,2766,Unpaid Leave,2025-02-14,2025-02-18,5,Higher Education,Pending,
8893,161,Paternity Leave,2024-12-07,2024-12-15,9,Vacation,Approved,Zayan Raj
8894,440,Casual Leave,2024-06-09,2024-06-17,9,Family Emergency,Approved,Indali Pandit
8895,2388,Paternity Leave,2024-04-18,2024-04-25,8,Personal Work,Approved,Dayamai Mistry
8896,179,Unpaid Leave,2024-09-23,2024-10-01,9,Personal Work,Approved,Upma Sani
8897,1009,Emergency Leave,2024-11-05,2024-11-09,5,Medical Treatment,Approved,Atharv Sarma
8898,557,Emergency Leave,2025-11-24,2025-12-02,9,Marriage,Approved,Advika Chokshi
8899,34,Paternity Leave,2025-08-04,2025-08-04,1,Vacation,Approved,Zinal Sagar
8900,1326,Maternity Leave,2025-03-04,2025-03-12,9,Vacation,Approved,Rachana Sidhu
8901,1351,Unpaid Leave,2024-11-12,2024-11-20,9,Medical Treatment,Approved,Upadhriti Brar
8902,1097,Annual Leave,2025-08-27,2025-08-30,4,Vacation,Approved,Widisha Batra
8903,1393,Annual Leave,2024-02-16,2024-02-24,9,Medical Treatment,Approved,Harrison Keer
8904,2847,Paternity Leave,2025-07-03,2025-07-03,1,Marriage,Approved,Lucky Shroff
8905,1398,Paternity Leave,2024-02-15,2024-02-23,9,Child Care,Approved,Fiyaz Sangha
8906,2423,Maternity Leave,2024-09-17,2024-09-17,1,Medical Treatment,Approved,Gauri Kuruvilla
8907,967,Annual Leave,2025-07-18,2025-07-19,2,Child Care,Approved,Avni Mody
8908,2329,Casual Leave,2024-06-19,2024-06-25,7,Family Emergency,Approved,Hardik Sathe
8909,2607,Annual Leave,2024-05-02,2024-05-04,3,Personal Work,Pending,
8910,1762,Emergency Leave,2025-06-04,2025-06-10,7,Family Emergency,Approved,Rudra Keer
8911,2072,Annual Leave,2025-06-08,2025-06-10,3,Religious Festival,Approved,Vihaan Prabhu
8912,2319,Maternity Leave,2024-06-27,2024-06-30,4,Family Emergency,Approved,Yuvraj Ramanathan
8913,212,Emergency Leave,2024-07-23,2024-07-27,5,Personal Work,Approved,Radhika Basak
8914,2396,Paternity Leave,2024-10-17,2024-10-22,6,Family Emergency,Approved,Adweta Palla
8915,1593,Annual Leave,2024-06-16,2024-06-25,10,Marriage,Approved,Ansh Kant
8916,918,Annual Leave,2025-06-12,2025-06-16,5,Religious Festival,Approved,Ojas Pandit
8917,1710,Paternity Leave,2025-04-16,2025-04-21,6,Medical Treatment,Approved,Forum Issac
8918,1719,Emergency Leave,2024-10-11,2024-10-16,6,Medical Treatment,Approved,Zaid Arya
8919,865,Annual Leave,2024-11-24,2024-11-28,5,Religious Festival,Rejected,
8920,235,Casual Leave,2024-12-08,2024-12-11,4,Child Care,Pending,
8921,1191,Paternity Leave,2024-08-26,2024-08-27,2,Religious Festival,Approved,Akshay Brahmbhatt
8922,162,Maternity Leave,2024-10-06,2024-10-12,7,Religious Festival,Approved,Omisha Chandra
8923,779,Unpaid Leave,2024-08-24,2024-08-26,3,Marriage,Approved,Upkaar Sachar
8924,95,Emergency Leave,2024-08-28,2024-08-30,3,Higher Education,Rejected,
8925,1580,Casual Leave,2024-06-23,2024-06-24,2,Child Care,Pending,
8926,405,Sick Leave,2025-12-15,2025-12-24,10,Religious Festival,Approved,Liam Kumer
8927,2008,Casual Leave,2024-01-05,2024-01-10,6,Medical Treatment,Approved,Rehaan Chanda
8928,2065,Paternity Leave,2025-11-11,2025-11-11,1,Marriage,Approved,Yatan Shenoy
8929,2362,Sick Leave,2024-06-07,2024-06-11,5,Vacation,Pending,
8930,2123,Sick Leave,2024-12-24,2024-12-29,6,Personal Work,Approved,Tanvi Soni
8931,577,Paternity Leave,2024-07-11,2024-07-18,8,Religious Festival,Approved,Fariq Mohanty
8932,2313,Maternity Leave,2024-04-08,2024-04-16,9,Family Emergency,Approved,Bina Tailor
8933,63,Emergency Leave,2025-04-06,2025-04-15,10,Child Care,Approved,Xalak Kala
8934,2512,Sick Leave,2025-01-31,2025-02-02,3,Child Care,Approved,Ekansh Purohit
8935,582,Emergency Leave,2025-04-08,2025-04-14,7,Family Emergency,Approved,Adya Borde
8936,984,Emergency Leave,2025-11-15,2025-11-23,9,Family Emergency,Approved,Urvi Rama
8937,1926,Casual Leave,2025-03-01,2025-03-04,4,Medical Treatment,Pending,
8938,2181,Sick Leave,2024-02-29,2024-03-09,10,Religious Festival,Approved,Dominic Tella
8939,1390,Paternity Leave,2024-07-21,2024-07-28,8,Vacation,Approved,Raghav D’Alia
8940,660,Unpaid Leave,2025-03-26,2025-03-28,3,Vacation,Pending,
8941,361,Unpaid Leave,2024-12-28,2025-01-04,8,Vacation,Approved,Waida Wable
8942,1723,Sick Leave,2025-11-28,2025-12-07,10,Vacation,Approved,Kabir Dalal
8943,547,Paternity Leave,2025-01-16,2025-01-22,7,Personal Work,Approved,Lohit Narula
8944,1096,Emergency Leave,2025-08-27,2025-08-30,4,Marriage,Approved,Janaki Raja
8945,1137,Annual Leave,2025-01-15,2025-01-19,5,Medical Treatment,Approved,Kalpit Sandal
8946,126,Paternity Leave,2025-01-25,2025-01-28,4,Marriage,Approved,Charan Mani
8947,2869,Annual Leave,2025-09-26,2025-10-04,9,Child Care,Approved,Shravya Murty
8948,1920,Unpaid Leave,2024-05-24,2024-06-02,10,Child Care,Approved,Advik Saini
8949,1729,Paternity Leave,2024-02-24,2024-03-02,8,Personal Work,Pending,
8950,1928,Emergency Leave,2025-06-03,2025-06-05,3,Medical Treatment,Approved,Ria Kannan
8951,326,Paternity Leave,2025-03-20,2025-03-20,1,Marriage,Approved,Max Loyal
8952,2087,Casual Leave,2024-08-14,2024-08-17,4,Family Emergency,Approved,Jalsa Jha
8953,1615,Annual Leave,2025-04-04,2025-04-05,2,Higher Education,Approved,Odika Dani
8954,1921,Paternity Leave,2025-07-18,2025-07-25,8,Religious Festival,Approved,Farhan Dutta
8955,2640,Sick Leave,2025-10-07,2025-10-10,4,Personal Work,Approved,Veer Gupta
8956,584,Sick Leave,2025-06-23,2025-06-28,6,Marriage,Approved,Azaan Varty
8957,2523,Sick Leave,2025-06-27,2025-06-29,3,Religious Festival,Approved,Onkar Savant
8958,2018,Emergency Leave,2024-01-02,2024-01-09,8,Higher Education,Approved,Aarnav Madan
8959,1869,Casual Leave,2025-01-12,2025-01-17,6,Religious Festival,Approved,Hemani Chaudhary
8960,197,Sick Leave,2024-01-02,2024-01-03,2,Religious Festival,Approved,Leela Nadkarni
8961,765,Annual Leave,2024-12-21,2024-12-22,2,Personal Work,Pending,
8962,2156,Casual Leave,2025-03-21,2025-03-27,7,Marriage,Rejected,
8963,2913,Emergency Leave,2025-07-23,2025-07-26,4,Child Care,Approved,Urishilla Sagar
8964,2915,Unpaid Leave,2024-01-29,2024-02-06,9,Personal Work,Approved,Isaac Mallick
8965,723,Unpaid Leave,2024-03-07,2024-03-07,1,Personal Work,Approved,Vamakshi Rao
8966,1893,Casual Leave,2024-01-23,2024-02-01,10,Marriage,Approved,Akshay Khatri
8967,1510,Paternity Leave,2025-06-16,2025-06-24,9,Personal Work,Approved,Chakrika Bhatnagar
8968,1832,Unpaid Leave,2025-03-10,2025-03-17,8,Child Care,Approved,Amol Mallick
8969,2361,Paternity Leave,2024-06-07,2024-06-10,4,Family Emergency,Approved,Tarak Patil
8970,2156,Casual Leave,2024-06-30,2024-07-03,4,Vacation,Approved,Saanvi Tata
8971,616,Casual Leave,2024-01-28,2024-02-01,5,Child Care,Approved,Charita Desai
8972,2920,Paternity Leave,2025-01-10,2025-01-17,8,Personal Work,Approved,Gaurang Gopal
8973,1686,Paternity Leave,2024-09-18,2024-09-25,8,Medical Treatment,Approved,Sudiksha Sridhar
8974,2130,Unpaid Leave,2024-08-19,2024-08-28,10,Child Care,Approved,Odika Basu
8975,882,Paternity Leave,2024-03-24,2024-03-30,7,Medical Treatment,Approved,Arya Jha
8976,921,Unpaid Leave,2025-10-14,2025-10-23,10,Personal Work,Approved,Kritika Brar
8977,2611,Casual Leave,2024-10-20,2024-10-29,10,Medical Treatment,Approved,Aashi Gulati
8978,471,Paternity Leave,2025-10-25,2025-11-02,9,Higher Education,Approved,Tejas Sathe
8979,709,Sick Leave,2024-01-29,2024-02-03,6,Vacation,Rejected,
8980,358,Maternity Leave,2024-11-08,2024-11-12,5,Higher Education,Approved,Rajata Kant
8981,1997,Maternity Leave,2025-04-11,2025-04-17,7,Marriage,Approved,Jagrati Chaudhuri
8982,2070,Unpaid Leave,2025-08-24,2025-09-02,10,Religious Festival,Approved,Tanmayi Krish
8983,1197,Unpaid Leave,2024-09-06,2024-09-15,10,Higher Education,Pending,
8984,2782,Emergency Leave,2025-12-23,2026-01-01,10,Higher Education,Approved,Vyanjana Sachdev
8985,2270,Paternity Leave,2024-05-20,2024-05-22,3,Family Emergency,Approved,Yashodhara Mukherjee
8986,84,Annual Leave,2024-12-10,2024-12-18,9,Medical Treatment,Approved,Nimrat Kala
8987,96,Unpaid Leave,2024-06-11,2024-06-11,1,Personal Work,Approved,Jalsa Ratta
8988,729,Maternity Leave,2024-09-03,2024-09-09,7,Vacation,Approved,Vasudha Prabhu
8989,1619,Sick Leave,2024-02-26,2024-03-02,6,Higher Education,Approved,Maanas Choudhry
8990,1325,Maternity Leave,2024-11-25,2024-11-30,6,Vacation,Approved,Ekaraj Varkey
8991,2315,Paternity Leave,2024-06-25,2024-07-01,7,Vacation,Approved,Yachana Sharaf
8992,2719,Maternity Leave,2024-02-15,2024-02-15,1,Personal Work,Approved,Damini Bhargava
8993,2586,Casual Leave,2024-09-18,2024-09-26,9,Family Emergency,Approved,Meghana Sengupta
8994,1118,Sick Leave,2025-11-09,2025-11-11,3,Personal Work,Approved,Damyanti Dugar
8995,2952,Paternity Leave,2024-05-26,2024-06-04,10,Child Care,Pending,
8996,1432,Paternity Leave,2025-12-16,2025-12-18,3,Marriage,Approved,Azad Mani
8997,184,Casual Leave,2024-11-30,2024-12-01,2,Higher Education,Approved,Wriddhish Zacharia
8998,637,Paternity Leave,2024-08-26,2024-08-31,6,Marriage,Approved,Christopher Chaudhari
8999,1049,Sick Leave,2024-02-03,2024-02-06,4,Child Care,Approved,Vritti Dua
9000,1898,Casual Leave,2025-10-04,2025-10-11,8,Higher Education,Approved,Advika Karpe
9001,1820,Sick Leave,2024-09-22,2024-09-26,5,Family Emergency,Pending,
9002,1590,Unpaid Leave,2024-07-03,2024-07-08,6,Higher Education,Approved,Mahika Savant
9003,1322,Annual Leave,2025-12-05,2025-12-08,4,Vacation,Approved,Raagini Kothari
9004,1227,Paternity Leave,2024-04-13,2024-04-22,10,Medical Treatment,Approved,Yug Balan
9005,1052,Annual Leave,2025-08-08,2025-08-15,8,Medical Treatment,Pending,
9006,2579,Paternity Leave,2025-02-04,2025-02-06,3,Vacation,Approved,Yash Ramakrishnan
9007,1692,Annual Leave,2024-04-21,2024-04-30,10,Higher Education,Approved,Rajeshri Ahuja
9008,1083,Emergency Leave,2024-03-28,2024-04-03,7,Child Care,Pending,
9009,2475,Unpaid Leave,2024-12-05,2024-12-12,8,Personal Work,Approved,Upadhriti Chad
9010,1944,Sick Leave,2025-10-28,2025-10-29,2,Family Emergency,Approved,Adya Dalal
9011,1188,Unpaid Leave,2024-11-16,2024-11-19,4,Child Care,Approved,Kiaan Gade
9012,2050,Paternity Leave,2024-01-25,2024-01-28,4,Vacation,Approved,Parth Padmanabhan
9013,894,Sick Leave,2025-06-21,2025-06-26,6,Child Care,Approved,Timothy Konda
9014,2347,Casual Leave,2024-07-10,2024-07-12,3,Religious Festival,Pending,
9015,2180,Emergency Leave,2025-11-20,2025-11-26,7,Religious Festival,Approved,Neelima Buch
9016,2988,Annual Leave,2024-08-13,2024-08-20,8,Medical Treatment,Rejected,
9017,227,Paternity Leave,2025-03-14,2025-03-21,8,Marriage,Approved,Charan Mital
9018,2673,Maternity Leave,2025-06-25,2025-06-29,5,Child Care,Approved,Harish Kanda
9019,1098,Paternity Leave,2025-09-25,2025-10-01,7,Medical Treatment,Approved,Bhavna Basak
9020,752,Paternity Leave,2024-12-13,2024-12-19,7,Marriage,Approved,Robert Kashyap
9021,2689,Emergency Leave,2024-08-23,2024-08-26,4,Child Care,Approved,Unnati Agrawal
9022,722,Unpaid Leave,2024-05-19,2024-05-26,8,Personal Work,Approved,Harshil Tata
9023,1048,Sick Leave,2025-10-09,2025-10-18,10,Vacation,Approved,Gagan Wable
9024,2389,Casual Leave,2025-10-29,2025-10-30,2,Religious Festival,Approved,Baljiwan Ray
9025,1611,Emergency Leave,2025-02-28,2025-03-03,4,Vacation,Rejected,
9026,2671,Emergency Leave,2024-05-06,2024-05-09,4,Medical Treatment,Approved,Ikbal Apte
9027,221,Casual Leave,2025-12-15,2025-12-16,2,Vacation,Approved,Dev Shan
9028,1825,Maternity Leave,2025-08-17,2025-08-24,8,Vacation,Approved,Dipta Randhawa
9029,1231,Unpaid Leave,2025-04-21,2025-04-29,9,Marriage,Approved,Tanvi Lanka
9030,2679,Casual Leave,2024-10-25,2024-10-28,4,Higher Education,Approved,Aashi Bora
9031,2588,Paternity Leave,2024-11-27,2024-11-30,4,Religious Festival,Approved,Anusha Venkatesh
9032,656,Emergency Leave,2024-11-12,2024-11-14,3,Religious Festival,Approved,Saumya Karpe
9033,2379,Paternity Leave,2024-10-26,2024-11-03,9,Higher Education,Approved,Zayan Dhar
9034,1921,Paternity Leave,2024-07-08,2024-07-08,1,Personal Work,Approved,Diya Shetty
9035,2117,Maternity Leave,2025-04-15,2025-04-24,10,Vacation,Approved,Saumya Sule
9036,1943,Annual Leave,2025-05-19,2025-05-21,3,Child Care,Approved,Karan Memon
9037,2495,Unpaid Leave,2025-05-28,2025-06-06,10,Religious Festival,Pending,
9038,1198,Paternity Leave,2025-04-27,2025-05-05,9,Higher Education,Approved,Ranveer Jayaraman
9039,39,Annual Leave,2024-06-21,2024-06-23,3,Marriage,Approved,Azad Suresh
9040,2849,Unpaid Leave,2024-08-30,2024-08-31,2,Family Emergency,Approved,Veda Mohanty
9041,1602,Maternity Leave,2024-05-19,2024-05-28,10,Personal Work,Approved,Quincy Sem
9042,1724,Annual Leave,2025-03-28,2025-03-30,3,Child Care,Approved,David Kant
9043,2233,Unpaid Leave,2024-09-09,2024-09-17,9,Religious Festival,Approved,Karan Sandal
9044,2047,Emergency Leave,2025-02-24,2025-02-25,2,Medical Treatment,Approved,Dalbir Kalla
9045,2156,Casual Leave,2025-01-13,2025-01-15,3,Religious Festival,Approved,Advik Kurian
9046,259,Paternity Leave,2025-02-10,2025-02-19,10,Child Care,Approved,Eta Bobal
9047,349,Emergency Leave,2025-03-14,2025-03-20,7,Religious Festival,Approved,Zansi Jha
9048,1377,Maternity Leave,2025-02-17,2025-02-26,10,Marriage,Approved,Krisha Bath
9049,2838,Casual Leave,2024-05-19,2024-05-24,6,Religious Festival,Pending,
9050,2279,Emergency Leave,2025-08-10,2025-08-10,1,Child Care,Approved,Abeer Swaminathan
9051,799,Annual Leave,2024-12-25,2024-12-27,3,Family Emergency,Approved,Om Khosla
9052,2492,Sick Leave,2025-12-14,2025-12-17,4,Family Emergency,Approved,Ronith Dugar
9053,2225,Unpaid Leave,2025-04-17,2025-04-24,8,Higher Education,Approved,Zaitra Bail
9054,426,Casual Leave,2025-02-15,2025-02-18,4,Child Care,Approved,Januja Sagar
9055,1231,Emergency Leave,2024-06-12,2024-06-14,3,Personal Work,Approved,Geetika Sharaf
9056,2044,Casual Leave,2024-09-30,2024-10-06,7,Religious Festival,Approved,Anya Malhotra
9057,1315,Annual Leave,2025-04-15,2025-04-22,8,Marriage,Approved,Bishakha Suresh
9058,421,Unpaid Leave,2025-06-12,2025-06-12,1,Medical Treatment,Pending,
9059,2256,Casual Leave,2024-09-11,2024-09-11,1,Vacation,Approved,Dayita Agarwal
9060,2212,Emergency Leave,2025-08-19,2025-08-24,6,Personal Work,Approved,Gagan Ravel
9061,1437,Unpaid Leave,2025-12-07,2025-12-07,1,Religious Festival,Approved,Ijaya Keer
9062,2224,Annual Leave,2024-06-11,2024-06-11,1,Vacation,Approved,Jagrati Cheema
9063,446,Annual Leave,2024-11-24,2024-12-02,9,Child Care,Pending,
9064,1993,Maternity Leave,2025-08-25,2025-09-01,8,Personal Work,Approved,Jason De
9065,1039,Emergency Leave,2024-09-05,2024-09-11,7,Marriage,Approved,Ansh Nagy
9066,1830,Maternity Leave,2024-11-18,2024-11-26,9,Child Care,Pending,
9067,795,Unpaid Leave,2025-05-25,2025-05-31,7,Personal Work,Approved,Tanay Sankar
9068,1592,Unpaid Leave,2025-05-25,2025-05-30,6,Marriage,Approved,Abeer Sangha
9069,959,Casual Leave,2025-10-18,2025-10-25,8,Child Care,Approved,Wishi Lal
9070,938,Sick Leave,2024-02-17,2024-02-24,8,Family Emergency,Approved,Riya Shenoy
9071,640,Unpaid Leave,2025-05-27,2025-06-02,7,Family Emergency,Pending,
9072,2057,Annual Leave,2024-08-08,2024-08-17,10,Religious Festival,Pending,
9073,3,Sick Leave,2024-10-29,2024-11-01,4,Marriage,Approved,Vihaan Madan
9074,2251,Paternity Leave,2025-08-19,2025-08-26,8,Religious Festival,Approved,Yagnesh Mishra
9075,206,Casual Leave,2025-05-17,2025-05-19,3,Personal Work,Approved,Tamanna Bala
9076,36,Casual Leave,2025-03-09,2025-03-09,1,Family Emergency,Approved,Jagat Naidu
9077,1707,Annual Leave,2025-10-25,2025-11-03,10,Child Care,Approved,Vedant Raghavan
9078,672,Maternity Leave,2024-10-09,2024-10-10,2,Higher Education,Approved,Rachita Walia
9079,1847,Sick Leave,2025-03-04,2025-03-10,7,Religious Festival,Approved,Ishwar Mukherjee
9080,2379,Annual Leave,2024-01-12,2024-01-21,10,Higher Education,Approved,Gaurika Soman
9081,1221,Emergency Leave,2025-05-20,2025-05-23,4,Religious Festival,Approved,Pavani Kant
9082,840,Maternity Leave,2025-02-13,2025-02-20,8,Religious Festival,Approved,Sathvik Contractor
9083,2147,Emergency Leave,2024-12-29,2025-01-02,5,Religious Festival,Approved,Tanveer More
9084,2682,Unpaid Leave,2024-12-09,2024-12-14,6,Marriage,Approved,Rohan Dhingra
9085,464,Unpaid Leave,2024-03-19,2024-03-28,10,Personal Work,Approved,Sai Kalla
9086,1082,Unpaid Leave,2024-01-15,2024-01-24,10,Medical Treatment,Pending,
9087,1783,Sick Leave,2024-02-06,2024-02-15,10,Religious Festival,Approved,Chandani Om
9088,1962,Casual Leave,2025-09-24,2025-10-01,8,Personal Work,Approved,Mugdha Kata
9089,971,Emergency Leave,2024-12-14,2024-12-16,3,Marriage,Approved,Abha Prasad
9090,2080,Casual Leave,2025-07-17,2025-07-25,9,Religious Festival,Approved,Jyoti Sathe
9091,1571,Unpaid Leave,2025-09-15,2025-09-16,2,Medical Treatment,Approved,Alexander Arora
9092,2246,Unpaid Leave,2025-02-08,2025-02-17,10,Higher Education,Approved,Hemal Bal
9093,1361,Casual Leave,2024-05-27,2024-06-03,8,Marriage,Approved,Pallavi Kurian
9094,520,Paternity Leave,2024-11-29,2024-12-01,3,Vacation,Approved,Netra Padmanabhan
9095,2619,Unpaid Leave,2025-06-23,2025-06-23,1,Religious Festival,Pending,
9096,2414,Annual Leave,2024-12-28,2025-01-02,6,Medical Treatment,Approved,Sara Singh
9097,1795,Sick Leave,2024-02-12,2024-02-18,7,Religious Festival,Approved,Sanaya Gole
9098,1165,Annual Leave,2025-01-11,2025-01-16,6,Medical Treatment,Approved,Hemani D’Alia
9099,2342,Sick Leave,2025-11-20,2025-11-24,5,Family Emergency,Approved,Advika Sodhi
9100,1190,Emergency Leave,2024-12-14,2024-12-16,3,Higher Education,Approved,Chakradev Gokhale
9101,423,Sick Leave,2025-10-22,2025-10-25,4,Marriage,Approved,Falan Trivedi
9102,227,Unpaid Leave,2025-04-17,2025-04-23,7,Marriage,Approved,Triveni Rattan
9103,1524,Unpaid Leave,2025-11-29,2025-12-02,4,Religious Festival,Approved,Gagan Master
9104,2509,Emergency Leave,2024-07-26,2024-07-31,6,Vacation,Pending,
9105,2337,Emergency Leave,2025-04-05,2025-04-07,3,Medical Treatment,Approved,Nirja Sachdeva
9106,2435,Emergency Leave,2025-04-10,2025-04-10,1,Higher Education,Approved,Gautam Yogi
9107,2578,Casual Leave,2025-02-17,2025-02-24,8,Family Emergency,Approved,Vrishti Dyal
9108,2874,Unpaid Leave,2025-09-26,2025-10-03,8,Higher Education,Rejected,
9109,1741,Sick Leave,2025-07-09,2025-07-09,1,Higher Education,Approved,Oni Bora
9110,1867,Sick Leave,2024-06-06,2024-06-15,10,Marriage,Approved,Pushti Parmer
9111,1792,Unpaid Leave,2024-09-16,2024-09-22,7,Higher Education,Approved,Bakhshi Sem
9112,2693,Maternity Leave,2025-07-10,2025-07-17,8,Religious Festival,Approved,Vinaya Raj
9113,1373,Annual Leave,2025-09-14,2025-09-14,1,Personal Work,Approved,Nikita Wadhwa
9114,1137,Casual Leave,2024-01-18,2024-01-18,1,Family Emergency,Approved,Yashica Garg
9115,2461,Emergency Leave,2024-04-03,2024-04-05,3,Vacation,Pending,
9116,2811,Annual Leave,2024-05-15,2024-05-15,1,Marriage,Pending,
9117,2911,Sick Leave,2025-07-22,2025-07-24,3,Family Emergency,Approved,Lavanya Jayaraman
9118,1838,Maternity Leave,2025-10-04,2025-10-06,3,Child Care,Approved,Zaitra Thaker
9119,974,Annual Leave,2025-03-30,2025-04-04,6,Medical Treatment,Approved,Vedant Naik
9120,1439,Emergency Leave,2025-06-13,2025-06-20,8,Higher Education,Approved,Anamika Bava
9121,1811,Casual Leave,2025-02-17,2025-02-20,4,Higher Education,Approved,Dipta Sangha
9122,675,Casual Leave,2024-11-27,2024-12-02,6,Higher Education,Approved,Sachi Pai
9123,2747,Annual Leave,2024-03-13,2024-03-21,9,Personal Work,Approved,Shivansh Patel
9124,30,Emergency Leave,2025-12-06,2025-12-11,6,Marriage,Approved,Qadim Parikh
9125,2830,Maternity Leave,2024-10-18,2024-10-18,1,Child Care,Approved,Nisha Vasa
9126,1388,Maternity Leave,2025-10-03,2025-10-10,8,Marriage,Approved,Onveer Tripathi
9127,2537,Casual Leave,2024-07-12,2024-07-12,1,Vacation,Approved,Gayathri Sen
9128,1431,Annual Leave,2024-04-05,2024-04-08,4,Child Care,Approved,Oviya Virk
9129,2483,Emergency Leave,2024-12-20,2024-12-27,8,Family Emergency,Approved,Chakradhar Chacko
9130,2191,Annual Leave,2025-05-26,2025-05-31,6,Marriage,Approved,Jagat Gokhale
9131,2265,Emergency Leave,2024-08-28,2024-08-28,1,Family Emergency,Approved,Karan Naidu
9132,1981,Unpaid Leave,2024-01-16,2024-01-24,9,Marriage,Pending,
9133,1843,Maternity Leave,2025-11-09,2025-11-17,9,Medical Treatment,Approved,Nilima Gade
9134,1183,Paternity Leave,2024-08-22,2024-08-31,10,Medical Treatment,Approved,Christopher Gola
9135,913,Emergency Leave,2024-02-10,2024-02-11,2,Vacation,Approved,Eta Kala
9136,1746,Paternity Leave,2025-01-28,2025-01-31,4,Religious Festival,Approved,Vihaan Doctor
9137,2174,Sick Leave,2024-01-09,2024-01-09,1,Personal Work,Approved,Raksha Rattan
9138,2800,Maternity Leave,2024-05-25,2024-05-28,4,Child Care,Rejected,
9139,2114,Annual Leave,2024-02-27,2024-03-04,7,Marriage,Approved,Ishani Balay
9140,2195,Emergency Leave,2025-10-07,2025-10-13,7,Child Care,Approved,Ladli Tailor
9141,189,Emergency Leave,2025-10-01,2025-10-08,8,Religious Festival,Approved,Krishna Dalal
9142,2311,Casual Leave,2025-06-01,2025-06-08,8,Religious Festival,Approved,Zinal Savant
9143,1191,Annual Leave,2025-05-16,2025-05-16,1,Higher Education,Approved,Anay Tella
9144,1972,Paternity Leave,2024-05-28,2024-05-30,3,Vacation,Approved,Brijesh Grewal
9145,1203,Annual Leave,2025-09-18,2025-09-20,3,Medical Treatment,Approved,Ishani Edwin
9146,106,Paternity Leave,2025-04-24,2025-05-02,9,Religious Festival,Pending,
9147,2166,Emergency Leave,2024-12-01,2024-12-03,3,Higher Education,Approved,Jalsa Krish
9148,2064,Casual Leave,2024-09-18,2024-09-23,6,Family Emergency,Approved,Nikita Raju
9149,191,Maternity Leave,2024-10-29,2024-10-29,1,Medical Treatment,Approved,Kiaan Divan
9150,68,Unpaid Leave,2025-06-11,2025-06-15,5,Vacation,Approved,Aditya Edwin
9151,1913,Paternity Leave,2025-12-16,2025-12-20,5,Medical Treatment,Approved,Qadim Mannan
9152,1664,Emergency Leave,2024-08-15,2024-08-15,1,Medical Treatment,Approved,William Prasad
9153,1754,Unpaid Leave,2025-10-11,2025-10-12,2,Religious Festival,Approved,Onveer Gandhi
9154,2580,Emergency Leave,2024-04-01,2024-04-07,7,Personal Work,Approved,Ojas Ray
9155,69,Paternity Leave,2024-05-07,2024-05-11,5,Religious Festival,Approved,Kala Varughese
9156,185,Annual Leave,2024-10-07,2024-10-07,1,Personal Work,Approved,Onveer Bir
9157,1376,Maternity Leave,2025-01-24,2025-01-28,5,Family Emergency,Approved,Leena Mane
9158,533,Paternity Leave,2025-08-29,2025-09-05,8,Vacation,Approved,Forum Kale
9159,2666,Emergency Leave,2025-06-10,2025-06-14,5,Personal Work,Approved,Gautami Johal
9160,2556,Sick Leave,2024-01-29,2024-02-03,6,Religious Festival,Approved,Ishani Sankaran
9161,2851,Unpaid Leave,2025-10-23,2025-10-31,9,Marriage,Pending,
9162,2685,Emergency Leave,2024-05-16,2024-05-19,4,Child Care,Approved,Vanya Khalsa
9163,1200,Emergency Leave,2024-09-22,2024-09-24,3,Personal Work,Approved,Anjali Dhillon
9164,1487,Casual Leave,2024-04-24,2024-05-02,9,Medical Treatment,Pending,
9165,1985,Annual Leave,2024-03-10,2024-03-18,9,Marriage,Approved,Vasatika Apte
9166,1432,Annual Leave,2025-11-15,2025-11-19,5,Family Emergency,Approved,Reva Buch
9167,1068,Casual Leave,2024-11-27,2024-12-06,10,Child Care,Approved,Yashasvi Bose
9168,1645,Paternity Leave,2024-09-08,2024-09-11,4,Vacation,Approved,Mohammed Prashad
9169,167,Paternity Leave,2024-03-17,2024-03-17,1,Marriage,Approved,William Sehgal
9170,2424,Paternity Leave,2024-03-13,2024-03-21,9,Child Care,Approved,Chaitaly Dhar
9171,2031,Paternity Leave,2024-04-16,2024-04-18,3,Medical Treatment,Approved,Yug Bhavsar
9172,1236,Annual Leave,2025-07-21,2025-07-30,10,Higher Education,Approved,Frado Nayak
9173,209,Maternity Leave,2025-01-20,2025-01-29,10,Higher Education,Approved,Girindra Wason
9174,864,Annual Leave,2024-10-19,2024-10-26,8,Medical Treatment,Approved,Qabil Bir
9175,1631,Emergency Leave,2025-01-18,2025-01-26,9,Medical Treatment,Pending,
9176,913,Annual Leave,2024-06-11,2024-06-14,4,Personal Work,Approved,Jack Kari
9177,1556,Maternity Leave,2025-01-28,2025-01-29,2,Medical Treatment,Approved,Rajeshri Din
9178,1495,Annual Leave,2024-02-07,2024-02-08,2,Religious Festival,Approved,Chandran Palla
9179,1070,Emergency Leave,2025-01-30,2025-02-05,7,Religious Festival,Rejected,
9180,1799,Sick Leave,2024-03-17,2024-03-18,2,Religious Festival,Approved,Pavani Shanker
9181,898,Emergency Leave,2025-12-05,2025-12-06,2,Child Care,Approved,Kamala Dugar
9182,2431,Maternity Leave,2024-06-01,2024-06-08,8,Family Emergency,Approved,Vivaan Sha
9183,2393,Casual Leave,2025-07-02,2025-07-09,8,Personal Work,Approved,Lopa Rai
9184,2001,Casual Leave,2024-09-25,2024-09-30,6,Vacation,Approved,Ayushman Gade
9185,2585,Maternity Leave,2025-10-16,2025-10-24,9,Higher Education,Approved,Neel Srinivasan
9186,491,Emergency Leave,2024-05-02,2024-05-05,4,Medical Treatment,Approved,Guneet Nadig
9187,1380,Unpaid Leave,2025-06-30,2025-07-07,8,Child Care,Approved,Zansi Talwar
9188,151,Casual Leave,2024-05-31,2024-06-02,3,Medical Treatment,Approved,Ridhi Oak
9189,1086,Unpaid Leave,2025-05-29,2025-06-02,5,Child Care,Approved,Yahvi Buch
9190,1364,Annual Leave,2025-08-23,2025-08-27,5,Medical Treatment,Approved,Atharv Patla
9191,1516,Sick Leave,2025-02-28,2025-03-06,7,Religious Festival,Approved,Zaid Nagi
9192,2795,Paternity Leave,2024-07-27,2024-08-04,9,Family Emergency,Approved,Tanvi Nigam
9193,2456,Unpaid Leave,2024-06-17,2024-06-23,7,Personal Work,Approved,Aadhya Bail
9194,2984,Casual Leave,2025-06-12,2025-06-16,5,Medical Treatment,Approved,Fariq Parmar
9195,898,Paternity Leave,2024-08-21,2024-08-28,8,Personal Work,Approved,Ishaan Kamdar
9196,2437,Maternity Leave,2024-04-21,2024-04-28,8,Family Emergency,Approved,Omya Kaur
9197,86,Maternity Leave,2025-06-24,2025-06-27,4,Marriage,Approved,Ronith Bahl
9198,1820,Sick Leave,2024-12-27,2025-01-05,10,Religious Festival,Approved,Siya Garg
9199,675,Casual Leave,2025-03-30,2025-04-01,3,Child Care,Approved,Kalpit Varkey
9200,10,Paternity Leave,2025-03-29,2025-04-05,8,Medical Treatment,Approved,Damyanti Amble
9201,1274,Emergency Leave,2024-04-16,2024-04-20,5,Personal Work,Approved,Yahvi Chakraborty
9202,14,Unpaid Leave,2025-05-29,2025-05-31,3,Medical Treatment,Approved,Irya Acharya
9203,780,Casual Leave,2024-01-02,2024-01-05,4,Religious Festival,Approved,Rushil Dey
9204,1447,Casual Leave,2024-05-20,2024-05-26,7,Marriage,Approved,Udant Jayaraman
9205,588,Unpaid Leave,2025-01-17,2025-01-23,7,Medical Treatment,Approved,Chaitanya Golla
9206,852,Maternity Leave,2024-09-09,2024-09-13,5,Religious Festival,Pending,
9207,1412,Annual Leave,2025-03-27,2025-03-27,1,Religious Festival,Approved,Kevin Kamdar
9208,1119,Sick Leave,2024-02-18,2024-02-23,6,Higher Education,Approved,Madhavi Agate
9209,1390,Annual Leave,2025-07-10,2025-07-15,6,Vacation,Approved,Joshua Arya
9210,2092,Casual Leave,2025-12-23,2025-12-31,9,Vacation,Pending,
9211,1797,Sick Leave,2025-11-09,2025-11-16,8,Child Care,Approved,Daksha Nayak
9212,771,Sick Leave,2025-01-06,2025-01-10,5,Family Emergency,Approved,Anita Kamdar
9213,2690,Maternity Leave,2024-01-10,2024-01-13,4,Medical Treatment,Approved,Sai Sarin
9214,1017,Sick Leave,2024-11-15,2024-11-21,7,Higher Education,Approved,Yadavi Bera
9215,1014,Sick Leave,2025-03-14,2025-03-16,3,Family Emergency,Approved,Darsh Mangat
9216,1839,Emergency Leave,2024-08-12,2024-08-18,7,Child Care,Approved,Upadhriti Zacharia
9217,2517,Casual Leave,2024-03-14,2024-03-22,9,Medical Treatment,Approved,Peter Master
9218,2379,Paternity Leave,2025-03-08,2025-03-12,5,Higher Education,Approved,Imaran Babu
9219,2623,Paternity Leave,2025-02-08,2025-02-15,8,Family Emergency,Approved,Yashawini Goel
9220,2356,Casual Leave,2024-10-02,2024-10-06,5,Marriage,Approved,Gavin Mohanty
9221,299,Sick Leave,2025-05-03,2025-05-09,7,Higher Education,Approved,Atharv Raghavan
9222,644,Unpaid Leave,2025-05-10,2025-05-16,7,Personal Work,Approved,Aadi Kunda
9223,2906,Unpaid Leave,2024-07-09,2024-07-18,10,Vacation,Rejected,
9224,2813,Casual Leave,2024-03-14,2024-03-17,4,Child Care,Approved,Lakshmi Sant
9225,1799,Paternity Leave,2025-05-11,2025-05-19,9,Family Emergency,Approved,Aadi Ratti
9226,131,Sick Leave,2025-04-24,2025-04-25,2,Marriage,Approved,Chandran Gokhale
9227,440,Emergency Leave,2025-01-10,2025-01-17,8,Religious Festival,Approved,Ekalinga Seshadri
9228,997,Casual Leave,2024-12-29,2024-12-29,1,Marriage,Pending,
9229,776,Sick Leave,2025-10-14,2025-10-15,2,Medical Treatment,Approved,Eesha Kale
9230,2098,Annual Leave,2025-01-30,2025-01-31,2,Personal Work,Approved,Lila Sunder
9231,2215,Unpaid Leave,2024-03-04,2024-03-04,1,Child Care,Approved,Lavanya Comar
9232,554,Maternity Leave,2025-08-20,2025-08-20,1,Marriage,Approved,Dalbir Chad
9233,2052,Maternity Leave,2024-12-04,2024-12-13,10,Religious Festival,Approved,Ladli Khosla
9234,795,Annual Leave,2024-01-19,2024-01-20,2,Marriage,Approved,Omkaar Mallick
9235,2308,Emergency Leave,2025-12-18,2025-12-26,9,Religious Festival,Pending,
9236,1986,Sick Leave,2025-04-17,2025-04-21,5,Religious Festival,Approved,Yochana Agarwal
9237,2375,Unpaid Leave,2025-06-21,2025-06-22,2,Child Care,Approved,Yashawini Hegde
9238,1747,Annual Leave,2024-09-03,2024-09-11,9,Family Emergency,Approved,Nakul Shukla
9239,966,Paternity Leave,2025-02-26,2025-03-04,7,Personal Work,Approved,Bhavini Ratta
9240,1627,Annual Leave,2025-08-03,2025-08-05,3,Family Emergency,Approved,Sarthak Subramanian
9241,588,Casual Leave,2024-05-11,2024-05-18,8,Family Emergency,Approved,Baghyawati Mangal
9242,593,Casual Leave,2024-08-02,2024-08-03,2,Family Emergency,Approved,Reyansh Choudhury
9243,1746,Paternity Leave,2024-01-27,2024-01-28,2,Marriage,Pending,
9244,1382,Annual Leave,2024-05-05,2024-05-11,7,Vacation,Approved,Noah Chacko
9245,2169,Casual Leave,2024-11-17,2024-11-17,1,Higher Education,Approved,Indrajit Baral
9246,2514,Maternity Leave,2024-08-03,2024-08-10,8,Vacation,Pending,
9247,1617,Sick Leave,2024-08-31,2024-09-09,10,Medical Treatment,Pending,
9248,153,Maternity Leave,2024-01-07,2024-01-16,10,Religious Festival,Approved,Parth Dar
9249,754,Unpaid Leave,2024-05-30,2024-06-05,7,Child Care,Approved,Ijaya Murthy
9250,1533,Annual Leave,2025-02-21,2025-03-01,9,Medical Treatment,Approved,Kala Mody
9251,1603,Maternity Leave,2025-04-14,2025-04-16,3,Vacation,Approved,Rishi Agrawal
9252,1813,Sick Leave,2024-07-08,2024-07-15,8,Vacation,Rejected,
9253,2153,Paternity Leave,2025-04-01,2025-04-08,8,Personal Work,Approved,Mohammed Randhawa
9254,810,Maternity Leave,2024-03-27,2024-03-27,1,Vacation,Approved,Harita Tata
9255,2469,Sick Leave,2025-08-06,2025-08-06,1,Religious Festival,Pending,
9256,2724,Emergency Leave,2025-03-27,2025-03-29,3,Vacation,Approved,Nimrat Cherian
9257,1976,Annual Leave,2025-01-27,2025-01-29,3,Personal Work,Rejected,
9258,2018,Casual Leave,2024-01-14,2024-01-22,9,Higher Education,Approved,Qadim Raj
9259,2555,Maternity Leave,2024-12-04,2024-12-12,9,Family Emergency,Approved,Mitali Natt
9260,259,Sick Leave,2025-02-08,2025-02-10,3,Medical Treatment,Approved,Vritti Sharma
9261,1353,Sick Leave,2024-08-29,2024-08-31,3,Marriage,Approved,Jack Batra
9262,709,Sick Leave,2025-02-23,2025-03-04,10,Family Emergency,Approved,Harshil Dey
9263,1344,Casual Leave,2025-08-21,2025-08-21,1,Marriage,Approved,Isaiah Salvi
9264,2256,Paternity Leave,2025-10-03,2025-10-07,5,Religious Festival,Approved,Gopal Karan
9265,1195,Sick Leave,2024-12-27,2024-12-28,2,Child Care,Approved,Balendra Prabhu
9266,1276,Casual Leave,2024-01-16,2024-01-25,10,Vacation,Approved,Omisha Rama
9267,236,Emergency Leave,2025-04-24,2025-05-03,10,Personal Work,Approved,Ranveer Kurian
9268,1756,Sick Leave,2024-09-25,2024-10-01,7,Marriage,Approved,Atharv Sarin
9269,1959,Unpaid Leave,2024-02-22,2024-02-27,6,Religious Festival,Approved,Christopher Salvi
9270,2656,Annual Leave,2025-09-27,2025-10-01,5,Religious Festival,Approved,Nachiket Jaggi
9271,2229,Sick Leave,2025-07-31,2025-08-08,9,Vacation,Approved,Meera Sachar
9272,56,Unpaid Leave,2025-08-13,2025-08-20,8,Vacation,Approved,Omya Dave
9273,2528,Maternity Leave,2024-07-25,2024-07-25,1,Medical Treatment,Approved,Kala Guha
9274,1818,Unpaid Leave,2025-10-14,2025-10-16,3,Medical Treatment,Approved,Jonathan Dixit
9275,930,Unpaid Leave,2025-11-08,2025-11-13,6,Vacation,Rejected,
9276,1159,Sick Leave,2025-12-27,2025-12-30,4,Religious Festival,Approved,Pranit Sharaf
9277,2758,Emergency Leave,2024-06-22,2024-07-01,10,Vacation,Approved,Samarth Roy
9278,474,Annual Leave,2024-04-25,2024-04-26,2,Vacation,Approved,Rehaan Chada
9279,372,Maternity Leave,2025-11-07,2025-11-10,4,Marriage,Rejected,
9280,1339,Sick Leave,2025-11-03,2025-11-03,1,Child Care,Approved,Hemangini Manda
9281,682,Sick Leave,2025-12-09,2025-12-15,7,Marriage,Approved,Ria Om
9282,317,Emergency Leave,2024-03-17,2024-03-21,5,Child Care,Approved,Finn Bir
9283,1633,Unpaid Leave,2024-12-30,2025-01-02,4,Child Care,Approved,Mitali Dani
9284,388,Casual Leave,2025-03-26,2025-03-26,1,Family Emergency,Pending,
9285,780,Annual Leave,2024-10-12,2024-10-12,1,Medical Treatment,Approved,Krishna Deep
9286,2831,Emergency Leave,2025-03-16,2025-03-17,2,Personal Work,Approved,Rajeshri Sodhi
9287,1297,Emergency Leave,2025-03-20,2025-03-24,5,Medical Treatment,Approved,Aarav Datta
9288,2473,Paternity Leave,2024-04-19,2024-04-28,10,Medical Treatment,Approved,Vyanjana Lanka
9289,2450,Paternity Leave,2025-03-17,2025-03-17,1,Religious Festival,Approved,Andrew Lad
9290,1692,Unpaid Leave,2025-10-15,2025-10-22,8,Marriage,Approved,Pratyush Ahuja
9291,2612,Casual Leave,2024-06-23,2024-06-25,3,Marriage,Approved,Omisha Khanna
9292,1495,Maternity Leave,2024-07-08,2024-07-13,6,Child Care,Approved,Shravya Morar
9293,978,Casual Leave,2024-02-12,2024-02-14,3,Marriage,Approved,Omya Menon
9294,2672,Annual Leave,2025-03-29,2025-03-31,3,Child Care,Approved,Pratyush Goel
9295,1962,Annual Leave,2025-01-14,2025-01-14,1,Religious Festival,Approved,Priya Ramakrishnan
9296,1735,Annual Leave,2025-09-03,2025-09-05,3,Family Emergency,Approved,Frederick Pai
9297,792,Casual Leave,2024-11-28,2024-12-05,8,Personal Work,Approved,Bhavini Saran
9298,333,Paternity Leave,2025-08-21,2025-08-25,5,Religious Festival,Approved,Frado Som
9299,1929,Annual Leave,2024-09-20,2024-09-27,8,Family Emergency,Approved,Devansh Shukla
9300,527,Paternity Leave,2024-04-24,2024-05-01,8,Higher Education,Approved,Yutika Keer
9301,2844,Unpaid Leave,2024-04-06,2024-04-11,6,Medical Treatment,Approved,Warjas More
9302,1294,Maternity Leave,2025-03-25,2025-04-01,8,Medical Treatment,Pending,
9303,1643,Unpaid Leave,2025-01-09,2025-01-17,9,Medical Treatment,Approved,Omkaar Dara
9304,1956,Annual Leave,2024-12-28,2025-01-02,6,Medical Treatment,Approved,Yashasvi Upadhyay
9305,384,Annual Leave,2025-10-14,2025-10-18,5,Personal Work,Approved,Gagan Guha
9306,476,Sick Leave,2025-09-26,2025-09-30,5,Personal Work,Approved,Frado Parsa
9307,1493,Casual Leave,2024-02-09,2024-02-15,7,Medical Treatment,Approved,Wishi Patil
9308,2756,Sick Leave,2025-06-25,2025-07-02,8,Higher Education,Approved,Tanish Bali
9309,2925,Casual Leave,2024-06-04,2024-06-05,2,Vacation,Approved,Jeevika Pandit
9310,2796,Emergency Leave,2025-06-13,2025-06-19,7,Personal Work,Approved,Madhavi Tiwari
9311,1301,Paternity Leave,2025-09-02,2025-09-02,1,Higher Education,Approved,Meera Bal
9312,21,Sick Leave,2024-12-21,2024-12-25,5,Medical Treatment,Approved,Wazir Gour
9313,2661,Unpaid Leave,2025-12-25,2025-12-26,2,Child Care,Pending,
9314,366,Emergency Leave,2024-06-12,2024-06-12,1,Marriage,Approved,Yadavi Mander
9315,2664,Annual Leave,2025-09-21,2025-09-22,2,Family Emergency,Approved,Neel Baria
9316,1852,Sick Leave,2025-03-20,2025-03-28,9,Medical Treatment,Approved,Ekiya Batta
9317,2723,Maternity Leave,2025-03-05,2025-03-06,2,Vacation,Approved,Ekiya Dhar
9318,1002,Casual Leave,2025-06-27,2025-07-04,8,Religious Festival,Approved,Nathan Roy
9319,1729,Casual Leave,2024-09-24,2024-09-24,1,Medical Treatment,Approved,Theodore Badal
9320,2727,Unpaid Leave,2024-09-18,2024-09-23,6,Family Emergency,Approved,Ekavir Oak
9321,1634,Paternity Leave,2025-12-11,2025-12-11,1,Higher Education,Approved,Krishna Kalla
9322,2265,Unpaid Leave,2024-11-04,2024-11-06,3,Medical Treatment,Approved,Nachiket Magar
9323,504,Emergency Leave,2025-06-11,2025-06-15,5,Family Emergency,Approved,Onkar Minhas
9324,1241,Paternity Leave,2025-05-24,2025-05-25,2,Personal Work,Approved,Chatresh Sidhu
9325,1938,Casual Leave,2024-07-16,2024-07-20,5,Child Care,Approved,Yashvi Desai
9326,592,Casual Leave,2025-12-08,2025-12-16,9,Marriage,Approved,Zayan Gopal
9327,256,Paternity Leave,2025-06-07,2025-06-13,7,Personal Work,Pending,
9328,518,Paternity Leave,2025-09-25,2025-09-26,2,Child Care,Approved,Neha Anne
9329,2094,Casual Leave,2025-01-08,2025-01-14,7,Religious Festival,Approved,George Jaggi
9330,401,Paternity Leave,2024-06-29,2024-07-04,6,Marriage,Approved,Logan Chaudhuri
9331,1144,Paternity Leave,2024-01-11,2024-01-17,7,Family Emergency,Approved,Akshay Loyal
9332,265,Unpaid Leave,2025-02-03,2025-02-10,8,Personal Work,Approved,Chakrika Tak
9333,1331,Sick Leave,2025-01-23,2025-01-26,4,Child Care,Approved,Yash Oak
9334,1108,Maternity Leave,2025-11-11,2025-11-16,6,Vacation,Approved,Warhi Sehgal
9335,1326,Paternity Leave,2024-11-24,2024-11-28,5,Marriage,Approved,Ati Narasimhan
9336,1949,Paternity Leave,2024-05-27,2024-05-28,2,Personal Work,Pending,
9337,2625,Emergency Leave,2024-07-14,2024-07-17,4,Vacation,Approved,Libni Thaman
9338,2034,Maternity Leave,2024-09-15,2024-09-24,10,Vacation,Approved,Wakeeta Mall
9339,2618,Emergency Leave,2024-03-08,2024-03-16,9,Religious Festival,Approved,Yutika Grewal
9340,1855,Paternity Leave,2024-03-13,2024-03-19,7,Marriage,Approved,Gaurang Pathak
9341,57,Casual Leave,2024-12-25,2024-12-26,2,Religious Festival,Approved,Frederick Narula
9342,2597,Unpaid Leave,2024-01-26,2024-01-30,5,Higher Education,Approved,Aarush Mahajan
9343,1256,Unpaid Leave,2025-04-22,2025-04-29,8,Personal Work,Approved,Nimrat Kata
9344,2876,Sick Leave,2024-10-24,2024-10-29,6,Higher Education,Rejected,
9345,1019,Emergency Leave,2024-11-04,2024-11-13,10,Medical Treatment,Approved,Jagat Srivastava
9346,2724,Emergency Leave,2024-09-10,2024-09-18,9,Family Emergency,Approved,Harsh Kale
9347,1487,Unpaid Leave,2024-02-09,2024-02-12,4,Higher Education,Approved,Thomas Venkatesh
9348,1310,Annual Leave,2025-04-23,2025-04-27,5,Marriage,Rejected,
9349,1941,Annual Leave,2025-04-28,2025-04-29,2,Medical Treatment,Pending,
9350,2124,Casual Leave,2025-09-16,2025-09-25,10,Higher Education,Approved,Ekiya Bhattacharyya
9351,1101,Paternity Leave,2025-07-01,2025-07-01,1,Religious Festival,Approved,Dipta Pathak
9352,693,Maternity Leave,2025-02-27,2025-02-27,1,Religious Festival,Approved,Leena Shenoy
9353,134,Maternity Leave,2025-12-11,2025-12-16,6,Family Emergency,Approved,Jalsa Shukla
9354,2057,Annual Leave,2024-08-30,2024-09-07,9,Family Emergency,Approved,Kai Raghavan
9355,1600,Emergency Leave,2025-06-06,2025-06-14,9,Marriage,Approved,Dominic Varghese
9356,2484,Maternity Leave,2025-05-23,2025-05-25,3,Child Care,Approved,Sai Dayal
9357,2603,Annual Leave,2025-01-22,2025-01-23,2,Personal Work,Approved,Yashasvi Wadhwa
9358,145,Unpaid Leave,2024-01-25,2024-01-31,7,Higher Education,Approved,Edhitha Khanna
9359,2101,Paternity Leave,2025-05-12,2025-05-21,10,Vacation,Approved,Hemang Shetty
9360,1613,Maternity Leave,2025-06-26,2025-06-29,4,Medical Treatment,Approved,Isaiah Bains
9361,615,Paternity Leave,2024-04-21,2024-04-22,2,Religious Festival,Approved,Vasatika Dugar
9362,2469,Sick Leave,2025-01-24,2025-02-01,9,Family Emergency,Approved,Mitesh Krishna
9363,859,Sick Leave,2025-10-16,2025-10-17,2,Child Care,Approved,Bina Devi
9364,1991,Emergency Leave,2024-10-06,2024-10-08,3,Marriage,Approved,Tanish Anne
9365,2127,Unpaid Leave,2024-06-23,2024-06-28,6,Child Care,Pending,
9366,505,Emergency Leave,2024-08-20,2024-08-22,3,Medical Treatment,Approved,Unnati Raj
9367,1070,Annual Leave,2024-06-21,2024-06-24,4,Family Emergency,Approved,Nitesh Keer
9368,2035,Paternity Leave,2024-02-13,2024-02-20,8,Marriage,Approved,Maya Nagi
9369,1293,Paternity Leave,2024-08-27,2024-09-03,8,Higher Education,Approved,Brijesh Kothari
9370,1042,Sick Leave,2024-07-10,2024-07-11,2,Personal Work,Approved,Bhanumati Gade
9371,2960,Sick Leave,2025-02-04,2025-02-04,1,Family Emergency,Approved,Rachana Buch
9372,143,Emergency Leave,2024-01-14,2024-01-23,10,Higher Education,Approved,Adweta Pathak
9373,1069,Annual Leave,2025-08-14,2025-08-19,6,Higher Education,Approved,Vidhi Majumdar
9374,269,Maternity Leave,2024-02-14,2024-02-23,10,Religious Festival,Approved,Ishani Vala
9375,207,Unpaid Leave,2024-04-20,2024-04-25,6,Family Emergency,Rejected,
9376,2717,Unpaid Leave,2025-08-16,2025-08-21,6,Vacation,Approved,Guneet Purohit
9377,2354,Casual Leave,2024-08-23,2024-08-28,6,Higher Education,Approved,Devika Goel
9378,2025,Maternity Leave,2025-10-19,2025-10-28,10,Personal Work,Approved,Robert Jain
9379,2751,Unpaid Leave,2024-01-15,2024-01-17,3,Higher Education,Approved,Edhitha Solanki
9380,2397,Casual Leave,2025-02-16,2025-02-23,8,Medical Treatment,Approved,Eiravati Borah
9381,1730,Paternity Leave,2024-10-04,2024-10-05,2,Family Emergency,Approved,Gaurangi Badal
9382,349,Sick Leave,2024-12-11,2024-12-16,6,Medical Treatment,Approved,Ekalinga Hegde
9383,981,Paternity Leave,2024-01-28,2024-01-31,4,Vacation,Approved,Lipika Arora
9384,1948,Casual Leave,2024-10-19,2024-10-22,4,Vacation,Approved,Jonathan Bala
9385,730,Unpaid Leave,2024-11-10,2024-11-14,5,Personal Work,Approved,Bhavna Chana
9386,2152,Unpaid Leave,2025-11-28,2025-12-02,5,Medical Treatment,Approved,Jeet Vora
9387,699,Sick Leave,2024-05-09,2024-05-11,3,Family Emergency,Approved,Raghav Kant
9388,743,Sick Leave,2025-03-11,2025-03-13,3,Higher Education,Pending,
9389,1022,Maternity Leave,2025-10-21,2025-10-26,6,Higher Education,Pending,
9390,243,Unpaid Leave,2025-02-24,2025-03-05,10,Medical Treatment,Approved,Harinakshi Pillai
9391,1019,Emergency Leave,2024-05-14,2024-05-14,1,Religious Festival,Rejected,
9392,2302,Emergency Leave,2024-03-16,2024-03-24,9,Family Emergency,Approved,Daksha Babu
9393,508,Sick Leave,2024-10-20,2024-10-21,2,Family Emergency,Approved,Yuvraj Subramaniam
9394,576,Emergency Leave,2024-09-01,2024-09-01,1,Marriage,Approved,Omisha Khurana
9395,1829,Annual Leave,2025-11-03,2025-11-08,6,Marriage,Approved,Jyoti Kar
9396,306,Emergency Leave,2024-07-30,2024-08-07,9,Marriage,Approved,Ishita Bakshi
9397,2214,Annual Leave,2024-05-08,2024-05-11,4,Personal Work,Approved,Agastya Sidhu
9398,2663,Emergency Leave,2024-06-28,2024-07-01,4,Medical Treatment,Approved,Aishani Dixit
9399,915,Unpaid Leave,2024-11-24,2024-11-27,4,Personal Work,Approved,Andrew Palla
9400,2355,Casual Leave,2025-07-15,2025-07-21,7,Religious Festival,Approved,Aadhya Borde
9401,1283,Casual Leave,2025-03-29,2025-03-29,1,Higher Education,Approved,Girindra Pillay
9402,63,Annual Leave,2025-10-11,2025-10-16,6,Religious Festival,Pending,
9403,1319,Paternity Leave,2024-08-25,2024-09-02,9,Marriage,Approved,Varenya Bhavsar
9404,1081,Maternity Leave,2025-08-02,2025-08-03,2,Vacation,Approved,Upasna Khalsa
9405,2736,Maternity Leave,2024-04-11,2024-04-13,3,Marriage,Approved,Manbir Gour
9406,2120,Casual Leave,2024-05-06,2024-05-06,1,Family Emergency,Approved,Bhavani Dayal
9407,2987,Maternity Leave,2024-06-30,2024-07-04,5,Family Emergency,Approved,Nitara Kurian
9408,1396,Maternity Leave,2025-09-12,2025-09-19,8,Marriage,Approved,Daniel Agarwal
9409,1903,Annual Leave,2025-03-22,2025-03-27,6,Personal Work,Approved,Ekapad Tank
9410,411,Casual Leave,2025-04-10,2025-04-13,4,Vacation,Approved,Triveni Varty
9411,1828,Unpaid Leave,2025-10-08,2025-10-08,1,Child Care,Approved,Dalaja Khanna
9412,2790,Emergency Leave,2024-12-02,2024-12-02,1,Child Care,Approved,Samesh Issac
9413,874,Unpaid Leave,2024-02-15,2024-02-18,4,Medical Treatment,Approved,Dalbir Nagi
9414,2944,Emergency Leave,2024-06-08,2024-06-09,2,Religious Festival,Rejected,
9415,1381,Paternity Leave,2025-05-17,2025-05-20,4,Marriage,Approved,Damyanti Rajan
9416,2008,Sick Leave,2024-02-24,2024-02-25,2,Personal Work,Approved,Nidhi Naidu
9417,2807,Annual Leave,2024-04-21,2024-04-24,4,Medical Treatment,Approved,Janya Kapadia
9418,1911,Annual Leave,2025-09-27,2025-09-30,4,Marriage,Approved,Vrinda Varghese
9419,113,Emergency Leave,2025-12-08,2025-12-09,2,Family Emergency,Approved,Champak Dhingra
9420,209,Annual Leave,2025-06-24,2025-06-28,5,Religious Festival,Rejected,
9421,2120,Sick Leave,2024-02-11,2024-02-11,1,Medical Treatment,Approved,Gunbir Chandran
9422,1603,Sick Leave,2025-03-13,2025-03-17,5,Personal Work,Approved,Avni Kale
9423,521,Casual Leave,2024-01-14,2024-01-20,7,Higher Education,Approved,Omkaar Tak
9424,999,Sick Leave,2024-06-01,2024-06-06,6,Religious Festival,Approved,Irya Sandal
9425,249,Unpaid Leave,2025-06-20,2025-06-26,7,Family Emergency,Pending,
9426,2358,Paternity Leave,2025-07-24,2025-08-02,10,Marriage,Approved,Baghyawati Rao
9427,1576,Unpaid Leave,2025-01-06,2025-01-13,8,Medical Treatment,Approved,Yoshita Mohan
9428,530,Annual Leave,2024-07-21,2024-07-28,8,Vacation,Rejected,
9429,2546,Casual Leave,2024-02-01,2024-02-08,8,Vacation,Approved,Tanmayi Vig
9430,960,Casual Leave,2024-02-11,2024-02-16,6,Medical Treatment,Approved,Robert Dugal
9431,2329,Maternity Leave,2025-08-29,2025-09-04,7,Personal Work,Approved,Arya Dey
9432,1138,Casual Leave,2025-05-04,2025-05-10,7,Higher Education,Approved,Tanveer Sagar
9433,2856,Paternity Leave,2024-03-15,2024-03-23,9,Higher Education,Approved,Abdul Hayer
9434,1080,Casual Leave,2024-06-21,2024-06-23,3,Religious Festival,Approved,Deepa Krishnamurthy
9435,1067,Annual Leave,2024-03-20,2024-03-25,6,Religious Festival,Pending,
9436,2829,Paternity Leave,2024-07-08,2024-07-13,6,Personal Work,Approved,Matthew Raja
9437,40,Maternity Leave,2025-09-19,2025-09-21,3,Child Care,Approved,Praneel Patla
9438,2646,Emergency Leave,2024-11-17,2024-11-22,6,Marriage,Approved,Guneet Sahni
9439,146,Annual Leave,2025-12-14,2025-12-15,2,Personal Work,Approved,Finn Deo
9440,2571,Annual Leave,2024-01-28,2024-02-01,5,Religious Festival,Approved,Faraj Dada
9441,2577,Maternity Leave,2025-10-01,2025-10-01,1,Higher Education,Approved,Samuel Yohannan
9442,79,Maternity Leave,2025-05-10,2025-05-11,2,Personal Work,Approved,Gagan Modi
9443,1776,Casual Leave,2025-09-10,2025-09-14,5,Vacation,Approved,Gaurang Yogi
9444,201,Annual Leave,2025-11-18,2025-11-18,1,Vacation,Pending,
9445,93,Casual Leave,2025-04-28,2025-05-04,7,Religious Festival,Approved,Oeshi Narasimhan
9446,1032,Maternity Leave,2025-11-27,2025-12-04,8,Marriage,Approved,Bhanumati Muni
9447,1212,Paternity Leave,2025-08-11,2025-08-19,9,Religious Festival,Approved,Vinaya Banerjee
9448,698,Casual Leave,2025-11-10,2025-11-16,7,Family Emergency,Approved,Aachal Aurora
9449,1156,Emergency Leave,2024-05-13,2024-05-19,7,Higher Education,Approved,Bhavna Korpal
9450,1729,Annual Leave,2024-12-03,2024-12-04,2,Vacation,Rejected,
9451,2854,Emergency Leave,2024-05-01,2024-05-10,10,Medical Treatment,Approved,Tanvi Sachdev
9452,366,Maternity Leave,2024-06-01,2024-06-02,2,Medical Treatment,Approved,Tejas Arya
9453,1574,Casual Leave,2024-01-12,2024-01-14,3,Religious Festival,Approved,Ayushman Sathe
9454,246,Maternity Leave,2024-05-08,2024-05-09,2,Religious Festival,Approved,Siddharth Anne
9455,2465,Annual Leave,2024-09-23,2024-09-27,5,Religious Festival,Approved,Tara Murty
9456,89,Emergency Leave,2025-12-24,2025-12-25,2,Personal Work,Approved,Tarak Sundaram
9457,292,Paternity Leave,2024-09-25,2024-10-01,7,Higher Education,Approved,Yashoda Gandhi
9458,1984,Unpaid Leave,2025-08-02,2025-08-08,7,Medical Treatment,Approved,Umang Ratta
9459,2564,Annual Leave,2024-07-15,2024-07-18,4,Family Emergency,Approved,Samesh Kale
9460,2870,Sick Leave,2025-09-19,2025-09-20,2,Child Care,Approved,Odika Verma
9461,1933,Annual Leave,2025-06-03,2025-06-05,3,Child Care,Approved,Yagnesh Subramaniam
9462,409,Emergency Leave,2024-03-05,2024-03-13,9,Personal Work,Approved,Varsha Sangha
9463,1139,Emergency Leave,2025-01-23,2025-02-01,10,Religious Festival,Approved,Zaitra Reddy
9464,2637,Maternity Leave,2024-07-18,2024-07-27,10,Family Emergency,Pending,
9465,1030,Paternity Leave,2025-10-03,2025-10-07,5,Marriage,Approved,Wriddhish Gandhi
9466,759,Maternity Leave,2024-04-09,2024-04-10,2,Marriage,Approved,Champak Aggarwal
9467,1819,Paternity Leave,2024-10-28,2024-10-30,3,Personal Work,Approved,Qasim Borde
9468,2020,Paternity Leave,2025-01-26,2025-02-04,10,Family Emergency,Approved,Gabriel Mann
9469,2369,Emergency Leave,2025-04-23,2025-04-28,6,Medical Treatment,Rejected,
9470,2940,Unpaid Leave,2025-01-14,2025-01-18,5,Personal Work,Pending,
9471,2172,Maternity Leave,2024-02-29,2024-03-04,5,Vacation,Approved,Alka Hayre
9472,2353,Paternity Leave,2024-04-01,2024-04-05,5,Personal Work,Approved,Aahana Dhingra
9473,1660,Sick Leave,2024-11-04,2024-11-13,10,Personal Work,Approved,Timothy Nagarajan
9474,2296,Paternity Leave,2024-01-31,2024-02-08,9,Vacation,Approved,Harita Lanka
9475,2638,Emergency Leave,2025-08-17,2025-08-20,4,Higher Education,Approved,Rohan Aurora
9476,1713,Unpaid Leave,2025-04-15,2025-04-19,5,Higher Education,Approved,Aashi Kota
9477,843,Emergency Leave,2024-10-10,2024-10-18,9,Marriage,Approved,Henry Munshi
9478,1124,Unpaid Leave,2024-09-12,2024-09-14,3,Medical Treatment,Approved,Vidhi Sarkar
9479,2204,Emergency Leave,2024-08-09,2024-08-10,2,Higher Education,Approved,Idika Bansal
9480,1256,Emergency Leave,2024-04-22,2024-04-28,7,Child Care,Approved,Champak Madan
9481,1742,Paternity Leave,2025-07-15,2025-07-21,7,Medical Treatment,Approved,Yuvraj Ramanathan
9482,2410,Annual Leave,2025-05-05,2025-05-14,10,Religious Festival,Approved,Yashodhara Lala
9483,671,Emergency Leave,2024-08-02,2024-08-06,5,Marriage,Approved,Faris Roy
9484,464,Emergency Leave,2025-06-23,2025-06-29,7,Higher Education,Approved,Faras Chaudhary
9485,64,Maternity Leave,2024-02-17,2024-02-22,6,Higher Education,Approved,Nidhi Dhawan
9486,1305,Maternity Leave,2024-07-07,2024-07-08,2,Religious Festival,Approved,Falguni Subramaniam
9487,2674,Emergency Leave,2025-11-28,2025-12-01,4,Child Care,Approved,Ekapad Kade
9488,1987,Annual Leave,2024-12-14,2024-12-18,5,Higher Education,Approved,Ekavir Walla
9489,1956,Emergency Leave,2025-02-14,2025-02-15,2,Religious Festival,Approved,Udyati Deol
9490,1845,Unpaid Leave,2024-05-31,2024-06-07,8,Vacation,Pending,
9491,553,Casual Leave,2024-04-03,2024-04-03,1,Religious Festival,Approved,Quincy Patla
9492,1510,Casual Leave,2025-04-09,2025-04-13,5,Vacation,Approved,Brinda Gaba
9493,2622,Unpaid Leave,2024-07-25,2024-08-03,10,Religious Festival,Approved,Hritik Handa
9494,1878,Unpaid Leave,2024-02-22,2024-02-27,6,Child Care,Approved,Hemangini Pillay
9495,2581,Sick Leave,2025-11-29,2025-12-06,8,Personal Work,Approved,Bachittar Dani
9496,2252,Casual Leave,2025-04-04,2025-04-09,6,Religious Festival,Approved,Yadavi Pingle
9497,2907,Paternity Leave,2024-12-08,2024-12-15,8,Child Care,Approved,Jagat Dayal
9498,863,Sick Leave,2024-04-13,2024-04-18,6,Family Emergency,Approved,Lopa Keer
9499,14,Paternity Leave,2024-05-06,2024-05-11,6,Religious Festival,Approved,Jacob Yogi
9500,884,Unpaid Leave,2024-05-22,2024-05-22,1,Family Emergency,Approved,Ekanta Mistry
9501,1927,Paternity Leave,2024-07-08,2024-07-15,8,Family Emergency,Approved,Om Bera
9502,1945,Emergency Leave,2024-07-09,2024-07-18,10,Higher Education,Approved,Niharika Narang
9503,247,Paternity Leave,2025-11-07,2025-11-15,9,Personal Work,Approved,Aradhana Jha
9504,646,Paternity Leave,2024-10-23,2024-10-29,7,Vacation,Approved,Wridesh Kalita
9505,962,Emergency Leave,2025-12-03,2025-12-09,7,Vacation,Approved,Ikbal Ravi
9506,2606,Sick Leave,2025-01-21,2025-01-28,8,Personal Work,Approved,Gabriel Dua
9507,1083,Maternity Leave,2025-03-05,2025-03-07,3,Personal Work,Approved,Aarna Parmer
9508,806,Paternity Leave,2024-06-06,2024-06-11,6,Higher Education,Approved,Praneel Mangal
9509,2471,Unpaid Leave,2025-11-08,2025-11-14,7,Child Care,Approved,Hemani Mander
9510,1454,Sick Leave,2025-04-09,2025-04-16,8,Higher Education,Approved,Vincent Nagar
9511,2789,Maternity Leave,2024-08-21,2024-08-25,5,Higher Education,Approved,Panini Modi
9512,435,Emergency Leave,2025-09-05,2025-09-09,5,Medical Treatment,Approved,Gayathri Walia
9513,2402,Annual Leave,2025-07-04,2025-07-10,7,Child Care,Approved,Vasudha Lalla
9514,2384,Casual Leave,2025-05-04,2025-05-04,1,Higher Education,Approved,Amruta Raghavan
9515,712,Casual Leave,2025-05-01,2025-05-10,10,Vacation,Approved,Chaitaly Nagar
9516,406,Emergency Leave,2025-12-06,2025-12-15,10,Child Care,Approved,Ubika Acharya
9517,2512,Emergency Leave,2025-04-25,2025-05-03,9,Family Emergency,Approved,Anmol Devan
9518,853,Annual Leave,2024-06-16,2024-06-23,8,Vacation,Approved,Vrishti Bath
9519,2146,Annual Leave,2024-05-24,2024-05-27,4,Personal Work,Approved,Meghana Toor
9520,2374,Annual Leave,2025-02-13,2025-02-15,3,Higher Education,Approved,Odika Bhatia
9521,1228,Sick Leave,2024-09-25,2024-09-27,3,Child Care,Approved,Raagini Varkey
9522,2352,Unpaid Leave,2025-06-06,2025-06-08,3,Personal Work,Approved,Bina Krishnan
9523,2554,Casual Leave,2025-02-26,2025-02-27,2,Medical Treatment,Approved,Samesh Datta
9524,2854,Emergency Leave,2025-03-25,2025-04-03,10,Medical Treatment,Approved,Ira Viswanathan
9525,484,Paternity Leave,2025-10-20,2025-10-22,3,Personal Work,Approved,Ekalinga Majumdar
9526,1723,Casual Leave,2025-05-01,2025-05-01,1,Medical Treatment,Approved,Daksha Edwin
9527,2222,Sick Leave,2024-08-01,2024-08-09,9,Medical Treatment,Approved,Guneet Kade
9528,1078,Emergency Leave,2024-03-04,2024-03-09,6,Medical Treatment,Approved,Yahvi Kala
9529,337,Paternity Leave,2024-06-21,2024-06-23,3,Marriage,Approved,Hema Chowdhury
9530,945,Maternity Leave,2025-05-21,2025-05-21,1,Child Care,Rejected,
9531,1771,Paternity Leave,2025-12-21,2025-12-27,7,Personal Work,Approved,Jeet Chaudhari
9532,632,Sick Leave,2024-04-24,2024-05-03,10,Personal Work,Pending,
9533,774,Maternity Leave,2024-09-06,2024-09-09,4,Religious Festival,Approved,Champak Nagarajan
9534,2769,Paternity Leave,2024-06-16,2024-06-20,5,Personal Work,Pending,
9535,1577,Sick Leave,2025-07-20,2025-07-27,8,Marriage,Approved,Anirudh Iyer
9536,1256,Paternity Leave,2025-07-08,2025-07-16,9,Religious Festival,Approved,Rachit Patel
9537,220,Paternity Leave,2025-04-18,2025-04-21,4,Family Emergency,Approved,Adweta Kala
9538,1838,Emergency Leave,2025-11-01,2025-11-03,3,Medical Treatment,Approved,Ekantika Kuruvilla
9539,1860,Maternity Leave,2025-03-28,2025-03-31,4,Child Care,Approved,Qabil Doctor
9540,649,Casual Leave,2024-08-20,2024-08-20,1,Religious Festival,Pending,
9541,1444,Sick Leave,2024-11-04,2024-11-06,3,Family Emergency,Approved,Jatin Thakur
9542,1139,Unpaid Leave,2025-05-17,2025-05-21,5,Marriage,Approved,Ranveer Lalla
9543,2831,Emergency Leave,2025-07-16,2025-07-18,3,Higher Education,Approved,Caleb Iyer
9544,2898,Emergency Leave,2024-01-06,2024-01-15,10,Personal Work,Pending,
9545,2436,Annual Leave,2024-06-01,2024-06-03,3,Child Care,Approved,Wahab Saraf
9546,1813,Sick Leave,2025-09-29,2025-10-07,9,Personal Work,Approved,Nirja Ganguly
9547,2040,Unpaid Leave,2025-07-03,2025-07-11,9,Medical Treatment,Approved,Chameli Rajagopalan
9548,214,Casual Leave,2025-05-14,2025-05-14,1,Family Emergency,Approved,Caleb Mohanty
9549,2445,Emergency Leave,2025-10-27,2025-11-05,10,Child Care,Pending,
9550,1285,Sick Leave,2025-11-24,2025-11-28,5,Religious Festival,Approved,Jai Goswami
9551,1991,Sick Leave,2025-03-14,2025-03-15,2,Vacation,Approved,Henry De
9552,577,Annual Leave,2025-08-19,2025-08-23,5,Medical Treatment,Approved,Imaran Dube
9553,2886,Annual Leave,2024-08-20,2024-08-27,8,Medical Treatment,Approved,Nisha Doshi
9554,552,Maternity Leave,2025-09-03,2025-09-07,5,Marriage,Approved,Harish Chander
9555,1870,Annual Leave,2024-12-07,2024-12-09,3,Higher Education,Approved,Gunbir Bhatnagar
9556,2168,Annual Leave,2024-12-28,2025-01-01,5,Marriage,Approved,Omisha Om
9557,1465,Casual Leave,2024-12-26,2024-12-26,1,Marriage,Approved,Ekansh Vig
9558,1516,Sick Leave,2024-06-06,2024-06-07,2,Vacation,Approved,Manya Devi
9559,467,Paternity Leave,2024-07-31,2024-08-05,6,Religious Festival,Approved,David Sastry
9560,1621,Emergency Leave,2024-11-03,2024-11-06,4,Medical Treatment,Pending,
9561,897,Emergency Leave,2025-08-25,2025-08-25,1,Medical Treatment,Approved,Pushti Sathe
9562,2721,Paternity Leave,2025-01-22,2025-01-29,8,Marriage,Approved,Aishani Mannan
9563,378,Emergency Leave,2025-07-06,2025-07-11,6,Vacation,Approved,Anvi Chahal
9564,2047,Sick Leave,2025-04-15,2025-04-15,1,Medical Treatment,Approved,Girindra Koshy
9565,2891,Paternity Leave,2024-04-12,2024-04-19,8,Marriage,Approved,Vivaan Ghosh
9566,967,Unpaid Leave,2025-03-25,2025-04-03,10,Vacation,Approved,Oscar Som
9567,342,Unpaid Leave,2024-05-07,2024-05-07,1,Personal Work,Approved,Kavya Prashad
9568,2318,Sick Leave,2025-02-12,2025-02-18,7,Family Emergency,Approved,Eiravati Sahni
9569,653,Paternity Leave,2024-04-15,2024-04-19,5,Vacation,Approved,Manbir Saxena
9570,1704,Annual Leave,2024-12-27,2024-12-30,4,Religious Festival,Approved,Kabir Sathe
9571,1106,Unpaid Leave,2024-02-08,2024-02-17,10,Child Care,Approved,Nirja Kant
9572,218,Sick Leave,2025-04-18,2025-04-23,6,Personal Work,Approved,Reyansh Shukla
9573,1023,Casual Leave,2024-03-22,2024-03-30,9,Personal Work,Approved,Onveer Chowdhury
9574,1930,Annual Leave,2025-01-19,2025-01-20,2,Vacation,Approved,Ojasvi Varkey
9575,134,Casual Leave,2025-04-28,2025-05-03,6,Religious Festival,Approved,Vinaya Verma
9576,993,Annual Leave,2025-10-28,2025-10-29,2,Religious Festival,Approved,Rayaan Sanghvi
9577,2504,Unpaid Leave,2024-01-07,2024-01-13,7,Family Emergency,Approved,Anya Iyer
9578,1974,Emergency Leave,2025-02-26,2025-03-07,10,Personal Work,Approved,Ethan Talwar
9579,2026,Emergency Leave,2025-03-21,2025-03-30,10,Vacation,Approved,Yashodhara Raj
9580,1341,Casual Leave,2025-10-23,2025-10-31,9,Religious Festival,Approved,Ryan Gade
9581,1541,Sick Leave,2025-07-15,2025-07-20,6,Vacation,Approved,Yashodhara Dalal
9582,1120,Sick Leave,2025-02-25,2025-02-27,3,Personal Work,Approved,Saksham Tata
9583,234,Emergency Leave,2025-01-04,2025-01-13,10,Child Care,Approved,Upkaar Chakraborty
9584,450,Unpaid Leave,2024-08-14,2024-08-21,8,Personal Work,Approved,Saksham Dhawan
9585,434,Paternity Leave,2025-03-28,2025-04-05,9,Higher Education,Approved,Balveer Raju
9586,448,Unpaid Leave,2024-07-27,2024-07-28,2,Medical Treatment,Approved,Eta Tara
9587,1568,Annual Leave,2024-11-19,2024-11-24,6,Vacation,Rejected,
9588,310,Maternity Leave,2025-05-09,2025-05-16,8,Religious Festival,Approved,Vedika Raj
9589,1451,Emergency Leave,2024-12-22,2024-12-22,1,Child Care,Approved,Varsha Barad
9590,2015,Paternity Leave,2024-05-19,2024-05-27,9,Religious Festival,Approved,Sachi Kari
9591,192,Casual Leave,2025-02-05,2025-02-09,5,Medical Treatment,Approved,Patrick Krishna
9592,1225,Casual Leave,2025-01-01,2025-01-03,3,Personal Work,Approved,Wridesh Sundaram
9593,594,Paternity Leave,2025-11-03,2025-11-09,7,Vacation,Approved,Faqid Patla
9594,2172,Maternity Leave,2024-06-05,2024-06-05,1,Vacation,Approved,Warda Babu
9595,266,Casual Leave,2024-11-15,2024-11-16,2,Child Care,Approved,Chaaya Kapoor
9596,725,Emergency Leave,2024-11-02,2024-11-10,9,Higher Education,Approved,Baljiwan Zachariah
9597,177,Casual Leave,2024-12-20,2024-12-22,3,Child Care,Approved,Zinal Madan
9598,2973,Maternity Leave,2025-02-03,2025-02-11,9,Family Emergency,Approved,Jeremiah Kant
9599,23,Emergency Leave,2025-01-17,2025-01-23,7,Medical Treatment,Approved,Laban Mukhopadhyay
9600,1799,Paternity Leave,2025-02-24,2025-02-24,1,Medical Treatment,Approved,Vedant Hari
9601,1085,Sick Leave,2024-10-30,2024-11-05,7,Higher Education,Approved,Waida Mishra
9602,632,Paternity Leave,2025-06-06,2025-06-09,4,Higher Education,Approved,Jyoti Halder
9603,1604,Emergency Leave,2024-12-24,2024-12-25,2,Religious Festival,Approved,Ekiya Doshi
9604,1031,Annual Leave,2024-06-02,2024-06-09,8,Religious Festival,Approved,Samuel Manda
9605,155,Annual Leave,2024-06-01,2024-06-08,8,Medical Treatment,Approved,Vritti Khare
9606,2818,Unpaid Leave,2025-09-30,2025-10-07,8,Medical Treatment,Approved,Dhruv Thaman
9607,2910,Paternity Leave,2024-11-07,2024-11-15,9,Vacation,Pending,
9608,1839,Emergency Leave,2025-05-06,2025-05-14,9,Personal Work,Approved,Waida Bahl
9609,1507,Casual Leave,2024-07-07,2024-07-14,8,Child Care,Approved,Rajata Sabharwal
9610,1980,Emergency Leave,2025-05-06,2025-05-06,1,Higher Education,Approved,Anika Yohannan
9611,538,Paternity Leave,2025-01-16,2025-01-17,2,Family Emergency,Approved,Yuvraj Borde
9612,725,Maternity Leave,2025-03-18,2025-03-21,4,Medical Treatment,Approved,Yashoda Bhardwaj
9613,1061,Sick Leave,2024-10-22,2024-10-22,1,Family Emergency,Pending,
9614,454,Casual Leave,2025-03-12,2025-03-14,3,Family Emergency,Approved,Akshay Raval
9615,1490,Maternity Leave,2024-09-02,2024-09-09,8,Marriage,Approved,Vivaan Halder
9616,1732,Unpaid Leave,2025-12-09,2025-12-16,8,Personal Work,Pending,
9617,2819,Annual Leave,2024-03-17,2024-03-25,9,Medical Treatment,Approved,Sai Saran
9618,699,Paternity Leave,2024-10-19,2024-10-19,1,Personal Work,Approved,Jason Kanda
9619,1174,Paternity Leave,2025-02-02,2025-02-09,8,Child Care,Approved,Eiravati Bhargava
9620,2421,Paternity Leave,2025-08-12,2025-08-20,9,Vacation,Rejected,
9621,372,Sick Leave,2024-09-21,2024-09-23,3,Child Care,Approved,Chaitanya Deshmukh
9622,529,Annual Leave,2025-04-18,2025-04-26,9,Medical Treatment,Approved,Bachittar Bajwa
9623,60,Unpaid Leave,2025-03-10,2025-03-18,9,Family Emergency,Approved,Chanakya Mitter
9624,1466,Emergency Leave,2024-06-01,2024-06-01,1,Child Care,Approved,Ishwar Dasgupta
9625,2659,Sick Leave,2025-05-28,2025-05-28,1,Child Care,Approved,Krisha Ganesh
9626,2943,Sick Leave,2025-09-16,2025-09-23,8,Religious Festival,Approved,Aachal Naik
9627,1381,Maternity Leave,2024-08-20,2024-08-25,6,Medical Treatment,Pending,
9628,1303,Annual Leave,2025-04-11,2025-04-17,7,Child Care,Approved,Dayamai Hayre
9629,315,Emergency Leave,2025-06-07,2025-06-13,7,Child Care,Approved,Vrinda Oza
9630,1423,Maternity Leave,2024-04-07,2024-04-13,7,Marriage,Pending,
9631,1581,Unpaid Leave,2025-01-19,2025-01-19,1,Religious Festival,Approved,Arjun Guha
9632,998,Unpaid Leave,2025-02-13,2025-02-19,7,Marriage,Approved,Qarin Patla
9633,592,Unpaid Leave,2025-05-17,2025-05-17,1,Family Emergency,Approved,Sachi Lad
9634,1337,Unpaid Leave,2025-01-07,2025-01-11,5,Vacation,Approved,Yatan Mahal
9635,1587,Maternity Leave,2024-03-04,2024-03-08,5,Higher Education,Approved,Falan Anand
9636,2291,Unpaid Leave,2025-04-11,2025-04-18,8,Higher Education,Approved,Aadi Bhatt
9637,397,Unpaid Leave,2025-08-25,2025-09-02,9,Personal Work,Pending,
9638,481,Unpaid Leave,2024-03-27,2024-03-27,1,Vacation,Rejected,
9639,1791,Emergency Leave,2025-10-20,2025-10-25,6,Personal Work,Approved,Riya Lala
9640,987,Unpaid Leave,2024-06-04,2024-06-13,10,Vacation,Approved,Lipika Chaudhari
9641,24,Casual Leave,2025-08-10,2025-08-16,7,Religious Festival,Approved,Yagnesh Dave
9642,2663,Paternity Leave,2025-04-09,2025-04-15,7,Higher Education,Approved,Brinda Mandal
9643,157,Emergency Leave,2025-04-22,2025-04-26,5,Marriage,Approved,Hardik Mittal
9644,1927,Casual Leave,2025-05-06,2025-05-15,10,Personal Work,Approved,Anthony Ganesan
9645,1158,Emergency Leave,2024-11-24,2024-12-03,10,Religious Festival,Rejected,
9646,2272,Unpaid Leave,2025-09-26,2025-09-29,4,Higher Education,Approved,Aryan Khare
9647,61,Sick Leave,2025-06-12,2025-06-19,8,Vacation,Approved,Sanaya Kant
9648,655,Unpaid Leave,2024-09-25,2024-10-02,8,Religious Festival,Approved,Rushil Memon
9649,466,Sick Leave,2025-08-11,2025-08-11,1,Vacation,Approved,Baghyawati Patla
9650,1314,Paternity Leave,2024-07-28,2024-07-28,1,Medical Treatment,Pending,
9651,2553,Maternity Leave,2024-10-25,2024-10-30,6,Religious Festival,Pending,
9652,1224,Emergency Leave,2025-04-26,2025-04-29,4,Vacation,Pending,
9653,2220,Casual Leave,2024-06-29,2024-07-01,3,Vacation,Approved,Upasna Toor
9654,1568,Sick Leave,2024-12-08,2024-12-16,9,Religious Festival,Approved,Zarna Wali
9655,11,Emergency Leave,2024-04-17,2024-04-19,3,Marriage,Approved,Megha Pau
9656,753,Annual Leave,2024-05-11,2024-05-16,6,Religious Festival,Approved,Fiyaz Dora
9657,299,Casual Leave,2024-07-07,2024-07-12,6,Medical Treatment,Pending,
9658,773,Casual Leave,2024-12-05,2024-12-07,3,Medical Treatment,Approved,Ronith Ganesan
9659,377,Unpaid Leave,2025-10-26,2025-11-02,8,Higher Education,Approved,Rudra Singhal
9660,2755,Unpaid Leave,2024-04-30,2024-05-05,6,Religious Festival,Approved,Jalsa Sarna
9661,501,Sick Leave,2024-04-04,2024-04-13,10,Medical Treatment,Approved,Idika Sood
9662,2174,Paternity Leave,2025-12-02,2025-12-06,5,Vacation,Approved,Ojasvi Bhandari
9663,1470,Paternity Leave,2024-06-30,2024-07-01,2,Medical Treatment,Approved,Vedant Lad
9664,521,Annual Leave,2025-07-08,2025-07-08,1,Vacation,Approved,Yasti Khatri
9665,1126,Paternity Leave,2025-03-12,2025-03-17,6,Child Care,Approved,Omisha Wali
9666,2378,Maternity Leave,2025-03-20,2025-03-23,4,Family Emergency,Approved,Gautami Vaidya
9667,1937,Emergency Leave,2024-07-02,2024-07-11,10,Child Care,Approved,Neelima Char
9668,2301,Maternity Leave,2024-01-19,2024-01-28,10,Marriage,Approved,Omkaar Bose
9669,2093,Emergency Leave,2025-02-16,2025-02-25,10,Family Emergency,Approved,Netra Bhatia
9670,2763,Casual Leave,2024-08-10,2024-08-12,3,Vacation,Approved,Aarush Wable
9671,1538,Annual Leave,2024-03-21,2024-03-26,6,Child Care,Approved,Jagdish Rajan
9672,186,Emergency Leave,2024-09-02,2024-09-03,2,Medical Treatment,Approved,Yug Rattan
9673,834,Emergency Leave,2025-04-16,2025-04-19,4,Personal Work,Approved,Victor Master
9674,2522,Annual Leave,2025-09-01,2025-09-03,3,Medical Treatment,Approved,Anirudh Karan
9675,2325,Sick Leave,2025-06-08,2025-06-14,7,Personal Work,Approved,Wyatt Borra
9676,777,Emergency Leave,2024-03-17,2024-03-21,5,Child Care,Approved,Ladli Lala
9677,1434,Paternity Leave,2025-10-31,2025-11-03,4,Personal Work,Approved,Agastya Bhakta
9678,1291,Paternity Leave,2024-10-16,2024-10-25,10,Personal Work,Rejected,
9679,1528,Emergency Leave,2024-10-09,2024-10-17,9,Religious Festival,Approved,Jagdish Doshi
9680,130,Unpaid Leave,2025-03-19,2025-03-27,9,Medical Treatment,Approved,Qadim Rajan
9681,1203,Emergency Leave,2024-08-10,2024-08-13,4,Medical Treatment,Approved,Edhitha Sahota
9682,2188,Emergency Leave,2024-11-04,2024-11-13,10,Higher Education,Approved,Sudiksha Gokhale
9683,1683,Unpaid Leave,2024-03-31,2024-04-03,4,Vacation,Approved,Bhavya Lala
9684,528,Sick Leave,2024-07-19,2024-07-19,1,Marriage,Approved,Vivaan Jha
9685,986,Unpaid Leave,2025-01-07,2025-01-10,4,Marriage,Approved,Oliver Verma
9686,425,Paternity Leave,2025-03-21,2025-03-30,10,Family Emergency,Approved,Zilmil Dyal
9687,1329,Annual Leave,2025-09-22,2025-10-01,10,Family Emergency,Approved,Ishanvi Krishnamurthy
9688,2031,Annual Leave,2025-04-10,2025-04-14,5,Personal Work,Approved,Xavier Kapadia
9689,1005,Unpaid Leave,2024-04-29,2024-05-07,9,Child Care,Pending,
9690,1757,Maternity Leave,2025-08-20,2025-08-24,5,Higher Education,Approved,Turvi Naik
9691,2672,Sick Leave,2024-10-23,2024-10-29,7,Family Emergency,Approved,Orinder Swaminathan
9692,1901,Casual Leave,2024-07-02,2024-07-09,8,Child Care,Approved,Baghyawati Batra
9693,1748,Sick Leave,2024-04-03,2024-04-09,7,Religious Festival,Approved,Dipta Divan
9694,841,Emergency Leave,2024-09-10,2024-09-13,4,Family Emergency,Approved,Girish Sodhi
9695,825,Sick Leave,2025-05-13,2025-05-13,1,Vacation,Approved,Ucchal Suresh
9696,383,Maternity Leave,2024-12-09,2024-12-18,10,Personal Work,Approved,Manan Shroff
9697,1902,Emergency Leave,2024-01-13,2024-01-13,1,Higher Education,Approved,Tara Contractor
9698,1483,Annual Leave,2025-10-17,2025-10-25,9,Child Care,Approved,Wazir Kalla
9699,568,Annual Leave,2025-06-19,2025-06-19,1,Child Care,Approved,David Apte
9700,771,Emergency Leave,2024-05-31,2024-06-07,8,Family Emergency,Approved,Aarush Khalsa
9701,2071,Paternity Leave,2024-02-03,2024-02-04,2,Child Care,Approved,Damyanti Nagarajan
9702,47,Annual Leave,2025-04-19,2025-04-25,7,Child Care,Approved,Veda Dhar
9703,2066,Paternity Leave,2024-06-28,2024-07-06,9,Family Emergency,Approved,Gaurika Nigam
9704,1993,Maternity Leave,2024-09-18,2024-09-18,1,Family Emergency,Approved,Mason Sanghvi
9705,1514,Sick Leave,2024-03-15,2024-03-23,9,Child Care,Approved,Ekansh Brahmbhatt
9706,1322,Maternity Leave,2024-11-14,2024-11-14,1,Medical Treatment,Approved,Oni Nori
9707,2776,Emergency Leave,2025-11-05,2025-11-14,10,Personal Work,Approved,Omisha Warrior
9708,414,Paternity Leave,2025-11-09,2025-11-18,10,Higher Education,Approved,Meghana Mall
9709,2477,Emergency Leave,2025-06-27,2025-06-27,1,Vacation,Approved,Tamanna Grewal
9710,2284,Annual Leave,2025-04-17,2025-04-25,9,Vacation,Approved,Harsh Parmar
9711,2531,Maternity Leave,2024-01-20,2024-01-25,6,Personal Work,Pending,
9712,1055,Maternity Leave,2025-02-27,2025-03-06,8,Vacation,Approved,Dipta Dhar
9713,1113,Maternity Leave,2025-09-26,2025-09-29,4,Child Care,Approved,Radhika Suri
9714,1304,Maternity Leave,2024-08-18,2024-08-24,7,Higher Education,Pending,
9715,2599,Sick Leave,2024-05-06,2024-05-12,7,Medical Treatment,Approved,Mitesh Dani
9716,887,Annual Leave,2025-06-03,2025-06-11,9,Child Care,Approved,Rachana Upadhyay
9717,2881,Emergency Leave,2024-08-24,2024-08-30,7,Religious Festival,Approved,David Lata
9718,2622,Maternity Leave,2025-12-18,2025-12-27,10,Personal Work,Approved,Ojasvi Majumdar
9719,912,Paternity Leave,2024-04-17,2024-04-17,1,Vacation,Approved,Chakrika Bera
9720,2879,Sick Leave,2025-04-25,2025-05-02,8,Religious Festival,Approved,Saanvi Kakar
9721,2892,Unpaid Leave,2025-09-12,2025-09-15,4,Family Emergency,Approved,Rajata Prabhakar
9722,1714,Paternity Leave,2024-08-16,2024-08-24,9,Vacation,Approved,Lipika Chaudhary
9723,1177,Annual Leave,2025-07-27,2025-08-01,6,Religious Festival,Approved,Faraj Gade
9724,1994,Maternity Leave,2025-09-17,2025-09-18,2,Higher Education,Approved,Balhaar Iyer
9725,821,Paternity Leave,2025-03-24,2025-03-25,2,Family Emergency,Approved,Ekta Suresh
9726,490,Unpaid Leave,2024-11-22,2024-11-29,8,Child Care,Approved,Zaitra Dave
9727,564,Casual Leave,2025-08-02,2025-08-09,8,Personal Work,Approved,Sai Muni
9728,2960,Casual Leave,2025-02-16,2025-02-19,4,Medical Treatment,Approved,Anusha Agate
9729,2035,Maternity Leave,2025-09-06,2025-09-08,3,Vacation,Approved,Yutika Chaudhuri
9730,1442,Paternity Leave,2025-09-02,2025-09-11,10,Child Care,Approved,Naksh Goyal
9731,553,Annual Leave,2025-05-29,2025-06-06,9,Vacation,Approved,Chaman Parikh
9732,1805,Maternity Leave,2025-06-15,2025-06-19,5,Child Care,Approved,Utkarsh Bora
9733,1037,Annual Leave,2025-02-13,2025-02-14,2,Higher Education,Approved,Akshay Keer
9734,1206,Emergency Leave,2024-10-08,2024-10-14,7,Higher Education,Approved,Zaitra Kar
9735,2094,Paternity Leave,2025-06-18,2025-06-23,6,Religious Festival,Approved,Udyati Raju
9736,2586,Sick Leave,2025-12-02,2025-12-07,6,Personal Work,Pending,
9737,614,Casual Leave,2024-11-21,2024-11-26,6,Child Care,Approved,Zarna Sastry
9738,1647,Emergency Leave,2024-04-01,2024-04-03,3,Vacation,Approved,Upkaar Kunda
9739,1898,Sick Leave,2025-06-23,2025-06-25,3,Child Care,Rejected,
9740,1935,Maternity Leave,2025-05-31,2025-06-04,5,Vacation,Approved,Varsha Singh
9741,406,Casual Leave,2025-05-14,2025-05-18,5,Family Emergency,Approved,Amol Jhaveri
9742,1796,Paternity Leave,2025-02-01,2025-02-04,4,Marriage,Approved,Onkar Rao
9743,970,Maternity Leave,2025-04-20,2025-04-22,3,Child Care,Approved,Tarak Bhatia
9744,565,Sick Leave,2024-02-21,2024-02-26,6,Personal Work,Approved,Kritika Rau
9745,1734,Paternity Leave,2024-03-12,2024-03-20,9,Family Emergency,Approved,Ranbir Raman
9746,2307,Emergency Leave,2024-02-11,2024-02-17,7,Vacation,Rejected,
9747,929,Casual Leave,2025-01-25,2025-01-31,7,Personal Work,Approved,Reyansh Memon
9748,2628,Maternity Leave,2024-08-03,2024-08-03,1,Personal Work,Approved,Libni Nagy
9749,823,Emergency Leave,2025-07-09,2025-07-10,2,Family Emergency,Approved,Aachal Goyal
9750,1682,Sick Leave,2025-10-06,2025-10-13,8,Religious Festival,Approved,Varenya Ganesan
9751,17,Paternity Leave,2025-09-23,2025-09-29,7,Medical Treatment,Approved,Tanay Chada
9752,609,Unpaid Leave,2024-01-20,2024-01-26,7,Personal Work,Approved,Guneet Walia
9753,1599,Paternity Leave,2024-09-30,2024-09-30,1,Child Care,Approved,Ekalinga Sharaf
9754,310,Casual Leave,2024-07-18,2024-07-27,10,Medical Treatment,Approved,Gautam Lall
9755,27,Annual Leave,2024-11-14,2024-11-23,10,Child Care,Approved,Amruta Banik
9756,1457,Unpaid Leave,2025-03-15,2025-03-24,10,Personal Work,Approved,Chaitanya Puri
9757,1392,Casual Leave,2025-05-04,2025-05-07,4,Medical Treatment,Approved,Urishilla Puri
9758,1944,Maternity Leave,2025-12-23,2025-12-27,5,Family Emergency,Approved,Chanchal Roy
9759,2681,Paternity Leave,2025-12-11,2025-12-18,8,Family Emergency,Approved,Atharv Dhillon
9760,18,Paternity Leave,2024-08-15,2024-08-20,6,Family Emergency,Approved,Ubika Konda
9761,1393,Paternity Leave,2024-09-11,2024-09-19,9,Higher Education,Approved,Balhaar Sama
9762,2812,Unpaid Leave,2025-03-19,2025-03-22,4,Marriage,Approved,Suhani Krish
9763,647,Annual Leave,2024-01-14,2024-01-20,7,Religious Festival,Rejected,
9764,1638,Maternity Leave,2024-07-22,2024-07-23,2,Higher Education,Approved,Jagdish Choudhary
9765,243,Paternity Leave,2025-10-12,2025-10-20,9,Child Care,Approved,Finn Bhatti
9766,270,Unpaid Leave,2024-12-27,2024-12-28,2,Medical Treatment,Approved,Varsha Prabhakar
9767,875,Paternity Leave,2024-03-20,2024-03-24,5,Family Emergency,Approved,Advaith Walla
9768,1465,Annual Leave,2025-07-06,2025-07-06,1,Family Emergency,Approved,Dhruv Kaul
9769,605,Emergency Leave,2024-03-02,2024-03-08,7,Personal Work,Pending,
9770,1005,Casual Leave,2024-01-13,2024-01-22,10,Child Care,Approved,Turvi Kar
9771,1387,Sick Leave,2025-11-28,2025-12-04,7,Religious Festival,Approved,Nikita Iyengar
9772,250,Unpaid Leave,2024-10-05,2024-10-10,6,Personal Work,Rejected,
9773,2045,Emergency Leave,2025-07-20,2025-07-24,5,Child Care,Approved,Hredhaan Bawa
9774,61,Sick Leave,2024-02-22,2024-03-01,9,Religious Festival,Approved,Karan Sekhon
9775,788,Paternity Leave,2025-07-03,2025-07-11,9,Higher Education,Approved,Anay Khanna
9776,1407,Casual Leave,2025-10-20,2025-10-29,10,Higher Education,Approved,Dayamai Taneja
9777,1297,Maternity Leave,2025-10-16,2025-10-18,3,Medical Treatment,Approved,Aashi Nath
9778,2758,Casual Leave,2025-05-26,2025-05-31,6,Family Emergency,Approved,Indira Badami
9779,936,Annual Leave,2024-12-14,2024-12-15,2,Personal Work,Approved,Samarth Rege
9780,2985,Sick Leave,2025-07-23,2025-07-23,1,Marriage,Pending,
9781,2569,Sick Leave,2024-06-23,2024-07-02,10,Higher Education,Pending,
9782,2888,Casual Leave,2025-10-26,2025-10-30,5,Personal Work,Approved,Kashvi Vohra
9783,931,Sick Leave,2025-07-24,2025-07-26,3,Personal Work,Approved,Mohammed Chaudhuri
9784,1414,Paternity Leave,2024-07-19,2024-07-26,8,Higher Education,Approved,Zaitra Chhabra
9785,2840,Paternity Leave,2025-11-23,2025-11-27,5,Vacation,Approved,Ayaan Rattan
9786,1209,Unpaid Leave,2024-02-18,2024-02-25,8,Family Emergency,Pending,
9787,1073,Paternity Leave,2024-04-24,2024-04-30,7,Higher Education,Approved,Mason Shah
9788,616,Unpaid Leave,2024-01-14,2024-01-22,9,Personal Work,Approved,Zansi Badal
9789,421,Maternity Leave,2024-03-26,2024-03-26,1,Medical Treatment,Approved,Pahal Patla
9790,90,Annual Leave,2025-05-01,2025-05-10,10,Personal Work,Approved,Chatura Dasgupta
9791,1195,Sick Leave,2025-03-22,2025-03-31,10,Marriage,Approved,Jackson Bhatia
9792,271,Emergency Leave,2025-12-22,2025-12-26,5,Family Emergency,Approved,Tamanna Lad
9793,2060,Sick Leave,2024-11-30,2024-12-06,7,Religious Festival,Approved,Warda Rama
9794,2476,Emergency Leave,2024-08-15,2024-08-15,1,Family Emergency,Rejected,
9795,1165,Maternity Leave,2024-09-18,2024-09-27,10,Religious Festival,Approved,Tanmayi Loke
9796,2635,Casual Leave,2024-09-06,2024-09-13,8,Medical Treatment,Approved,Aradhana Sandal
9797,1482,Unpaid Leave,2025-12-11,2025-12-19,9,Marriage,Approved,Aryan Jaggi
9798,1084,Paternity Leave,2024-07-24,2024-07-29,6,Religious Festival,Pending,
9799,480,Paternity Leave,2025-01-25,2025-01-27,3,Marriage,Rejected,
9800,1175,Sick Leave,2024-12-20,2024-12-24,5,Higher Education,Approved,Suhani Dalal
9801,2834,Annual Leave,2025-02-09,2025-02-17,9,Child Care,Approved,Devika Palla
9802,2672,Sick Leave,2025-09-04,2025-09-05,2,Marriage,Pending,
9803,2421,Casual Leave,2025-02-02,2025-02-11,10,Marriage,Approved,Hemang Som
9804,1322,Emergency Leave,2025-03-24,2025-04-01,9,Personal Work,Approved,Zilmil Rana
9805,1336,Maternity Leave,2025-10-08,2025-10-08,1,Marriage,Approved,Patrick Saha
9806,2831,Paternity Leave,2024-11-01,2024-11-02,2,Family Emergency,Approved,Onveer Raval
9807,301,Paternity Leave,2024-08-14,2024-08-15,2,Family Emergency,Approved,Ekalinga Sandhu
9808,1612,Casual Leave,2025-06-30,2025-07-02,3,Medical Treatment,Approved,Chakradev Grover
9809,1309,Casual Leave,2024-04-05,2024-04-09,5,Marriage,Approved,Vansha Dass
9810,1903,Paternity Leave,2024-09-20,2024-09-27,8,Vacation,Approved,Baghyawati Baria
9811,1516,Unpaid Leave,2024-11-13,2024-11-13,1,Religious Festival,Approved,Zehaan Dara
9812,2644,Paternity Leave,2024-06-22,2024-06-22,1,Family Emergency,Approved,Upkaar Sethi
9813,1577,Paternity Leave,2025-04-15,2025-04-18,4,Child Care,Approved,Faraj Tara
9814,735,Casual Leave,2024-08-29,2024-09-01,4,Religious Festival,Approved,Wahab Gara
9815,1856,Sick Leave,2024-08-28,2024-08-28,1,Higher Education,Pending,
9816,2484,Maternity Leave,2024-07-13,2024-07-13,1,Higher Education,Approved,Abeer Narula
9817,165,Emergency Leave,2025-08-05,2025-08-13,9,Marriage,Approved,Advika Malhotra
9818,1807,Maternity Leave,2024-05-18,2024-05-26,9,Religious Festival,Approved,Janya Bobal
9819,668,Paternity Leave,2024-09-17,2024-09-20,4,Child Care,Approved,Pranit Cheema
9820,800,Emergency Leave,2025-09-18,2025-09-27,10,Personal Work,Approved,Advika Date
9821,1483,Casual Leave,2025-09-14,2025-09-18,5,Marriage,Approved,Dhruv Saran
9822,2077,Casual Leave,2024-04-11,2024-04-18,8,Family Emergency,Rejected,
9823,2160,Sick Leave,2024-10-02,2024-10-08,7,Vacation,Approved,Vincent Gour
9824,413,Emergency Leave,2024-11-20,2024-11-25,6,Religious Festival,Approved,Jai Konda
9825,680,Emergency Leave,2024-05-21,2024-05-25,5,Higher Education,Approved,Jeet D’Alia
9826,405,Casual Leave,2024-12-23,2024-12-28,6,Marriage,Approved,Aarini Sachar
9827,839,Annual Leave,2024-04-10,2024-04-17,8,Marriage,Approved,Damini Desai
9828,292,Unpaid Leave,2024-06-30,2024-07-03,4,Higher Education,Approved,Urishilla Narain
9829,1350,Emergency Leave,2024-08-10,2024-08-11,2,Child Care,Approved,Kabir Sant
9830,389,Unpaid Leave,2025-09-04,2025-09-11,8,Vacation,Approved,Siddharth Sawhney
9831,584,Annual Leave,2025-12-16,2025-12-16,1,Vacation,Approved,Ekani Wable
9832,703,Emergency Leave,2025-04-26,2025-05-04,9,Religious Festival,Approved,Garima Choudhury
9833,2138,Paternity Leave,2025-11-18,2025-11-25,8,Vacation,Approved,Nicholas Balan
9834,1438,Annual Leave,2025-12-06,2025-12-08,3,Marriage,Pending,
9835,2101,Paternity Leave,2025-02-02,2025-02-02,1,Child Care,Approved,Yashasvi Chander
9836,792,Annual Leave,2024-12-20,2024-12-29,10,Religious Festival,Approved,Indira Char
9837,884,Emergency Leave,2025-04-14,2025-04-20,7,Marriage,Rejected,
9838,699,Paternity Leave,2024-05-15,2024-05-23,9,Family Emergency,Approved,Yadavi Johal
9839,2904,Unpaid Leave,2024-10-17,2024-10-24,8,Child Care,Approved,Faraj Sami
9840,768,Sick Leave,2025-09-20,2025-09-26,7,Higher Education,Pending,
9841,1300,Sick Leave,2025-11-24,2025-11-25,2,Religious Festival,Approved,Damyanti Pall
9842,670,Paternity Leave,2025-05-22,2025-05-26,5,Marriage,Approved,Raghav Jayaraman
9843,2208,Emergency Leave,2024-03-16,2024-03-18,3,Vacation,Approved,Wahab Nayar
9844,1821,Casual Leave,2024-07-06,2024-07-13,8,Medical Treatment,Approved,Siya Vig
9845,1272,Unpaid Leave,2024-09-20,2024-09-24,5,Personal Work,Approved,Jai Doshi
9846,472,Maternity Leave,2025-05-28,2025-06-06,10,Personal Work,Approved,Jalsa Bajwa
9847,1293,Paternity Leave,2025-02-05,2025-02-14,10,Child Care,Rejected,
9848,721,Paternity Leave,2024-12-28,2025-01-01,5,Personal Work,Approved,Nitesh Kalita
9849,26,Maternity Leave,2025-06-20,2025-06-22,3,Higher Education,Approved,Advaith Mistry
9850,2724,Annual Leave,2024-03-27,2024-04-01,6,Marriage,Approved,Zaid Yogi
9851,2727,Paternity Leave,2024-05-07,2024-05-13,7,Vacation,Approved,Divya Kaul
9852,2651,Emergency Leave,2025-12-29,2025-12-29,1,Medical Treatment,Approved,Kashvi Dugal
9853,2219,Sick Leave,2024-05-18,2024-05-23,6,Medical Treatment,Approved,Madhav Devan
9854,126,Sick Leave,2024-07-21,2024-07-22,2,Child Care,Approved,Alka Agarwal
9855,1856,Sick Leave,2024-11-13,2024-11-13,1,Medical Treatment,Approved,Ria Yohannan
9856,1122,Casual Leave,2024-11-15,2024-11-20,6,Medical Treatment,Approved,Neha Bal
9857,2537,Emergency Leave,2024-11-15,2024-11-21,7,Child Care,Approved,Hritik Borde
9858,40,Annual Leave,2024-11-19,2024-11-24,6,Personal Work,Approved,Fitan Rege
9859,961,Casual Leave,2025-02-14,2025-02-14,1,Vacation,Approved,Sathvik Mahal
9860,760,Emergency Leave,2025-10-06,2025-10-11,6,Child Care,Approved,Chanakya Padmanabhan
9861,2845,Casual Leave,2024-09-04,2024-09-11,8,Child Care,Approved,Aradhana Bhardwaj
9862,1486,Paternity Leave,2024-04-16,2024-04-23,8,Family Emergency,Pending,
9863,2409,Paternity Leave,2025-11-03,2025-11-10,8,Personal Work,Approved,Rehaan Bakshi
9864,343,Unpaid Leave,2025-09-27,2025-09-27,1,Child Care,Approved,Samarth Deol
9865,2129,Casual Leave,2025-12-03,2025-12-12,10,Family Emergency,Approved,Krishna Nagar
9866,989,Sick Leave,2025-11-11,2025-11-11,1,Personal Work,Approved,Farhan Prabhu
9867,1746,Unpaid Leave,2025-07-17,2025-07-19,3,Higher Education,Approved,Yatin Doctor
9868,2607,Annual Leave,2025-01-06,2025-01-12,7,Child Care,Approved,Falguni Bumb
9869,1370,Sick Leave,2024-01-20,2024-01-27,8,Vacation,Approved,Vamakshi Dora
9870,1319,Sick Leave,2025-07-15,2025-07-19,5,Vacation,Approved,Zarna Nagarajan
9871,2011,Paternity Leave,2024-11-15,2024-11-23,9,Child Care,Approved,Arjun Anne
9872,611,Maternity Leave,2024-10-14,2024-10-17,4,Child Care,Approved,Dipta Upadhyay
9873,457,Casual Leave,2024-10-06,2024-10-06,1,Vacation,Approved,Victor Chanda
9874,1769,Emergency Leave,2025-08-25,2025-08-26,2,Vacation,Approved,Jatin Madan
9875,903,Emergency Leave,2025-05-03,2025-05-10,8,Vacation,Approved,Daksha Dhaliwal
9876,1103,Annual Leave,2024-01-16,2024-01-17,2,Higher Education,Approved,Sachi Raju
9877,1815,Maternity Leave,2025-12-20,2025-12-26,7,Medical Treatment,Approved,Ekalinga Borde
9878,2435,Maternity Leave,2025-10-29,2025-11-02,5,Vacation,Approved,Theodore Tank
9879,2326,Maternity Leave,2024-10-20,2024-10-26,7,Higher Education,Approved,Oscar Dar
9880,1111,Maternity Leave,2025-08-20,2025-08-26,7,Family Emergency,Approved,Rachana Sule
9881,613,Maternity Leave,2024-09-07,2024-09-15,9,Higher Education,Approved,Bimala Rege
9882,2217,Maternity Leave,2024-01-25,2024-01-29,5,Higher Education,Approved,Yatan Raj
9883,2307,Maternity Leave,2024-11-16,2024-11-24,9,Family Emergency,Pending,
9884,1049,Unpaid Leave,2025-09-07,2025-09-10,4,Child Care,Approved,Zilmil Sachdeva
9885,2176,Paternity Leave,2025-11-07,2025-11-13,7,Child Care,Approved,Farhan Korpal
9886,725,Emergency Leave,2024-05-18,2024-05-22,5,Family Emergency,Pending,
9887,2851,Sick Leave,2025-01-10,2025-01-10,1,Vacation,Approved,Gaurangi Pai
9888,2335,Paternity Leave,2024-06-18,2024-06-25,8,Religious Festival,Approved,Harinakshi Dhillon
9889,1055,Emergency Leave,2025-04-05,2025-04-10,6,Religious Festival,Approved,Gaurangi Kannan
9890,66,Annual Leave,2024-03-16,2024-03-19,4,Marriage,Approved,Rushil Goda
9891,1576,Emergency Leave,2025-07-15,2025-07-17,3,Medical Treatment,Approved,Isaac Narain
9892,269,Unpaid Leave,2024-03-29,2024-04-03,6,Medical Treatment,Approved,Dalbir Baral
9893,1135,Annual Leave,2025-04-09,2025-04-17,9,Family Emergency,Approved,Yochana Karnik
9894,1204,Unpaid Leave,2024-04-21,2024-04-27,7,Medical Treatment,Approved,Ekbal Buch
9895,2625,Sick Leave,2025-06-22,2025-06-29,8,Religious Festival,Approved,Abeer Vala
9896,230,Maternity Leave,2025-02-06,2025-02-10,5,Family Emergency,Approved,Dipta Walia
9897,2720,Unpaid Leave,2024-07-31,2024-08-03,4,Religious Festival,Approved,Aarna Bajwa
9898,2335,Emergency Leave,2024-08-26,2024-08-29,4,Medical Treatment,Approved,Aashi Bobal
9899,913,Annual Leave,2025-10-04,2025-10-13,10,Medical Treatment,Approved,Anvi Madan
9900,2100,Paternity Leave,2025-08-21,2025-08-22,2,Child Care,Approved,Sanya Murty
9901,2377,Unpaid Leave,2024-08-16,2024-08-16,1,Higher Education,Approved,Dalbir More
9902,2434,Annual Leave,2024-08-28,2024-09-01,5,Personal Work,Approved,Anya Pillay
9903,1153,Maternity Leave,2025-07-02,2025-07-06,5,Religious Festival,Approved,Kabir Gupta
9904,2795,Unpaid Leave,2024-08-16,2024-08-24,9,Medical Treatment,Approved,Hitesh Bail
9905,2478,Unpaid Leave,2024-03-07,2024-03-10,4,Family Emergency,Approved,Eesha Bhattacharyya
9906,2026,Maternity Leave,2025-05-13,2025-05-22,10,Medical Treatment,Pending,
9907,2549,Paternity Leave,2025-05-18,2025-05-20,3,Vacation,Approved,Omya Ravel
9908,87,Maternity Leave,2025-03-21,2025-03-29,9,Child Care,Approved,Wyatt Wadhwa
9909,2778,Annual Leave,2024-08-19,2024-08-25,7,Medical Treatment,Approved,Qasim Mistry
9910,1194,Casual Leave,2024-05-18,2024-05-19,2,Child Care,Approved,Aarini Prasad
9911,2960,Emergency Leave,2024-02-02,2024-02-03,2,Higher Education,Approved,Urvi Viswanathan
9912,2806,Sick Leave,2025-05-07,2025-05-16,10,Vacation,Approved,Henry Kale
9913,1677,Unpaid Leave,2024-02-27,2024-03-05,8,Vacation,Approved,Indali Malhotra
9914,1403,Paternity Leave,2024-06-11,2024-06-19,9,Religious Festival,Approved,Rushil Srinivas
9915,2271,Sick Leave,2024-09-10,2024-09-14,5,Vacation,Rejected,
9916,1045,Maternity Leave,2025-04-13,2025-04-20,8,Religious Festival,Approved,Sanaya Padmanabhan
9917,2875,Emergency Leave,2025-05-01,2025-05-03,3,Vacation,Approved,Faras Patla
9918,138,Sick Leave,2024-07-22,2024-07-22,1,Religious Festival,Approved,Balhaar Varghese
9919,265,Paternity Leave,2024-03-03,2024-03-11,9,Medical Treatment,Approved,Ria Gade
9920,1833,Casual Leave,2025-08-22,2025-08-31,10,Child Care,Approved,Faris Gopal
9921,730,Unpaid Leave,2024-10-12,2024-10-14,3,Personal Work,Approved,Zansi Gokhale
9922,2596,Emergency Leave,2025-02-16,2025-02-22,7,Medical Treatment,Approved,Chanchal Bir
9923,2499,Casual Leave,2024-04-13,2024-04-22,10,Religious Festival,Rejected,
9924,2073,Sick Leave,2025-12-19,2025-12-21,3,Medical Treatment,Rejected,
9925,2454,Maternity Leave,2025-07-25,2025-07-25,1,Family Emergency,Approved,Charvi Agarwal
9926,1653,Sick Leave,2024-06-02,2024-06-05,4,Family Emergency,Approved,Lavanya Modi
9927,594,Emergency Leave,2024-08-18,2024-08-25,8,Higher Education,Approved,Siddharth Nagar
9928,225,Maternity Leave,2024-05-11,2024-05-16,6,Family Emergency,Approved,Timothy Soni
9929,1732,Maternity Leave,2025-07-18,2025-07-20,3,Religious Festival,Approved,Yashawini Minhas
9930,1519,Casual Leave,2024-04-29,2024-05-02,4,Personal Work,Approved,Rajata Rao
9931,2205,Unpaid Leave,2024-09-18,2024-09-20,3,Vacation,Approved,Udant Agrawal
9932,481,Annual Leave,2025-06-15,2025-06-20,6,Religious Festival,Approved,Ekiya Raj
9933,1955,Emergency Leave,2024-10-26,2024-11-04,10,Medical Treatment,Approved,Indira Narayanan
9934,2754,Casual Leave,2025-06-30,2025-07-01,2,Religious Festival,Approved,Victor Subramanian
9935,1510,Unpaid Leave,2025-01-29,2025-02-01,4,Marriage,Approved,Triveni Om
9936,1928,Casual Leave,2024-11-20,2024-11-20,1,Marriage,Approved,Shravya Khalsa
9937,2498,Emergency Leave,2025-08-24,2025-08-27,4,Religious Festival,Approved,Inaya Natarajan
9938,684,Unpaid Leave,2024-12-21,2024-12-26,6,Marriage,Approved,Caleb Sathe
9939,603,Casual Leave,2024-09-30,2024-10-03,4,Family Emergency,Approved,Shivansh Kashyap
9940,394,Paternity Leave,2025-08-21,2025-08-24,4,Higher Education,Approved,Karan Chaudhry
9941,2360,Emergency Leave,2024-06-30,2024-07-05,6,Family Emergency,Pending,
9942,2260,Annual Leave,2025-11-07,2025-11-14,8,Marriage,Approved,Aarush Seshadri
9943,1532,Annual Leave,2025-01-03,2025-01-03,1,Personal Work,Approved,Harish Lata
9944,2830,Casual Leave,2025-08-03,2025-08-08,6,Vacation,Approved,Ira Buch
9945,1249,Unpaid Leave,2024-05-22,2024-05-30,9,Personal Work,Approved,Yamini Samra
9946,171,Emergency Leave,2025-06-26,2025-07-04,9,Child Care,Approved,Daksha Memon
9947,767,Casual Leave,2025-11-17,2025-11-22,6,Family Emergency,Approved,Unnati Karpe
9948,2362,Sick Leave,2025-01-28,2025-02-04,8,Child Care,Approved,Ikbal Khosla
9949,645,Paternity Leave,2025-10-17,2025-10-22,6,Higher Education,Approved,Ekani Solanki
9950,2966,Sick Leave,2024-03-17,2024-03-23,7,Vacation,Approved,Anay Samra
9951,1505,Casual Leave,2025-12-21,2025-12-29,9,Family Emergency,Approved,Abhimanyu Mitra
9952,1713,Sick Leave,2025-06-23,2025-06-26,4,Medical Treatment,Pending,
9953,1675,Emergency Leave,2024-01-04,2024-01-09,6,Medical Treatment,Approved,Kalpit Madan
9954,346,Casual Leave,2024-07-18,2024-07-21,4,Higher Education,Approved,Nilima Mukhopadhyay
9955,101,Unpaid Leave,2025-11-20,2025-11-23,4,Medical Treatment,Approved,Andrew Thakur
9956,1170,Emergency Leave,2024-02-18,2024-02-25,8,Child Care,Pending,
9957,2859,Maternity Leave,2025-02-11,2025-02-19,9,Child Care,Approved,Gabriel Kibe
9958,867,Paternity Leave,2024-10-08,2024-10-15,8,Higher Education,Approved,Gaurang Bala
9959,2418,Maternity Leave,2025-12-23,2025-12-31,9,Vacation,Approved,Keya Naidu
9960,2828,Unpaid Leave,2025-10-10,2025-10-15,6,Family Emergency,Approved,Charita Ramesh
9961,2211,Maternity Leave,2025-09-03,2025-09-11,9,Medical Treatment,Approved,Divya Barman
9962,721,Paternity Leave,2025-06-21,2025-06-23,3,Marriage,Approved,Vinaya Baral
9963,2700,Unpaid Leave,2025-08-26,2025-09-04,10,Religious Festival,Approved,Vrinda Dara
9964,1856,Paternity Leave,2024-06-15,2024-06-20,6,Higher Education,Approved,Qadim Chauhan
9965,1594,Casual Leave,2025-01-05,2025-01-09,5,Family Emergency,Approved,Abha Ramesh
9966,2566,Casual Leave,2025-06-17,2025-06-23,7,Family Emergency,Approved,Xalak Mani
9967,628,Annual Leave,2024-04-23,2024-05-01,9,Marriage,Rejected,
9968,1150,Unpaid Leave,2024-04-27,2024-05-03,7,Personal Work,Approved,Parth Krishnamurthy
9969,539,Maternity Leave,2024-12-03,2024-12-12,10,Child Care,Approved,Bhavya Behl
9970,500,Sick Leave,2025-01-30,2025-02-07,9,Medical Treatment,Approved,Yashoda Pandey
9971,2290,Paternity Leave,2024-03-24,2024-03-30,7,Child Care,Approved,Amaira D’Alia
9972,2336,Maternity Leave,2024-12-07,2024-12-10,4,Personal Work,Approved,Jatin Ahuja
9973,1393,Annual Leave,2024-12-10,2024-12-10,1,Marriage,Pending,
9974,2125,Paternity Leave,2024-05-16,2024-05-18,3,Medical Treatment,Approved,Samaksh Savant
9975,1562,Sick Leave,2024-05-17,2024-05-26,10,Child Care,Approved,Anthony Wadhwa
9976,61,Casual Leave,2024-07-06,2024-07-08,3,Religious Festival,Approved,Pahal Palla
9977,2872,Emergency Leave,2025-12-29,2025-12-30,2,Marriage,Approved,Devika Koshy
9978,1727,Paternity Leave,2025-04-19,2025-04-22,4,Religious Festival,Approved,Wishi Patla
9979,1543,Maternity Leave,2025-01-21,2025-01-26,6,Child Care,Approved,Vidhi Sagar
9980,722,Casual Leave,2024-07-29,2024-07-29,1,Child Care,Approved,Vivaan Parsa
9981,2513,Casual Leave,2024-05-31,2024-06-01,2,Religious Festival,Approved,Vasana Gara
9982,689,Maternity Leave,2025-10-30,2025-11-07,9,Vacation,Approved,Raagini Dyal
9983,2775,Maternity Leave,2024-03-31,2024-04-08,9,Child Care,Approved,Jairaj Singhal
9984,128,Maternity Leave,2024-07-18,2024-07-19,2,Vacation,Approved,Jagat Nayar
9985,1886,Annual Leave,2024-03-27,2024-03-31,5,Family Emergency,Approved,Nihal Sidhu
9986,837,Paternity Leave,2025-12-03,2025-12-09,7,Child Care,Approved,Qabil Devi
9987,2095,Annual Leave,2025-08-18,2025-08-26,9,Personal Work,Approved,Madhav Chacko
9988,1070,Unpaid Leave,2024-06-01,2024-06-05,5,Higher Education,Approved,Vasatika Narang
9989,551,Unpaid Leave,2025-04-07,2025-04-08,2,Family Emergency,Approved,Priya Karpe
9990,1768,Unpaid Leave,2025-10-02,2025-10-09,8,Child Care,Rejected,
9991,871,Unpaid Leave,2024-08-20,2024-08-28,9,Marriage,Approved,Garima Ahluwalia
9992,298,Paternity Leave,2024-02-19,2024-02-28,10,Vacation,Approved,Leena Kale
9993,1247,Sick Leave,2024-12-26,2025-01-03,9,Marriage,Pending,
9994,192,Unpaid Leave,2025-11-02,2025-11-11,10,Higher Education,Rejected,
9995,1350,Unpaid Leave,2025-03-04,2025-03-10,7,Personal Work,Approved,Dalaja Krish
9996,724,Annual Leave,2024-12-01,2024-12-09,9,Vacation,Approved,Leela Sankaran
9997,270,Unpaid Leave,2024-01-13,2024-01-21,9,Higher Education,Approved,Anjali Rana
9998,1144,Emergency Leave,2024-08-14,2024-08-16,3,Marriage,Approved,Aadhya Raju
9999,430,Annual Leave,2025-07-25,2025-07-27,3,Religious Festival,Rejected,
10000,2536,Paternity Leave,2025-05-22,2025-05-29,8,Vacation,Approved,Ryan Dua
