review_id,employee_id,review_date,review_period,performance_rating,performance_category,goals_completed,manager_feedback,promotion_recommended
1,2620,2024-09-07,Q3,2.3,Poor,6,Good communication and collaboration.,Yes
2,420,2024-01-11,Q1,4.0,Exceeds Expectations,9,Excellent leadership and teamwork.,Yes
3,384,2024-10-30,Q1,2.7,Needs Improvement,6,Requires additional coaching.,Yes
4,1840,2025-10-08,Q1,3.8,Meets Expectations,5,Requires additional coaching.,No
5,1139,2025-04-22,Q3,2.5,Needs Improvement,4,Consistently exceeds expectations.,No
6,397,2024-10-28,Q3,3.1,Meets Expectations,7,Excellent leadership and teamwork.,No
7,2197,2024-03-15,Q4,2.4,Poor,4,Strong technical skills.,No
8,2365,2025-09-23,Q1,2.6,Needs Improvement,3,Good communication and collaboration.,No
9,327,2025-10-02,Q1,4.6,Outstanding,9,Strong technical skills.,No
10,2604,2024-02-24,Q2,4.5,Outstanding,8,Needs improvement in productivity.,Yes
11,2746,2025-10-16,Q1,2.8,Needs Improvement,5,Good communication and collaboration.,Yes
12,1894,2025-12-06,Q2,3.1,Meets Expectations,8,Excellent leadership and teamwork.,Yes
13,132,2025-09-06,Q4,4.4,Exceeds Expectations,7,Consistently exceeds expectations.,Yes
14,2324,2025-04-09,Q3,4.6,Outstanding,6,Demonstrates strong problem-solving skills.,No
15,2634,2024-04-25,Q3,3.4,Meets Expectations,5,Good communication and collaboration.,No
16,2395,2025-04-08,Q4,3.3,Meets Expectations,8,Good communication and collaboration.,Yes
17,2088,2025-05-11,Q1,3.5,Meets Expectations,4,Reliable and dependable employee.,Yes
18,2788,2025-06-26,Q1,3.3,Meets Expectations,9,Requires additional coaching.,No
19,2168,2025-04-15,Q1,2.8,Needs Improvement,4,Strong technical skills.,No
20,457,2025-11-16,Q2,2.9,Needs Improvement,10,Excellent leadership and teamwork.,No
21,2051,2024-03-17,Q1,4.3,Exceeds Expectations,7,Good communication and collaboration.,Yes
22,1532,2024-11-27,Q1,4.3,Exceeds Expectations,8,Demonstrates strong problem-solving skills.,Yes
23,459,2025-11-13,Q3,4.8,Outstanding,6,Excellent leadership and teamwork.,Yes
24,2324,2024-04-28,Q1,4.8,Outstanding,10,Consistently exceeds expectations.,Yes
25,526,2024-06-18,Q2,4.0,Exceeds Expectations,7,Requires additional coaching.,Yes
26,2209,2025-08-11,Q2,4.3,Exceeds Expectations,7,Requires additional coaching.,No
27,1795,2024-03-19,Q4,4.7,Outstanding,4,Good communication and collaboration.,Yes
28,263,2024-01-31,Q2,3.0,Meets Expectations,6,Excellent leadership and teamwork.,Yes
29,2900,2025-02-09,Q2,3.9,Meets Expectations,4,Excellent leadership and teamwork.,No
30,291,2025-12-12,Q3,3.5,Meets Expectations,10,Good communication and collaboration.,Yes
31,2963,2025-11-06,Q4,4.8,Outstanding,6,Demonstrates strong problem-solving skills.,No
32,780,2024-07-05,Q4,2.3,Poor,8,Requires additional coaching.,No
33,1913,2025-11-07,Q1,4.6,Outstanding,4,Excellent leadership and teamwork.,No
34,2983,2025-07-24,Q1,3.0,Meets Expectations,6,Good communication and collaboration.,Yes
35,2197,2024-10-03,Q4,3.3,Meets Expectations,5,Strong technical skills.,No
36,1024,2025-04-27,Q1,4.6,Outstanding,10,Consistently exceeds expectations.,Yes
37,2672,2025-01-17,Q1,5.0,Outstanding,4,Good communication and collaboration.,Yes
38,1665,2025-08-14,Q2,3.5,Meets Expectations,9,Excellent leadership and teamwork.,Yes
39,1553,2024-12-01,Q4,2.0,Poor,7,Demonstrates strong problem-solving skills.,No
40,1733,2024-02-17,Q4,4.1,Exceeds Expectations,5,Good communication and collaboration.,No
41,892,2025-06-22,Q1,4.9,Outstanding,8,Excellent leadership and teamwork.,Yes
42,2393,2024-05-01,Q2,3.4,Meets Expectations,3,Consistently exceeds expectations.,Yes
43,281,2025-08-10,Q2,3.8,Meets Expectations,9,Consistently exceeds expectations.,Yes
44,2372,2024-11-01,Q1,3.8,Meets Expectations,9,Needs improvement in productivity.,No
45,837,2025-07-04,Q3,4.0,Exceeds Expectations,6,Strong technical skills.,No
46,537,2024-06-04,Q3,4.0,Exceeds Expectations,10,Needs improvement in productivity.,Yes
47,39,2024-09-04,Q1,3.4,Meets Expectations,4,Good communication and collaboration.,No
48,543,2024-08-13,Q1,4.8,Outstanding,6,Needs improvement in productivity.,No
49,647,2025-01-31,Q3,3.3,Meets Expectations,3,Strong technical skills.,Yes
50,551,2025-10-11,Q1,2.8,Needs Improvement,5,Strong technical skills.,No
51,2478,2025-11-22,Q3,2.6,Needs Improvement,6,Strong technical skills.,No
52,1029,2024-12-25,Q1,4.7,Outstanding,4,Requires additional coaching.,No
53,181,2024-11-09,Q2,2.0,Poor,7,Reliable and dependable employee.,No
54,2260,2025-09-19,Q1,4.1,Exceeds Expectations,4,Consistently exceeds expectations.,Yes
55,2235,2025-07-12,Q3,2.1,Poor,5,Requires additional coaching.,Yes
56,172,2024-12-06,Q1,2.9,Needs Improvement,8,Good communication and collaboration.,Yes
57,2732,2024-05-23,Q4,2.3,Poor,5,Good communication and collaboration.,Yes
58,726,2024-11-28,Q1,4.6,Outstanding,5,Needs improvement in productivity.,No
59,2744,2024-02-20,Q2,4.6,Outstanding,7,Reliable and dependable employee.,Yes
60,1567,2024-12-05,Q4,4.6,Outstanding,6,Good communication and collaboration.,No
61,1433,2025-07-06,Q2,2.9,Needs Improvement,6,Excellent leadership and teamwork.,Yes
62,1633,2025-08-19,Q1,3.0,Meets Expectations,7,Needs improvement in productivity.,No
63,2784,2024-01-07,Q3,4.9,Outstanding,3,Consistently exceeds expectations.,No
64,732,2024-05-14,Q3,3.7,Meets Expectations,3,Consistently exceeds expectations.,No
65,1416,2024-03-10,Q3,4.2,Exceeds Expectations,9,Consistently exceeds expectations.,No
66,2362,2024-07-16,Q1,2.6,Needs Improvement,9,Excellent leadership and teamwork.,Yes
67,1492,2025-09-24,Q3,3.3,Meets Expectations,8,Consistently exceeds expectations.,No
68,2078,2024-04-25,Q4,2.9,Needs Improvement,8,Requires additional coaching.,No
69,2271,2024-11-05,Q4,2.4,Poor,9,Reliable and dependable employee.,No
70,1664,2025-03-13,Q1,3.6,Meets Expectations,7,Strong technical skills.,Yes
71,1761,2025-06-24,Q3,4.4,Exceeds Expectations,10,Demonstrates strong problem-solving skills.,No
72,2768,2025-03-30,Q4,2.6,Needs Improvement,5,Consistently exceeds expectations.,No
73,2112,2024-01-21,Q3,4.0,Exceeds Expectations,4,Good communication and collaboration.,No
74,921,2025-07-09,Q2,4.4,Exceeds Expectations,3,Excellent leadership and teamwork.,Yes
75,1947,2025-10-02,Q1,3.8,Meets Expectations,10,Requires additional coaching.,Yes
76,2943,2024-09-14,Q4,4.1,Exceeds Expectations,9,Good communication and collaboration.,Yes
77,2688,2025-05-21,Q1,4.1,Exceeds Expectations,9,Good communication and collaboration.,Yes
78,2851,2025-09-09,Q1,3.6,Meets Expectations,6,Consistently exceeds expectations.,No
79,547,2025-06-26,Q3,4.4,Exceeds Expectations,10,Requires additional coaching.,No
80,652,2025-06-23,Q4,4.2,Exceeds Expectations,10,Strong technical skills.,Yes
81,2612,2025-11-29,Q4,2.8,Needs Improvement,6,Strong technical skills.,No
82,318,2024-01-14,Q2,4.1,Exceeds Expectations,7,Needs improvement in productivity.,No
83,2213,2024-01-12,Q2,2.2,Poor,6,Requires additional coaching.,Yes
84,2894,2025-12-30,Q4,2.6,Needs Improvement,9,Needs improvement in productivity.,No
85,1704,2024-01-20,Q4,2.2,Poor,9,Excellent leadership and teamwork.,No
86,1954,2024-11-11,Q3,2.0,Poor,7,Requires additional coaching.,No
87,2205,2024-08-10,Q2,4.2,Exceeds Expectations,10,Good communication and collaboration.,No
88,1786,2025-10-05,Q4,3.5,Meets Expectations,8,Requires additional coaching.,Yes
89,1915,2024-04-16,Q1,4.8,Outstanding,9,Excellent leadership and teamwork.,Yes
90,2633,2024-01-22,Q4,3.3,Meets Expectations,5,Excellent leadership and teamwork.,No
91,1553,2025-10-04,Q4,3.0,Meets Expectations,8,Needs improvement in productivity.,No
92,1140,2024-01-06,Q4,4.3,Exceeds Expectations,7,Consistently exceeds expectations.,No
93,80,2025-12-18,Q1,4.2,Exceeds Expectations,8,Good communication and collaboration.,Yes
94,2670,2024-11-20,Q1,2.1,Poor,6,Good communication and collaboration.,Yes
95,2545,2024-12-04,Q2,2.5,Needs Improvement,10,Consistently exceeds expectations.,Yes
96,1905,2025-01-21,Q3,4.1,Exceeds Expectations,5,Consistently exceeds expectations.,Yes
97,1275,2025-09-17,Q1,2.3,Poor,7,Requires additional coaching.,No
98,2929,2025-05-31,Q2,2.6,Needs Improvement,4,Strong technical skills.,Yes
99,2319,2025-01-11,Q3,4.3,Exceeds Expectations,9,Needs improvement in productivity.,Yes
100,2073,2025-08-30,Q1,3.9,Meets Expectations,9,Demonstrates strong problem-solving skills.,Yes
101,1776,2025-11-14,Q4,4.9,Outstanding,5,Requires additional coaching.,Yes
102,2138,2024-05-18,Q3,4.9,Outstanding,10,Demonstrates strong problem-solving skills.,No
103,2995,2025-07-23,Q3,3.8,Meets Expectations,6,Consistently exceeds expectations.,No
104,1847,2025-12-09,Q4,2.7,Needs Improvement,9,Needs improvement in productivity.,Yes
105,2025,2024-12-24,Q2,4.6,Outstanding,10,Good communication and collaboration.,No
106,1059,2025-11-05,Q3,3.0,Meets Expectations,3,Good communication and collaboration.,Yes
107,989,2024-06-12,Q4,4.2,Exceeds Expectations,6,Demonstrates strong problem-solving skills.,No
108,1836,2025-05-09,Q1,4.4,Exceeds Expectations,7,Good communication and collaboration.,No
109,2834,2024-10-15,Q3,2.7,Needs Improvement,10,Needs improvement in productivity.,No
110,2255,2025-01-05,Q4,3.0,Meets Expectations,7,Strong technical skills.,No
111,945,2024-10-06,Q2,2.4,Poor,8,Consistently exceeds expectations.,Yes
112,785,2024-12-04,Q4,2.6,Needs Improvement,7,Strong technical skills.,Yes
113,796,2024-10-21,Q3,2.9,Needs Improvement,5,Strong technical skills.,Yes
114,2901,2024-10-10,Q3,3.6,Meets Expectations,3,Excellent leadership and teamwork.,No
115,2857,2025-12-11,Q4,4.8,Outstanding,4,Excellent leadership and teamwork.,No
116,1923,2025-10-14,Q3,3.4,Meets Expectations,5,Excellent leadership and teamwork.,No
117,1957,2024-03-31,Q1,2.3,Poor,9,Demonstrates strong problem-solving skills.,Yes
118,2364,2024-06-13,Q1,3.9,Meets Expectations,5,Reliable and dependable employee.,No
119,349,2024-02-08,Q1,5.0,Outstanding,9,Good communication and collaboration.,No
120,1846,2024-03-26,Q3,4.7,Outstanding,9,Strong technical skills.,Yes
121,2498,2025-06-19,Q1,4.9,Outstanding,6,Good communication and collaboration.,No
122,2706,2025-07-04,Q2,2.2,Poor,5,Consistently exceeds expectations.,Yes
123,11,2025-11-02,Q4,3.2,Meets Expectations,7,Excellent leadership and teamwork.,Yes
124,1181,2024-02-06,Q4,4.1,Exceeds Expectations,4,Good communication and collaboration.,No
125,2561,2024-03-12,Q2,3.8,Meets Expectations,9,Consistently exceeds expectations.,Yes
126,2653,2025-06-11,Q3,2.4,Poor,5,Consistently exceeds expectations.,Yes
127,680,2025-11-05,Q3,4.4,Exceeds Expectations,10,Consistently exceeds expectations.,No
128,2821,2025-05-12,Q4,2.9,Needs Improvement,7,Demonstrates strong problem-solving skills.,No
129,330,2024-08-07,Q4,3.8,Meets Expectations,8,Strong technical skills.,Yes
130,375,2025-07-14,Q1,2.7,Needs Improvement,7,Excellent leadership and teamwork.,Yes
131,1928,2025-02-23,Q4,3.6,Meets Expectations,7,Reliable and dependable employee.,No
132,2601,2025-11-20,Q1,4.4,Exceeds Expectations,10,Needs improvement in productivity.,No
133,1366,2025-01-18,Q1,3.0,Meets Expectations,5,Needs improvement in productivity.,No
134,2842,2025-01-22,Q4,3.5,Meets Expectations,3,Demonstrates strong problem-solving skills.,Yes
135,1289,2025-12-27,Q1,2.8,Needs Improvement,9,Excellent leadership and teamwork.,No
136,1693,2025-07-11,Q3,2.2,Poor,10,Demonstrates strong problem-solving skills.,Yes
137,834,2024-07-22,Q2,2.8,Needs Improvement,7,Demonstrates strong problem-solving skills.,No
138,498,2024-02-02,Q2,2.1,Poor,5,Strong technical skills.,Yes
139,2263,2025-01-20,Q2,3.2,Meets Expectations,4,Demonstrates strong problem-solving skills.,Yes
140,2654,2024-03-12,Q4,4.5,Outstanding,7,Strong technical skills.,No
141,1977,2025-04-19,Q2,4.9,Outstanding,10,Reliable and dependable employee.,No
142,781,2024-10-30,Q2,4.8,Outstanding,4,Strong technical skills.,No
143,1393,2024-05-25,Q3,4.8,Outstanding,3,Strong technical skills.,No
144,2405,2024-11-10,Q4,3.7,Meets Expectations,5,Demonstrates strong problem-solving skills.,No
145,1414,2024-05-26,Q4,3.0,Meets Expectations,10,Needs improvement in productivity.,Yes
146,2857,2024-03-14,Q4,2.7,Needs Improvement,6,Requires additional coaching.,Yes
147,1304,2025-02-28,Q4,4.2,Exceeds Expectations,9,Reliable and dependable employee.,No
148,152,2024-05-24,Q3,2.4,Poor,4,Demonstrates strong problem-solving skills.,Yes
149,2155,2025-08-04,Q1,4.7,Outstanding,5,Requires additional coaching.,Yes
150,307,2024-07-15,Q3,3.4,Meets Expectations,8,Requires additional coaching.,Yes
151,1346,2025-12-14,Q4,4.6,Outstanding,8,Demonstrates strong problem-solving skills.,Yes
152,2530,2024-12-26,Q3,2.2,Poor,6,Consistently exceeds expectations.,No
153,404,2024-07-19,Q1,4.3,Exceeds Expectations,10,Reliable and dependable employee.,No
154,119,2025-10-02,Q1,2.1,Poor,7,Needs improvement in productivity.,No
155,1765,2025-05-10,Q4,2.4,Poor,5,Reliable and dependable employee.,Yes
156,324,2025-10-17,Q4,3.8,Meets Expectations,6,Demonstrates strong problem-solving skills.,Yes
157,952,2024-09-26,Q3,3.4,Meets Expectations,10,Strong technical skills.,Yes
158,1906,2024-02-07,Q2,4.7,Outstanding,4,Demonstrates strong problem-solving skills.,No
159,2407,2024-12-30,Q4,2.9,Needs Improvement,7,Demonstrates strong problem-solving skills.,No
160,816,2025-01-11,Q4,5.0,Outstanding,4,Good communication and collaboration.,No
161,2343,2025-09-09,Q3,3.1,Meets Expectations,7,Excellent leadership and teamwork.,No
162,1125,2025-01-25,Q1,2.0,Poor,10,Strong technical skills.,Yes
163,2487,2024-05-30,Q2,4.4,Exceeds Expectations,6,Strong technical skills.,Yes
164,2574,2024-02-29,Q1,2.3,Poor,7,Demonstrates strong problem-solving skills.,Yes
165,2374,2025-08-15,Q2,3.1,Meets Expectations,4,Strong technical skills.,No
166,1702,2024-11-17,Q2,2.5,Needs Improvement,8,Strong technical skills.,Yes
167,1053,2024-03-24,Q4,4.7,Outstanding,7,Needs improvement in productivity.,Yes
168,1919,2025-12-16,Q2,4.9,Outstanding,6,Requires additional coaching.,No
169,370,2025-02-28,Q1,4.4,Exceeds Expectations,7,Consistently exceeds expectations.,No
170,1510,2025-12-13,Q3,4.0,Exceeds Expectations,9,Needs improvement in productivity.,Yes
171,2765,2025-08-19,Q1,2.7,Needs Improvement,8,Good communication and collaboration.,Yes
172,2603,2024-09-16,Q3,4.5,Outstanding,9,Consistently exceeds expectations.,Yes
173,186,2024-07-23,Q3,4.8,Outstanding,10,Consistently exceeds expectations.,Yes
174,962,2024-09-26,Q2,4.7,Outstanding,9,Demonstrates strong problem-solving skills.,No
175,2747,2025-08-15,Q4,4.8,Outstanding,5,Requires additional coaching.,Yes
176,2005,2024-02-25,Q3,3.8,Meets Expectations,3,Needs improvement in productivity.,Yes
177,1817,2025-07-27,Q2,3.3,Meets Expectations,8,Consistently exceeds expectations.,No
178,2231,2024-06-01,Q3,4.7,Outstanding,3,Requires additional coaching.,No
179,778,2024-06-11,Q4,4.9,Outstanding,4,Good communication and collaboration.,Yes
180,208,2024-07-07,Q2,4.4,Exceeds Expectations,5,Good communication and collaboration.,Yes
181,2271,2024-10-03,Q2,2.6,Needs Improvement,6,Needs improvement in productivity.,Yes
182,2442,2024-10-08,Q2,2.0,Poor,5,Strong technical skills.,Yes
183,451,2025-10-17,Q1,4.0,Exceeds Expectations,5,Excellent leadership and teamwork.,No
184,975,2025-08-26,Q1,3.8,Meets Expectations,5,Strong technical skills.,Yes
185,520,2025-01-04,Q1,4.2,Exceeds Expectations,4,Demonstrates strong problem-solving skills.,No
186,1483,2025-05-04,Q1,3.5,Meets Expectations,10,Good communication and collaboration.,Yes
187,2979,2025-07-15,Q3,4.3,Exceeds Expectations,10,Excellent leadership and teamwork.,Yes
188,1962,2025-01-19,Q4,4.5,Outstanding,4,Demonstrates strong problem-solving skills.,No
189,302,2024-12-06,Q3,4.7,Outstanding,5,Consistently exceeds expectations.,Yes
190,1127,2025-12-12,Q3,3.9,Meets Expectations,9,Strong technical skills.,No
191,2071,2024-09-05,Q1,3.8,Meets Expectations,4,Good communication and collaboration.,No
192,1850,2025-03-05,Q4,4.7,Outstanding,8,Demonstrates strong problem-solving skills.,No
193,1704,2024-05-18,Q3,4.2,Exceeds Expectations,9,Needs improvement in productivity.,No
194,1534,2024-03-18,Q4,4.9,Outstanding,4,Consistently exceeds expectations.,Yes
195,382,2024-06-15,Q3,3.3,Meets Expectations,5,Excellent leadership and teamwork.,No
196,2745,2025-06-20,Q3,2.4,Poor,9,Excellent leadership and teamwork.,No
197,2460,2025-01-15,Q1,2.9,Needs Improvement,6,Reliable and dependable employee.,No
198,919,2024-08-10,Q3,4.5,Outstanding,8,Consistently exceeds expectations.,No
199,2352,2025-02-20,Q4,2.7,Needs Improvement,3,Strong technical skills.,Yes
200,739,2024-01-19,Q3,2.8,Needs Improvement,8,Needs improvement in productivity.,Yes
201,744,2025-08-10,Q4,4.6,Outstanding,4,Reliable and dependable employee.,Yes
202,376,2025-03-23,Q2,4.2,Exceeds Expectations,9,Requires additional coaching.,No
203,1397,2024-09-04,Q3,2.5,Needs Improvement,8,Consistently exceeds expectations.,Yes
204,638,2025-12-03,Q1,2.5,Needs Improvement,4,Strong technical skills.,No
205,2712,2024-06-10,Q4,3.3,Meets Expectations,9,Strong technical skills.,Yes
206,2099,2024-07-11,Q4,2.3,Poor,4,Strong technical skills.,No
207,2159,2025-01-14,Q1,4.0,Exceeds Expectations,6,Requires additional coaching.,Yes
208,32,2024-04-06,Q2,2.6,Needs Improvement,5,Strong technical skills.,No
209,1344,2025-12-28,Q4,2.4,Poor,9,Reliable and dependable employee.,Yes
210,1558,2025-09-11,Q2,3.6,Meets Expectations,8,Consistently exceeds expectations.,No
211,174,2025-05-25,Q4,3.3,Meets Expectations,4,Needs improvement in productivity.,No
212,2349,2025-06-22,Q4,3.2,Meets Expectations,7,Consistently exceeds expectations.,No
213,86,2024-02-03,Q2,4.9,Outstanding,10,Needs improvement in productivity.,Yes
214,1789,2025-09-30,Q2,4.5,Outstanding,9,Requires additional coaching.,Yes
215,1622,2024-07-16,Q3,4.6,Outstanding,6,Needs improvement in productivity.,Yes
216,313,2025-05-09,Q1,3.5,Meets Expectations,6,Needs improvement in productivity.,No
217,2980,2024-05-11,Q2,4.9,Outstanding,6,Consistently exceeds expectations.,Yes
218,1049,2024-10-01,Q2,2.6,Needs Improvement,4,Reliable and dependable employee.,No
219,1901,2024-09-23,Q4,4.3,Exceeds Expectations,8,Needs improvement in productivity.,Yes
220,1802,2025-11-06,Q4,2.2,Poor,7,Strong technical skills.,Yes
221,1442,2025-01-26,Q3,3.5,Meets Expectations,10,Demonstrates strong problem-solving skills.,Yes
222,234,2025-11-02,Q3,3.1,Meets Expectations,4,Consistently exceeds expectations.,No
223,1896,2025-10-05,Q1,3.7,Meets Expectations,10,Good communication and collaboration.,No
224,2479,2024-08-12,Q2,3.4,Meets Expectations,3,Demonstrates strong problem-solving skills.,Yes
225,1407,2024-07-01,Q1,4.9,Outstanding,5,Excellent leadership and teamwork.,Yes
226,2899,2024-07-02,Q4,3.3,Meets Expectations,5,Needs improvement in productivity.,No
227,1159,2025-07-26,Q3,3.2,Meets Expectations,3,Needs improvement in productivity.,Yes
228,1351,2025-10-20,Q4,2.3,Poor,7,Strong technical skills.,Yes
229,1366,2024-08-02,Q2,2.2,Poor,8,Strong technical skills.,No
230,529,2025-07-06,Q1,3.8,Meets Expectations,7,Requires additional coaching.,No
231,524,2024-03-17,Q1,4.0,Exceeds Expectations,9,Needs improvement in productivity.,Yes
232,1486,2025-01-08,Q2,2.9,Needs Improvement,8,Demonstrates strong problem-solving skills.,Yes
233,928,2025-08-10,Q2,5.0,Outstanding,4,Strong technical skills.,Yes
234,2080,2025-05-08,Q1,4.3,Exceeds Expectations,8,Reliable and dependable employee.,No
235,632,2025-12-06,Q2,2.5,Needs Improvement,10,Excellent leadership and teamwork.,No
236,1493,2024-10-03,Q2,4.0,Exceeds Expectations,10,Strong technical skills.,No
237,959,2024-07-02,Q3,3.6,Meets Expectations,10,Good communication and collaboration.,No
238,2779,2025-12-09,Q4,4.8,Outstanding,10,Strong technical skills.,No
239,2060,2025-10-29,Q2,3.6,Meets Expectations,6,Reliable and dependable employee.,No
240,214,2024-10-06,Q3,3.9,Meets Expectations,4,Consistently exceeds expectations.,No
241,344,2024-11-10,Q3,4.3,Exceeds Expectations,10,Reliable and dependable employee.,No
242,376,2024-11-13,Q2,4.8,Outstanding,10,Needs improvement in productivity.,Yes
243,1700,2024-05-27,Q3,2.2,Poor,6,Requires additional coaching.,Yes
244,1536,2025-02-12,Q3,2.7,Needs Improvement,4,Needs improvement in productivity.,Yes
245,564,2024-05-21,Q4,2.1,Poor,5,Demonstrates strong problem-solving skills.,No
246,2521,2024-12-01,Q1,2.0,Poor,3,Strong technical skills.,Yes
247,613,2024-02-10,Q4,3.6,Meets Expectations,4,Strong technical skills.,Yes
248,1234,2025-05-19,Q2,2.4,Poor,9,Demonstrates strong problem-solving skills.,Yes
249,455,2024-09-01,Q4,4.5,Outstanding,3,Good communication and collaboration.,Yes
250,1194,2025-10-11,Q3,3.3,Meets Expectations,6,Requires additional coaching.,Yes
251,2722,2025-07-18,Q3,4.0,Exceeds Expectations,4,Excellent leadership and teamwork.,No
252,1926,2025-03-03,Q4,2.1,Poor,8,Strong technical skills.,Yes
253,1463,2024-10-08,Q3,4.4,Exceeds Expectations,6,Consistently exceeds expectations.,No
254,547,2024-07-11,Q3,2.1,Poor,5,Demonstrates strong problem-solving skills.,No
255,2588,2025-08-24,Q2,2.5,Needs Improvement,4,Demonstrates strong problem-solving skills.,Yes
256,1202,2025-03-13,Q2,2.6,Needs Improvement,3,Needs improvement in productivity.,No
257,2112,2024-09-15,Q4,3.2,Meets Expectations,7,Excellent leadership and teamwork.,Yes
258,1172,2024-12-02,Q1,3.1,Meets Expectations,8,Strong technical skills.,Yes
259,1508,2025-09-18,Q4,3.3,Meets Expectations,10,Requires additional coaching.,No
260,766,2025-05-30,Q4,3.5,Meets Expectations,8,Strong technical skills.,Yes
261,2979,2024-11-04,Q4,3.3,Meets Expectations,5,Strong technical skills.,No
262,421,2025-12-01,Q3,2.2,Poor,7,Demonstrates strong problem-solving skills.,No
263,683,2024-07-31,Q3,4.1,Exceeds Expectations,10,Excellent leadership and teamwork.,No
264,2519,2024-12-29,Q3,5.0,Outstanding,3,Consistently exceeds expectations.,No
265,1489,2025-11-30,Q2,3.5,Meets Expectations,3,Reliable and dependable employee.,No
266,143,2025-04-10,Q2,2.4,Poor,8,Needs improvement in productivity.,No
267,2324,2024-04-07,Q2,2.1,Poor,10,Needs improvement in productivity.,No
268,1819,2025-11-02,Q2,4.3,Exceeds Expectations,8,Requires additional coaching.,No
269,2661,2025-09-24,Q1,2.8,Needs Improvement,3,Reliable and dependable employee.,No
270,2121,2025-06-01,Q1,3.2,Meets Expectations,7,Strong technical skills.,No
271,879,2025-08-12,Q3,5.0,Outstanding,10,Good communication and collaboration.,Yes
272,556,2024-11-20,Q4,4.6,Outstanding,5,Demonstrates strong problem-solving skills.,Yes
273,2794,2025-05-22,Q3,4.9,Outstanding,8,Consistently exceeds expectations.,No
274,1229,2024-04-13,Q2,4.6,Outstanding,8,Good communication and collaboration.,Yes
275,824,2024-06-06,Q2,4.4,Exceeds Expectations,10,Excellent leadership and teamwork.,No
276,2270,2025-06-06,Q4,3.7,Meets Expectations,5,Consistently exceeds expectations.,Yes
277,1267,2025-03-04,Q4,3.2,Meets Expectations,9,Requires additional coaching.,Yes
278,514,2024-09-12,Q1,4.9,Outstanding,10,Demonstrates strong problem-solving skills.,No
279,526,2025-09-27,Q2,4.6,Outstanding,5,Requires additional coaching.,Yes
280,509,2025-08-03,Q3,3.6,Meets Expectations,5,Reliable and dependable employee.,No
281,2906,2025-01-22,Q3,2.7,Needs Improvement,4,Strong technical skills.,Yes
282,2602,2025-11-19,Q3,4.9,Outstanding,5,Strong technical skills.,Yes
283,2059,2024-02-15,Q2,3.9,Meets Expectations,5,Needs improvement in productivity.,Yes
284,117,2024-10-10,Q3,2.2,Poor,6,Requires additional coaching.,Yes
285,2040,2025-11-19,Q3,4.7,Outstanding,7,Demonstrates strong problem-solving skills.,Yes
286,2806,2025-07-24,Q4,3.2,Meets Expectations,4,Excellent leadership and teamwork.,Yes
287,1801,2025-07-10,Q4,3.2,Meets Expectations,6,Needs improvement in productivity.,Yes
288,1281,2024-08-14,Q3,4.6,Outstanding,8,Requires additional coaching.,Yes
289,1518,2024-05-07,Q1,3.5,Meets Expectations,8,Good communication and collaboration.,No
290,502,2024-05-07,Q2,2.8,Needs Improvement,5,Consistently exceeds expectations.,Yes
291,1189,2025-07-17,Q4,4.8,Outstanding,6,Reliable and dependable employee.,No
292,2367,2024-04-17,Q2,4.2,Exceeds Expectations,5,Demonstrates strong problem-solving skills.,No
293,2043,2025-03-24,Q4,4.6,Outstanding,3,Consistently exceeds expectations.,No
294,2071,2025-05-23,Q2,3.4,Meets Expectations,6,Needs improvement in productivity.,Yes
295,208,2024-04-19,Q4,2.8,Needs Improvement,7,Excellent leadership and teamwork.,Yes
296,1766,2024-07-05,Q3,2.4,Poor,8,Requires additional coaching.,No
297,186,2024-07-24,Q2,3.2,Meets Expectations,8,Strong technical skills.,Yes
298,1583,2024-02-16,Q3,3.5,Meets Expectations,4,Reliable and dependable employee.,Yes
299,1614,2025-02-01,Q3,3.1,Meets Expectations,8,Reliable and dependable employee.,Yes
300,2468,2025-03-16,Q1,3.5,Meets Expectations,3,Excellent leadership and teamwork.,Yes
301,2923,2025-07-04,Q4,3.0,Meets Expectations,10,Reliable and dependable employee.,Yes
302,1344,2025-05-06,Q3,4.8,Outstanding,5,Requires additional coaching.,No
303,2432,2024-06-08,Q4,3.0,Meets Expectations,7,Demonstrates strong problem-solving skills.,Yes
304,1509,2025-12-26,Q1,3.0,Meets Expectations,9,Strong technical skills.,Yes
305,2445,2025-10-22,Q2,3.4,Meets Expectations,3,Demonstrates strong problem-solving skills.,Yes
306,2148,2024-05-19,Q4,3.9,Meets Expectations,5,Good communication and collaboration.,Yes
307,2346,2024-10-09,Q1,4.8,Outstanding,6,Excellent leadership and teamwork.,No
308,1285,2024-05-28,Q4,3.3,Meets Expectations,6,Requires additional coaching.,No
309,2980,2025-02-16,Q2,2.2,Poor,6,Needs improvement in productivity.,No
310,2153,2024-12-29,Q2,3.1,Meets Expectations,10,Needs improvement in productivity.,No
311,2769,2024-08-01,Q3,4.3,Exceeds Expectations,10,Good communication and collaboration.,Yes
312,1143,2025-07-21,Q2,3.7,Meets Expectations,7,Strong technical skills.,Yes
313,2828,2025-07-29,Q3,4.1,Exceeds Expectations,10,Needs improvement in productivity.,No
314,1179,2025-03-11,Q4,2.4,Poor,9,Needs improvement in productivity.,Yes
315,1190,2024-01-02,Q1,2.1,Poor,8,Demonstrates strong problem-solving skills.,No
316,1963,2025-08-28,Q3,2.6,Needs Improvement,7,Reliable and dependable employee.,Yes
317,2522,2024-08-05,Q2,4.2,Exceeds Expectations,6,Excellent leadership and teamwork.,Yes
318,2614,2025-07-13,Q1,2.7,Needs Improvement,9,Needs improvement in productivity.,No
319,412,2025-04-05,Q2,4.0,Exceeds Expectations,3,Reliable and dependable employee.,No
320,2675,2025-04-21,Q4,4.8,Outstanding,10,Good communication and collaboration.,No
321,1316,2025-07-26,Q1,2.9,Needs Improvement,4,Good communication and collaboration.,Yes
322,718,2025-12-09,Q2,3.3,Meets Expectations,3,Requires additional coaching.,No
323,764,2024-02-06,Q3,4.8,Outstanding,3,Excellent leadership and teamwork.,No
324,2327,2025-09-10,Q3,3.8,Meets Expectations,7,Demonstrates strong problem-solving skills.,No
325,550,2024-10-11,Q4,4.6,Outstanding,7,Good communication and collaboration.,Yes
326,1355,2024-04-22,Q4,2.5,Needs Improvement,7,Reliable and dependable employee.,Yes
327,1381,2024-10-04,Q2,4.4,Exceeds Expectations,5,Requires additional coaching.,No
328,2111,2024-04-16,Q4,3.0,Meets Expectations,4,Reliable and dependable employee.,Yes
329,1956,2025-02-16,Q2,3.0,Meets Expectations,3,Strong technical skills.,No
330,965,2024-04-09,Q3,3.3,Meets Expectations,8,Strong technical skills.,Yes
331,1072,2025-05-03,Q2,4.0,Exceeds Expectations,3,Consistently exceeds expectations.,No
332,1257,2024-08-17,Q3,2.5,Needs Improvement,4,Strong technical skills.,No
333,2518,2025-08-29,Q2,2.7,Needs Improvement,10,Reliable and dependable employee.,No
334,2482,2025-04-22,Q4,3.1,Meets Expectations,6,Good communication and collaboration.,Yes
335,2153,2024-02-06,Q3,3.3,Meets Expectations,4,Consistently exceeds expectations.,Yes
336,2244,2025-11-11,Q2,4.7,Outstanding,5,Reliable and dependable employee.,No
337,2132,2025-07-04,Q2,3.3,Meets Expectations,10,Consistently exceeds expectations.,No
338,228,2025-05-10,Q4,3.4,Meets Expectations,10,Excellent leadership and teamwork.,No
339,2756,2024-11-23,Q1,4.4,Exceeds Expectations,9,Strong technical skills.,Yes
340,893,2025-09-18,Q1,3.7,Meets Expectations,9,Needs improvement in productivity.,Yes
341,2217,2024-04-05,Q1,5.0,Outstanding,10,Excellent leadership and teamwork.,No
342,1675,2024-08-09,Q2,2.5,Needs Improvement,9,Needs improvement in productivity.,No
343,1838,2024-09-06,Q4,4.6,Outstanding,9,Consistently exceeds expectations.,Yes
344,2677,2024-12-10,Q1,4.6,Outstanding,5,Requires additional coaching.,Yes
345,2982,2025-01-07,Q1,4.9,Outstanding,3,Strong technical skills.,No
346,2759,2024-09-04,Q4,4.2,Exceeds Expectations,9,Good communication and collaboration.,Yes
347,1887,2024-07-17,Q3,3.0,Meets Expectations,6,Consistently exceeds expectations.,Yes
348,2705,2025-06-14,Q1,3.3,Meets Expectations,6,Good communication and collaboration.,Yes
349,414,2024-04-18,Q4,3.8,Meets Expectations,3,Good communication and collaboration.,Yes
350,1648,2024-11-17,Q2,3.3,Meets Expectations,3,Reliable and dependable employee.,No
351,960,2025-06-10,Q3,4.4,Exceeds Expectations,8,Good communication and collaboration.,No
352,587,2025-03-07,Q2,5.0,Outstanding,9,Strong technical skills.,No
353,250,2024-04-26,Q2,3.7,Meets Expectations,9,Demonstrates strong problem-solving skills.,Yes
354,1411,2024-06-23,Q4,4.8,Outstanding,8,Requires additional coaching.,No
355,612,2024-01-01,Q2,2.9,Needs Improvement,10,Good communication and collaboration.,Yes
356,1232,2025-02-11,Q2,4.6,Outstanding,10,Excellent leadership and teamwork.,No
357,1707,2025-04-16,Q2,3.7,Meets Expectations,9,Good communication and collaboration.,No
358,833,2025-01-18,Q1,3.0,Meets Expectations,10,Needs improvement in productivity.,Yes
359,2194,2025-09-19,Q2,4.2,Exceeds Expectations,3,Strong technical skills.,No
360,2760,2024-11-10,Q1,3.8,Meets Expectations,4,Good communication and collaboration.,Yes
361,1964,2024-02-15,Q3,2.6,Needs Improvement,7,Excellent leadership and teamwork.,Yes
362,779,2025-09-05,Q1,4.9,Outstanding,10,Good communication and collaboration.,Yes
363,1625,2024-05-24,Q3,4.7,Outstanding,7,Requires additional coaching.,No
364,2186,2025-11-05,Q3,3.9,Meets Expectations,7,Needs improvement in productivity.,No
365,1909,2025-11-12,Q4,2.3,Poor,8,Good communication and collaboration.,No
366,1282,2025-03-17,Q2,3.2,Meets Expectations,5,Excellent leadership and teamwork.,No
367,2267,2024-08-11,Q4,4.8,Outstanding,7,Reliable and dependable employee.,Yes
368,1352,2025-01-31,Q2,2.7,Needs Improvement,10,Needs improvement in productivity.,No
369,2002,2024-12-13,Q4,4.9,Outstanding,10,Reliable and dependable employee.,No
370,694,2025-07-14,Q4,2.4,Poor,5,Excellent leadership and teamwork.,Yes
371,305,2024-06-05,Q1,4.8,Outstanding,3,Requires additional coaching.,Yes
372,2584,2024-08-22,Q2,2.7,Needs Improvement,3,Good communication and collaboration.,No
373,1529,2024-06-19,Q4,2.2,Poor,10,Excellent leadership and teamwork.,Yes
374,2180,2025-07-11,Q1,3.7,Meets Expectations,3,Strong technical skills.,No
375,71,2025-09-20,Q4,3.5,Meets Expectations,5,Consistently exceeds expectations.,Yes
376,2148,2024-12-01,Q2,2.4,Poor,7,Needs improvement in productivity.,No
377,1626,2025-04-13,Q4,2.2,Poor,10,Good communication and collaboration.,Yes
378,1229,2024-11-01,Q1,4.1,Exceeds Expectations,3,Consistently exceeds expectations.,No
379,1554,2025-09-17,Q4,3.1,Meets Expectations,3,Excellent leadership and teamwork.,Yes
380,339,2024-12-13,Q4,3.5,Meets Expectations,8,Consistently exceeds expectations.,Yes
381,942,2024-11-03,Q4,2.6,Needs Improvement,7,Excellent leadership and teamwork.,Yes
382,2804,2025-05-16,Q1,4.8,Outstanding,5,Needs improvement in productivity.,Yes
383,849,2024-10-25,Q4,3.8,Meets Expectations,4,Strong technical skills.,Yes
384,2310,2024-09-17,Q4,2.7,Needs Improvement,8,Requires additional coaching.,Yes
385,2824,2025-07-08,Q3,4.2,Exceeds Expectations,3,Consistently exceeds expectations.,No
386,951,2025-01-10,Q3,4.5,Outstanding,9,Needs improvement in productivity.,Yes
387,2598,2024-04-24,Q4,2.8,Needs Improvement,10,Good communication and collaboration.,No
388,2266,2025-12-01,Q4,4.8,Outstanding,5,Requires additional coaching.,Yes
389,2534,2025-06-04,Q2,2.9,Needs Improvement,4,Consistently exceeds expectations.,No
390,632,2025-05-21,Q2,3.1,Meets Expectations,9,Needs improvement in productivity.,No
391,437,2024-11-08,Q3,2.3,Poor,10,Needs improvement in productivity.,No
392,419,2024-06-20,Q2,2.4,Poor,9,Demonstrates strong problem-solving skills.,No
393,424,2025-12-26,Q3,2.1,Poor,4,Needs improvement in productivity.,No
394,51,2024-02-14,Q4,2.9,Needs Improvement,4,Good communication and collaboration.,Yes
395,2808,2025-05-02,Q2,3.1,Meets Expectations,7,Strong technical skills.,No
396,2020,2024-09-17,Q2,2.4,Poor,9,Strong technical skills.,No
397,1228,2024-04-08,Q1,3.5,Meets Expectations,8,Strong technical skills.,Yes
398,2953,2024-11-29,Q2,3.9,Meets Expectations,10,Consistently exceeds expectations.,Yes
399,1248,2024-04-20,Q4,2.0,Poor,8,Requires additional coaching.,No
400,1804,2025-07-18,Q2,3.0,Meets Expectations,7,Needs improvement in productivity.,Yes
401,1963,2025-12-03,Q4,2.9,Needs Improvement,8,Strong technical skills.,No
402,2359,2025-02-06,Q3,4.3,Exceeds Expectations,9,Strong technical skills.,No
403,1496,2025-04-19,Q2,2.3,Poor,5,Excellent leadership and teamwork.,No
404,2902,2024-09-21,Q3,2.6,Needs Improvement,4,Requires additional coaching.,No
405,571,2024-03-17,Q2,3.9,Meets Expectations,7,Reliable and dependable employee.,No
406,1545,2024-07-03,Q4,2.2,Poor,9,Requires additional coaching.,Yes
407,1473,2025-08-23,Q1,4.1,Exceeds Expectations,4,Good communication and collaboration.,No
408,682,2024-04-30,Q1,3.9,Meets Expectations,9,Needs improvement in productivity.,No
409,434,2024-12-23,Q3,2.0,Poor,6,Good communication and collaboration.,No
410,1533,2025-02-23,Q2,3.2,Meets Expectations,8,Excellent leadership and teamwork.,No
411,429,2024-10-13,Q1,2.9,Needs Improvement,4,Reliable and dependable employee.,No
412,1278,2024-06-03,Q2,3.0,Meets Expectations,10,Needs improvement in productivity.,No
413,400,2025-09-01,Q4,3.3,Meets Expectations,8,Consistently exceeds expectations.,No
414,184,2025-12-02,Q1,4.4,Exceeds Expectations,3,Needs improvement in productivity.,Yes
415,2774,2024-11-29,Q2,4.4,Exceeds Expectations,5,Reliable and dependable employee.,No
416,2294,2024-02-07,Q4,3.3,Meets Expectations,6,Requires additional coaching.,Yes
417,764,2025-09-05,Q4,3.9,Meets Expectations,9,Excellent leadership and teamwork.,Yes
418,1842,2025-05-10,Q4,3.8,Meets Expectations,3,Good communication and collaboration.,Yes
419,1141,2024-12-12,Q1,4.3,Exceeds Expectations,4,Reliable and dependable employee.,No
420,1336,2024-08-22,Q1,2.6,Needs Improvement,7,Demonstrates strong problem-solving skills.,No
421,2446,2025-10-30,Q4,3.2,Meets Expectations,4,Needs improvement in productivity.,No
422,1876,2025-06-04,Q3,3.9,Meets Expectations,4,Reliable and dependable employee.,No
423,483,2025-02-16,Q1,2.7,Needs Improvement,5,Needs improvement in productivity.,Yes
424,2093,2024-02-09,Q2,3.2,Meets Expectations,9,Requires additional coaching.,Yes
425,1994,2024-10-26,Q2,3.9,Meets Expectations,5,Demonstrates strong problem-solving skills.,No
426,575,2024-05-15,Q4,2.6,Needs Improvement,3,Needs improvement in productivity.,Yes
427,1985,2025-01-05,Q4,2.4,Poor,10,Requires additional coaching.,No
428,1703,2024-08-24,Q4,4.1,Exceeds Expectations,10,Reliable and dependable employee.,Yes
429,2316,2024-01-22,Q2,2.1,Poor,7,Excellent leadership and teamwork.,No
430,921,2024-04-05,Q2,3.6,Meets Expectations,10,Demonstrates strong problem-solving skills.,Yes
431,2346,2025-10-27,Q3,2.3,Poor,3,Demonstrates strong problem-solving skills.,Yes
432,1742,2025-10-08,Q2,2.3,Poor,7,Excellent leadership and teamwork.,No
433,1077,2024-04-17,Q1,3.0,Meets Expectations,10,Consistently exceeds expectations.,Yes
434,860,2024-08-08,Q3,4.4,Exceeds Expectations,9,Reliable and dependable employee.,Yes
435,847,2025-12-19,Q1,4.4,Exceeds Expectations,8,Strong technical skills.,Yes
436,1326,2025-09-04,Q3,4.9,Outstanding,7,Strong technical skills.,Yes
437,556,2024-03-06,Q4,4.9,Outstanding,3,Strong technical skills.,Yes
438,2874,2025-06-02,Q2,4.6,Outstanding,5,Needs improvement in productivity.,Yes
439,2770,2024-02-29,Q2,3.2,Meets Expectations,7,Requires additional coaching.,No
440,1852,2025-06-30,Q1,2.2,Poor,9,Strong technical skills.,No
441,1863,2025-04-19,Q3,4.9,Outstanding,3,Consistently exceeds expectations.,No
442,2601,2025-03-11,Q3,4.0,Exceeds Expectations,4,Requires additional coaching.,Yes
443,1760,2025-02-11,Q4,4.5,Outstanding,7,Needs improvement in productivity.,No
444,1384,2025-05-16,Q2,3.6,Meets Expectations,10,Needs improvement in productivity.,Yes
445,189,2025-06-09,Q4,2.3,Poor,3,Consistently exceeds expectations.,Yes
446,1808,2025-11-19,Q4,3.4,Meets Expectations,6,Reliable and dependable employee.,No
447,652,2025-12-03,Q3,4.6,Outstanding,4,Needs improvement in productivity.,No
448,338,2024-09-04,Q2,3.1,Meets Expectations,3,Requires additional coaching.,No
449,2974,2025-10-29,Q2,4.1,Exceeds Expectations,9,Consistently exceeds expectations.,Yes
450,5,2025-11-05,Q1,2.6,Needs Improvement,5,Good communication and collaboration.,No
451,39,2025-03-08,Q3,2.0,Poor,4,Requires additional coaching.,Yes
452,1957,2025-11-27,Q4,2.2,Poor,4,Consistently exceeds expectations.,Yes
453,1284,2024-01-02,Q3,3.1,Meets Expectations,5,Requires additional coaching.,Yes
454,2628,2024-01-10,Q2,5.0,Outstanding,4,Excellent leadership and teamwork.,Yes
455,1803,2024-12-24,Q2,3.1,Meets Expectations,5,Requires additional coaching.,No
456,890,2024-01-17,Q1,2.3,Poor,5,Consistently exceeds expectations.,No
457,1440,2025-09-16,Q3,4.9,Outstanding,5,Good communication and collaboration.,No
458,2641,2024-05-21,Q3,2.3,Poor,3,Strong technical skills.,Yes
459,2121,2024-06-03,Q2,3.8,Meets Expectations,9,Strong technical skills.,Yes
460,981,2024-12-10,Q1,3.5,Meets Expectations,6,Demonstrates strong problem-solving skills.,Yes
461,2164,2025-04-12,Q1,4.7,Outstanding,8,Needs improvement in productivity.,Yes
462,1585,2025-11-29,Q4,4.6,Outstanding,8,Reliable and dependable employee.,No
463,299,2024-11-18,Q1,2.1,Poor,3,Strong technical skills.,Yes
464,164,2024-02-24,Q4,4.8,Outstanding,7,Requires additional coaching.,No
465,2875,2024-03-09,Q2,3.2,Meets Expectations,7,Consistently exceeds expectations.,No
466,324,2024-01-23,Q2,3.5,Meets Expectations,5,Needs improvement in productivity.,No
467,2403,2024-03-20,Q1,3.9,Meets Expectations,7,Requires additional coaching.,Yes
468,238,2024-01-17,Q4,2.7,Needs Improvement,4,Demonstrates strong problem-solving skills.,Yes
469,1267,2025-06-13,Q2,4.0,Exceeds Expectations,4,Excellent leadership and teamwork.,Yes
470,2874,2025-10-08,Q4,2.0,Poor,8,Strong technical skills.,Yes
471,1524,2024-12-10,Q3,2.4,Poor,4,Excellent leadership and teamwork.,No
472,1759,2025-04-03,Q1,2.8,Needs Improvement,7,Consistently exceeds expectations.,No
473,1865,2025-09-24,Q1,3.5,Meets Expectations,10,Reliable and dependable employee.,No
474,645,2025-09-23,Q1,2.8,Needs Improvement,4,Good communication and collaboration.,Yes
475,181,2024-10-22,Q1,4.6,Outstanding,6,Excellent leadership and teamwork.,No
476,1491,2024-07-05,Q2,3.1,Meets Expectations,5,Excellent leadership and teamwork.,No
477,920,2024-01-09,Q4,3.0,Meets Expectations,8,Strong technical skills.,Yes
478,2342,2025-08-22,Q1,3.1,Meets Expectations,5,Good communication and collaboration.,Yes
479,1643,2025-06-01,Q4,2.2,Poor,7,Strong technical skills.,No
480,354,2025-01-24,Q1,3.7,Meets Expectations,8,Good communication and collaboration.,No
481,2310,2024-02-23,Q2,4.4,Exceeds Expectations,10,Needs improvement in productivity.,No
482,801,2025-11-27,Q2,4.2,Exceeds Expectations,5,Excellent leadership and teamwork.,No
483,98,2025-08-02,Q3,2.7,Needs Improvement,3,Needs improvement in productivity.,Yes
484,2693,2025-04-09,Q3,3.1,Meets Expectations,4,Good communication and collaboration.,Yes
485,1720,2025-08-27,Q1,3.5,Meets Expectations,5,Strong technical skills.,Yes
486,180,2025-07-06,Q4,4.8,Outstanding,8,Demonstrates strong problem-solving skills.,Yes
487,2379,2025-02-18,Q2,2.3,Poor,9,Consistently exceeds expectations.,Yes
488,1782,2025-05-18,Q2,4.0,Exceeds Expectations,6,Strong technical skills.,No
489,1291,2024-07-24,Q4,4.8,Outstanding,8,Needs improvement in productivity.,No
490,1114,2024-03-14,Q2,2.7,Needs Improvement,5,Consistently exceeds expectations.,Yes
491,433,2025-11-06,Q4,2.5,Needs Improvement,8,Requires additional coaching.,Yes
492,2196,2025-10-06,Q2,3.1,Meets Expectations,10,Strong technical skills.,No
493,1086,2025-01-18,Q1,4.6,Outstanding,5,Strong technical skills.,Yes
494,881,2024-09-30,Q3,4.5,Outstanding,5,Consistently exceeds expectations.,Yes
495,1458,2024-04-26,Q1,3.2,Meets Expectations,7,Strong technical skills.,Yes
496,128,2025-11-13,Q4,4.9,Outstanding,6,Consistently exceeds expectations.,No
497,418,2024-08-21,Q2,4.4,Exceeds Expectations,4,Excellent leadership and teamwork.,Yes
498,911,2025-05-08,Q4,2.4,Poor,8,Consistently exceeds expectations.,No
499,308,2025-05-01,Q1,2.1,Poor,6,Demonstrates strong problem-solving skills.,Yes
500,377,2025-05-23,Q3,4.7,Outstanding,4,Excellent leadership and teamwork.,No
501,208,2024-05-06,Q4,2.5,Needs Improvement,9,Demonstrates strong problem-solving skills.,Yes
502,1568,2025-02-11,Q2,4.0,Exceeds Expectations,8,Good communication and collaboration.,Yes
503,1127,2024-11-07,Q2,2.8,Needs Improvement,3,Good communication and collaboration.,No
504,2044,2025-04-19,Q4,3.2,Meets Expectations,3,Consistently exceeds expectations.,No
505,1569,2025-12-30,Q2,2.4,Poor,6,Excellent leadership and teamwork.,No
506,2922,2024-03-18,Q4,3.1,Meets Expectations,8,Needs improvement in productivity.,No
507,1108,2025-06-25,Q3,2.5,Needs Improvement,6,Excellent leadership and teamwork.,No
508,240,2025-01-06,Q4,4.4,Exceeds Expectations,8,Good communication and collaboration.,Yes
509,411,2024-09-03,Q2,2.7,Needs Improvement,7,Excellent leadership and teamwork.,Yes
510,2359,2024-10-21,Q4,4.5,Outstanding,8,Reliable and dependable employee.,Yes
511,969,2025-08-23,Q3,3.8,Meets Expectations,3,Needs improvement in productivity.,Yes
512,2307,2025-07-23,Q4,4.8,Outstanding,7,Reliable and dependable employee.,No
513,156,2024-09-11,Q2,2.3,Poor,6,Excellent leadership and teamwork.,No
514,3,2024-08-09,Q2,3.0,Meets Expectations,5,Needs improvement in productivity.,Yes
515,1326,2024-12-10,Q2,2.2,Poor,5,Consistently exceeds expectations.,No
516,298,2024-03-28,Q4,3.1,Meets Expectations,4,Needs improvement in productivity.,No
517,1322,2024-01-13,Q2,2.4,Poor,9,Demonstrates strong problem-solving skills.,No
518,714,2024-03-01,Q3,4.1,Exceeds Expectations,6,Reliable and dependable employee.,No
519,1257,2025-11-28,Q3,4.2,Exceeds Expectations,5,Reliable and dependable employee.,Yes
520,2876,2025-03-07,Q4,4.8,Outstanding,3,Reliable and dependable employee.,No
521,2505,2024-06-26,Q1,2.7,Needs Improvement,10,Reliable and dependable employee.,No
522,319,2025-04-03,Q3,2.7,Needs Improvement,5,Consistently exceeds expectations.,No
523,1830,2025-05-14,Q2,2.0,Poor,6,Consistently exceeds expectations.,No
524,1052,2024-04-22,Q1,4.4,Exceeds Expectations,3,Requires additional coaching.,No
525,1719,2024-05-25,Q4,4.9,Outstanding,10,Requires additional coaching.,No
526,2237,2024-08-08,Q4,3.1,Meets Expectations,6,Reliable and dependable employee.,No
527,302,2024-12-17,Q1,4.4,Exceeds Expectations,7,Excellent leadership and teamwork.,No
528,1070,2025-04-27,Q1,4.9,Outstanding,8,Reliable and dependable employee.,No
529,660,2024-02-28,Q1,4.2,Exceeds Expectations,8,Demonstrates strong problem-solving skills.,Yes
530,1767,2024-02-20,Q2,4.8,Outstanding,9,Reliable and dependable employee.,Yes
531,415,2024-11-03,Q2,3.0,Meets Expectations,9,Strong technical skills.,No
532,1219,2024-08-06,Q1,2.7,Needs Improvement,9,Demonstrates strong problem-solving skills.,Yes
533,224,2025-05-17,Q4,3.1,Meets Expectations,4,Strong technical skills.,No
534,818,2024-09-03,Q2,2.3,Poor,5,Strong technical skills.,Yes
535,1940,2024-02-04,Q3,4.5,Outstanding,9,Demonstrates strong problem-solving skills.,No
536,2708,2024-09-27,Q4,2.8,Needs Improvement,5,Needs improvement in productivity.,No
537,1514,2025-10-10,Q1,2.6,Needs Improvement,7,Demonstrates strong problem-solving skills.,No
538,1079,2024-07-06,Q3,2.7,Needs Improvement,3,Reliable and dependable employee.,Yes
539,352,2024-07-23,Q4,4.0,Exceeds Expectations,6,Excellent leadership and teamwork.,No
540,2141,2025-08-25,Q4,3.3,Meets Expectations,6,Demonstrates strong problem-solving skills.,No
541,324,2024-11-01,Q1,3.2,Meets Expectations,5,Consistently exceeds expectations.,No
542,709,2025-10-24,Q2,4.8,Outstanding,6,Good communication and collaboration.,Yes
543,175,2024-08-19,Q4,3.3,Meets Expectations,6,Reliable and dependable employee.,No
544,1310,2024-06-17,Q1,4.7,Outstanding,4,Requires additional coaching.,No
545,2262,2024-01-26,Q3,3.0,Meets Expectations,10,Excellent leadership and teamwork.,No
546,461,2025-05-09,Q2,3.2,Meets Expectations,4,Consistently exceeds expectations.,Yes
547,1172,2024-08-21,Q3,4.6,Outstanding,9,Strong technical skills.,No
548,2683,2024-09-06,Q4,3.5,Meets Expectations,3,Reliable and dependable employee.,No
549,1651,2025-09-03,Q4,2.4,Poor,3,Requires additional coaching.,No
550,2829,2024-11-09,Q4,2.7,Needs Improvement,7,Needs improvement in productivity.,Yes
551,1384,2024-12-02,Q3,4.5,Outstanding,7,Strong technical skills.,No
552,2852,2024-05-30,Q2,4.1,Exceeds Expectations,5,Strong technical skills.,No
553,1315,2024-03-31,Q4,2.8,Needs Improvement,4,Good communication and collaboration.,No
554,866,2024-04-30,Q4,4.7,Outstanding,10,Needs improvement in productivity.,Yes
555,2111,2024-01-04,Q1,4.4,Exceeds Expectations,7,Requires additional coaching.,Yes
556,2148,2024-03-29,Q1,4.6,Outstanding,5,Good communication and collaboration.,Yes
557,237,2024-02-04,Q4,2.7,Needs Improvement,3,Needs improvement in productivity.,Yes
558,1123,2025-04-05,Q4,3.1,Meets Expectations,9,Consistently exceeds expectations.,Yes
559,991,2024-03-13,Q4,3.1,Meets Expectations,5,Demonstrates strong problem-solving skills.,No
560,1411,2024-04-20,Q3,2.5,Needs Improvement,4,Strong technical skills.,Yes
561,1584,2025-02-26,Q2,2.1,Poor,6,Good communication and collaboration.,Yes
562,1103,2025-07-28,Q1,4.0,Exceeds Expectations,3,Demonstrates strong problem-solving skills.,Yes
563,2652,2025-05-14,Q1,2.5,Needs Improvement,6,Strong technical skills.,No
564,2920,2025-03-25,Q3,4.9,Outstanding,9,Requires additional coaching.,No
565,1881,2024-11-06,Q4,2.8,Needs Improvement,7,Requires additional coaching.,Yes
566,31,2024-11-28,Q3,3.5,Meets Expectations,7,Strong technical skills.,Yes
567,1974,2025-08-15,Q3,2.2,Poor,8,Strong technical skills.,No
568,2688,2024-10-11,Q3,4.1,Exceeds Expectations,6,Reliable and dependable employee.,Yes
569,233,2025-04-05,Q4,4.4,Exceeds Expectations,8,Reliable and dependable employee.,Yes
570,2685,2024-08-18,Q3,3.5,Meets Expectations,7,Requires additional coaching.,No
571,1591,2025-05-10,Q2,4.2,Exceeds Expectations,8,Good communication and collaboration.,No
572,2752,2024-11-06,Q3,3.1,Meets Expectations,5,Reliable and dependable employee.,No
573,400,2025-07-23,Q3,3.4,Meets Expectations,5,Needs improvement in productivity.,Yes
574,911,2024-11-23,Q3,3.1,Meets Expectations,9,Needs improvement in productivity.,No
575,1068,2025-03-28,Q4,3.8,Meets Expectations,4,Demonstrates strong problem-solving skills.,Yes
576,2599,2024-10-28,Q1,3.8,Meets Expectations,10,Good communication and collaboration.,Yes
577,2789,2025-07-29,Q3,3.1,Meets Expectations,9,Excellent leadership and teamwork.,Yes
578,563,2024-07-29,Q3,5.0,Outstanding,9,Demonstrates strong problem-solving skills.,Yes
579,1296,2024-06-06,Q2,4.6,Outstanding,4,Demonstrates strong problem-solving skills.,No
580,2585,2024-07-24,Q3,5.0,Outstanding,3,Excellent leadership and teamwork.,No
581,1121,2025-08-14,Q2,2.6,Needs Improvement,5,Demonstrates strong problem-solving skills.,Yes
582,531,2024-03-11,Q4,3.8,Meets Expectations,9,Requires additional coaching.,No
583,1571,2024-07-20,Q2,2.0,Poor,8,Excellent leadership and teamwork.,No
584,2176,2024-04-20,Q1,2.6,Needs Improvement,6,Good communication and collaboration.,No
585,1279,2024-07-10,Q4,2.4,Poor,7,Reliable and dependable employee.,Yes
586,188,2025-01-11,Q3,2.9,Needs Improvement,10,Needs improvement in productivity.,No
587,2814,2024-09-19,Q3,5.0,Outstanding,10,Needs improvement in productivity.,Yes
588,676,2024-08-15,Q4,4.8,Outstanding,3,Good communication and collaboration.,Yes
589,2979,2024-02-15,Q2,5.0,Outstanding,3,Reliable and dependable employee.,Yes
590,1502,2025-05-15,Q1,4.1,Exceeds Expectations,9,Strong technical skills.,Yes
591,2433,2024-10-22,Q1,5.0,Outstanding,3,Excellent leadership and teamwork.,Yes
592,1708,2024-01-22,Q1,3.3,Meets Expectations,7,Demonstrates strong problem-solving skills.,Yes
593,842,2025-12-08,Q1,4.1,Exceeds Expectations,7,Requires additional coaching.,Yes
594,2714,2025-09-12,Q2,3.6,Meets Expectations,9,Consistently exceeds expectations.,Yes
595,1158,2025-05-03,Q1,2.3,Poor,10,Good communication and collaboration.,Yes
596,1078,2024-01-12,Q2,4.5,Outstanding,8,Requires additional coaching.,No
597,657,2025-09-13,Q4,2.1,Poor,6,Demonstrates strong problem-solving skills.,No
598,961,2025-02-09,Q1,2.0,Poor,4,Demonstrates strong problem-solving skills.,Yes
599,369,2025-09-27,Q1,4.3,Exceeds Expectations,4,Strong technical skills.,Yes
600,1871,2025-06-01,Q3,5.0,Outstanding,7,Demonstrates strong problem-solving skills.,Yes
601,409,2025-05-28,Q1,4.4,Exceeds Expectations,7,Needs improvement in productivity.,No
602,1745,2025-07-16,Q1,4.2,Exceeds Expectations,3,Excellent leadership and teamwork.,Yes
603,2718,2025-12-14,Q3,3.9,Meets Expectations,8,Demonstrates strong problem-solving skills.,No
604,381,2024-05-16,Q3,3.1,Meets Expectations,5,Consistently exceeds expectations.,No
605,1640,2024-12-02,Q3,4.9,Outstanding,9,Demonstrates strong problem-solving skills.,No
606,2658,2025-02-13,Q2,4.7,Outstanding,4,Reliable and dependable employee.,Yes
607,653,2024-06-06,Q4,2.3,Poor,10,Reliable and dependable employee.,No
608,1469,2025-10-05,Q2,3.8,Meets Expectations,10,Demonstrates strong problem-solving skills.,Yes
609,1685,2024-10-07,Q1,3.3,Meets Expectations,7,Needs improvement in productivity.,Yes
610,2886,2024-05-12,Q2,4.6,Outstanding,8,Consistently exceeds expectations.,No
611,2711,2025-04-24,Q4,4.2,Exceeds Expectations,8,Requires additional coaching.,Yes
612,2287,2025-07-15,Q1,4.7,Outstanding,3,Reliable and dependable employee.,No
613,2031,2024-01-19,Q1,4.6,Outstanding,10,Needs improvement in productivity.,Yes
614,1356,2025-02-06,Q1,4.9,Outstanding,6,Requires additional coaching.,No
615,963,2025-03-15,Q4,2.2,Poor,10,Consistently exceeds expectations.,No
616,1832,2024-05-08,Q4,2.9,Needs Improvement,3,Consistently exceeds expectations.,No
617,1689,2024-06-06,Q1,2.1,Poor,4,Strong technical skills.,Yes
618,2682,2025-04-16,Q3,4.0,Exceeds Expectations,8,Excellent leadership and teamwork.,Yes
619,1862,2025-12-08,Q4,3.0,Meets Expectations,8,Demonstrates strong problem-solving skills.,Yes
620,400,2024-01-20,Q2,4.3,Exceeds Expectations,3,Needs improvement in productivity.,No
621,2596,2024-05-07,Q3,4.9,Outstanding,8,Consistently exceeds expectations.,Yes
622,673,2024-03-17,Q4,3.5,Meets Expectations,4,Strong technical skills.,Yes
623,769,2024-07-05,Q4,2.4,Poor,6,Demonstrates strong problem-solving skills.,Yes
624,2936,2024-07-24,Q4,3.0,Meets Expectations,3,Consistently exceeds expectations.,No
625,1874,2024-09-16,Q2,4.0,Exceeds Expectations,10,Excellent leadership and teamwork.,Yes
626,2267,2024-04-29,Q4,4.8,Outstanding,5,Reliable and dependable employee.,Yes
627,425,2025-05-10,Q3,3.2,Meets Expectations,9,Requires additional coaching.,Yes
628,1121,2024-05-08,Q3,3.2,Meets Expectations,7,Demonstrates strong problem-solving skills.,Yes
629,566,2025-05-04,Q3,3.2,Meets Expectations,8,Good communication and collaboration.,Yes
630,859,2024-08-04,Q3,3.9,Meets Expectations,8,Reliable and dependable employee.,Yes
631,2064,2025-10-25,Q3,3.6,Meets Expectations,4,Needs improvement in productivity.,No
632,2388,2025-02-27,Q4,3.7,Meets Expectations,7,Requires additional coaching.,Yes
633,2142,2024-05-21,Q4,2.3,Poor,5,Excellent leadership and teamwork.,Yes
634,819,2024-01-25,Q2,2.8,Needs Improvement,7,Strong technical skills.,Yes
635,255,2025-08-02,Q3,4.1,Exceeds Expectations,6,Excellent leadership and teamwork.,No
636,1854,2024-11-07,Q2,2.3,Poor,9,Good communication and collaboration.,No
637,2839,2024-10-13,Q4,4.0,Exceeds Expectations,9,Requires additional coaching.,No
638,2262,2025-06-11,Q3,2.2,Poor,6,Demonstrates strong problem-solving skills.,Yes
639,2596,2025-03-07,Q3,4.1,Exceeds Expectations,6,Good communication and collaboration.,No
640,1839,2025-05-13,Q1,2.5,Needs Improvement,5,Reliable and dependable employee.,Yes
641,1546,2025-01-30,Q3,2.1,Poor,7,Reliable and dependable employee.,Yes
642,2393,2024-12-22,Q1,4.5,Outstanding,8,Demonstrates strong problem-solving skills.,Yes
643,164,2024-02-29,Q3,2.5,Needs Improvement,3,Strong technical skills.,No
644,2346,2025-09-16,Q1,3.7,Meets Expectations,8,Good communication and collaboration.,Yes
645,2133,2024-07-11,Q2,2.2,Poor,9,Requires additional coaching.,Yes
646,1432,2024-04-27,Q2,2.7,Needs Improvement,8,Needs improvement in productivity.,No
647,1203,2025-05-20,Q4,2.7,Needs Improvement,3,Consistently exceeds expectations.,No
648,1826,2024-12-12,Q2,2.7,Needs Improvement,3,Needs improvement in productivity.,No
649,465,2024-08-19,Q3,3.2,Meets Expectations,3,Needs improvement in productivity.,No
650,1994,2025-06-01,Q2,2.1,Poor,8,Consistently exceeds expectations.,Yes
651,686,2024-08-06,Q1,4.9,Outstanding,4,Good communication and collaboration.,Yes
652,2808,2024-12-03,Q1,3.3,Meets Expectations,6,Requires additional coaching.,Yes
653,2811,2024-03-16,Q4,2.5,Needs Improvement,8,Excellent leadership and teamwork.,Yes
654,301,2025-11-23,Q3,2.2,Poor,4,Good communication and collaboration.,No
655,1670,2024-11-30,Q4,3.2,Meets Expectations,9,Needs improvement in productivity.,Yes
656,1596,2025-05-01,Q1,4.0,Exceeds Expectations,4,Excellent leadership and teamwork.,Yes
657,1466,2024-11-26,Q1,4.8,Outstanding,7,Strong technical skills.,Yes
658,1154,2025-02-01,Q4,4.3,Exceeds Expectations,9,Requires additional coaching.,Yes
659,1942,2024-09-28,Q2,2.5,Needs Improvement,5,Requires additional coaching.,No
660,2598,2025-08-16,Q3,2.4,Poor,3,Reliable and dependable employee.,Yes
661,172,2024-08-04,Q4,2.0,Poor,4,Strong technical skills.,Yes
662,2974,2024-12-22,Q4,3.0,Meets Expectations,5,Reliable and dependable employee.,Yes
663,905,2025-05-03,Q3,3.9,Meets Expectations,6,Consistently exceeds expectations.,Yes
664,2749,2025-04-04,Q1,4.4,Exceeds Expectations,10,Consistently exceeds expectations.,No
665,2752,2025-12-21,Q1,2.2,Poor,6,Demonstrates strong problem-solving skills.,No
666,1463,2025-06-12,Q2,2.4,Poor,4,Strong technical skills.,Yes
667,793,2025-10-23,Q4,3.0,Meets Expectations,8,Strong technical skills.,Yes
668,2317,2024-11-21,Q3,3.7,Meets Expectations,9,Reliable and dependable employee.,Yes
669,1283,2024-10-28,Q2,2.7,Needs Improvement,9,Strong technical skills.,No
670,551,2025-05-25,Q3,4.0,Exceeds Expectations,10,Demonstrates strong problem-solving skills.,No
671,1470,2024-12-04,Q4,4.3,Exceeds Expectations,4,Reliable and dependable employee.,Yes
672,1150,2024-06-10,Q2,4.6,Outstanding,6,Strong technical skills.,Yes
673,2980,2025-04-23,Q1,2.2,Poor,3,Requires additional coaching.,Yes
674,151,2025-09-23,Q4,3.7,Meets Expectations,5,Needs improvement in productivity.,No
675,915,2025-05-03,Q3,4.7,Outstanding,5,Demonstrates strong problem-solving skills.,Yes
676,1626,2024-12-01,Q1,3.1,Meets Expectations,6,Reliable and dependable employee.,Yes
677,1828,2024-02-16,Q2,2.5,Needs Improvement,10,Needs improvement in productivity.,Yes
678,897,2025-04-08,Q2,4.3,Exceeds Expectations,4,Strong technical skills.,No
679,959,2024-11-18,Q2,2.1,Poor,8,Requires additional coaching.,No
680,1863,2024-11-21,Q1,4.6,Outstanding,8,Consistently exceeds expectations.,No
681,1079,2025-01-26,Q2,3.7,Meets Expectations,9,Requires additional coaching.,No
682,2408,2025-07-28,Q1,4.0,Exceeds Expectations,7,Requires additional coaching.,Yes
683,2116,2025-08-22,Q3,3.2,Meets Expectations,10,Demonstrates strong problem-solving skills.,Yes
684,2056,2024-09-15,Q4,4.6,Outstanding,5,Good communication and collaboration.,Yes
685,2108,2024-03-04,Q2,3.9,Meets Expectations,5,Reliable and dependable employee.,Yes
686,1484,2024-08-07,Q1,3.8,Meets Expectations,6,Requires additional coaching.,No
687,2951,2025-11-08,Q4,2.3,Poor,10,Good communication and collaboration.,Yes
688,2652,2024-08-22,Q1,4.5,Outstanding,6,Excellent leadership and teamwork.,Yes
689,2350,2024-11-22,Q2,3.8,Meets Expectations,3,Reliable and dependable employee.,Yes
690,682,2024-10-27,Q2,2.8,Needs Improvement,9,Excellent leadership and teamwork.,No
691,352,2025-10-06,Q4,2.6,Needs Improvement,10,Reliable and dependable employee.,Yes
692,1683,2024-02-10,Q2,3.8,Meets Expectations,7,Reliable and dependable employee.,No
693,1858,2024-04-11,Q1,3.8,Meets Expectations,6,Requires additional coaching.,No
694,542,2024-10-13,Q2,2.3,Poor,9,Reliable and dependable employee.,Yes
695,727,2024-04-20,Q1,3.4,Meets Expectations,4,Consistently exceeds expectations.,No
696,2701,2024-12-18,Q1,2.4,Poor,9,Requires additional coaching.,No
697,178,2024-09-24,Q4,4.1,Exceeds Expectations,6,Demonstrates strong problem-solving skills.,No
698,1436,2024-01-13,Q1,3.8,Meets Expectations,9,Reliable and dependable employee.,No
699,1955,2024-12-29,Q1,4.3,Exceeds Expectations,7,Requires additional coaching.,No
700,775,2024-05-07,Q1,2.0,Poor,4,Excellent leadership and teamwork.,No
701,2682,2024-06-13,Q3,2.6,Needs Improvement,9,Needs improvement in productivity.,Yes
702,634,2024-09-05,Q3,3.3,Meets Expectations,7,Requires additional coaching.,No
703,2507,2025-02-05,Q4,2.8,Needs Improvement,6,Requires additional coaching.,No
704,733,2024-04-03,Q4,3.1,Meets Expectations,7,Strong technical skills.,No
705,2890,2024-06-29,Q2,3.2,Meets Expectations,4,Good communication and collaboration.,No
706,2865,2024-04-02,Q1,4.8,Outstanding,6,Requires additional coaching.,No
707,2256,2025-06-23,Q1,3.8,Meets Expectations,5,Requires additional coaching.,Yes
708,374,2025-04-17,Q4,4.5,Outstanding,9,Consistently exceeds expectations.,Yes
709,1078,2025-12-23,Q1,2.7,Needs Improvement,3,Requires additional coaching.,No
710,2515,2025-09-11,Q3,4.0,Exceeds Expectations,3,Reliable and dependable employee.,No
711,1799,2025-08-08,Q3,2.0,Poor,6,Excellent leadership and teamwork.,Yes
712,2520,2024-02-22,Q1,2.5,Needs Improvement,8,Good communication and collaboration.,Yes
713,645,2024-07-27,Q3,2.3,Poor,9,Needs improvement in productivity.,No
714,1661,2025-10-29,Q1,3.8,Meets Expectations,4,Consistently exceeds expectations.,No
715,2975,2024-10-26,Q3,4.5,Outstanding,8,Strong technical skills.,Yes
716,2484,2024-04-25,Q4,4.9,Outstanding,9,Excellent leadership and teamwork.,No
717,717,2024-10-04,Q1,3.2,Meets Expectations,4,Strong technical skills.,No
718,480,2025-05-21,Q3,4.4,Exceeds Expectations,7,Demonstrates strong problem-solving skills.,No
719,2307,2024-11-24,Q2,3.5,Meets Expectations,8,Demonstrates strong problem-solving skills.,No
720,2404,2024-12-14,Q4,4.6,Outstanding,4,Strong technical skills.,Yes
721,1568,2025-08-20,Q2,3.9,Meets Expectations,6,Needs improvement in productivity.,No
722,1447,2025-09-07,Q1,3.5,Meets Expectations,7,Good communication and collaboration.,No
723,381,2025-06-01,Q3,3.2,Meets Expectations,4,Reliable and dependable employee.,No
724,1286,2024-05-30,Q3,3.1,Meets Expectations,5,Good communication and collaboration.,No
725,818,2025-05-18,Q2,2.7,Needs Improvement,7,Good communication and collaboration.,Yes
726,831,2025-07-17,Q3,4.5,Outstanding,5,Consistently exceeds expectations.,Yes
727,322,2024-05-12,Q4,4.0,Exceeds Expectations,3,Excellent leadership and teamwork.,No
728,1521,2024-02-19,Q4,3.9,Meets Expectations,7,Demonstrates strong problem-solving skills.,Yes
729,2094,2025-09-08,Q2,2.8,Needs Improvement,5,Excellent leadership and teamwork.,No
730,1960,2024-06-04,Q1,4.8,Outstanding,8,Requires additional coaching.,Yes
731,1873,2025-01-30,Q4,4.9,Outstanding,8,Excellent leadership and teamwork.,Yes
732,2762,2024-03-06,Q1,2.6,Needs Improvement,8,Needs improvement in productivity.,No
733,767,2025-01-19,Q2,3.6,Meets Expectations,7,Demonstrates strong problem-solving skills.,No
734,1499,2024-11-29,Q4,2.6,Needs Improvement,6,Requires additional coaching.,No
735,1496,2024-05-11,Q3,4.6,Outstanding,10,Reliable and dependable employee.,Yes
736,2359,2025-11-21,Q1,4.1,Exceeds Expectations,7,Good communication and collaboration.,No
737,1561,2024-10-31,Q2,2.6,Needs Improvement,10,Excellent leadership and teamwork.,Yes
738,1727,2025-12-05,Q3,3.5,Meets Expectations,10,Strong technical skills.,No
739,2303,2024-07-09,Q1,4.6,Outstanding,9,Consistently exceeds expectations.,Yes
740,246,2025-05-14,Q3,2.6,Needs Improvement,10,Consistently exceeds expectations.,No
741,1371,2025-02-12,Q3,2.8,Needs Improvement,7,Needs improvement in productivity.,Yes
742,1687,2025-06-04,Q2,2.4,Poor,5,Strong technical skills.,No
743,1332,2024-06-12,Q4,4.0,Exceeds Expectations,10,Consistently exceeds expectations.,No
744,2514,2024-05-22,Q2,2.9,Needs Improvement,5,Needs improvement in productivity.,No
745,2586,2025-06-11,Q4,3.8,Meets Expectations,4,Consistently exceeds expectations.,Yes
746,1408,2024-10-27,Q3,2.7,Needs Improvement,7,Strong technical skills.,No
747,1112,2024-01-12,Q3,4.7,Outstanding,10,Requires additional coaching.,Yes
748,754,2024-10-26,Q2,4.6,Outstanding,6,Strong technical skills.,Yes
749,863,2024-02-02,Q1,2.5,Needs Improvement,4,Consistently exceeds expectations.,No
750,2247,2024-11-13,Q4,2.2,Poor,4,Consistently exceeds expectations.,No
751,2532,2024-08-16,Q4,2.5,Needs Improvement,7,Good communication and collaboration.,Yes
752,1164,2024-06-23,Q2,3.3,Meets Expectations,5,Reliable and dependable employee.,Yes
753,144,2025-10-08,Q3,4.0,Exceeds Expectations,10,Demonstrates strong problem-solving skills.,No
754,2247,2024-10-07,Q2,3.3,Meets Expectations,10,Requires additional coaching.,No
755,1423,2025-01-23,Q2,3.4,Meets Expectations,4,Demonstrates strong problem-solving skills.,No
756,1499,2024-08-23,Q2,3.2,Meets Expectations,7,Excellent leadership and teamwork.,Yes
757,2144,2025-06-25,Q2,4.4,Exceeds Expectations,8,Strong technical skills.,No
758,2192,2024-03-28,Q4,2.0,Poor,10,Strong technical skills.,Yes
759,1764,2024-07-10,Q2,4.4,Exceeds Expectations,3,Needs improvement in productivity.,Yes
760,1687,2025-07-23,Q4,4.6,Outstanding,9,Good communication and collaboration.,Yes
761,2929,2024-09-05,Q4,4.2,Exceeds Expectations,9,Good communication and collaboration.,No
762,325,2025-03-31,Q2,3.3,Meets Expectations,7,Strong technical skills.,No
763,1692,2024-01-22,Q1,2.6,Needs Improvement,5,Reliable and dependable employee.,No
764,453,2025-12-11,Q4,3.9,Meets Expectations,7,Demonstrates strong problem-solving skills.,Yes
765,1314,2025-06-28,Q1,2.1,Poor,3,Reliable and dependable employee.,Yes
766,1156,2024-06-07,Q4,2.8,Needs Improvement,3,Good communication and collaboration.,Yes
767,618,2024-06-19,Q2,2.0,Poor,8,Requires additional coaching.,No
768,2042,2024-12-04,Q4,5.0,Outstanding,3,Needs improvement in productivity.,Yes
769,599,2024-11-02,Q4,2.2,Poor,4,Demonstrates strong problem-solving skills.,Yes
770,788,2024-03-22,Q3,4.7,Outstanding,9,Excellent leadership and teamwork.,Yes
771,2928,2025-12-28,Q4,2.7,Needs Improvement,6,Excellent leadership and teamwork.,Yes
772,1888,2025-01-11,Q1,4.2,Exceeds Expectations,6,Demonstrates strong problem-solving skills.,No
773,2792,2024-07-26,Q3,4.9,Outstanding,5,Excellent leadership and teamwork.,Yes
774,1038,2024-07-09,Q3,3.4,Meets Expectations,6,Needs improvement in productivity.,Yes
775,2731,2024-08-05,Q1,2.7,Needs Improvement,6,Requires additional coaching.,No
776,62,2025-04-02,Q3,2.5,Needs Improvement,4,Requires additional coaching.,Yes
777,37,2024-03-09,Q4,4.9,Outstanding,5,Needs improvement in productivity.,Yes
778,1019,2024-01-11,Q1,2.5,Needs Improvement,8,Excellent leadership and teamwork.,Yes
779,1457,2025-01-13,Q1,3.9,Meets Expectations,5,Demonstrates strong problem-solving skills.,Yes
780,1298,2024-01-25,Q3,4.9,Outstanding,10,Good communication and collaboration.,Yes
781,2824,2025-02-10,Q2,3.1,Meets Expectations,7,Excellent leadership and teamwork.,No
782,2895,2025-08-24,Q3,3.3,Meets Expectations,10,Good communication and collaboration.,Yes
783,2227,2025-12-03,Q4,3.0,Meets Expectations,7,Reliable and dependable employee.,Yes
784,2176,2025-06-13,Q3,2.5,Needs Improvement,7,Needs improvement in productivity.,No
785,3,2024-08-22,Q4,4.3,Exceeds Expectations,5,Excellent leadership and teamwork.,No
786,2541,2024-07-21,Q1,2.7,Needs Improvement,9,Good communication and collaboration.,No
787,2259,2025-09-28,Q3,2.5,Needs Improvement,8,Requires additional coaching.,No
788,453,2025-11-29,Q1,2.3,Poor,3,Reliable and dependable employee.,Yes
789,129,2024-05-08,Q4,2.6,Needs Improvement,6,Consistently exceeds expectations.,Yes
790,2339,2024-04-27,Q4,3.9,Meets Expectations,10,Strong technical skills.,Yes
791,1501,2024-05-26,Q1,2.7,Needs Improvement,3,Good communication and collaboration.,No
792,328,2025-12-21,Q1,3.4,Meets Expectations,8,Requires additional coaching.,No
793,2902,2024-09-13,Q3,2.2,Poor,3,Consistently exceeds expectations.,No
794,320,2025-12-23,Q1,4.8,Outstanding,4,Good communication and collaboration.,No
795,777,2024-01-08,Q2,2.6,Needs Improvement,5,Requires additional coaching.,Yes
796,2616,2024-09-12,Q4,3.7,Meets Expectations,9,Consistently exceeds expectations.,Yes
797,739,2025-07-11,Q3,3.6,Meets Expectations,5,Demonstrates strong problem-solving skills.,No
798,1291,2025-09-25,Q3,3.7,Meets Expectations,8,Requires additional coaching.,No
799,2974,2024-04-06,Q2,3.0,Meets Expectations,6,Requires additional coaching.,No
800,1475,2025-07-03,Q4,4.9,Outstanding,9,Excellent leadership and teamwork.,Yes
801,1166,2024-01-24,Q2,3.8,Meets Expectations,7,Excellent leadership and teamwork.,No
802,909,2025-02-16,Q3,2.6,Needs Improvement,3,Strong technical skills.,Yes
803,387,2024-04-08,Q3,2.1,Poor,5,Reliable and dependable employee.,No
804,1504,2024-05-22,Q2,4.7,Outstanding,6,Strong technical skills.,No
805,377,2024-06-09,Q2,3.7,Meets Expectations,4,Needs improvement in productivity.,No
806,709,2025-05-16,Q1,3.5,Meets Expectations,7,Excellent leadership and teamwork.,No
807,322,2025-04-12,Q3,4.3,Exceeds Expectations,8,Requires additional coaching.,No
808,494,2025-12-28,Q2,4.6,Outstanding,3,Requires additional coaching.,Yes
809,1249,2025-02-21,Q3,3.6,Meets Expectations,5,Needs improvement in productivity.,Yes
810,628,2024-05-19,Q4,2.2,Poor,10,Consistently exceeds expectations.,Yes
811,1770,2025-03-07,Q4,2.9,Needs Improvement,5,Reliable and dependable employee.,No
812,339,2025-11-28,Q1,3.4,Meets Expectations,9,Strong technical skills.,Yes
813,1633,2025-09-15,Q2,3.5,Meets Expectations,5,Demonstrates strong problem-solving skills.,Yes
814,1999,2024-08-22,Q2,3.2,Meets Expectations,6,Good communication and collaboration.,Yes
815,1091,2025-08-09,Q3,4.3,Exceeds Expectations,4,Consistently exceeds expectations.,No
816,1735,2025-12-18,Q2,3.1,Meets Expectations,8,Needs improvement in productivity.,Yes
817,1249,2024-11-01,Q3,2.5,Needs Improvement,10,Reliable and dependable employee.,No
818,184,2024-09-27,Q2,4.8,Outstanding,6,Needs improvement in productivity.,Yes
819,2984,2025-03-15,Q1,4.6,Outstanding,3,Good communication and collaboration.,Yes
820,1179,2024-10-05,Q1,2.0,Poor,7,Demonstrates strong problem-solving skills.,No
821,94,2024-03-26,Q2,3.0,Meets Expectations,6,Strong technical skills.,No
822,2552,2024-04-03,Q2,4.2,Exceeds Expectations,3,Requires additional coaching.,Yes
823,1047,2024-01-19,Q3,2.5,Needs Improvement,6,Strong technical skills.,Yes
824,1905,2025-03-30,Q1,4.0,Exceeds Expectations,4,Requires additional coaching.,No
825,2716,2024-11-16,Q3,4.6,Outstanding,4,Excellent leadership and teamwork.,No
826,2660,2025-04-08,Q4,3.2,Meets Expectations,4,Needs improvement in productivity.,No
827,2446,2025-04-17,Q2,3.6,Meets Expectations,6,Demonstrates strong problem-solving skills.,Yes
828,163,2025-08-25,Q3,2.7,Needs Improvement,8,Demonstrates strong problem-solving skills.,No
829,644,2024-05-14,Q3,2.1,Poor,8,Strong technical skills.,Yes
830,2054,2024-11-01,Q1,2.8,Needs Improvement,7,Requires additional coaching.,Yes
831,2274,2024-11-30,Q2,4.8,Outstanding,5,Needs improvement in productivity.,No
832,2691,2025-09-08,Q4,2.4,Poor,6,Requires additional coaching.,Yes
833,2347,2025-05-26,Q3,2.5,Needs Improvement,8,Demonstrates strong problem-solving skills.,Yes
834,847,2024-07-08,Q2,4.0,Exceeds Expectations,5,Strong technical skills.,Yes
835,1762,2024-07-13,Q2,5.0,Outstanding,5,Needs improvement in productivity.,Yes
836,2283,2024-05-31,Q1,3.6,Meets Expectations,5,Needs improvement in productivity.,Yes
837,2979,2025-02-26,Q3,2.1,Poor,9,Requires additional coaching.,No
838,1815,2025-04-30,Q3,4.2,Exceeds Expectations,5,Good communication and collaboration.,Yes
839,539,2025-01-03,Q3,2.6,Needs Improvement,6,Good communication and collaboration.,Yes
840,2816,2024-12-18,Q1,2.1,Poor,10,Reliable and dependable employee.,No
841,2917,2024-02-09,Q2,3.9,Meets Expectations,9,Demonstrates strong problem-solving skills.,No
842,564,2024-10-03,Q2,2.5,Needs Improvement,3,Requires additional coaching.,Yes
843,1106,2024-02-23,Q2,4.9,Outstanding,6,Good communication and collaboration.,Yes
844,726,2025-02-09,Q4,4.8,Outstanding,10,Needs improvement in productivity.,No
845,1011,2024-01-12,Q1,3.3,Meets Expectations,9,Needs improvement in productivity.,No
846,2505,2024-09-24,Q1,4.8,Outstanding,4,Demonstrates strong problem-solving skills.,No
847,174,2024-02-05,Q2,4.6,Outstanding,9,Excellent leadership and teamwork.,No
848,2115,2024-12-30,Q1,4.3,Exceeds Expectations,6,Strong technical skills.,No
849,1631,2024-01-27,Q3,4.7,Outstanding,10,Reliable and dependable employee.,No
850,1206,2025-02-17,Q1,3.8,Meets Expectations,5,Demonstrates strong problem-solving skills.,No
851,371,2025-02-27,Q1,4.2,Exceeds Expectations,5,Reliable and dependable employee.,No
852,1694,2024-06-02,Q1,3.0,Meets Expectations,5,Demonstrates strong problem-solving skills.,Yes
853,1863,2024-06-05,Q3,2.3,Poor,5,Consistently exceeds expectations.,Yes
854,468,2025-09-12,Q3,4.1,Exceeds Expectations,4,Requires additional coaching.,Yes
855,1552,2025-03-21,Q1,3.7,Meets Expectations,5,Needs improvement in productivity.,Yes
856,665,2025-11-27,Q2,4.6,Outstanding,3,Requires additional coaching.,No
857,1268,2025-04-08,Q4,4.2,Exceeds Expectations,7,Reliable and dependable employee.,Yes
858,539,2024-04-05,Q1,4.9,Outstanding,7,Excellent leadership and teamwork.,No
859,2039,2024-09-18,Q1,4.6,Outstanding,10,Good communication and collaboration.,Yes
860,2412,2024-09-18,Q4,4.0,Exceeds Expectations,9,Demonstrates strong problem-solving skills.,Yes
861,2463,2024-06-22,Q2,3.8,Meets Expectations,7,Good communication and collaboration.,Yes
862,758,2025-03-07,Q3,2.4,Poor,3,Reliable and dependable employee.,Yes
863,2733,2025-12-07,Q3,3.7,Meets Expectations,8,Consistently exceeds expectations.,Yes
864,447,2024-04-20,Q2,3.3,Meets Expectations,5,Strong technical skills.,Yes
865,1866,2025-01-09,Q3,4.2,Exceeds Expectations,3,Consistently exceeds expectations.,No
866,1323,2025-05-08,Q4,3.1,Meets Expectations,4,Requires additional coaching.,Yes
867,1200,2024-06-09,Q1,3.4,Meets Expectations,7,Needs improvement in productivity.,No
868,2149,2024-09-09,Q2,2.6,Needs Improvement,3,Consistently exceeds expectations.,Yes
869,1982,2024-06-21,Q3,4.2,Exceeds Expectations,9,Needs improvement in productivity.,No
870,2153,2025-05-08,Q3,3.7,Meets Expectations,5,Demonstrates strong problem-solving skills.,No
871,2018,2024-06-14,Q2,4.4,Exceeds Expectations,7,Good communication and collaboration.,Yes
872,485,2025-01-20,Q1,2.1,Poor,6,Requires additional coaching.,No
873,187,2025-06-06,Q2,3.0,Meets Expectations,3,Good communication and collaboration.,No
874,1043,2024-01-17,Q3,4.4,Exceeds Expectations,7,Needs improvement in productivity.,Yes
875,467,2024-10-03,Q3,4.1,Exceeds Expectations,9,Excellent leadership and teamwork.,Yes
876,795,2025-10-28,Q3,3.0,Meets Expectations,10,Demonstrates strong problem-solving skills.,Yes
877,2645,2024-10-25,Q2,2.4,Poor,10,Needs improvement in productivity.,No
878,1696,2024-01-25,Q1,4.8,Outstanding,7,Needs improvement in productivity.,Yes
879,854,2024-06-07,Q3,3.7,Meets Expectations,8,Consistently exceeds expectations.,Yes
880,1149,2025-10-05,Q3,4.5,Outstanding,9,Reliable and dependable employee.,No
881,768,2025-05-11,Q3,3.8,Meets Expectations,8,Excellent leadership and teamwork.,No
882,1696,2024-06-13,Q2,2.3,Poor,8,Demonstrates strong problem-solving skills.,No
883,886,2024-06-05,Q2,3.6,Meets Expectations,4,Needs improvement in productivity.,Yes
884,828,2024-11-01,Q4,4.7,Outstanding,3,Demonstrates strong problem-solving skills.,Yes
885,780,2024-01-09,Q4,3.0,Meets Expectations,7,Needs improvement in productivity.,Yes
886,403,2024-08-31,Q2,4.5,Outstanding,6,Excellent leadership and teamwork.,No
887,1588,2025-03-11,Q1,4.1,Exceeds Expectations,3,Strong technical skills.,Yes
888,2815,2024-06-22,Q1,4.5,Outstanding,8,Demonstrates strong problem-solving skills.,Yes
889,423,2025-05-31,Q3,3.6,Meets Expectations,3,Strong technical skills.,Yes
890,1315,2024-05-19,Q3,2.6,Needs Improvement,7,Needs improvement in productivity.,No
891,2749,2025-01-23,Q2,2.4,Poor,5,Strong technical skills.,Yes
892,63,2025-03-02,Q1,4.9,Outstanding,6,Needs improvement in productivity.,No
893,1111,2025-01-27,Q3,2.4,Poor,6,Reliable and dependable employee.,Yes
894,1276,2024-07-16,Q3,3.8,Meets Expectations,10,Excellent leadership and teamwork.,Yes
895,119,2025-01-26,Q1,3.4,Meets Expectations,4,Requires additional coaching.,Yes
896,353,2024-04-29,Q2,3.3,Meets Expectations,10,Needs improvement in productivity.,No
897,1362,2024-06-24,Q1,4.5,Outstanding,10,Reliable and dependable employee.,Yes
898,2862,2025-12-12,Q4,3.4,Meets Expectations,7,Demonstrates strong problem-solving skills.,No
899,950,2024-10-31,Q2,4.8,Outstanding,7,Needs improvement in productivity.,No
900,752,2025-07-22,Q3,4.1,Exceeds Expectations,8,Demonstrates strong problem-solving skills.,No
901,124,2024-11-09,Q1,2.2,Poor,8,Demonstrates strong problem-solving skills.,No
902,700,2025-12-21,Q3,2.8,Needs Improvement,5,Consistently exceeds expectations.,No
903,2926,2024-08-28,Q3,4.4,Exceeds Expectations,4,Strong technical skills.,No
904,1642,2025-07-30,Q2,3.8,Meets Expectations,6,Reliable and dependable employee.,No
905,1573,2025-06-07,Q2,2.2,Poor,9,Requires additional coaching.,No
906,2231,2024-08-13,Q2,4.1,Exceeds Expectations,4,Demonstrates strong problem-solving skills.,Yes
907,2426,2024-02-22,Q3,3.8,Meets Expectations,4,Demonstrates strong problem-solving skills.,Yes
908,1262,2025-09-28,Q1,4.9,Outstanding,4,Requires additional coaching.,No
909,2025,2025-10-08,Q1,3.9,Meets Expectations,4,Good communication and collaboration.,Yes
910,2379,2024-01-13,Q1,4.7,Outstanding,5,Reliable and dependable employee.,No
911,2177,2025-01-01,Q4,2.9,Needs Improvement,6,Good communication and collaboration.,No
912,1228,2025-09-22,Q3,3.7,Meets Expectations,9,Needs improvement in productivity.,Yes
913,2387,2024-05-29,Q4,2.0,Poor,5,Strong technical skills.,Yes
914,1513,2025-04-16,Q1,4.7,Outstanding,3,Needs improvement in productivity.,Yes
915,1156,2024-12-03,Q2,4.6,Outstanding,9,Requires additional coaching.,No
916,2916,2025-09-27,Q4,3.1,Meets Expectations,9,Good communication and collaboration.,Yes
917,1946,2025-11-20,Q4,2.4,Poor,8,Requires additional coaching.,Yes
918,1182,2024-09-15,Q2,5.0,Outstanding,5,Excellent leadership and teamwork.,Yes
919,2656,2024-03-05,Q4,2.0,Poor,9,Reliable and dependable employee.,Yes
920,563,2025-04-16,Q4,3.9,Meets Expectations,10,Requires additional coaching.,Yes
921,1862,2024-12-12,Q4,3.5,Meets Expectations,9,Needs improvement in productivity.,Yes
922,762,2024-09-22,Q1,3.3,Meets Expectations,10,Good communication and collaboration.,No
923,1683,2024-12-26,Q3,4.8,Outstanding,3,Excellent leadership and teamwork.,No
924,2888,2024-06-02,Q4,3.1,Meets Expectations,4,Reliable and dependable employee.,No
925,1905,2024-04-10,Q1,3.6,Meets Expectations,6,Demonstrates strong problem-solving skills.,Yes
926,2802,2024-01-10,Q3,3.9,Meets Expectations,3,Needs improvement in productivity.,Yes
927,1921,2025-05-27,Q4,3.4,Meets Expectations,8,Requires additional coaching.,No
928,1207,2024-10-14,Q1,2.9,Needs Improvement,7,Strong technical skills.,Yes
929,2578,2025-08-18,Q2,3.4,Meets Expectations,3,Strong technical skills.,Yes
930,1175,2025-06-03,Q2,3.5,Meets Expectations,4,Strong technical skills.,No
931,543,2025-02-24,Q3,3.8,Meets Expectations,7,Excellent leadership and teamwork.,Yes
932,2474,2024-04-25,Q2,2.5,Needs Improvement,10,Needs improvement in productivity.,Yes
933,1071,2025-03-10,Q2,4.3,Exceeds Expectations,10,Reliable and dependable employee.,Yes
934,1405,2024-04-16,Q2,5.0,Outstanding,5,Demonstrates strong problem-solving skills.,No
935,1570,2025-12-23,Q4,2.7,Needs Improvement,5,Good communication and collaboration.,No
936,223,2024-07-22,Q1,3.9,Meets Expectations,3,Reliable and dependable employee.,No
937,1634,2024-12-31,Q4,3.4,Meets Expectations,6,Requires additional coaching.,No
938,1944,2024-07-27,Q4,2.8,Needs Improvement,3,Strong technical skills.,No
939,1565,2025-06-30,Q1,4.0,Exceeds Expectations,4,Needs improvement in productivity.,No
940,2501,2025-05-26,Q3,4.8,Outstanding,8,Strong technical skills.,No
941,403,2025-11-07,Q4,2.8,Needs Improvement,10,Good communication and collaboration.,Yes
942,2130,2024-06-08,Q2,3.0,Meets Expectations,8,Excellent leadership and teamwork.,Yes
943,279,2024-03-19,Q1,2.0,Poor,4,Demonstrates strong problem-solving skills.,No
944,899,2024-05-04,Q3,4.2,Exceeds Expectations,6,Excellent leadership and teamwork.,Yes
945,2538,2025-10-01,Q2,2.3,Poor,4,Consistently exceeds expectations.,Yes
946,2477,2024-03-26,Q2,2.4,Poor,4,Reliable and dependable employee.,No
947,1207,2025-05-31,Q1,3.4,Meets Expectations,10,Strong technical skills.,No
948,2836,2025-03-13,Q3,4.7,Outstanding,7,Reliable and dependable employee.,Yes
949,1136,2024-03-01,Q4,4.3,Exceeds Expectations,9,Needs improvement in productivity.,Yes
950,1058,2024-05-21,Q3,4.9,Outstanding,5,Demonstrates strong problem-solving skills.,Yes
951,2015,2024-05-03,Q2,4.9,Outstanding,9,Reliable and dependable employee.,No
952,445,2025-05-08,Q4,2.4,Poor,6,Consistently exceeds expectations.,No
953,2931,2024-02-24,Q1,2.8,Needs Improvement,4,Consistently exceeds expectations.,No
954,1827,2025-06-23,Q4,2.1,Poor,5,Excellent leadership and teamwork.,Yes
955,2723,2025-06-21,Q2,3.2,Meets Expectations,8,Requires additional coaching.,Yes
956,2112,2025-10-10,Q4,4.1,Exceeds Expectations,10,Requires additional coaching.,No
957,2981,2025-03-02,Q1,4.3,Exceeds Expectations,6,Excellent leadership and teamwork.,No
958,2824,2024-03-12,Q4,4.5,Outstanding,4,Needs improvement in productivity.,No
959,2793,2024-06-19,Q1,2.9,Needs Improvement,4,Needs improvement in productivity.,No
960,330,2024-05-07,Q3,4.5,Outstanding,6,Reliable and dependable employee.,Yes
961,1574,2024-12-15,Q3,4.0,Exceeds Expectations,9,Consistently exceeds expectations.,No
962,1993,2024-11-23,Q4,2.3,Poor,6,Reliable and dependable employee.,Yes
963,791,2024-01-31,Q2,2.1,Poor,10,Requires additional coaching.,Yes
964,2215,2024-01-21,Q4,3.9,Meets Expectations,10,Excellent leadership and teamwork.,Yes
965,1390,2024-04-18,Q1,2.2,Poor,9,Consistently exceeds expectations.,Yes
966,2679,2024-11-05,Q4,4.0,Exceeds Expectations,5,Good communication and collaboration.,Yes
967,152,2024-02-22,Q4,4.2,Exceeds Expectations,3,Demonstrates strong problem-solving skills.,Yes
968,995,2025-08-03,Q2,4.1,Exceeds Expectations,3,Reliable and dependable employee.,Yes
969,1259,2025-09-03,Q1,4.5,Outstanding,10,Reliable and dependable employee.,Yes
970,436,2025-01-11,Q2,2.3,Poor,4,Good communication and collaboration.,No
971,1382,2024-03-08,Q4,4.4,Exceeds Expectations,8,Consistently exceeds expectations.,Yes
972,1318,2025-07-17,Q2,4.5,Outstanding,3,Reliable and dependable employee.,No
973,259,2025-01-21,Q2,2.4,Poor,9,Reliable and dependable employee.,No
974,2267,2025-01-17,Q2,2.5,Needs Improvement,3,Reliable and dependable employee.,Yes
975,2590,2024-04-16,Q2,3.8,Meets Expectations,3,Demonstrates strong problem-solving skills.,Yes
976,27,2024-10-22,Q1,2.0,Poor,7,Requires additional coaching.,No
977,2836,2025-03-19,Q2,2.4,Poor,7,Demonstrates strong problem-solving skills.,No
978,980,2024-08-07,Q1,4.8,Outstanding,5,Demonstrates strong problem-solving skills.,Yes
979,2569,2024-06-10,Q3,4.5,Outstanding,8,Requires additional coaching.,Yes
980,2285,2025-12-28,Q1,2.7,Needs Improvement,4,Needs improvement in productivity.,Yes
981,1902,2025-04-15,Q2,4.3,Exceeds Expectations,7,Excellent leadership and teamwork.,Yes
982,462,2025-06-12,Q4,4.4,Exceeds Expectations,10,Reliable and dependable employee.,Yes
983,2745,2025-02-17,Q1,4.8,Outstanding,8,Strong technical skills.,Yes
984,1781,2025-01-01,Q4,2.8,Needs Improvement,3,Consistently exceeds expectations.,Yes
985,2202,2024-01-29,Q1,2.5,Needs Improvement,10,Consistently exceeds expectations.,Yes
986,964,2025-04-28,Q3,4.2,Exceeds Expectations,9,Good communication and collaboration.,No
987,943,2025-03-31,Q3,4.3,Exceeds Expectations,6,Consistently exceeds expectations.,Yes
988,1690,2025-12-15,Q4,4.6,Outstanding,6,Consistently exceeds expectations.,No
989,2397,2024-05-27,Q4,3.5,Meets Expectations,5,Good communication and collaboration.,No
990,730,2025-02-04,Q2,3.2,Meets Expectations,10,Good communication and collaboration.,No
991,1105,2025-11-03,Q2,2.6,Needs Improvement,3,Excellent leadership and teamwork.,No
992,560,2025-07-16,Q4,2.3,Poor,10,Requires additional coaching.,Yes
993,1408,2025-12-25,Q3,2.7,Needs Improvement,5,Reliable and dependable employee.,Yes
994,355,2024-02-12,Q4,3.2,Meets Expectations,6,Demonstrates strong problem-solving skills.,No
995,1144,2025-09-14,Q4,2.0,Poor,6,Good communication and collaboration.,No
996,1779,2024-02-23,Q2,3.7,Meets Expectations,3,Requires additional coaching.,Yes
997,165,2024-06-19,Q1,5.0,Outstanding,9,Requires additional coaching.,No
998,2854,2024-08-14,Q4,4.5,Outstanding,10,Good communication and collaboration.,Yes
999,2288,2024-01-31,Q4,4.3,Exceeds Expectations,6,Reliable and dependable employee.,No
1000,1212,2024-07-01,Q1,2.7,Needs Improvement,3,Demonstrates strong problem-solving skills.,No
1001,663,2025-09-05,Q1,4.1,Exceeds Expectations,10,Demonstrates strong problem-solving skills.,Yes
1002,2881,2025-11-24,Q3,3.2,Meets Expectations,10,Excellent leadership and teamwork.,Yes
1003,1577,2025-01-21,Q3,4.7,Outstanding,3,Strong technical skills.,No
1004,1106,2025-12-27,Q2,4.1,Exceeds Expectations,4,Needs improvement in productivity.,Yes
1005,2109,2025-09-03,Q3,4.8,Outstanding,3,Consistently exceeds expectations.,No
1006,1498,2025-03-17,Q1,3.4,Meets Expectations,8,Needs improvement in productivity.,Yes
1007,2655,2025-07-03,Q1,3.7,Meets Expectations,6,Reliable and dependable employee.,No
1008,978,2024-02-28,Q4,3.6,Meets Expectations,6,Good communication and collaboration.,No
1009,1445,2024-03-02,Q4,4.7,Outstanding,7,Excellent leadership and teamwork.,Yes
1010,1528,2024-08-23,Q4,3.0,Meets Expectations,4,Demonstrates strong problem-solving skills.,No
1011,1852,2024-01-06,Q1,3.9,Meets Expectations,6,Demonstrates strong problem-solving skills.,Yes
1012,329,2025-04-01,Q2,3.2,Meets Expectations,7,Consistently exceeds expectations.,Yes
1013,675,2025-06-19,Q2,2.8,Needs Improvement,10,Reliable and dependable employee.,Yes
1014,2133,2025-01-06,Q1,4.9,Outstanding,7,Requires additional coaching.,Yes
1015,1942,2024-08-24,Q4,3.0,Meets Expectations,3,Strong technical skills.,Yes
1016,258,2025-01-11,Q2,2.1,Poor,8,Requires additional coaching.,No
1017,2686,2024-02-20,Q3,3.9,Meets Expectations,10,Demonstrates strong problem-solving skills.,No
1018,1246,2024-06-17,Q3,3.7,Meets Expectations,5,Strong technical skills.,Yes
1019,1984,2024-07-20,Q3,3.1,Meets Expectations,3,Reliable and dependable employee.,No
1020,1165,2024-10-12,Q2,3.4,Meets Expectations,5,Strong technical skills.,Yes
1021,719,2024-01-26,Q2,4.5,Outstanding,5,Good communication and collaboration.,Yes
1022,169,2024-11-04,Q2,5.0,Outstanding,10,Strong technical skills.,No
1023,756,2025-10-06,Q1,2.6,Needs Improvement,8,Needs improvement in productivity.,Yes
1024,1528,2024-08-05,Q2,3.3,Meets Expectations,7,Consistently exceeds expectations.,Yes
1025,1658,2024-06-11,Q2,4.8,Outstanding,10,Needs improvement in productivity.,Yes
1026,18,2025-10-27,Q3,4.9,Outstanding,7,Demonstrates strong problem-solving skills.,No
1027,2350,2025-12-24,Q4,4.0,Exceeds Expectations,8,Consistently exceeds expectations.,No
1028,165,2024-09-13,Q1,2.4,Poor,7,Excellent leadership and teamwork.,No
1029,2530,2025-07-20,Q4,4.5,Outstanding,8,Consistently exceeds expectations.,No
1030,226,2024-06-10,Q2,3.8,Meets Expectations,6,Strong technical skills.,Yes
1031,93,2024-10-31,Q4,2.3,Poor,4,Requires additional coaching.,Yes
1032,2009,2025-07-07,Q1,3.0,Meets Expectations,8,Requires additional coaching.,Yes
1033,2933,2025-08-09,Q3,4.6,Outstanding,9,Needs improvement in productivity.,Yes
1034,1166,2024-10-22,Q3,3.0,Meets Expectations,10,Consistently exceeds expectations.,Yes
1035,2982,2025-12-14,Q4,4.7,Outstanding,10,Strong technical skills.,Yes
1036,2982,2024-06-17,Q4,4.9,Outstanding,9,Reliable and dependable employee.,Yes
1037,589,2025-05-08,Q4,2.6,Needs Improvement,8,Consistently exceeds expectations.,No
1038,363,2025-02-02,Q3,2.0,Poor,9,Reliable and dependable employee.,No
1039,2910,2025-01-18,Q2,3.7,Meets Expectations,6,Reliable and dependable employee.,No
1040,1186,2024-09-21,Q1,3.7,Meets Expectations,7,Strong technical skills.,No
1041,2291,2025-12-16,Q2,4.2,Exceeds Expectations,3,Excellent leadership and teamwork.,Yes
1042,1076,2024-06-06,Q4,2.9,Needs Improvement,4,Strong technical skills.,No
1043,735,2025-06-22,Q2,3.5,Meets Expectations,3,Consistently exceeds expectations.,No
1044,2020,2025-04-01,Q1,5.0,Outstanding,8,Demonstrates strong problem-solving skills.,No
1045,1057,2024-10-01,Q4,3.9,Meets Expectations,4,Needs improvement in productivity.,Yes
1046,1064,2025-12-15,Q1,2.5,Needs Improvement,5,Needs improvement in productivity.,No
1047,2840,2024-06-26,Q2,2.4,Poor,3,Strong technical skills.,No
1048,1719,2025-12-01,Q3,3.9,Meets Expectations,3,Strong technical skills.,No
1049,2170,2025-12-29,Q1,3.9,Meets Expectations,6,Reliable and dependable employee.,Yes
1050,2453,2025-06-18,Q3,4.3,Exceeds Expectations,8,Strong technical skills.,No
1051,2808,2024-05-21,Q3,4.1,Exceeds Expectations,4,Needs improvement in productivity.,Yes
1052,53,2025-11-16,Q3,2.4,Poor,8,Demonstrates strong problem-solving skills.,No
1053,1394,2025-11-05,Q2,4.8,Outstanding,4,Good communication and collaboration.,Yes
1054,2062,2024-05-12,Q2,2.7,Needs Improvement,4,Requires additional coaching.,No
1055,313,2025-09-21,Q2,2.3,Poor,3,Demonstrates strong problem-solving skills.,No
1056,1277,2024-02-19,Q2,4.1,Exceeds Expectations,10,Needs improvement in productivity.,Yes
1057,2908,2025-10-18,Q1,2.9,Needs Improvement,6,Reliable and dependable employee.,Yes
1058,2819,2024-09-16,Q2,2.7,Needs Improvement,6,Reliable and dependable employee.,Yes
1059,1741,2024-04-05,Q1,4.1,Exceeds Expectations,4,Excellent leadership and teamwork.,No
1060,1767,2025-06-13,Q1,2.1,Poor,3,Excellent leadership and teamwork.,No
1061,488,2025-02-12,Q1,4.7,Outstanding,4,Strong technical skills.,Yes
1062,396,2025-12-30,Q2,4.3,Exceeds Expectations,6,Reliable and dependable employee.,No
1063,120,2024-09-30,Q3,2.3,Poor,8,Needs improvement in productivity.,Yes
1064,2051,2025-06-19,Q2,4.3,Exceeds Expectations,4,Consistently exceeds expectations.,Yes
1065,2167,2024-02-25,Q2,2.7,Needs Improvement,7,Reliable and dependable employee.,Yes
1066,2972,2024-08-26,Q2,2.3,Poor,10,Needs improvement in productivity.,Yes
1067,1801,2025-04-10,Q1,4.0,Exceeds Expectations,5,Needs improvement in productivity.,No
1068,1738,2025-05-27,Q2,2.6,Needs Improvement,9,Consistently exceeds expectations.,No
1069,507,2024-09-09,Q2,3.4,Meets Expectations,10,Needs improvement in productivity.,No
1070,2283,2024-06-21,Q1,4.2,Exceeds Expectations,8,Demonstrates strong problem-solving skills.,Yes
1071,1577,2025-12-13,Q3,2.9,Needs Improvement,10,Good communication and collaboration.,No
1072,1191,2025-06-24,Q4,5.0,Outstanding,6,Consistently exceeds expectations.,No
1073,2782,2025-10-09,Q1,3.1,Meets Expectations,10,Consistently exceeds expectations.,No
1074,1795,2025-06-21,Q1,3.6,Meets Expectations,4,Reliable and dependable employee.,No
1075,1641,2025-11-20,Q1,4.1,Exceeds Expectations,5,Consistently exceeds expectations.,No
1076,816,2024-10-10,Q4,3.0,Meets Expectations,4,Good communication and collaboration.,No
1077,2971,2024-12-07,Q3,3.5,Meets Expectations,9,Needs improvement in productivity.,No
1078,2731,2025-09-25,Q4,3.8,Meets Expectations,10,Strong technical skills.,Yes
1079,1863,2025-12-08,Q3,2.3,Poor,10,Demonstrates strong problem-solving skills.,Yes
1080,2574,2025-09-22,Q1,4.8,Outstanding,4,Excellent leadership and teamwork.,Yes
1081,2041,2025-12-25,Q2,4.0,Exceeds Expectations,9,Needs improvement in productivity.,Yes
1082,1241,2024-04-21,Q1,3.9,Meets Expectations,4,Demonstrates strong problem-solving skills.,No
1083,828,2024-11-27,Q4,2.9,Needs Improvement,10,Strong technical skills.,No
1084,2215,2025-07-05,Q1,3.6,Meets Expectations,9,Consistently exceeds expectations.,No
1085,1844,2025-02-14,Q4,2.9,Needs Improvement,10,Demonstrates strong problem-solving skills.,Yes
1086,135,2025-05-02,Q3,2.5,Needs Improvement,5,Demonstrates strong problem-solving skills.,No
1087,551,2025-09-29,Q4,2.9,Needs Improvement,10,Consistently exceeds expectations.,No
1088,2704,2025-07-21,Q4,3.7,Meets Expectations,10,Reliable and dependable employee.,Yes
1089,1604,2025-11-04,Q4,2.8,Needs Improvement,8,Strong technical skills.,No
1090,252,2025-11-20,Q1,2.1,Poor,5,Needs improvement in productivity.,No
1091,2392,2024-11-09,Q3,2.1,Poor,9,Consistently exceeds expectations.,No
1092,1414,2025-05-24,Q4,5.0,Outstanding,8,Excellent leadership and teamwork.,Yes
1093,1015,2024-11-05,Q3,2.7,Needs Improvement,4,Consistently exceeds expectations.,No
1094,469,2024-09-11,Q1,3.0,Meets Expectations,8,Excellent leadership and teamwork.,No
1095,2695,2024-07-21,Q4,4.6,Outstanding,7,Excellent leadership and teamwork.,No
1096,2409,2025-07-05,Q3,2.1,Poor,9,Requires additional coaching.,No
1097,2346,2025-04-23,Q4,2.3,Poor,4,Good communication and collaboration.,No
1098,2035,2025-07-08,Q3,3.5,Meets Expectations,5,Strong technical skills.,No
1099,1786,2025-11-02,Q1,2.6,Needs Improvement,6,Strong technical skills.,No
1100,195,2025-05-13,Q4,2.9,Needs Improvement,6,Consistently exceeds expectations.,Yes
1101,2425,2024-09-28,Q1,3.0,Meets Expectations,10,Requires additional coaching.,Yes
1102,1423,2024-03-24,Q3,4.4,Exceeds Expectations,7,Requires additional coaching.,No
1103,820,2024-11-21,Q3,3.2,Meets Expectations,10,Reliable and dependable employee.,Yes
1104,2572,2024-05-02,Q2,4.1,Exceeds Expectations,10,Good communication and collaboration.,No
1105,1098,2025-05-20,Q4,4.8,Outstanding,3,Good communication and collaboration.,No
1106,1895,2024-11-18,Q2,2.4,Poor,7,Requires additional coaching.,No
1107,1306,2025-11-10,Q1,4.6,Outstanding,6,Requires additional coaching.,No
1108,1176,2024-03-12,Q3,3.9,Meets Expectations,6,Requires additional coaching.,Yes
1109,466,2024-12-27,Q1,2.4,Poor,6,Strong technical skills.,No
1110,1989,2025-05-10,Q4,3.7,Meets Expectations,9,Excellent leadership and teamwork.,Yes
1111,653,2025-09-28,Q1,2.8,Needs Improvement,7,Strong technical skills.,Yes
1112,2640,2025-09-24,Q4,4.6,Outstanding,3,Excellent leadership and teamwork.,Yes
1113,1286,2024-10-26,Q1,3.8,Meets Expectations,9,Needs improvement in productivity.,Yes
1114,1626,2024-02-25,Q2,4.8,Outstanding,6,Consistently exceeds expectations.,Yes
1115,2138,2025-08-04,Q3,4.0,Exceeds Expectations,10,Consistently exceeds expectations.,Yes
1116,2457,2025-07-22,Q3,2.4,Poor,8,Requires additional coaching.,Yes
1117,1733,2025-08-31,Q1,2.7,Needs Improvement,5,Good communication and collaboration.,No
1118,1801,2024-03-01,Q1,3.2,Meets Expectations,10,Needs improvement in productivity.,Yes
1119,1297,2025-05-13,Q4,3.6,Meets Expectations,6,Strong technical skills.,Yes
1120,1487,2025-02-15,Q3,3.4,Meets Expectations,7,Excellent leadership and teamwork.,Yes
1121,2713,2024-09-15,Q1,4.4,Exceeds Expectations,6,Strong technical skills.,No
1122,1267,2025-08-21,Q3,3.9,Meets Expectations,4,Good communication and collaboration.,No
1123,1592,2025-10-27,Q4,2.0,Poor,7,Strong technical skills.,Yes
1124,965,2025-03-09,Q2,2.9,Needs Improvement,10,Needs improvement in productivity.,No
1125,139,2024-10-31,Q1,2.8,Needs Improvement,10,Demonstrates strong problem-solving skills.,No
1126,1363,2025-09-07,Q1,4.2,Exceeds Expectations,5,Strong technical skills.,Yes
1127,1442,2024-02-02,Q3,3.3,Meets Expectations,10,Excellent leadership and teamwork.,Yes
1128,2628,2024-02-17,Q4,3.9,Meets Expectations,5,Excellent leadership and teamwork.,No
1129,820,2025-03-29,Q3,3.9,Meets Expectations,4,Consistently exceeds expectations.,Yes
1130,1023,2024-02-16,Q2,3.5,Meets Expectations,9,Needs improvement in productivity.,No
1131,1960,2024-05-03,Q2,4.6,Outstanding,7,Reliable and dependable employee.,No
1132,1155,2025-12-16,Q4,2.6,Needs Improvement,8,Reliable and dependable employee.,No
1133,1546,2025-04-03,Q2,4.8,Outstanding,3,Excellent leadership and teamwork.,Yes
1134,365,2024-08-24,Q2,4.9,Outstanding,7,Reliable and dependable employee.,Yes
1135,1643,2024-04-20,Q3,3.9,Meets Expectations,5,Consistently exceeds expectations.,No
1136,697,2025-12-23,Q1,4.8,Outstanding,3,Requires additional coaching.,No
1137,2760,2025-10-22,Q2,3.5,Meets Expectations,6,Good communication and collaboration.,No
1138,1180,2025-12-25,Q4,4.2,Exceeds Expectations,5,Requires additional coaching.,Yes
1139,2458,2025-08-10,Q3,2.6,Needs Improvement,6,Requires additional coaching.,Yes
1140,1674,2024-06-09,Q1,4.4,Exceeds Expectations,7,Strong technical skills.,Yes
1141,2531,2025-09-14,Q2,3.4,Meets Expectations,8,Demonstrates strong problem-solving skills.,Yes
1142,43,2025-06-07,Q3,3.4,Meets Expectations,9,Good communication and collaboration.,No
1143,2902,2025-01-21,Q3,3.3,Meets Expectations,4,Consistently exceeds expectations.,Yes
1144,214,2025-02-14,Q2,3.0,Meets Expectations,10,Needs improvement in productivity.,Yes
1145,22,2024-02-01,Q4,2.8,Needs Improvement,7,Requires additional coaching.,No
1146,542,2025-04-29,Q1,4.9,Outstanding,5,Strong technical skills.,Yes
1147,2064,2025-09-28,Q3,3.5,Meets Expectations,10,Reliable and dependable employee.,Yes
1148,1300,2024-06-28,Q4,4.1,Exceeds Expectations,5,Strong technical skills.,Yes
1149,1284,2024-06-18,Q2,2.1,Poor,10,Strong technical skills.,No
1150,1762,2024-01-14,Q3,2.8,Needs Improvement,7,Needs improvement in productivity.,No
1151,676,2024-07-23,Q4,2.9,Needs Improvement,5,Demonstrates strong problem-solving skills.,Yes
1152,774,2025-12-06,Q2,2.4,Poor,5,Excellent leadership and teamwork.,No
1153,1066,2025-08-15,Q4,2.5,Needs Improvement,9,Consistently exceeds expectations.,No
1154,168,2024-03-11,Q4,3.3,Meets Expectations,10,Demonstrates strong problem-solving skills.,Yes
1155,2949,2025-11-26,Q1,4.6,Outstanding,8,Consistently exceeds expectations.,Yes
1156,1164,2024-08-23,Q2,2.5,Needs Improvement,7,Good communication and collaboration.,Yes
1157,2155,2025-12-08,Q2,4.3,Exceeds Expectations,9,Consistently exceeds expectations.,Yes
1158,2041,2025-08-28,Q3,4.0,Exceeds Expectations,3,Strong technical skills.,Yes
1159,1615,2024-11-11,Q1,3.1,Meets Expectations,8,Reliable and dependable employee.,Yes
1160,333,2024-09-15,Q4,3.4,Meets Expectations,10,Strong technical skills.,Yes
1161,1350,2025-10-12,Q4,4.9,Outstanding,8,Reliable and dependable employee.,Yes
1162,200,2025-04-03,Q3,4.4,Exceeds Expectations,8,Excellent leadership and teamwork.,Yes
1163,2242,2025-01-21,Q4,4.9,Outstanding,4,Requires additional coaching.,No
1164,730,2024-08-24,Q4,2.7,Needs Improvement,4,Excellent leadership and teamwork.,Yes
1165,668,2024-04-27,Q4,3.2,Meets Expectations,7,Reliable and dependable employee.,Yes
1166,1223,2024-12-30,Q4,3.5,Meets Expectations,7,Reliable and dependable employee.,No
1167,2726,2024-12-27,Q3,2.3,Poor,6,Demonstrates strong problem-solving skills.,No
1168,1590,2025-12-24,Q4,3.4,Meets Expectations,4,Requires additional coaching.,No
1169,2515,2024-07-20,Q4,2.6,Needs Improvement,4,Excellent leadership and teamwork.,No
1170,1899,2024-12-21,Q2,4.0,Exceeds Expectations,10,Consistently exceeds expectations.,No
1171,1918,2024-05-13,Q4,3.3,Meets Expectations,7,Reliable and dependable employee.,Yes
1172,2803,2025-02-11,Q2,4.7,Outstanding,9,Strong technical skills.,Yes
1173,2257,2025-05-05,Q1,2.2,Poor,4,Requires additional coaching.,No
1174,388,2024-03-03,Q3,3.4,Meets Expectations,8,Strong technical skills.,Yes
1175,2063,2024-11-08,Q4,2.0,Poor,5,Reliable and dependable employee.,No
1176,186,2025-01-13,Q3,2.2,Poor,8,Demonstrates strong problem-solving skills.,No
1177,2556,2024-07-10,Q3,4.4,Exceeds Expectations,5,Good communication and collaboration.,Yes
1178,321,2024-11-09,Q3,4.2,Exceeds Expectations,4,Requires additional coaching.,Yes
1179,24,2025-11-12,Q1,3.2,Meets Expectations,5,Demonstrates strong problem-solving skills.,No
1180,2834,2025-03-19,Q4,3.2,Meets Expectations,7,Needs improvement in productivity.,No
1181,1240,2024-02-02,Q2,2.3,Poor,3,Good communication and collaboration.,Yes
1182,66,2024-09-07,Q2,4.1,Exceeds Expectations,3,Good communication and collaboration.,No
1183,2657,2025-08-30,Q2,2.4,Poor,9,Good communication and collaboration.,Yes
1184,1233,2024-03-21,Q2,4.3,Exceeds Expectations,10,Requires additional coaching.,Yes
1185,478,2024-04-09,Q2,2.5,Needs Improvement,10,Demonstrates strong problem-solving skills.,No
1186,81,2025-03-25,Q2,4.6,Outstanding,6,Strong technical skills.,No
1187,209,2025-01-04,Q1,3.0,Meets Expectations,9,Requires additional coaching.,No
1188,2371,2024-01-06,Q3,3.8,Meets Expectations,3,Demonstrates strong problem-solving skills.,No
1189,1992,2024-06-21,Q4,3.5,Meets Expectations,6,Excellent leadership and teamwork.,Yes
1190,1729,2024-04-02,Q1,3.7,Meets Expectations,7,Requires additional coaching.,No
1191,479,2025-06-18,Q3,3.5,Meets Expectations,10,Requires additional coaching.,Yes
1192,661,2024-09-04,Q2,2.9,Needs Improvement,10,Needs improvement in productivity.,No
1193,951,2025-01-24,Q3,3.5,Meets Expectations,10,Reliable and dependable employee.,No
1194,2962,2025-06-05,Q4,4.1,Exceeds Expectations,8,Demonstrates strong problem-solving skills.,Yes
1195,2548,2024-07-06,Q1,2.6,Needs Improvement,10,Reliable and dependable employee.,Yes
1196,818,2025-08-22,Q4,2.5,Needs Improvement,4,Requires additional coaching.,No
1197,1244,2025-11-19,Q1,2.7,Needs Improvement,3,Needs improvement in productivity.,No
1198,1463,2024-04-28,Q2,4.0,Exceeds Expectations,3,Consistently exceeds expectations.,No
1199,1764,2025-10-05,Q2,2.3,Poor,4,Good communication and collaboration.,No
1200,1057,2024-09-07,Q3,5.0,Outstanding,3,Strong technical skills.,Yes
1201,2827,2024-08-05,Q1,4.6,Outstanding,3,Demonstrates strong problem-solving skills.,No
1202,455,2024-11-25,Q1,4.9,Outstanding,3,Consistently exceeds expectations.,Yes
1203,2581,2025-06-16,Q2,2.4,Poor,8,Reliable and dependable employee.,No
1204,2901,2024-11-20,Q4,3.3,Meets Expectations,4,Reliable and dependable employee.,No
1205,1371,2024-07-27,Q1,4.5,Outstanding,6,Demonstrates strong problem-solving skills.,No
1206,27,2025-06-29,Q4,2.7,Needs Improvement,8,Strong technical skills.,Yes
1207,350,2025-01-09,Q4,2.8,Needs Improvement,8,Good communication and collaboration.,Yes
1208,2170,2024-01-06,Q2,3.3,Meets Expectations,5,Requires additional coaching.,No
1209,1677,2025-07-10,Q3,4.7,Outstanding,3,Demonstrates strong problem-solving skills.,Yes
1210,41,2024-03-05,Q1,4.2,Exceeds Expectations,4,Needs improvement in productivity.,No
1211,1646,2024-03-21,Q2,4.9,Outstanding,9,Excellent leadership and teamwork.,No
1212,152,2025-11-14,Q2,4.0,Exceeds Expectations,3,Strong technical skills.,No
1213,1647,2025-11-24,Q3,4.7,Outstanding,8,Needs improvement in productivity.,Yes
1214,1146,2024-10-18,Q2,4.7,Outstanding,9,Demonstrates strong problem-solving skills.,Yes
1215,2230,2024-02-09,Q4,3.9,Meets Expectations,8,Requires additional coaching.,Yes
1216,1236,2024-11-14,Q3,2.3,Poor,9,Reliable and dependable employee.,No
1217,876,2025-02-25,Q3,2.3,Poor,8,Reliable and dependable employee.,Yes
1218,115,2025-06-04,Q3,4.7,Outstanding,6,Strong technical skills.,No
1219,2070,2024-08-08,Q1,2.3,Poor,8,Strong technical skills.,No
1220,508,2024-12-17,Q1,2.1,Poor,10,Strong technical skills.,Yes
1221,1857,2024-05-20,Q2,3.0,Meets Expectations,6,Needs improvement in productivity.,No
1222,1166,2024-10-15,Q2,4.0,Exceeds Expectations,9,Good communication and collaboration.,Yes
1223,1343,2024-01-28,Q2,3.5,Meets Expectations,8,Demonstrates strong problem-solving skills.,Yes
1224,601,2024-02-25,Q4,4.1,Exceeds Expectations,4,Consistently exceeds expectations.,Yes
1225,1741,2025-05-14,Q4,4.7,Outstanding,6,Demonstrates strong problem-solving skills.,Yes
1226,1513,2024-01-05,Q4,4.0,Exceeds Expectations,9,Strong technical skills.,No
1227,2607,2024-07-11,Q4,3.3,Meets Expectations,10,Requires additional coaching.,Yes
1228,592,2025-12-05,Q4,3.5,Meets Expectations,10,Reliable and dependable employee.,Yes
1229,2845,2025-09-24,Q4,2.6,Needs Improvement,3,Reliable and dependable employee.,No
1230,487,2024-12-26,Q4,3.8,Meets Expectations,4,Consistently exceeds expectations.,No
1231,2342,2025-10-30,Q2,2.9,Needs Improvement,4,Needs improvement in productivity.,No
1232,1534,2024-11-01,Q4,2.9,Needs Improvement,3,Reliable and dependable employee.,Yes
1233,2416,2024-11-13,Q3,3.3,Meets Expectations,7,Good communication and collaboration.,Yes
1234,2003,2024-08-27,Q3,2.0,Poor,4,Excellent leadership and teamwork.,No
1235,1971,2024-01-18,Q4,3.7,Meets Expectations,8,Requires additional coaching.,No
1236,2950,2025-08-29,Q2,4.5,Outstanding,5,Demonstrates strong problem-solving skills.,No
1237,2733,2024-11-01,Q3,3.3,Meets Expectations,4,Requires additional coaching.,No
1238,954,2024-03-26,Q3,4.7,Outstanding,3,Demonstrates strong problem-solving skills.,No
1239,2646,2025-10-16,Q2,2.3,Poor,3,Strong technical skills.,Yes
1240,2638,2024-06-27,Q2,3.7,Meets Expectations,3,Good communication and collaboration.,No
1241,2059,2024-01-02,Q1,4.7,Outstanding,5,Excellent leadership and teamwork.,No
1242,843,2025-05-24,Q4,2.7,Needs Improvement,4,Needs improvement in productivity.,No
1243,2413,2025-01-27,Q1,2.1,Poor,8,Requires additional coaching.,Yes
1244,1700,2024-05-18,Q3,2.1,Poor,9,Strong technical skills.,Yes
1245,470,2025-10-13,Q2,4.9,Outstanding,7,Reliable and dependable employee.,Yes
1246,1047,2024-02-13,Q2,4.3,Exceeds Expectations,7,Requires additional coaching.,Yes
1247,242,2025-05-20,Q3,3.8,Meets Expectations,5,Excellent leadership and teamwork.,Yes
1248,1221,2025-08-30,Q3,3.2,Meets Expectations,5,Requires additional coaching.,No
1249,1057,2024-01-03,Q1,3.1,Meets Expectations,3,Good communication and collaboration.,Yes
1250,2446,2024-04-04,Q4,3.8,Meets Expectations,9,Consistently exceeds expectations.,No
1251,249,2024-04-12,Q4,3.0,Meets Expectations,4,Demonstrates strong problem-solving skills.,Yes
1252,1670,2025-06-21,Q1,3.9,Meets Expectations,7,Consistently exceeds expectations.,Yes
1253,2273,2024-10-09,Q2,4.0,Exceeds Expectations,7,Requires additional coaching.,No
1254,344,2024-09-16,Q2,4.5,Outstanding,5,Needs improvement in productivity.,Yes
1255,1005,2024-02-14,Q4,3.6,Meets Expectations,10,Excellent leadership and teamwork.,Yes
1256,1904,2024-07-24,Q3,4.9,Outstanding,5,Excellent leadership and teamwork.,Yes
1257,1976,2025-12-30,Q3,2.8,Needs Improvement,9,Needs improvement in productivity.,Yes
1258,2397,2025-02-01,Q3,4.5,Outstanding,3,Reliable and dependable employee.,Yes
1259,1232,2025-11-08,Q1,2.3,Poor,5,Strong technical skills.,No
1260,864,2024-03-14,Q3,3.8,Meets Expectations,8,Strong technical skills.,No
1261,1119,2024-05-12,Q3,2.7,Needs Improvement,8,Good communication and collaboration.,No
1262,2456,2025-03-22,Q2,3.0,Meets Expectations,3,Demonstrates strong problem-solving skills.,Yes
1263,40,2025-12-16,Q4,4.0,Exceeds Expectations,10,Requires additional coaching.,Yes
1264,2659,2025-11-17,Q1,4.0,Exceeds Expectations,10,Consistently exceeds expectations.,No
1265,1542,2025-01-11,Q3,4.5,Outstanding,9,Reliable and dependable employee.,Yes
1266,512,2024-08-01,Q2,3.4,Meets Expectations,10,Excellent leadership and teamwork.,Yes
1267,82,2025-07-04,Q3,4.3,Exceeds Expectations,6,Consistently exceeds expectations.,No
1268,2941,2025-07-28,Q4,2.7,Needs Improvement,8,Excellent leadership and teamwork.,No
1269,2019,2024-05-06,Q2,4.7,Outstanding,3,Good communication and collaboration.,No
1270,455,2024-10-19,Q4,4.6,Outstanding,5,Good communication and collaboration.,Yes
1271,268,2025-12-18,Q1,3.8,Meets Expectations,5,Strong technical skills.,Yes
1272,2143,2025-05-27,Q3,4.2,Exceeds Expectations,6,Excellent leadership and teamwork.,No
1273,2789,2025-07-09,Q4,3.7,Meets Expectations,3,Requires additional coaching.,Yes
1274,1324,2024-03-03,Q4,3.3,Meets Expectations,7,Consistently exceeds expectations.,No
1275,2030,2025-03-10,Q1,3.1,Meets Expectations,6,Excellent leadership and teamwork.,No
1276,1721,2024-03-30,Q3,3.6,Meets Expectations,3,Requires additional coaching.,Yes
1277,1371,2025-10-22,Q1,2.2,Poor,6,Requires additional coaching.,Yes
1278,1024,2024-05-20,Q3,2.6,Needs Improvement,7,Consistently exceeds expectations.,Yes
1279,115,2025-01-06,Q1,3.4,Meets Expectations,8,Strong technical skills.,Yes
1280,442,2025-09-03,Q3,3.4,Meets Expectations,3,Needs improvement in productivity.,Yes
1281,299,2024-06-22,Q4,4.3,Exceeds Expectations,4,Demonstrates strong problem-solving skills.,Yes
1282,351,2025-02-08,Q1,4.9,Outstanding,9,Needs improvement in productivity.,Yes
1283,523,2024-03-03,Q4,2.2,Poor,3,Strong technical skills.,No
1284,270,2024-05-22,Q1,2.3,Poor,3,Strong technical skills.,No
1285,1646,2025-01-24,Q4,2.3,Poor,6,Excellent leadership and teamwork.,No
1286,1573,2024-08-18,Q4,3.4,Meets Expectations,4,Needs improvement in productivity.,Yes
1287,1860,2024-05-13,Q2,3.6,Meets Expectations,4,Consistently exceeds expectations.,Yes
1288,2438,2025-12-07,Q2,4.1,Exceeds Expectations,5,Strong technical skills.,No
1289,1725,2025-03-20,Q4,3.4,Meets Expectations,5,Good communication and collaboration.,Yes
1290,181,2024-07-11,Q3,2.2,Poor,9,Needs improvement in productivity.,No
1291,2391,2024-01-30,Q2,4.7,Outstanding,5,Demonstrates strong problem-solving skills.,No
1292,2472,2024-08-23,Q3,3.0,Meets Expectations,3,Reliable and dependable employee.,Yes
1293,973,2025-07-14,Q1,3.5,Meets Expectations,9,Needs improvement in productivity.,Yes
1294,821,2025-11-27,Q2,3.9,Meets Expectations,4,Needs improvement in productivity.,Yes
1295,2736,2025-03-27,Q4,3.4,Meets Expectations,8,Needs improvement in productivity.,No
1296,1715,2025-12-23,Q1,3.0,Meets Expectations,10,Excellent leadership and teamwork.,No
1297,899,2024-05-04,Q2,4.8,Outstanding,6,Demonstrates strong problem-solving skills.,Yes
1298,980,2024-01-10,Q3,3.4,Meets Expectations,9,Good communication and collaboration.,No
1299,755,2025-03-19,Q1,4.5,Outstanding,8,Excellent leadership and teamwork.,Yes
1300,1466,2025-12-05,Q1,2.1,Poor,5,Strong technical skills.,No
1301,797,2025-03-10,Q3,3.9,Meets Expectations,3,Excellent leadership and teamwork.,Yes
1302,811,2024-04-12,Q2,2.9,Needs Improvement,7,Reliable and dependable employee.,No
1303,2272,2024-08-31,Q2,2.7,Needs Improvement,3,Reliable and dependable employee.,No
1304,415,2025-11-22,Q2,2.1,Poor,9,Consistently exceeds expectations.,No
1305,862,2025-10-16,Q2,2.9,Needs Improvement,8,Needs improvement in productivity.,Yes
1306,2159,2025-08-29,Q4,4.9,Outstanding,4,Consistently exceeds expectations.,Yes
1307,536,2024-01-18,Q2,4.4,Exceeds Expectations,9,Needs improvement in productivity.,No
1308,2456,2024-12-30,Q2,3.3,Meets Expectations,3,Good communication and collaboration.,No
1309,609,2025-02-21,Q1,3.0,Meets Expectations,7,Reliable and dependable employee.,No
1310,858,2025-07-02,Q4,4.2,Exceeds Expectations,4,Reliable and dependable employee.,No
1311,2643,2024-09-18,Q3,4.3,Exceeds Expectations,10,Demonstrates strong problem-solving skills.,Yes
1312,1319,2024-08-06,Q4,4.1,Exceeds Expectations,10,Demonstrates strong problem-solving skills.,No
1313,2381,2024-11-13,Q1,3.2,Meets Expectations,6,Good communication and collaboration.,Yes
1314,1852,2024-04-19,Q4,4.6,Outstanding,6,Strong technical skills.,No
1315,1545,2025-04-04,Q3,3.7,Meets Expectations,7,Consistently exceeds expectations.,Yes
1316,345,2025-03-27,Q3,2.9,Needs Improvement,6,Excellent leadership and teamwork.,No
1317,2099,2024-12-30,Q4,3.9,Meets Expectations,10,Demonstrates strong problem-solving skills.,No
1318,1676,2025-01-14,Q4,3.1,Meets Expectations,8,Strong technical skills.,No
1319,102,2024-12-27,Q2,2.5,Needs Improvement,7,Consistently exceeds expectations.,No
1320,338,2025-03-21,Q1,2.9,Needs Improvement,7,Good communication and collaboration.,Yes
1321,486,2025-10-28,Q1,2.2,Poor,6,Needs improvement in productivity.,Yes
1322,2766,2024-01-10,Q3,3.0,Meets Expectations,7,Good communication and collaboration.,Yes
1323,2934,2024-06-13,Q3,4.2,Exceeds Expectations,3,Strong technical skills.,No
1324,1420,2025-07-05,Q4,4.3,Exceeds Expectations,9,Excellent leadership and teamwork.,No
1325,2680,2025-12-06,Q2,3.5,Meets Expectations,9,Good communication and collaboration.,Yes
1326,2963,2025-05-31,Q4,4.2,Exceeds Expectations,6,Demonstrates strong problem-solving skills.,No
1327,1396,2024-03-25,Q3,4.4,Exceeds Expectations,6,Requires additional coaching.,No
1328,859,2025-01-23,Q1,3.3,Meets Expectations,8,Reliable and dependable employee.,Yes
1329,1252,2024-04-16,Q1,4.8,Outstanding,10,Needs improvement in productivity.,No
1330,924,2024-12-14,Q4,3.3,Meets Expectations,7,Needs improvement in productivity.,Yes
1331,2325,2024-07-21,Q2,4.4,Exceeds Expectations,5,Needs improvement in productivity.,No
1332,1562,2024-12-06,Q4,2.6,Needs Improvement,4,Requires additional coaching.,Yes
1333,1945,2024-11-21,Q4,2.3,Poor,7,Consistently exceeds expectations.,Yes
1334,428,2024-04-23,Q2,4.0,Exceeds Expectations,3,Demonstrates strong problem-solving skills.,Yes
1335,765,2024-05-07,Q4,2.6,Needs Improvement,7,Good communication and collaboration.,Yes
1336,1193,2025-02-14,Q1,4.0,Exceeds Expectations,10,Excellent leadership and teamwork.,No
1337,2124,2024-10-25,Q3,2.0,Poor,9,Requires additional coaching.,Yes
1338,454,2025-11-06,Q4,2.4,Poor,10,Consistently exceeds expectations.,No
1339,846,2025-05-15,Q2,2.4,Poor,7,Requires additional coaching.,No
1340,651,2025-10-03,Q3,3.8,Meets Expectations,6,Demonstrates strong problem-solving skills.,No
1341,827,2024-09-08,Q2,2.0,Poor,10,Consistently exceeds expectations.,No
1342,2478,2025-08-25,Q3,4.4,Exceeds Expectations,10,Demonstrates strong problem-solving skills.,No
1343,2360,2025-02-08,Q1,2.1,Poor,7,Demonstrates strong problem-solving skills.,No
1344,2869,2024-01-13,Q3,4.5,Outstanding,9,Reliable and dependable employee.,No
1345,1021,2024-02-15,Q4,2.5,Needs Improvement,10,Requires additional coaching.,Yes
1346,2862,2025-02-28,Q4,3.7,Meets Expectations,3,Good communication and collaboration.,Yes
1347,1122,2025-05-12,Q3,4.6,Outstanding,4,Good communication and collaboration.,No
1348,1685,2024-11-22,Q1,5.0,Outstanding,8,Consistently exceeds expectations.,Yes
1349,2067,2024-09-29,Q3,4.3,Exceeds Expectations,9,Demonstrates strong problem-solving skills.,Yes
1350,1036,2025-11-16,Q1,2.6,Needs Improvement,10,Excellent leadership and teamwork.,Yes
1351,2617,2025-10-07,Q4,4.1,Exceeds Expectations,9,Needs improvement in productivity.,No
1352,797,2025-11-22,Q1,3.2,Meets Expectations,7,Consistently exceeds expectations.,Yes
1353,1340,2024-01-23,Q4,4.0,Exceeds Expectations,10,Demonstrates strong problem-solving skills.,Yes
1354,339,2025-12-22,Q2,3.6,Meets Expectations,10,Reliable and dependable employee.,No
1355,1144,2024-07-09,Q2,4.5,Outstanding,3,Consistently exceeds expectations.,Yes
1356,1205,2024-11-16,Q4,2.4,Poor,5,Consistently exceeds expectations.,Yes
1357,2775,2025-06-23,Q4,2.8,Needs Improvement,8,Reliable and dependable employee.,Yes
1358,2927,2024-01-08,Q2,2.1,Poor,10,Excellent leadership and teamwork.,Yes
1359,1600,2024-09-08,Q4,4.1,Exceeds Expectations,3,Excellent leadership and teamwork.,Yes
1360,1546,2025-11-14,Q2,4.3,Exceeds Expectations,8,Good communication and collaboration.,Yes
1361,375,2025-11-15,Q1,2.0,Poor,3,Needs improvement in productivity.,Yes
1362,2786,2024-02-11,Q2,4.0,Exceeds Expectations,4,Reliable and dependable employee.,Yes
1363,181,2025-12-13,Q1,3.2,Meets Expectations,8,Needs improvement in productivity.,Yes
1364,2559,2024-03-18,Q4,2.6,Needs Improvement,9,Consistently exceeds expectations.,Yes
1365,876,2025-11-24,Q3,2.3,Poor,5,Excellent leadership and teamwork.,No
1366,2679,2024-02-18,Q4,2.9,Needs Improvement,6,Demonstrates strong problem-solving skills.,Yes
1367,271,2024-10-06,Q3,4.0,Exceeds Expectations,8,Excellent leadership and teamwork.,Yes
1368,896,2024-03-12,Q4,3.2,Meets Expectations,4,Reliable and dependable employee.,No
1369,389,2025-06-18,Q4,3.8,Meets Expectations,5,Needs improvement in productivity.,Yes
1370,2603,2025-12-11,Q3,4.3,Exceeds Expectations,10,Consistently exceeds expectations.,No
1371,73,2024-06-12,Q4,3.8,Meets Expectations,9,Good communication and collaboration.,Yes
1372,953,2025-11-06,Q1,2.1,Poor,7,Good communication and collaboration.,No
1373,998,2024-07-20,Q1,3.9,Meets Expectations,5,Needs improvement in productivity.,No
1374,1215,2025-01-24,Q4,2.6,Needs Improvement,6,Excellent leadership and teamwork.,Yes
1375,2971,2024-02-11,Q4,3.8,Meets Expectations,8,Reliable and dependable employee.,No
1376,1301,2024-08-07,Q1,3.9,Meets Expectations,9,Strong technical skills.,Yes
1377,939,2024-05-07,Q3,4.5,Outstanding,8,Good communication and collaboration.,Yes
1378,2210,2025-11-19,Q2,2.2,Poor,6,Requires additional coaching.,No
1379,752,2025-02-09,Q1,3.3,Meets Expectations,4,Demonstrates strong problem-solving skills.,Yes
1380,789,2025-07-21,Q2,2.2,Poor,6,Reliable and dependable employee.,Yes
1381,712,2024-07-26,Q2,3.8,Meets Expectations,6,Consistently exceeds expectations.,No
1382,2970,2024-08-24,Q2,3.4,Meets Expectations,6,Good communication and collaboration.,No
1383,723,2025-08-01,Q3,3.8,Meets Expectations,7,Demonstrates strong problem-solving skills.,Yes
1384,1114,2025-10-27,Q4,4.6,Outstanding,4,Needs improvement in productivity.,No
1385,1548,2024-12-25,Q4,2.5,Needs Improvement,9,Requires additional coaching.,Yes
1386,1975,2024-08-03,Q4,2.1,Poor,9,Consistently exceeds expectations.,No
1387,2438,2024-11-08,Q2,3.6,Meets Expectations,7,Requires additional coaching.,No
1388,1253,2024-02-09,Q4,3.4,Meets Expectations,10,Consistently exceeds expectations.,No
1389,560,2024-11-15,Q2,4.1,Exceeds Expectations,5,Good communication and collaboration.,Yes
1390,53,2025-08-24,Q3,4.6,Outstanding,10,Requires additional coaching.,No
1391,1617,2024-06-30,Q3,4.9,Outstanding,9,Demonstrates strong problem-solving skills.,No
1392,2626,2024-04-04,Q1,5.0,Outstanding,9,Excellent leadership and teamwork.,Yes
1393,1577,2025-03-12,Q2,4.8,Outstanding,6,Requires additional coaching.,No
1394,2959,2025-10-26,Q4,3.0,Meets Expectations,8,Excellent leadership and teamwork.,No
1395,1737,2024-07-10,Q2,4.2,Exceeds Expectations,10,Excellent leadership and teamwork.,No
1396,2585,2024-07-25,Q1,4.1,Exceeds Expectations,5,Strong technical skills.,No
1397,2790,2024-08-22,Q2,2.4,Poor,5,Excellent leadership and teamwork.,Yes
1398,379,2025-08-28,Q4,3.9,Meets Expectations,9,Consistently exceeds expectations.,Yes
1399,1733,2025-05-10,Q4,2.5,Needs Improvement,7,Strong technical skills.,No
1400,2401,2024-10-11,Q4,2.9,Needs Improvement,4,Consistently exceeds expectations.,No
1401,585,2025-07-04,Q2,2.8,Needs Improvement,9,Strong technical skills.,Yes
1402,690,2024-06-09,Q1,4.4,Exceeds Expectations,4,Consistently exceeds expectations.,No
1403,2151,2025-03-23,Q3,3.3,Meets Expectations,9,Reliable and dependable employee.,Yes
1404,1535,2024-08-27,Q2,2.6,Needs Improvement,6,Demonstrates strong problem-solving skills.,Yes
1405,2059,2025-06-28,Q4,4.8,Outstanding,6,Reliable and dependable employee.,Yes
1406,242,2025-10-29,Q2,4.2,Exceeds Expectations,7,Requires additional coaching.,No
1407,2568,2025-06-13,Q1,4.7,Outstanding,5,Consistently exceeds expectations.,No
1408,352,2024-01-29,Q3,3.1,Meets Expectations,4,Needs improvement in productivity.,Yes
1409,2399,2024-09-11,Q4,2.7,Needs Improvement,4,Excellent leadership and teamwork.,Yes
1410,1090,2024-07-21,Q1,4.3,Exceeds Expectations,3,Consistently exceeds expectations.,Yes
1411,2140,2025-11-21,Q4,4.4,Exceeds Expectations,7,Demonstrates strong problem-solving skills.,No
1412,1381,2024-12-27,Q3,3.8,Meets Expectations,8,Needs improvement in productivity.,No
1413,982,2024-04-10,Q4,4.8,Outstanding,9,Excellent leadership and teamwork.,No
1414,1353,2025-12-05,Q1,4.4,Exceeds Expectations,10,Requires additional coaching.,Yes
1415,106,2024-06-02,Q3,3.8,Meets Expectations,6,Needs improvement in productivity.,No
1416,2533,2024-11-24,Q4,4.1,Exceeds Expectations,9,Good communication and collaboration.,Yes
1417,2614,2025-04-11,Q3,4.9,Outstanding,3,Needs improvement in productivity.,Yes
1418,1334,2024-03-24,Q2,4.0,Exceeds Expectations,10,Requires additional coaching.,Yes
1419,1427,2025-03-16,Q4,3.3,Meets Expectations,4,Requires additional coaching.,No
1420,2487,2025-06-13,Q2,2.6,Needs Improvement,3,Reliable and dependable employee.,No
1421,357,2025-01-27,Q4,2.9,Needs Improvement,5,Demonstrates strong problem-solving skills.,Yes
1422,1975,2025-05-12,Q2,4.0,Exceeds Expectations,6,Good communication and collaboration.,Yes
1423,2703,2024-11-30,Q1,4.1,Exceeds Expectations,9,Excellent leadership and teamwork.,Yes
1424,1338,2025-06-01,Q3,4.7,Outstanding,6,Strong technical skills.,No
1425,2747,2025-12-23,Q2,2.4,Poor,10,Consistently exceeds expectations.,No
1426,917,2025-08-24,Q1,4.8,Outstanding,8,Requires additional coaching.,No
1427,2679,2024-08-04,Q4,3.9,Meets Expectations,6,Good communication and collaboration.,No
1428,474,2025-11-15,Q1,2.9,Needs Improvement,4,Needs improvement in productivity.,Yes
1429,476,2025-09-27,Q2,3.7,Meets Expectations,8,Requires additional coaching.,Yes
1430,1274,2024-09-20,Q2,2.2,Poor,9,Requires additional coaching.,No
1431,1496,2024-08-02,Q2,4.4,Exceeds Expectations,6,Consistently exceeds expectations.,No
1432,38,2024-05-27,Q4,3.6,Meets Expectations,8,Reliable and dependable employee.,No
1433,897,2025-07-11,Q4,3.5,Meets Expectations,5,Strong technical skills.,Yes
1434,2726,2025-08-27,Q1,4.5,Outstanding,8,Strong technical skills.,Yes
1435,1121,2024-10-28,Q4,5.0,Outstanding,6,Demonstrates strong problem-solving skills.,No
1436,2885,2024-03-06,Q1,4.9,Outstanding,8,Reliable and dependable employee.,Yes
1437,922,2025-10-07,Q1,4.1,Exceeds Expectations,5,Demonstrates strong problem-solving skills.,No
1438,1226,2024-03-14,Q2,5.0,Outstanding,3,Requires additional coaching.,No
1439,1731,2025-05-23,Q3,4.0,Exceeds Expectations,9,Requires additional coaching.,Yes
1440,2163,2025-03-26,Q3,4.2,Exceeds Expectations,6,Requires additional coaching.,Yes
1441,537,2024-05-01,Q1,3.0,Meets Expectations,7,Demonstrates strong problem-solving skills.,Yes
1442,2365,2024-12-05,Q4,2.4,Poor,7,Reliable and dependable employee.,Yes
1443,894,2025-05-09,Q2,4.4,Exceeds Expectations,3,Needs improvement in productivity.,Yes
1444,2779,2024-12-22,Q2,4.4,Exceeds Expectations,9,Requires additional coaching.,Yes
1445,231,2025-03-21,Q4,2.3,Poor,5,Excellent leadership and teamwork.,Yes
1446,2112,2025-10-31,Q4,4.0,Exceeds Expectations,5,Requires additional coaching.,Yes
1447,140,2025-04-27,Q4,2.4,Poor,10,Strong technical skills.,Yes
1448,2674,2024-08-15,Q1,4.2,Exceeds Expectations,10,Requires additional coaching.,No
1449,2591,2025-08-04,Q3,4.0,Exceeds Expectations,3,Consistently exceeds expectations.,Yes
1450,339,2024-11-28,Q2,2.4,Poor,3,Demonstrates strong problem-solving skills.,No
1451,2842,2025-10-06,Q2,4.2,Exceeds Expectations,9,Demonstrates strong problem-solving skills.,No
1452,1223,2024-09-13,Q1,3.7,Meets Expectations,8,Consistently exceeds expectations.,Yes
1453,1661,2024-05-07,Q1,4.4,Exceeds Expectations,9,Demonstrates strong problem-solving skills.,Yes
1454,2126,2024-12-30,Q1,4.5,Outstanding,6,Consistently exceeds expectations.,Yes
1455,2454,2024-03-25,Q1,4.1,Exceeds Expectations,10,Needs improvement in productivity.,Yes
1456,161,2024-05-23,Q2,2.4,Poor,5,Consistently exceeds expectations.,No
1457,144,2024-11-22,Q1,2.3,Poor,7,Needs improvement in productivity.,Yes
1458,1733,2024-04-06,Q1,4.9,Outstanding,6,Strong technical skills.,Yes
1459,2128,2025-09-16,Q3,4.7,Outstanding,10,Reliable and dependable employee.,No
1460,2848,2024-01-14,Q3,2.9,Needs Improvement,6,Consistently exceeds expectations.,Yes
1461,972,2024-07-31,Q2,2.1,Poor,7,Good communication and collaboration.,Yes
1462,2467,2024-12-04,Q3,3.7,Meets Expectations,7,Reliable and dependable employee.,No
1463,305,2024-02-24,Q3,3.6,Meets Expectations,9,Reliable and dependable employee.,No
1464,1869,2024-09-13,Q3,2.2,Poor,9,Reliable and dependable employee.,Yes
1465,290,2024-03-20,Q3,3.9,Meets Expectations,6,Needs improvement in productivity.,Yes
1466,1720,2024-03-18,Q3,4.5,Outstanding,9,Requires additional coaching.,Yes
1467,2473,2025-05-03,Q3,2.7,Needs Improvement,4,Consistently exceeds expectations.,No
1468,271,2025-09-01,Q1,3.0,Meets Expectations,8,Needs improvement in productivity.,No
1469,600,2024-10-17,Q2,4.6,Outstanding,7,Excellent leadership and teamwork.,Yes
1470,1545,2024-02-23,Q2,4.9,Outstanding,9,Consistently exceeds expectations.,Yes
1471,720,2025-02-13,Q3,3.6,Meets Expectations,10,Consistently exceeds expectations.,No
1472,2870,2025-06-21,Q3,3.7,Meets Expectations,7,Consistently exceeds expectations.,Yes
1473,700,2025-01-17,Q4,3.0,Meets Expectations,5,Needs improvement in productivity.,No
1474,1954,2025-06-06,Q3,3.8,Meets Expectations,3,Reliable and dependable employee.,Yes
1475,585,2025-05-01,Q3,3.1,Meets Expectations,3,Needs improvement in productivity.,Yes
1476,2778,2024-02-03,Q4,3.8,Meets Expectations,5,Demonstrates strong problem-solving skills.,No
1477,1920,2024-04-17,Q3,3.5,Meets Expectations,9,Good communication and collaboration.,No
1478,2604,2024-11-16,Q3,4.6,Outstanding,9,Needs improvement in productivity.,Yes
1479,2600,2024-10-27,Q2,2.2,Poor,4,Reliable and dependable employee.,Yes
1480,347,2024-06-05,Q4,4.2,Exceeds Expectations,3,Requires additional coaching.,Yes
1481,1965,2025-04-16,Q1,3.5,Meets Expectations,9,Excellent leadership and teamwork.,Yes
1482,30,2024-12-09,Q3,4.1,Exceeds Expectations,6,Excellent leadership and teamwork.,No
1483,691,2025-07-15,Q2,4.0,Exceeds Expectations,5,Consistently exceeds expectations.,No
1484,547,2024-11-23,Q1,3.5,Meets Expectations,9,Demonstrates strong problem-solving skills.,No
1485,699,2025-10-14,Q1,3.1,Meets Expectations,8,Good communication and collaboration.,Yes
1486,1189,2024-06-23,Q3,2.9,Needs Improvement,7,Good communication and collaboration.,Yes
1487,2586,2025-03-10,Q2,3.7,Meets Expectations,7,Excellent leadership and teamwork.,No
1488,2531,2025-11-08,Q1,4.5,Outstanding,8,Excellent leadership and teamwork.,No
1489,1346,2025-05-05,Q1,2.9,Needs Improvement,3,Needs improvement in productivity.,Yes
1490,1647,2025-06-26,Q1,3.1,Meets Expectations,9,Demonstrates strong problem-solving skills.,Yes
1491,348,2025-03-30,Q2,3.6,Meets Expectations,9,Consistently exceeds expectations.,No
1492,29,2025-09-25,Q3,2.5,Needs Improvement,6,Demonstrates strong problem-solving skills.,No
1493,1534,2025-11-09,Q4,2.9,Needs Improvement,5,Strong technical skills.,Yes
1494,1797,2024-08-20,Q4,4.0,Exceeds Expectations,5,Reliable and dependable employee.,No
1495,1778,2025-06-29,Q2,2.0,Poor,4,Good communication and collaboration.,No
1496,165,2025-01-12,Q4,2.4,Poor,8,Excellent leadership and teamwork.,Yes
1497,2729,2024-08-21,Q4,2.6,Needs Improvement,7,Consistently exceeds expectations.,No
1498,2004,2025-07-31,Q2,3.7,Meets Expectations,8,Requires additional coaching.,No
1499,539,2024-06-26,Q1,2.3,Poor,3,Reliable and dependable employee.,Yes
1500,1410,2024-10-15,Q2,3.5,Meets Expectations,3,Needs improvement in productivity.,No
1501,2446,2024-07-11,Q4,4.2,Exceeds Expectations,10,Strong technical skills.,No
1502,1991,2025-09-14,Q4,2.2,Poor,6,Reliable and dependable employee.,Yes
1503,1022,2025-07-18,Q1,2.8,Needs Improvement,7,Good communication and collaboration.,No
1504,813,2024-02-17,Q1,3.4,Meets Expectations,5,Good communication and collaboration.,Yes
1505,940,2025-05-15,Q4,2.4,Poor,3,Strong technical skills.,Yes
1506,599,2024-02-15,Q2,3.3,Meets Expectations,4,Excellent leadership and teamwork.,No
1507,1669,2024-03-02,Q2,3.6,Meets Expectations,6,Needs improvement in productivity.,No
1508,1963,2025-07-25,Q4,2.2,Poor,3,Strong technical skills.,Yes
1509,1103,2025-03-01,Q3,3.1,Meets Expectations,9,Good communication and collaboration.,No
1510,195,2024-11-01,Q1,2.5,Needs Improvement,3,Needs improvement in productivity.,Yes
1511,1169,2025-03-13,Q1,3.4,Meets Expectations,9,Reliable and dependable employee.,No
1512,2013,2025-03-04,Q3,3.1,Meets Expectations,4,Consistently exceeds expectations.,Yes
1513,2798,2024-09-09,Q2,3.7,Meets Expectations,8,Needs improvement in productivity.,No
1514,2413,2025-08-19,Q3,3.6,Meets Expectations,6,Strong technical skills.,Yes
1515,2394,2024-03-08,Q1,3.2,Meets Expectations,5,Consistently exceeds expectations.,Yes
1516,2403,2025-06-12,Q2,4.9,Outstanding,6,Demonstrates strong problem-solving skills.,Yes
1517,307,2024-03-12,Q3,4.8,Outstanding,7,Demonstrates strong problem-solving skills.,Yes
1518,2186,2024-08-20,Q1,4.2,Exceeds Expectations,5,Good communication and collaboration.,No
1519,2255,2024-07-23,Q3,4.1,Exceeds Expectations,8,Demonstrates strong problem-solving skills.,Yes
1520,1787,2025-01-22,Q4,2.2,Poor,3,Reliable and dependable employee.,No
1521,2854,2024-04-25,Q3,4.9,Outstanding,3,Excellent leadership and teamwork.,Yes
1522,1629,2024-07-22,Q1,3.5,Meets Expectations,5,Demonstrates strong problem-solving skills.,No
1523,2304,2024-07-10,Q4,4.3,Exceeds Expectations,7,Good communication and collaboration.,Yes
1524,15,2024-10-11,Q2,2.5,Needs Improvement,3,Demonstrates strong problem-solving skills.,No
1525,1243,2024-09-14,Q3,4.6,Outstanding,7,Consistently exceeds expectations.,Yes
1526,918,2024-06-01,Q2,2.1,Poor,7,Excellent leadership and teamwork.,Yes
1527,1138,2024-11-01,Q3,4.8,Outstanding,3,Good communication and collaboration.,Yes
1528,2190,2025-05-07,Q3,2.3,Poor,8,Needs improvement in productivity.,Yes
1529,2890,2024-06-20,Q3,4.7,Outstanding,5,Requires additional coaching.,No
1530,1330,2024-01-13,Q1,5.0,Outstanding,8,Good communication and collaboration.,No
1531,724,2025-08-21,Q1,2.8,Needs Improvement,4,Requires additional coaching.,No
1532,2566,2025-12-26,Q2,3.9,Meets Expectations,10,Good communication and collaboration.,No
1533,1101,2025-06-10,Q4,2.6,Needs Improvement,5,Demonstrates strong problem-solving skills.,Yes
1534,2990,2025-12-15,Q3,4.2,Exceeds Expectations,5,Demonstrates strong problem-solving skills.,Yes
1535,2032,2024-09-16,Q2,2.5,Needs Improvement,5,Good communication and collaboration.,No
1536,2988,2024-02-15,Q3,2.5,Needs Improvement,3,Strong technical skills.,Yes
1537,728,2024-12-09,Q2,4.5,Outstanding,4,Reliable and dependable employee.,Yes
1538,1747,2025-08-22,Q4,2.7,Needs Improvement,4,Reliable and dependable employee.,Yes
1539,2472,2025-12-24,Q4,2.3,Poor,3,Consistently exceeds expectations.,Yes
1540,2640,2024-01-25,Q2,4.8,Outstanding,6,Consistently exceeds expectations.,No
1541,585,2024-06-11,Q1,4.8,Outstanding,3,Consistently exceeds expectations.,No
1542,2898,2025-07-15,Q2,2.3,Poor,10,Demonstrates strong problem-solving skills.,Yes
1543,1260,2025-03-10,Q2,3.0,Meets Expectations,6,Excellent leadership and teamwork.,No
1544,2571,2024-10-27,Q1,3.6,Meets Expectations,3,Consistently exceeds expectations.,No
1545,421,2025-07-17,Q4,3.5,Meets Expectations,5,Excellent leadership and teamwork.,Yes
1546,99,2025-01-08,Q4,2.7,Needs Improvement,5,Needs improvement in productivity.,No
1547,926,2024-05-05,Q4,4.8,Outstanding,4,Demonstrates strong problem-solving skills.,Yes
1548,452,2025-12-13,Q3,2.7,Needs Improvement,8,Consistently exceeds expectations.,No
1549,485,2025-07-10,Q1,3.1,Meets Expectations,3,Reliable and dependable employee.,Yes
1550,1756,2024-10-01,Q2,3.6,Meets Expectations,9,Reliable and dependable employee.,No
1551,2560,2025-01-08,Q3,4.5,Outstanding,4,Strong technical skills.,No
1552,2711,2024-07-03,Q3,3.1,Meets Expectations,4,Excellent leadership and teamwork.,Yes
1553,2687,2025-09-23,Q2,2.4,Poor,9,Demonstrates strong problem-solving skills.,No
1554,276,2024-02-23,Q4,2.3,Poor,7,Reliable and dependable employee.,Yes
1555,1324,2025-04-18,Q2,5.0,Outstanding,9,Needs improvement in productivity.,No
1556,2025,2024-03-17,Q4,3.3,Meets Expectations,8,Reliable and dependable employee.,Yes
1557,1570,2024-11-06,Q4,3.3,Meets Expectations,10,Good communication and collaboration.,No
1558,343,2024-03-17,Q4,3.7,Meets Expectations,6,Consistently exceeds expectations.,Yes
1559,1482,2024-04-23,Q1,2.0,Poor,8,Demonstrates strong problem-solving skills.,Yes
1560,452,2025-06-21,Q3,2.2,Poor,8,Reliable and dependable employee.,No
1561,1886,2025-07-12,Q4,2.4,Poor,6,Good communication and collaboration.,Yes
1562,229,2024-05-31,Q1,4.2,Exceeds Expectations,5,Requires additional coaching.,Yes
1563,2852,2024-01-14,Q3,4.9,Outstanding,3,Consistently exceeds expectations.,Yes
1564,1954,2025-03-10,Q2,4.5,Outstanding,3,Reliable and dependable employee.,No
1565,579,2024-01-08,Q1,2.2,Poor,3,Requires additional coaching.,Yes
1566,748,2024-11-12,Q2,3.4,Meets Expectations,7,Demonstrates strong problem-solving skills.,No
1567,2960,2025-03-31,Q1,3.0,Meets Expectations,7,Consistently exceeds expectations.,Yes
1568,246,2025-08-31,Q1,4.6,Outstanding,5,Reliable and dependable employee.,Yes
1569,1624,2024-03-25,Q4,4.5,Outstanding,7,Strong technical skills.,Yes
1570,1736,2025-02-09,Q3,4.8,Outstanding,4,Requires additional coaching.,Yes
1571,868,2024-05-26,Q1,3.2,Meets Expectations,6,Requires additional coaching.,Yes
1572,2291,2024-10-08,Q1,3.8,Meets Expectations,10,Demonstrates strong problem-solving skills.,No
1573,2674,2024-09-01,Q4,3.9,Meets Expectations,5,Excellent leadership and teamwork.,No
1574,2649,2024-01-24,Q3,3.3,Meets Expectations,4,Consistently exceeds expectations.,Yes
1575,1486,2024-05-17,Q3,3.8,Meets Expectations,3,Good communication and collaboration.,No
1576,667,2025-01-18,Q1,3.6,Meets Expectations,6,Excellent leadership and teamwork.,No
1577,769,2025-06-14,Q1,3.7,Meets Expectations,6,Strong technical skills.,Yes
1578,2336,2024-12-06,Q4,3.7,Meets Expectations,3,Excellent leadership and teamwork.,No
1579,382,2024-01-30,Q1,4.8,Outstanding,8,Strong technical skills.,No
1580,2049,2024-12-28,Q4,2.6,Needs Improvement,8,Reliable and dependable employee.,Yes
1581,1358,2024-09-26,Q1,3.2,Meets Expectations,5,Excellent leadership and teamwork.,No
1582,1954,2025-08-09,Q1,3.8,Meets Expectations,7,Reliable and dependable employee.,Yes
1583,2796,2024-07-25,Q1,3.4,Meets Expectations,6,Good communication and collaboration.,Yes
1584,2944,2025-06-14,Q3,2.5,Needs Improvement,10,Reliable and dependable employee.,No
1585,1192,2025-09-05,Q4,3.1,Meets Expectations,3,Requires additional coaching.,Yes
1586,856,2024-04-17,Q1,5.0,Outstanding,5,Demonstrates strong problem-solving skills.,Yes
1587,62,2025-11-25,Q3,2.4,Poor,4,Demonstrates strong problem-solving skills.,Yes
1588,1863,2024-06-09,Q3,2.9,Needs Improvement,5,Consistently exceeds expectations.,No
1589,2362,2025-02-01,Q1,3.1,Meets Expectations,4,Reliable and dependable employee.,No
1590,1057,2024-08-11,Q3,5.0,Outstanding,10,Reliable and dependable employee.,Yes
1591,2330,2024-03-30,Q3,3.5,Meets Expectations,7,Requires additional coaching.,No
1592,2539,2024-09-04,Q2,4.8,Outstanding,10,Needs improvement in productivity.,No
1593,1531,2025-05-14,Q4,2.3,Poor,10,Strong technical skills.,Yes
1594,2543,2025-08-18,Q1,4.9,Outstanding,6,Excellent leadership and teamwork.,Yes
1595,432,2025-09-21,Q2,2.9,Needs Improvement,9,Consistently exceeds expectations.,Yes
1596,1591,2025-06-15,Q1,4.6,Outstanding,8,Demonstrates strong problem-solving skills.,No
1597,2632,2025-01-25,Q4,3.6,Meets Expectations,4,Consistently exceeds expectations.,Yes
1598,2998,2024-03-25,Q4,2.3,Poor,9,Good communication and collaboration.,No
1599,1347,2024-06-29,Q3,2.2,Poor,10,Good communication and collaboration.,No
1600,469,2024-02-26,Q1,2.8,Needs Improvement,5,Demonstrates strong problem-solving skills.,Yes
1601,2623,2024-10-25,Q1,2.6,Needs Improvement,9,Excellent leadership and teamwork.,No
1602,1762,2025-12-07,Q2,4.9,Outstanding,3,Good communication and collaboration.,Yes
1603,2801,2025-03-14,Q3,3.3,Meets Expectations,5,Consistently exceeds expectations.,Yes
1604,284,2024-02-09,Q1,2.8,Needs Improvement,7,Demonstrates strong problem-solving skills.,No
1605,2150,2024-05-21,Q3,2.6,Needs Improvement,5,Excellent leadership and teamwork.,Yes
1606,1756,2025-07-21,Q3,3.0,Meets Expectations,5,Good communication and collaboration.,No
1607,1717,2024-08-08,Q2,3.4,Meets Expectations,9,Needs improvement in productivity.,No
1608,41,2025-03-06,Q2,3.7,Meets Expectations,4,Reliable and dependable employee.,No
1609,2721,2025-10-06,Q3,5.0,Outstanding,3,Reliable and dependable employee.,No
1610,605,2024-09-26,Q3,3.5,Meets Expectations,4,Requires additional coaching.,No
1611,2133,2025-04-26,Q4,4.2,Exceeds Expectations,5,Demonstrates strong problem-solving skills.,Yes
1612,150,2025-02-22,Q2,2.7,Needs Improvement,9,Reliable and dependable employee.,No
1613,886,2025-01-02,Q2,3.0,Meets Expectations,3,Needs improvement in productivity.,No
1614,67,2024-03-06,Q3,2.9,Needs Improvement,4,Demonstrates strong problem-solving skills.,No
1615,1696,2025-11-04,Q3,3.2,Meets Expectations,9,Needs improvement in productivity.,Yes
1616,721,2024-06-03,Q3,3.4,Meets Expectations,5,Reliable and dependable employee.,No
1617,1563,2025-11-08,Q4,2.9,Needs Improvement,7,Consistently exceeds expectations.,Yes
1618,426,2025-04-06,Q1,2.3,Poor,9,Consistently exceeds expectations.,No
1619,2556,2024-05-25,Q1,4.8,Outstanding,10,Excellent leadership and teamwork.,No
1620,1723,2024-06-25,Q4,2.6,Needs Improvement,9,Consistently exceeds expectations.,Yes
1621,1924,2025-06-06,Q3,4.9,Outstanding,10,Requires additional coaching.,No
1622,32,2024-02-23,Q2,4.8,Outstanding,7,Strong technical skills.,No
1623,1260,2025-08-15,Q4,4.5,Outstanding,6,Excellent leadership and teamwork.,No
1624,134,2025-01-08,Q2,2.0,Poor,8,Needs improvement in productivity.,No
1625,699,2024-04-13,Q4,4.9,Outstanding,6,Requires additional coaching.,Yes
1626,2525,2024-09-21,Q1,3.9,Meets Expectations,9,Reliable and dependable employee.,No
1627,2983,2025-11-18,Q3,2.5,Needs Improvement,5,Requires additional coaching.,Yes
1628,408,2024-11-17,Q2,4.1,Exceeds Expectations,4,Requires additional coaching.,No
1629,2265,2025-11-05,Q3,2.5,Needs Improvement,6,Consistently exceeds expectations.,Yes
1630,106,2024-11-05,Q2,3.3,Meets Expectations,3,Consistently exceeds expectations.,No
1631,104,2024-11-23,Q2,4.2,Exceeds Expectations,10,Needs improvement in productivity.,Yes
1632,982,2025-01-06,Q2,4.0,Exceeds Expectations,7,Good communication and collaboration.,Yes
1633,2975,2025-06-07,Q4,4.3,Exceeds Expectations,7,Excellent leadership and teamwork.,No
1634,340,2024-06-30,Q1,4.8,Outstanding,4,Consistently exceeds expectations.,No
1635,2441,2025-08-06,Q2,2.4,Poor,7,Strong technical skills.,Yes
1636,381,2024-12-15,Q3,2.2,Poor,6,Requires additional coaching.,Yes
1637,2012,2024-04-24,Q4,4.4,Exceeds Expectations,4,Demonstrates strong problem-solving skills.,Yes
1638,862,2024-07-29,Q4,4.1,Exceeds Expectations,8,Demonstrates strong problem-solving skills.,Yes
1639,737,2025-09-04,Q2,2.9,Needs Improvement,3,Consistently exceeds expectations.,No
1640,1421,2025-02-21,Q1,3.5,Meets Expectations,5,Strong technical skills.,Yes
1641,790,2024-08-21,Q1,3.8,Meets Expectations,5,Good communication and collaboration.,No
1642,471,2024-07-17,Q1,4.7,Outstanding,8,Reliable and dependable employee.,Yes
1643,342,2025-07-01,Q2,4.2,Exceeds Expectations,7,Strong technical skills.,No
1644,817,2025-02-12,Q3,4.9,Outstanding,7,Demonstrates strong problem-solving skills.,No
1645,1787,2025-06-28,Q4,3.5,Meets Expectations,6,Strong technical skills.,Yes
1646,811,2025-04-27,Q3,4.1,Exceeds Expectations,9,Consistently exceeds expectations.,No
1647,679,2024-12-31,Q4,4.4,Exceeds Expectations,9,Demonstrates strong problem-solving skills.,No
1648,2443,2024-02-24,Q3,4.2,Exceeds Expectations,4,Requires additional coaching.,No
1649,819,2025-10-08,Q3,3.7,Meets Expectations,4,Demonstrates strong problem-solving skills.,Yes
1650,139,2024-01-21,Q3,4.9,Outstanding,9,Strong technical skills.,No
1651,1632,2024-11-20,Q2,2.1,Poor,8,Requires additional coaching.,Yes
1652,1466,2024-02-04,Q2,2.7,Needs Improvement,8,Needs improvement in productivity.,Yes
1653,1288,2024-03-29,Q3,2.4,Poor,3,Needs improvement in productivity.,Yes
1654,1907,2024-06-18,Q3,3.7,Meets Expectations,6,Consistently exceeds expectations.,No
1655,1162,2024-08-10,Q2,3.8,Meets Expectations,4,Strong technical skills.,Yes
1656,2351,2024-04-06,Q4,4.7,Outstanding,9,Needs improvement in productivity.,No
1657,812,2024-01-22,Q4,2.6,Needs Improvement,10,Excellent leadership and teamwork.,No
1658,1726,2024-10-13,Q4,2.4,Poor,5,Needs improvement in productivity.,No
1659,969,2024-09-19,Q3,3.7,Meets Expectations,3,Excellent leadership and teamwork.,No
1660,1165,2025-07-05,Q4,2.4,Poor,3,Excellent leadership and teamwork.,No
1661,2642,2025-09-08,Q4,2.0,Poor,4,Requires additional coaching.,No
1662,1126,2024-11-14,Q3,3.0,Meets Expectations,9,Consistently exceeds expectations.,No
1663,2023,2024-04-27,Q4,3.8,Meets Expectations,7,Demonstrates strong problem-solving skills.,No
1664,2626,2024-04-08,Q1,4.9,Outstanding,8,Consistently exceeds expectations.,Yes
1665,918,2025-07-28,Q1,2.1,Poor,5,Consistently exceeds expectations.,No
1666,2817,2024-01-06,Q2,4.2,Exceeds Expectations,5,Consistently exceeds expectations.,Yes
1667,2966,2025-06-23,Q3,4.7,Outstanding,3,Excellent leadership and teamwork.,No
1668,177,2024-05-07,Q3,2.3,Poor,4,Strong technical skills.,No
1669,2818,2024-02-01,Q4,3.8,Meets Expectations,7,Reliable and dependable employee.,Yes
1670,2390,2025-10-29,Q2,3.4,Meets Expectations,8,Reliable and dependable employee.,No
1671,2609,2025-01-04,Q1,3.3,Meets Expectations,6,Demonstrates strong problem-solving skills.,No
1672,1150,2025-06-01,Q4,3.0,Meets Expectations,6,Consistently exceeds expectations.,No
1673,1214,2024-03-21,Q3,4.1,Exceeds Expectations,6,Good communication and collaboration.,Yes
1674,308,2024-11-07,Q1,4.9,Outstanding,6,Excellent leadership and teamwork.,Yes
1675,1918,2025-05-11,Q2,4.5,Outstanding,10,Consistently exceeds expectations.,No
1676,855,2025-06-15,Q3,4.4,Exceeds Expectations,7,Demonstrates strong problem-solving skills.,Yes
1677,2067,2025-04-21,Q2,2.3,Poor,6,Needs improvement in productivity.,No
1678,1854,2024-04-04,Q2,4.6,Outstanding,9,Good communication and collaboration.,Yes
1679,1139,2024-07-29,Q3,3.3,Meets Expectations,4,Reliable and dependable employee.,No
1680,439,2025-11-11,Q2,4.2,Exceeds Expectations,3,Demonstrates strong problem-solving skills.,Yes
1681,1093,2024-12-17,Q4,2.1,Poor,8,Strong technical skills.,Yes
1682,2255,2024-05-17,Q4,2.3,Poor,6,Reliable and dependable employee.,No
1683,2057,2024-08-23,Q3,3.3,Meets Expectations,3,Demonstrates strong problem-solving skills.,No
1684,1515,2024-08-31,Q4,2.3,Poor,9,Good communication and collaboration.,No
1685,776,2025-02-01,Q3,3.2,Meets Expectations,10,Requires additional coaching.,Yes
1686,2791,2024-05-08,Q2,2.1,Poor,4,Good communication and collaboration.,Yes
1687,218,2024-05-16,Q3,4.7,Outstanding,6,Consistently exceeds expectations.,Yes
1688,1129,2024-09-13,Q4,2.7,Needs Improvement,9,Requires additional coaching.,Yes
1689,901,2025-12-11,Q3,4.2,Exceeds Expectations,10,Good communication and collaboration.,Yes
1690,834,2025-01-31,Q3,3.0,Meets Expectations,7,Excellent leadership and teamwork.,Yes
1691,759,2025-11-07,Q4,3.5,Meets Expectations,7,Good communication and collaboration.,Yes
1692,1291,2025-02-15,Q2,4.0,Exceeds Expectations,5,Needs improvement in productivity.,No
1693,581,2024-09-03,Q4,4.9,Outstanding,9,Needs improvement in productivity.,Yes
1694,728,2024-04-23,Q1,4.9,Outstanding,5,Excellent leadership and teamwork.,No
1695,1941,2024-10-23,Q4,3.7,Meets Expectations,6,Demonstrates strong problem-solving skills.,Yes
1696,186,2024-01-18,Q3,4.5,Outstanding,6,Reliable and dependable employee.,Yes
1697,385,2024-02-13,Q3,2.3,Poor,10,Demonstrates strong problem-solving skills.,No
1698,2236,2025-11-27,Q4,2.8,Needs Improvement,7,Needs improvement in productivity.,No
1699,56,2024-09-05,Q3,4.5,Outstanding,8,Demonstrates strong problem-solving skills.,Yes
1700,1106,2024-07-22,Q1,4.1,Exceeds Expectations,5,Requires additional coaching.,Yes
1701,2701,2024-07-10,Q3,5.0,Outstanding,10,Excellent leadership and teamwork.,Yes
1702,2366,2024-10-20,Q4,4.2,Exceeds Expectations,8,Good communication and collaboration.,Yes
1703,794,2025-06-17,Q4,4.8,Outstanding,4,Strong technical skills.,No
1704,2159,2024-07-27,Q3,2.5,Needs Improvement,8,Requires additional coaching.,No
1705,1132,2025-01-14,Q1,2.9,Needs Improvement,8,Consistently exceeds expectations.,No
1706,1864,2024-11-13,Q3,3.7,Meets Expectations,7,Consistently exceeds expectations.,Yes
1707,2044,2025-04-08,Q2,4.8,Outstanding,10,Reliable and dependable employee.,No
1708,2556,2024-08-02,Q2,3.7,Meets Expectations,7,Demonstrates strong problem-solving skills.,No
1709,265,2025-05-19,Q1,4.4,Exceeds Expectations,10,Excellent leadership and teamwork.,Yes
1710,1160,2024-03-17,Q1,4.5,Outstanding,3,Demonstrates strong problem-solving skills.,No
1711,21,2025-11-02,Q1,3.3,Meets Expectations,3,Strong technical skills.,Yes
1712,1435,2025-09-01,Q2,4.6,Outstanding,4,Strong technical skills.,Yes
1713,806,2025-08-11,Q1,3.3,Meets Expectations,7,Good communication and collaboration.,Yes
1714,1939,2024-07-26,Q2,4.8,Outstanding,9,Requires additional coaching.,No
1715,402,2024-01-30,Q3,4.7,Outstanding,7,Reliable and dependable employee.,No
1716,2781,2024-03-29,Q2,4.6,Outstanding,6,Strong technical skills.,Yes
1717,1706,2024-10-02,Q3,3.7,Meets Expectations,7,Consistently exceeds expectations.,No
1718,2322,2024-06-26,Q4,4.8,Outstanding,5,Requires additional coaching.,No
1719,394,2024-07-06,Q4,2.4,Poor,8,Needs improvement in productivity.,No
1720,1451,2024-07-11,Q4,3.3,Meets Expectations,9,Demonstrates strong problem-solving skills.,Yes
1721,2290,2025-02-03,Q4,2.1,Poor,4,Reliable and dependable employee.,No
1722,994,2025-02-17,Q3,3.7,Meets Expectations,5,Strong technical skills.,Yes
1723,1609,2025-10-29,Q1,2.4,Poor,10,Demonstrates strong problem-solving skills.,Yes
1724,347,2025-08-31,Q1,2.2,Poor,8,Consistently exceeds expectations.,No
1725,2317,2025-09-30,Q3,3.4,Meets Expectations,3,Consistently exceeds expectations.,Yes
1726,2874,2024-11-23,Q2,2.6,Needs Improvement,10,Reliable and dependable employee.,Yes
1727,2768,2024-01-10,Q2,3.9,Meets Expectations,7,Strong technical skills.,Yes
1728,1987,2024-11-16,Q2,3.9,Meets Expectations,4,Consistently exceeds expectations.,Yes
1729,627,2025-01-04,Q1,3.8,Meets Expectations,4,Good communication and collaboration.,Yes
1730,425,2024-01-01,Q4,3.4,Meets Expectations,9,Excellent leadership and teamwork.,Yes
1731,1229,2024-02-09,Q2,3.2,Meets Expectations,6,Strong technical skills.,No
1732,2696,2025-01-03,Q4,3.9,Meets Expectations,5,Excellent leadership and teamwork.,Yes
1733,581,2025-03-15,Q2,4.5,Outstanding,5,Good communication and collaboration.,No
1734,1968,2024-11-02,Q1,2.9,Needs Improvement,10,Needs improvement in productivity.,No
1735,1603,2025-04-01,Q1,3.2,Meets Expectations,10,Requires additional coaching.,No
1736,607,2025-12-13,Q4,2.1,Poor,4,Requires additional coaching.,Yes
1737,2378,2025-02-28,Q4,2.9,Needs Improvement,3,Needs improvement in productivity.,Yes
1738,1917,2024-06-07,Q4,4.6,Outstanding,7,Excellent leadership and teamwork.,Yes
1739,1466,2024-12-23,Q2,3.5,Meets Expectations,8,Requires additional coaching.,Yes
1740,715,2025-03-23,Q3,4.0,Exceeds Expectations,8,Demonstrates strong problem-solving skills.,Yes
1741,1141,2025-03-08,Q3,4.4,Exceeds Expectations,9,Consistently exceeds expectations.,No
1742,1543,2025-10-26,Q2,4.9,Outstanding,7,Reliable and dependable employee.,No
1743,2412,2025-01-05,Q3,4.9,Outstanding,9,Consistently exceeds expectations.,Yes
1744,121,2025-12-25,Q2,4.6,Outstanding,6,Consistently exceeds expectations.,Yes
1745,2046,2025-04-02,Q4,4.8,Outstanding,8,Good communication and collaboration.,Yes
1746,432,2025-03-28,Q2,4.7,Outstanding,9,Requires additional coaching.,Yes
1747,254,2024-03-04,Q1,3.8,Meets Expectations,3,Consistently exceeds expectations.,No
1748,1534,2024-03-10,Q1,3.8,Meets Expectations,5,Needs improvement in productivity.,Yes
1749,2862,2025-01-08,Q2,3.3,Meets Expectations,6,Good communication and collaboration.,No
1750,2012,2025-12-24,Q3,3.3,Meets Expectations,6,Good communication and collaboration.,Yes
1751,1778,2024-10-28,Q2,4.4,Exceeds Expectations,4,Excellent leadership and teamwork.,Yes
1752,834,2024-04-09,Q2,2.1,Poor,3,Needs improvement in productivity.,No
1753,2328,2025-12-04,Q1,3.6,Meets Expectations,8,Reliable and dependable employee.,No
1754,779,2024-01-31,Q4,4.5,Outstanding,8,Needs improvement in productivity.,Yes
1755,276,2024-01-15,Q4,3.3,Meets Expectations,4,Consistently exceeds expectations.,Yes
1756,2119,2025-07-21,Q1,2.9,Needs Improvement,10,Good communication and collaboration.,Yes
1757,2464,2025-06-04,Q1,3.6,Meets Expectations,6,Strong technical skills.,No
1758,1600,2024-04-24,Q1,4.1,Exceeds Expectations,5,Strong technical skills.,Yes
1759,2189,2025-01-03,Q3,3.7,Meets Expectations,9,Excellent leadership and teamwork.,Yes
1760,2388,2024-07-30,Q3,3.4,Meets Expectations,3,Excellent leadership and teamwork.,No
1761,1727,2024-07-23,Q3,2.8,Needs Improvement,3,Reliable and dependable employee.,Yes
1762,2241,2025-01-29,Q3,4.5,Outstanding,3,Good communication and collaboration.,No
1763,299,2025-07-30,Q1,4.4,Exceeds Expectations,8,Consistently exceeds expectations.,No
1764,2451,2024-04-08,Q1,4.2,Exceeds Expectations,10,Reliable and dependable employee.,No
1765,2963,2024-04-06,Q1,2.1,Poor,10,Good communication and collaboration.,No
1766,1768,2024-04-10,Q2,3.4,Meets Expectations,3,Excellent leadership and teamwork.,Yes
1767,804,2025-09-30,Q4,3.6,Meets Expectations,3,Demonstrates strong problem-solving skills.,Yes
1768,1586,2024-04-08,Q2,4.3,Exceeds Expectations,9,Requires additional coaching.,Yes
1769,474,2025-11-02,Q3,3.3,Meets Expectations,8,Good communication and collaboration.,No
1770,1789,2024-05-06,Q2,4.8,Outstanding,6,Consistently exceeds expectations.,Yes
1771,931,2024-04-21,Q1,3.2,Meets Expectations,3,Good communication and collaboration.,Yes
1772,314,2025-06-10,Q4,2.2,Poor,5,Strong technical skills.,Yes
1773,1287,2024-01-13,Q2,3.0,Meets Expectations,7,Reliable and dependable employee.,No
1774,1961,2024-03-30,Q1,4.0,Exceeds Expectations,4,Strong technical skills.,Yes
1775,2028,2024-05-19,Q3,4.1,Exceeds Expectations,6,Demonstrates strong problem-solving skills.,No
1776,1503,2025-09-24,Q3,4.3,Exceeds Expectations,6,Strong technical skills.,No
1777,2859,2024-06-15,Q1,3.6,Meets Expectations,3,Needs improvement in productivity.,No
1778,2890,2025-08-22,Q4,4.9,Outstanding,7,Consistently exceeds expectations.,Yes
1779,562,2024-08-31,Q2,4.5,Outstanding,7,Good communication and collaboration.,Yes
1780,1526,2025-04-11,Q2,4.2,Exceeds Expectations,3,Good communication and collaboration.,No
1781,2663,2025-09-27,Q1,4.3,Exceeds Expectations,3,Demonstrates strong problem-solving skills.,Yes
1782,1108,2025-06-20,Q4,2.8,Needs Improvement,7,Consistently exceeds expectations.,Yes
1783,1144,2025-04-21,Q4,4.6,Outstanding,10,Excellent leadership and teamwork.,No
1784,1576,2024-11-27,Q2,3.3,Meets Expectations,6,Requires additional coaching.,Yes
1785,2704,2024-12-01,Q1,3.3,Meets Expectations,7,Excellent leadership and teamwork.,No
1786,107,2024-04-15,Q3,4.7,Outstanding,7,Good communication and collaboration.,Yes
1787,1397,2025-04-05,Q4,4.2,Exceeds Expectations,9,Excellent leadership and teamwork.,Yes
1788,2267,2025-03-10,Q3,3.2,Meets Expectations,10,Requires additional coaching.,No
1789,666,2024-03-19,Q4,4.9,Outstanding,6,Reliable and dependable employee.,Yes
1790,1150,2025-11-28,Q3,4.4,Exceeds Expectations,4,Good communication and collaboration.,No
1791,1383,2024-12-02,Q1,3.7,Meets Expectations,7,Needs improvement in productivity.,No
1792,2701,2024-02-26,Q1,2.8,Needs Improvement,4,Strong technical skills.,No
1793,1084,2024-07-01,Q4,4.5,Outstanding,10,Excellent leadership and teamwork.,No
1794,37,2025-12-24,Q3,3.4,Meets Expectations,10,Good communication and collaboration.,No
1795,240,2024-02-15,Q1,3.7,Meets Expectations,7,Needs improvement in productivity.,Yes
1796,1805,2024-02-01,Q3,2.5,Needs Improvement,7,Demonstrates strong problem-solving skills.,Yes
1797,932,2024-09-08,Q2,3.9,Meets Expectations,3,Good communication and collaboration.,Yes
1798,2682,2024-05-04,Q4,2.1,Poor,8,Excellent leadership and teamwork.,Yes
1799,250,2025-06-17,Q3,4.9,Outstanding,7,Excellent leadership and teamwork.,No
1800,2214,2025-05-16,Q2,4.2,Exceeds Expectations,8,Consistently exceeds expectations.,Yes
1801,2077,2024-10-04,Q1,3.3,Meets Expectations,6,Good communication and collaboration.,No
1802,2337,2025-07-14,Q4,3.1,Meets Expectations,4,Requires additional coaching.,No
1803,587,2025-02-09,Q3,2.1,Poor,8,Requires additional coaching.,No
1804,1928,2024-01-04,Q3,4.8,Outstanding,3,Reliable and dependable employee.,No
1805,183,2024-10-21,Q2,2.9,Needs Improvement,3,Consistently exceeds expectations.,Yes
1806,1283,2024-07-23,Q3,3.5,Meets Expectations,6,Requires additional coaching.,Yes
1807,2692,2024-02-14,Q4,4.2,Exceeds Expectations,4,Consistently exceeds expectations.,Yes
1808,2316,2025-03-23,Q4,3.5,Meets Expectations,4,Excellent leadership and teamwork.,No
1809,2701,2025-09-06,Q4,3.6,Meets Expectations,8,Strong technical skills.,Yes
1810,2357,2024-05-09,Q2,2.9,Needs Improvement,8,Good communication and collaboration.,No
1811,946,2025-07-25,Q1,3.4,Meets Expectations,6,Demonstrates strong problem-solving skills.,No
1812,1483,2024-06-29,Q1,2.2,Poor,8,Demonstrates strong problem-solving skills.,Yes
1813,1839,2025-07-28,Q2,4.4,Exceeds Expectations,5,Good communication and collaboration.,No
1814,2762,2024-04-15,Q2,3.8,Meets Expectations,7,Strong technical skills.,No
1815,1286,2024-05-17,Q4,2.4,Poor,9,Reliable and dependable employee.,No
1816,2592,2024-01-18,Q2,4.6,Outstanding,5,Demonstrates strong problem-solving skills.,Yes
1817,684,2025-02-07,Q3,2.4,Poor,10,Consistently exceeds expectations.,Yes
1818,140,2025-06-18,Q1,4.5,Outstanding,5,Consistently exceeds expectations.,Yes
1819,2110,2024-10-09,Q4,4.6,Outstanding,9,Needs improvement in productivity.,Yes
1820,1648,2024-08-06,Q2,4.1,Exceeds Expectations,7,Consistently exceeds expectations.,No
1821,1379,2024-08-15,Q1,3.8,Meets Expectations,3,Consistently exceeds expectations.,No
1822,1839,2025-12-05,Q4,4.7,Outstanding,9,Strong technical skills.,No
1823,2868,2024-10-10,Q2,2.4,Poor,4,Reliable and dependable employee.,Yes
1824,2432,2025-12-08,Q4,3.8,Meets Expectations,9,Needs improvement in productivity.,No
1825,724,2025-12-15,Q3,3.5,Meets Expectations,4,Good communication and collaboration.,No
1826,2021,2025-05-29,Q4,3.0,Meets Expectations,7,Needs improvement in productivity.,No
1827,1305,2024-03-11,Q2,4.3,Exceeds Expectations,3,Good communication and collaboration.,No
1828,2127,2025-07-25,Q3,2.8,Needs Improvement,4,Needs improvement in productivity.,No
1829,679,2024-06-25,Q3,2.4,Poor,10,Demonstrates strong problem-solving skills.,Yes
1830,694,2025-06-19,Q3,2.9,Needs Improvement,4,Good communication and collaboration.,No
1831,578,2024-06-05,Q2,2.3,Poor,3,Excellent leadership and teamwork.,Yes
1832,28,2025-03-13,Q1,3.5,Meets Expectations,8,Good communication and collaboration.,No
1833,2340,2024-11-21,Q4,3.3,Meets Expectations,5,Demonstrates strong problem-solving skills.,No
1834,449,2025-06-28,Q1,4.1,Exceeds Expectations,10,Requires additional coaching.,No
1835,1078,2024-11-16,Q2,2.3,Poor,7,Consistently exceeds expectations.,No
1836,324,2024-12-31,Q2,4.2,Exceeds Expectations,4,Needs improvement in productivity.,Yes
1837,2077,2024-08-06,Q4,3.0,Meets Expectations,4,Needs improvement in productivity.,Yes
1838,1776,2024-11-11,Q3,2.3,Poor,6,Excellent leadership and teamwork.,Yes
1839,1008,2025-03-17,Q4,2.4,Poor,6,Good communication and collaboration.,No
1840,1926,2024-01-22,Q2,2.5,Needs Improvement,10,Strong technical skills.,Yes
1841,814,2024-10-14,Q1,3.9,Meets Expectations,6,Excellent leadership and teamwork.,No
1842,276,2024-09-28,Q2,3.5,Meets Expectations,5,Excellent leadership and teamwork.,No
1843,2818,2025-08-27,Q4,2.8,Needs Improvement,6,Needs improvement in productivity.,No
1844,2173,2024-06-03,Q2,4.0,Exceeds Expectations,7,Good communication and collaboration.,No
1845,2737,2025-12-10,Q4,3.5,Meets Expectations,8,Demonstrates strong problem-solving skills.,No
1846,396,2024-08-04,Q3,2.7,Needs Improvement,9,Demonstrates strong problem-solving skills.,No
1847,1014,2024-12-22,Q1,4.0,Exceeds Expectations,5,Demonstrates strong problem-solving skills.,No
1848,2706,2025-01-20,Q4,2.3,Poor,5,Demonstrates strong problem-solving skills.,No
1849,2462,2024-01-18,Q2,3.2,Meets Expectations,3,Strong technical skills.,No
1850,2079,2025-01-28,Q4,2.6,Needs Improvement,3,Needs improvement in productivity.,No
1851,2765,2025-04-19,Q4,3.0,Meets Expectations,10,Requires additional coaching.,No
1852,1068,2024-12-08,Q3,4.7,Outstanding,10,Good communication and collaboration.,No
1853,2607,2024-09-11,Q3,4.5,Outstanding,10,Requires additional coaching.,Yes
1854,2345,2024-11-02,Q2,4.6,Outstanding,4,Needs improvement in productivity.,Yes
1855,2478,2024-10-26,Q1,3.6,Meets Expectations,9,Consistently exceeds expectations.,No
1856,1445,2024-07-11,Q1,4.3,Exceeds Expectations,3,Good communication and collaboration.,No
1857,2194,2025-12-03,Q2,2.6,Needs Improvement,9,Good communication and collaboration.,No
1858,662,2024-09-26,Q3,4.7,Outstanding,9,Good communication and collaboration.,Yes
1859,56,2025-12-17,Q1,2.1,Poor,4,Requires additional coaching.,No
1860,174,2025-12-28,Q3,2.5,Needs Improvement,3,Good communication and collaboration.,Yes
1861,139,2025-04-20,Q1,2.8,Needs Improvement,9,Requires additional coaching.,Yes
1862,1106,2025-09-16,Q1,4.6,Outstanding,4,Requires additional coaching.,Yes
1863,61,2025-04-01,Q2,4.2,Exceeds Expectations,4,Requires additional coaching.,Yes
1864,2481,2025-04-07,Q3,4.6,Outstanding,9,Excellent leadership and teamwork.,No
1865,1123,2024-12-20,Q1,3.4,Meets Expectations,7,Demonstrates strong problem-solving skills.,No
1866,1193,2024-06-04,Q2,3.3,Meets Expectations,9,Strong technical skills.,No
1867,1165,2025-05-12,Q2,4.7,Outstanding,9,Excellent leadership and teamwork.,No
1868,2981,2025-05-18,Q3,3.2,Meets Expectations,4,Demonstrates strong problem-solving skills.,Yes
1869,2367,2025-08-24,Q4,4.9,Outstanding,6,Demonstrates strong problem-solving skills.,No
1870,1953,2025-11-07,Q3,3.7,Meets Expectations,8,Reliable and dependable employee.,Yes
1871,391,2025-05-23,Q2,3.7,Meets Expectations,10,Good communication and collaboration.,Yes
1872,579,2025-11-22,Q4,3.2,Meets Expectations,6,Excellent leadership and teamwork.,No
1873,1033,2025-12-09,Q3,3.2,Meets Expectations,5,Excellent leadership and teamwork.,No
1874,2823,2025-11-18,Q4,3.7,Meets Expectations,3,Strong technical skills.,Yes
1875,2304,2024-12-08,Q4,4.4,Exceeds Expectations,8,Good communication and collaboration.,No
1876,1890,2024-03-28,Q1,4.1,Exceeds Expectations,4,Requires additional coaching.,Yes
1877,1539,2024-02-01,Q1,2.4,Poor,5,Consistently exceeds expectations.,Yes
1878,809,2025-03-27,Q1,3.3,Meets Expectations,3,Requires additional coaching.,No
1879,700,2024-01-27,Q4,3.9,Meets Expectations,5,Requires additional coaching.,No
1880,38,2025-11-11,Q4,2.9,Needs Improvement,7,Strong technical skills.,No
1881,2520,2024-06-08,Q2,4.7,Outstanding,5,Strong technical skills.,Yes
1882,2515,2024-03-02,Q3,4.9,Outstanding,7,Demonstrates strong problem-solving skills.,No
1883,863,2024-05-20,Q2,4.8,Outstanding,5,Demonstrates strong problem-solving skills.,Yes
1884,1302,2025-11-08,Q2,3.2,Meets Expectations,10,Consistently exceeds expectations.,Yes
1885,1278,2025-01-24,Q2,4.1,Exceeds Expectations,4,Demonstrates strong problem-solving skills.,No
1886,388,2024-09-15,Q4,2.2,Poor,5,Consistently exceeds expectations.,No
1887,2607,2024-04-17,Q2,3.7,Meets Expectations,8,Excellent leadership and teamwork.,Yes
1888,1125,2024-05-30,Q4,2.9,Needs Improvement,7,Needs improvement in productivity.,No
1889,1044,2024-11-10,Q2,3.7,Meets Expectations,4,Reliable and dependable employee.,Yes
1890,2993,2025-06-21,Q2,2.6,Needs Improvement,7,Consistently exceeds expectations.,Yes
1891,2140,2024-05-16,Q4,3.8,Meets Expectations,8,Strong technical skills.,No
1892,858,2025-01-31,Q2,2.5,Needs Improvement,6,Consistently exceeds expectations.,Yes
1893,588,2024-02-08,Q1,2.5,Needs Improvement,8,Consistently exceeds expectations.,Yes
1894,562,2025-02-12,Q4,3.5,Meets Expectations,9,Demonstrates strong problem-solving skills.,No
1895,1240,2025-07-13,Q1,3.5,Meets Expectations,6,Requires additional coaching.,No
1896,1580,2025-03-31,Q3,4.1,Exceeds Expectations,7,Needs improvement in productivity.,Yes
1897,2480,2024-09-30,Q2,4.5,Outstanding,7,Reliable and dependable employee.,No
1898,2296,2025-01-13,Q3,3.3,Meets Expectations,4,Requires additional coaching.,No
1899,730,2024-06-12,Q3,2.1,Poor,10,Needs improvement in productivity.,No
1900,876,2024-12-17,Q2,3.9,Meets Expectations,9,Needs improvement in productivity.,Yes
1901,44,2025-06-27,Q3,2.6,Needs Improvement,6,Excellent leadership and teamwork.,No
1902,1346,2024-08-06,Q3,2.3,Poor,7,Excellent leadership and teamwork.,No
1903,138,2025-09-08,Q4,3.9,Meets Expectations,9,Excellent leadership and teamwork.,No
1904,1124,2024-05-01,Q1,3.9,Meets Expectations,10,Demonstrates strong problem-solving skills.,No
1905,712,2025-03-19,Q1,3.4,Meets Expectations,3,Needs improvement in productivity.,Yes
1906,2511,2024-05-28,Q2,4.7,Outstanding,5,Reliable and dependable employee.,Yes
1907,1719,2025-09-09,Q1,4.5,Outstanding,3,Demonstrates strong problem-solving skills.,Yes
1908,1288,2025-03-16,Q3,2.3,Poor,6,Excellent leadership and teamwork.,No
1909,2753,2024-10-11,Q3,4.5,Outstanding,5,Needs improvement in productivity.,Yes
1910,2722,2024-08-08,Q1,3.2,Meets Expectations,4,Good communication and collaboration.,Yes
1911,2986,2025-08-14,Q2,2.8,Needs Improvement,10,Excellent leadership and teamwork.,No
1912,2493,2025-10-15,Q4,2.6,Needs Improvement,5,Excellent leadership and teamwork.,No
1913,1122,2025-01-31,Q1,3.7,Meets Expectations,8,Demonstrates strong problem-solving skills.,Yes
1914,2320,2025-10-06,Q1,4.8,Outstanding,4,Consistently exceeds expectations.,Yes
1915,2989,2024-03-16,Q3,2.3,Poor,3,Reliable and dependable employee.,Yes
1916,891,2025-12-13,Q4,3.9,Meets Expectations,4,Good communication and collaboration.,No
1917,2789,2024-02-17,Q2,3.9,Meets Expectations,5,Strong technical skills.,Yes
1918,1554,2024-10-03,Q2,4.1,Exceeds Expectations,7,Reliable and dependable employee.,No
1919,1696,2025-04-13,Q2,2.7,Needs Improvement,7,Good communication and collaboration.,Yes
1920,1209,2024-03-06,Q4,2.8,Needs Improvement,7,Consistently exceeds expectations.,No
1921,1455,2024-06-08,Q3,3.7,Meets Expectations,10,Reliable and dependable employee.,Yes
1922,2398,2025-07-29,Q2,3.2,Meets Expectations,9,Needs improvement in productivity.,No
1923,850,2024-10-25,Q3,3.0,Meets Expectations,4,Good communication and collaboration.,No
1924,894,2024-06-17,Q1,3.4,Meets Expectations,4,Reliable and dependable employee.,No
1925,573,2025-02-16,Q3,3.4,Meets Expectations,8,Requires additional coaching.,Yes
1926,1321,2025-05-31,Q3,4.1,Exceeds Expectations,3,Reliable and dependable employee.,No
1927,1948,2025-07-19,Q1,3.0,Meets Expectations,5,Needs improvement in productivity.,No
1928,667,2024-10-19,Q2,3.4,Meets Expectations,3,Demonstrates strong problem-solving skills.,No
1929,2432,2024-10-14,Q4,3.7,Meets Expectations,9,Demonstrates strong problem-solving skills.,Yes
1930,1035,2025-11-04,Q3,4.2,Exceeds Expectations,10,Requires additional coaching.,No
1931,165,2025-12-02,Q2,4.9,Outstanding,4,Requires additional coaching.,No
1932,1104,2025-08-29,Q4,4.9,Outstanding,3,Reliable and dependable employee.,Yes
1933,1232,2025-09-07,Q2,4.7,Outstanding,5,Reliable and dependable employee.,No
1934,221,2024-11-19,Q3,4.9,Outstanding,5,Needs improvement in productivity.,No
1935,1622,2024-09-20,Q1,2.5,Needs Improvement,5,Good communication and collaboration.,Yes
1936,1235,2024-11-08,Q2,2.9,Needs Improvement,6,Good communication and collaboration.,No
1937,370,2025-05-01,Q2,4.2,Exceeds Expectations,8,Excellent leadership and teamwork.,No
1938,653,2025-10-25,Q4,3.0,Meets Expectations,9,Good communication and collaboration.,No
1939,2738,2024-09-14,Q4,3.1,Meets Expectations,6,Consistently exceeds expectations.,No
1940,527,2025-06-20,Q2,3.0,Meets Expectations,9,Needs improvement in productivity.,No
1941,2764,2024-10-14,Q4,4.2,Exceeds Expectations,9,Consistently exceeds expectations.,No
1942,2001,2025-08-21,Q1,4.0,Exceeds Expectations,6,Reliable and dependable employee.,Yes
1943,1512,2025-06-10,Q1,3.1,Meets Expectations,9,Consistently exceeds expectations.,Yes
1944,566,2024-06-05,Q1,3.5,Meets Expectations,6,Strong technical skills.,No
1945,381,2024-10-31,Q2,3.0,Meets Expectations,9,Reliable and dependable employee.,No
1946,1275,2025-12-20,Q4,3.2,Meets Expectations,3,Strong technical skills.,No
1947,736,2024-03-04,Q1,2.5,Needs Improvement,10,Consistently exceeds expectations.,No
1948,2811,2024-05-01,Q4,4.2,Exceeds Expectations,3,Reliable and dependable employee.,No
1949,528,2025-02-27,Q4,3.7,Meets Expectations,10,Excellent leadership and teamwork.,No
1950,2679,2025-08-14,Q4,4.9,Outstanding,9,Excellent leadership and teamwork.,No
1951,1741,2025-06-12,Q1,2.8,Needs Improvement,10,Needs improvement in productivity.,No
1952,2917,2024-11-06,Q3,3.0,Meets Expectations,4,Reliable and dependable employee.,No
1953,2178,2024-02-04,Q1,4.3,Exceeds Expectations,5,Excellent leadership and teamwork.,No
1954,2899,2025-10-31,Q2,3.8,Meets Expectations,10,Requires additional coaching.,Yes
1955,1904,2024-05-06,Q1,2.8,Needs Improvement,10,Demonstrates strong problem-solving skills.,No
1956,206,2024-05-08,Q3,4.7,Outstanding,7,Requires additional coaching.,No
1957,2765,2024-10-27,Q1,2.9,Needs Improvement,7,Reliable and dependable employee.,No
1958,1462,2024-02-10,Q4,3.3,Meets Expectations,8,Strong technical skills.,Yes
1959,2441,2025-01-18,Q1,2.3,Poor,9,Good communication and collaboration.,Yes
1960,345,2024-02-03,Q2,3.6,Meets Expectations,5,Demonstrates strong problem-solving skills.,No
1961,1126,2024-10-31,Q4,3.0,Meets Expectations,6,Demonstrates strong problem-solving skills.,Yes
1962,314,2024-01-31,Q1,3.0,Meets Expectations,5,Consistently exceeds expectations.,No
1963,2100,2024-05-21,Q1,4.9,Outstanding,8,Strong technical skills.,No
1964,1642,2025-01-11,Q3,2.1,Poor,4,Requires additional coaching.,Yes
1965,785,2025-10-08,Q3,3.7,Meets Expectations,6,Excellent leadership and teamwork.,No
1966,2349,2025-07-14,Q4,3.4,Meets Expectations,7,Reliable and dependable employee.,No
1967,2055,2025-03-31,Q4,4.0,Exceeds Expectations,5,Strong technical skills.,No
1968,21,2024-11-06,Q1,3.2,Meets Expectations,9,Reliable and dependable employee.,No
1969,1094,2024-01-05,Q3,3.4,Meets Expectations,4,Good communication and collaboration.,Yes
1970,75,2024-08-21,Q2,4.1,Exceeds Expectations,4,Strong technical skills.,No
1971,2409,2024-08-17,Q3,3.3,Meets Expectations,9,Demonstrates strong problem-solving skills.,Yes
1972,1405,2024-05-05,Q3,3.0,Meets Expectations,10,Reliable and dependable employee.,No
1973,2044,2024-08-11,Q2,2.6,Needs Improvement,9,Strong technical skills.,No
1974,133,2024-01-11,Q1,4.0,Exceeds Expectations,10,Needs improvement in productivity.,Yes
1975,851,2024-09-27,Q3,4.2,Exceeds Expectations,7,Strong technical skills.,No
1976,1850,2024-08-04,Q1,4.0,Exceeds Expectations,5,Reliable and dependable employee.,No
1977,2314,2024-02-29,Q1,3.3,Meets Expectations,7,Demonstrates strong problem-solving skills.,Yes
1978,1538,2025-09-10,Q2,4.8,Outstanding,9,Consistently exceeds expectations.,Yes
1979,1621,2024-07-29,Q1,2.7,Needs Improvement,7,Reliable and dependable employee.,Yes
1980,1643,2025-07-07,Q3,3.7,Meets Expectations,6,Requires additional coaching.,No
1981,1309,2025-05-13,Q1,4.3,Exceeds Expectations,8,Requires additional coaching.,Yes
1982,1655,2025-05-18,Q4,3.5,Meets Expectations,7,Demonstrates strong problem-solving skills.,Yes
1983,728,2024-01-28,Q1,3.2,Meets Expectations,8,Demonstrates strong problem-solving skills.,Yes
1984,2800,2024-11-30,Q4,4.7,Outstanding,9,Requires additional coaching.,No
1985,774,2025-12-30,Q2,3.9,Meets Expectations,5,Consistently exceeds expectations.,No
1986,94,2024-02-21,Q2,3.0,Meets Expectations,5,Demonstrates strong problem-solving skills.,Yes
1987,1517,2024-09-08,Q4,2.1,Poor,6,Reliable and dependable employee.,No
1988,1512,2024-10-20,Q2,4.2,Exceeds Expectations,5,Demonstrates strong problem-solving skills.,Yes
1989,1322,2024-05-08,Q1,2.4,Poor,3,Good communication and collaboration.,No
1990,1881,2024-03-06,Q4,2.7,Needs Improvement,6,Reliable and dependable employee.,No
1991,2049,2025-05-16,Q3,3.9,Meets Expectations,5,Good communication and collaboration.,No
1992,2958,2024-07-10,Q1,4.9,Outstanding,3,Requires additional coaching.,No
1993,1579,2025-09-02,Q4,2.2,Poor,7,Consistently exceeds expectations.,Yes
1994,1797,2025-08-31,Q1,3.4,Meets Expectations,7,Requires additional coaching.,Yes
1995,1489,2024-01-04,Q4,3.2,Meets Expectations,9,Consistently exceeds expectations.,Yes
1996,598,2025-02-21,Q1,4.5,Outstanding,5,Needs improvement in productivity.,No
1997,2690,2024-05-18,Q2,3.0,Meets Expectations,10,Good communication and collaboration.,No
1998,398,2025-02-25,Q1,3.0,Meets Expectations,10,Demonstrates strong problem-solving skills.,Yes
1999,1065,2025-10-16,Q4,3.0,Meets Expectations,8,Demonstrates strong problem-solving skills.,No
2000,2328,2024-04-11,Q1,2.8,Needs Improvement,5,Reliable and dependable employee.,No
2001,107,2025-12-13,Q3,2.7,Needs Improvement,8,Strong technical skills.,No
2002,2933,2024-02-24,Q3,2.5,Needs Improvement,10,Demonstrates strong problem-solving skills.,No
2003,633,2024-07-13,Q2,4.2,Exceeds Expectations,5,Strong technical skills.,No
2004,1054,2024-09-30,Q1,3.9,Meets Expectations,6,Strong technical skills.,Yes
2005,2394,2025-09-09,Q3,2.0,Poor,9,Demonstrates strong problem-solving skills.,Yes
2006,1410,2024-02-14,Q3,3.9,Meets Expectations,8,Requires additional coaching.,No
2007,2656,2024-08-12,Q4,2.5,Needs Improvement,5,Demonstrates strong problem-solving skills.,No
2008,59,2024-12-15,Q1,4.0,Exceeds Expectations,8,Good communication and collaboration.,No
2009,846,2024-08-17,Q3,2.7,Needs Improvement,4,Good communication and collaboration.,No
2010,2044,2024-07-26,Q1,3.4,Meets Expectations,6,Good communication and collaboration.,No
2011,2721,2024-08-17,Q1,2.1,Poor,8,Consistently exceeds expectations.,No
2012,2267,2024-07-11,Q1,4.9,Outstanding,3,Demonstrates strong problem-solving skills.,Yes
2013,1003,2024-04-05,Q2,2.8,Needs Improvement,6,Good communication and collaboration.,No
2014,727,2024-06-11,Q3,2.1,Poor,7,Consistently exceeds expectations.,Yes
2015,261,2025-09-17,Q2,4.7,Outstanding,7,Excellent leadership and teamwork.,Yes
2016,933,2025-12-11,Q4,2.7,Needs Improvement,10,Consistently exceeds expectations.,Yes
2017,1307,2024-07-15,Q1,4.4,Exceeds Expectations,6,Demonstrates strong problem-solving skills.,Yes
2018,1811,2025-10-29,Q2,2.3,Poor,4,Good communication and collaboration.,No
2019,1229,2025-09-23,Q4,3.7,Meets Expectations,4,Demonstrates strong problem-solving skills.,Yes
2020,2413,2025-10-13,Q4,4.4,Exceeds Expectations,3,Strong technical skills.,No
2021,2464,2024-07-31,Q2,2.8,Needs Improvement,8,Demonstrates strong problem-solving skills.,No
2022,2644,2025-01-16,Q2,2.9,Needs Improvement,8,Strong technical skills.,No
2023,2564,2025-02-28,Q2,3.3,Meets Expectations,10,Excellent leadership and teamwork.,No
2024,2088,2025-01-13,Q2,3.4,Meets Expectations,5,Consistently exceeds expectations.,No
2025,2757,2025-04-03,Q4,2.9,Needs Improvement,8,Reliable and dependable employee.,Yes
2026,446,2025-08-18,Q2,4.3,Exceeds Expectations,7,Strong technical skills.,No
2027,2173,2024-05-31,Q3,3.4,Meets Expectations,6,Reliable and dependable employee.,No
2028,641,2025-11-25,Q4,2.6,Needs Improvement,5,Reliable and dependable employee.,Yes
2029,1334,2024-05-17,Q4,4.9,Outstanding,9,Strong technical skills.,Yes
2030,1077,2025-11-08,Q3,3.4,Meets Expectations,8,Reliable and dependable employee.,No
2031,1367,2024-04-11,Q3,4.2,Exceeds Expectations,10,Strong technical skills.,No
2032,2308,2025-10-12,Q4,3.2,Meets Expectations,3,Requires additional coaching.,Yes
2033,1675,2025-11-06,Q2,3.1,Meets Expectations,10,Strong technical skills.,Yes
2034,2885,2024-05-07,Q3,2.6,Needs Improvement,7,Needs improvement in productivity.,Yes
2035,1319,2024-12-26,Q4,3.3,Meets Expectations,8,Good communication and collaboration.,Yes
2036,2530,2025-02-08,Q3,3.5,Meets Expectations,4,Consistently exceeds expectations.,Yes
2037,658,2024-06-12,Q4,3.0,Meets Expectations,10,Excellent leadership and teamwork.,No
2038,2818,2025-09-05,Q4,4.9,Outstanding,6,Strong technical skills.,No
2039,243,2024-05-13,Q3,2.3,Poor,7,Needs improvement in productivity.,No
2040,1165,2024-05-31,Q2,2.3,Poor,4,Needs improvement in productivity.,No
2041,622,2024-01-16,Q3,4.6,Outstanding,6,Consistently exceeds expectations.,No
2042,1005,2025-08-28,Q3,3.0,Meets Expectations,7,Excellent leadership and teamwork.,Yes
2043,279,2024-05-14,Q3,4.6,Outstanding,8,Demonstrates strong problem-solving skills.,Yes
2044,755,2024-09-02,Q2,3.0,Meets Expectations,10,Needs improvement in productivity.,No
2045,816,2025-09-07,Q3,4.0,Exceeds Expectations,7,Excellent leadership and teamwork.,Yes
2046,489,2024-01-16,Q4,3.9,Meets Expectations,9,Demonstrates strong problem-solving skills.,Yes
2047,2165,2024-12-27,Q3,2.2,Poor,3,Requires additional coaching.,Yes
2048,2066,2024-09-17,Q3,4.6,Outstanding,10,Strong technical skills.,No
2049,2599,2024-09-26,Q1,2.2,Poor,4,Consistently exceeds expectations.,Yes
2050,2104,2025-03-09,Q1,4.5,Outstanding,10,Good communication and collaboration.,Yes
2051,2802,2024-08-27,Q3,3.3,Meets Expectations,10,Demonstrates strong problem-solving skills.,Yes
2052,2665,2025-11-11,Q2,3.0,Meets Expectations,8,Demonstrates strong problem-solving skills.,No
2053,88,2024-07-11,Q3,3.2,Meets Expectations,3,Requires additional coaching.,Yes
2054,35,2025-06-28,Q4,2.7,Needs Improvement,5,Strong technical skills.,Yes
2055,2394,2024-02-19,Q3,4.0,Exceeds Expectations,10,Good communication and collaboration.,No
2056,2929,2025-08-21,Q2,4.6,Outstanding,6,Reliable and dependable employee.,Yes
2057,1264,2025-12-29,Q1,2.5,Needs Improvement,3,Reliable and dependable employee.,No
2058,284,2025-08-26,Q3,3.0,Meets Expectations,6,Good communication and collaboration.,Yes
2059,1241,2024-09-15,Q3,2.5,Needs Improvement,6,Good communication and collaboration.,No
2060,112,2025-02-25,Q4,2.4,Poor,4,Requires additional coaching.,Yes
2061,1819,2025-01-30,Q2,4.6,Outstanding,9,Excellent leadership and teamwork.,No
2062,1797,2025-09-29,Q2,3.2,Meets Expectations,9,Consistently exceeds expectations.,Yes
2063,718,2024-08-20,Q1,3.5,Meets Expectations,5,Good communication and collaboration.,Yes
2064,2004,2024-01-02,Q3,4.2,Exceeds Expectations,8,Requires additional coaching.,Yes
2065,862,2024-12-11,Q3,5.0,Outstanding,10,Strong technical skills.,Yes
2066,1872,2024-09-02,Q4,2.0,Poor,9,Requires additional coaching.,Yes
2067,1453,2024-02-16,Q3,3.1,Meets Expectations,4,Requires additional coaching.,No
2068,940,2025-05-19,Q1,5.0,Outstanding,9,Demonstrates strong problem-solving skills.,Yes
2069,1126,2024-07-28,Q3,4.2,Exceeds Expectations,3,Reliable and dependable employee.,Yes
2070,727,2024-08-09,Q2,3.7,Meets Expectations,5,Reliable and dependable employee.,No
2071,160,2025-03-26,Q2,2.2,Poor,7,Needs improvement in productivity.,No
2072,646,2024-03-26,Q2,3.3,Meets Expectations,5,Reliable and dependable employee.,No
2073,449,2025-05-16,Q1,4.4,Exceeds Expectations,10,Good communication and collaboration.,No
2074,1654,2024-09-21,Q3,3.9,Meets Expectations,8,Excellent leadership and teamwork.,Yes
2075,1359,2025-11-28,Q4,2.1,Poor,3,Reliable and dependable employee.,No
2076,191,2025-09-22,Q2,3.6,Meets Expectations,5,Consistently exceeds expectations.,Yes
2077,1429,2024-11-12,Q1,4.7,Outstanding,9,Consistently exceeds expectations.,Yes
2078,1949,2024-07-10,Q4,3.4,Meets Expectations,10,Reliable and dependable employee.,Yes
2079,1276,2024-02-16,Q3,3.4,Meets Expectations,5,Needs improvement in productivity.,No
2080,2514,2025-12-24,Q1,4.0,Exceeds Expectations,10,Demonstrates strong problem-solving skills.,Yes
2081,516,2024-05-21,Q2,2.7,Needs Improvement,5,Good communication and collaboration.,Yes
2082,389,2025-12-25,Q3,4.2,Exceeds Expectations,4,Good communication and collaboration.,Yes
2083,1027,2025-01-21,Q3,2.6,Needs Improvement,8,Demonstrates strong problem-solving skills.,No
2084,540,2024-06-08,Q3,3.0,Meets Expectations,5,Excellent leadership and teamwork.,No
2085,2589,2024-03-18,Q2,2.1,Poor,5,Excellent leadership and teamwork.,Yes
2086,2600,2024-08-21,Q2,2.1,Poor,5,Requires additional coaching.,No
2087,48,2025-05-18,Q4,3.7,Meets Expectations,8,Good communication and collaboration.,No
2088,1852,2024-10-08,Q4,5.0,Outstanding,7,Demonstrates strong problem-solving skills.,Yes
2089,1145,2025-10-14,Q3,4.0,Exceeds Expectations,8,Reliable and dependable employee.,No
2090,1397,2025-05-14,Q4,4.4,Exceeds Expectations,10,Consistently exceeds expectations.,No
2091,2127,2024-01-21,Q3,2.8,Needs Improvement,9,Excellent leadership and teamwork.,Yes
2092,388,2025-09-17,Q4,2.7,Needs Improvement,4,Consistently exceeds expectations.,No
2093,518,2025-11-01,Q3,4.6,Outstanding,10,Requires additional coaching.,Yes
2094,2068,2025-02-26,Q2,2.5,Needs Improvement,5,Good communication and collaboration.,Yes
2095,814,2024-05-09,Q3,4.2,Exceeds Expectations,5,Excellent leadership and teamwork.,No
2096,2210,2024-01-31,Q2,2.7,Needs Improvement,8,Reliable and dependable employee.,Yes
2097,2787,2024-08-30,Q2,2.5,Needs Improvement,5,Requires additional coaching.,Yes
2098,1141,2025-07-18,Q4,2.1,Poor,7,Requires additional coaching.,No
2099,1952,2024-03-15,Q2,3.4,Meets Expectations,7,Excellent leadership and teamwork.,Yes
2100,1030,2024-08-10,Q3,4.1,Exceeds Expectations,6,Consistently exceeds expectations.,Yes
2101,1681,2024-09-09,Q4,2.4,Poor,5,Good communication and collaboration.,No
2102,654,2025-09-27,Q4,3.9,Meets Expectations,6,Good communication and collaboration.,No
2103,289,2024-02-17,Q3,2.7,Needs Improvement,5,Requires additional coaching.,Yes
2104,2974,2025-03-05,Q2,4.2,Exceeds Expectations,6,Demonstrates strong problem-solving skills.,Yes
2105,2754,2025-02-13,Q3,2.8,Needs Improvement,3,Consistently exceeds expectations.,No
2106,2148,2025-09-04,Q4,2.3,Poor,6,Demonstrates strong problem-solving skills.,No
2107,512,2024-08-01,Q4,3.6,Meets Expectations,5,Consistently exceeds expectations.,No
2108,1115,2025-02-07,Q1,4.8,Outstanding,9,Strong technical skills.,Yes
2109,2568,2024-11-27,Q2,3.4,Meets Expectations,10,Strong technical skills.,Yes
2110,2142,2025-09-28,Q3,2.3,Poor,6,Demonstrates strong problem-solving skills.,No
2111,1728,2025-11-01,Q1,2.2,Poor,7,Strong technical skills.,No
2112,2623,2024-11-06,Q4,3.5,Meets Expectations,7,Needs improvement in productivity.,Yes
2113,53,2025-12-14,Q4,2.3,Poor,6,Demonstrates strong problem-solving skills.,Yes
2114,2422,2025-02-25,Q3,3.3,Meets Expectations,4,Demonstrates strong problem-solving skills.,No
2115,2485,2024-01-13,Q4,3.6,Meets Expectations,3,Consistently exceeds expectations.,Yes
2116,2358,2024-07-27,Q2,2.3,Poor,8,Requires additional coaching.,No
2117,2943,2025-12-04,Q3,4.2,Exceeds Expectations,10,Demonstrates strong problem-solving skills.,Yes
2118,1634,2024-12-07,Q4,4.4,Exceeds Expectations,3,Good communication and collaboration.,Yes
2119,99,2025-08-07,Q3,3.9,Meets Expectations,4,Strong technical skills.,No
2120,117,2025-01-08,Q3,4.2,Exceeds Expectations,8,Needs improvement in productivity.,No
2121,1019,2024-09-11,Q1,2.8,Needs Improvement,8,Demonstrates strong problem-solving skills.,No
2122,658,2024-08-10,Q3,2.6,Needs Improvement,9,Needs improvement in productivity.,Yes
2123,2048,2024-08-25,Q3,4.6,Outstanding,8,Good communication and collaboration.,No
2124,1253,2025-01-25,Q1,2.3,Poor,9,Needs improvement in productivity.,No
2125,2620,2024-04-25,Q4,2.6,Needs Improvement,6,Strong technical skills.,No
2126,1437,2024-02-25,Q4,3.0,Meets Expectations,8,Reliable and dependable employee.,Yes
2127,1323,2025-05-25,Q2,2.0,Poor,7,Strong technical skills.,Yes
2128,1631,2025-04-17,Q1,3.9,Meets Expectations,6,Consistently exceeds expectations.,Yes
2129,2915,2025-12-12,Q4,3.8,Meets Expectations,7,Reliable and dependable employee.,No
2130,2183,2024-04-22,Q2,3.1,Meets Expectations,9,Consistently exceeds expectations.,No
2131,2513,2024-07-12,Q1,3.7,Meets Expectations,8,Good communication and collaboration.,No
2132,168,2024-01-08,Q2,2.7,Needs Improvement,7,Excellent leadership and teamwork.,No
2133,920,2024-04-23,Q2,4.5,Outstanding,6,Good communication and collaboration.,No
2134,2654,2025-01-02,Q2,4.4,Exceeds Expectations,3,Strong technical skills.,Yes
2135,86,2024-04-07,Q4,4.6,Outstanding,10,Requires additional coaching.,Yes
2136,1689,2024-06-06,Q4,2.6,Needs Improvement,9,Strong technical skills.,No
2137,1080,2025-07-04,Q3,3.3,Meets Expectations,6,Needs improvement in productivity.,No
2138,316,2025-09-29,Q2,4.9,Outstanding,8,Good communication and collaboration.,Yes
2139,396,2025-05-15,Q4,4.9,Outstanding,8,Consistently exceeds expectations.,Yes
2140,2950,2024-03-24,Q2,3.0,Meets Expectations,10,Strong technical skills.,Yes
2141,1886,2025-03-16,Q4,3.9,Meets Expectations,9,Consistently exceeds expectations.,Yes
2142,91,2025-07-04,Q1,3.7,Meets Expectations,8,Demonstrates strong problem-solving skills.,Yes
2143,262,2024-11-29,Q1,4.0,Exceeds Expectations,7,Strong technical skills.,Yes
2144,2923,2024-10-10,Q4,3.8,Meets Expectations,5,Requires additional coaching.,Yes
2145,2711,2024-11-03,Q3,3.4,Meets Expectations,8,Good communication and collaboration.,No
2146,591,2024-03-12,Q3,4.3,Exceeds Expectations,3,Excellent leadership and teamwork.,No
2147,2407,2025-07-25,Q1,2.4,Poor,4,Requires additional coaching.,Yes
2148,798,2024-09-27,Q2,2.7,Needs Improvement,5,Excellent leadership and teamwork.,No
2149,2985,2025-04-16,Q1,2.4,Poor,4,Requires additional coaching.,No
2150,1670,2024-11-22,Q4,3.1,Meets Expectations,5,Needs improvement in productivity.,Yes
2151,393,2025-12-06,Q2,2.9,Needs Improvement,9,Strong technical skills.,No
2152,372,2025-03-21,Q4,2.6,Needs Improvement,6,Good communication and collaboration.,No
2153,2652,2025-12-09,Q3,3.9,Meets Expectations,10,Consistently exceeds expectations.,No
2154,84,2025-07-22,Q1,4.6,Outstanding,3,Needs improvement in productivity.,Yes
2155,691,2025-02-14,Q1,2.0,Poor,3,Needs improvement in productivity.,No
2156,1255,2025-09-29,Q3,2.1,Poor,4,Reliable and dependable employee.,Yes
2157,2608,2024-05-11,Q2,3.9,Meets Expectations,6,Needs improvement in productivity.,Yes
2158,2799,2025-05-18,Q3,4.7,Outstanding,5,Demonstrates strong problem-solving skills.,Yes
2159,2079,2025-01-21,Q4,2.4,Poor,3,Excellent leadership and teamwork.,Yes
2160,1277,2024-04-18,Q1,4.8,Outstanding,8,Reliable and dependable employee.,Yes
2161,409,2024-07-08,Q2,3.5,Meets Expectations,8,Demonstrates strong problem-solving skills.,No
2162,1835,2025-09-15,Q1,4.8,Outstanding,8,Good communication and collaboration.,No
2163,580,2025-03-15,Q4,2.7,Needs Improvement,6,Requires additional coaching.,Yes
2164,1468,2025-12-03,Q4,2.2,Poor,4,Consistently exceeds expectations.,No
2165,2160,2024-12-18,Q4,3.7,Meets Expectations,6,Strong technical skills.,No
2166,555,2025-03-03,Q2,3.3,Meets Expectations,7,Requires additional coaching.,No
2167,1783,2024-03-13,Q4,3.1,Meets Expectations,3,Demonstrates strong problem-solving skills.,Yes
2168,1317,2024-09-14,Q4,3.7,Meets Expectations,7,Demonstrates strong problem-solving skills.,No
2169,2802,2025-11-21,Q1,4.1,Exceeds Expectations,6,Consistently exceeds expectations.,No
2170,2407,2024-01-17,Q2,4.2,Exceeds Expectations,8,Excellent leadership and teamwork.,Yes
2171,194,2025-06-20,Q4,4.9,Outstanding,6,Needs improvement in productivity.,Yes
2172,2803,2025-03-01,Q2,4.6,Outstanding,8,Excellent leadership and teamwork.,Yes
2173,405,2025-06-01,Q2,3.4,Meets Expectations,6,Needs improvement in productivity.,Yes
2174,2925,2024-11-10,Q2,2.6,Needs Improvement,3,Excellent leadership and teamwork.,No
2175,844,2024-12-01,Q1,4.7,Outstanding,7,Excellent leadership and teamwork.,Yes
2176,2702,2025-02-25,Q3,4.4,Exceeds Expectations,5,Requires additional coaching.,Yes
2177,1523,2024-12-13,Q4,4.8,Outstanding,3,Reliable and dependable employee.,Yes
2178,2453,2025-01-13,Q3,2.7,Needs Improvement,9,Strong technical skills.,Yes
2179,2677,2024-12-13,Q3,4.2,Exceeds Expectations,9,Excellent leadership and teamwork.,No
2180,1695,2025-12-19,Q2,3.1,Meets Expectations,10,Strong technical skills.,Yes
2181,2567,2025-02-05,Q1,4.1,Exceeds Expectations,10,Reliable and dependable employee.,Yes
2182,289,2025-06-22,Q1,3.9,Meets Expectations,5,Demonstrates strong problem-solving skills.,Yes
2183,752,2025-04-21,Q2,3.6,Meets Expectations,7,Requires additional coaching.,No
2184,2197,2025-01-15,Q3,2.9,Needs Improvement,4,Consistently exceeds expectations.,No
2185,828,2025-08-01,Q4,4.9,Outstanding,6,Reliable and dependable employee.,Yes
2186,1921,2025-01-31,Q1,3.4,Meets Expectations,6,Excellent leadership and teamwork.,No
2187,756,2025-07-03,Q1,2.3,Poor,6,Requires additional coaching.,No
2188,1795,2024-11-12,Q4,4.2,Exceeds Expectations,3,Good communication and collaboration.,Yes
2189,2970,2025-02-26,Q1,3.0,Meets Expectations,5,Needs improvement in productivity.,No
2190,719,2025-06-07,Q2,3.1,Meets Expectations,3,Requires additional coaching.,No
2191,628,2025-06-01,Q1,4.8,Outstanding,6,Reliable and dependable employee.,Yes
2192,1376,2024-05-20,Q4,4.0,Exceeds Expectations,3,Demonstrates strong problem-solving skills.,Yes
2193,1007,2025-08-22,Q3,3.8,Meets Expectations,5,Reliable and dependable employee.,No
2194,233,2024-03-27,Q1,2.3,Poor,9,Excellent leadership and teamwork.,Yes
2195,2966,2024-03-27,Q3,4.8,Outstanding,3,Reliable and dependable employee.,Yes
2196,2803,2025-08-03,Q4,2.7,Needs Improvement,3,Excellent leadership and teamwork.,No
2197,2323,2024-08-24,Q2,2.4,Poor,3,Consistently exceeds expectations.,Yes
2198,2658,2025-03-19,Q4,4.5,Outstanding,9,Strong technical skills.,No
2199,1842,2024-09-30,Q2,4.7,Outstanding,10,Strong technical skills.,No
2200,2608,2025-08-05,Q2,3.4,Meets Expectations,10,Needs improvement in productivity.,Yes
2201,592,2024-01-13,Q2,2.9,Needs Improvement,9,Strong technical skills.,Yes
2202,1508,2025-06-02,Q4,4.2,Exceeds Expectations,7,Reliable and dependable employee.,Yes
2203,1884,2025-07-02,Q2,3.2,Meets Expectations,9,Reliable and dependable employee.,No
2204,853,2024-06-25,Q4,4.8,Outstanding,9,Demonstrates strong problem-solving skills.,No
2205,1819,2024-04-07,Q4,4.9,Outstanding,8,Needs improvement in productivity.,No
2206,2726,2024-04-13,Q2,3.2,Meets Expectations,6,Good communication and collaboration.,Yes
2207,2329,2024-11-06,Q3,2.6,Needs Improvement,10,Requires additional coaching.,No
2208,2638,2024-05-23,Q4,2.9,Needs Improvement,5,Demonstrates strong problem-solving skills.,Yes
2209,2224,2024-01-25,Q3,4.0,Exceeds Expectations,9,Excellent leadership and teamwork.,Yes
2210,890,2024-03-10,Q2,3.0,Meets Expectations,9,Requires additional coaching.,Yes
2211,1815,2025-10-04,Q2,2.1,Poor,9,Reliable and dependable employee.,No
2212,2788,2025-05-24,Q2,3.7,Meets Expectations,9,Good communication and collaboration.,Yes
2213,1685,2024-07-16,Q2,2.9,Needs Improvement,5,Demonstrates strong problem-solving skills.,No
2214,2501,2024-02-21,Q1,4.8,Outstanding,4,Consistently exceeds expectations.,Yes
2215,88,2025-07-29,Q1,2.0,Poor,8,Consistently exceeds expectations.,No
2216,1462,2025-05-26,Q2,2.6,Needs Improvement,6,Strong technical skills.,Yes
2217,1487,2024-10-17,Q3,3.9,Meets Expectations,10,Demonstrates strong problem-solving skills.,No
2218,2882,2024-07-04,Q3,2.5,Needs Improvement,4,Reliable and dependable employee.,Yes
2219,669,2025-02-08,Q4,3.2,Meets Expectations,5,Demonstrates strong problem-solving skills.,No
2220,2827,2024-06-18,Q2,4.5,Outstanding,4,Reliable and dependable employee.,No
2221,398,2025-11-18,Q2,4.3,Exceeds Expectations,9,Demonstrates strong problem-solving skills.,No
2222,1954,2024-07-19,Q1,2.5,Needs Improvement,8,Demonstrates strong problem-solving skills.,Yes
2223,1833,2025-05-15,Q4,4.7,Outstanding,8,Needs improvement in productivity.,Yes
2224,1516,2025-06-02,Q2,2.2,Poor,7,Requires additional coaching.,Yes
2225,455,2024-09-14,Q2,5.0,Outstanding,8,Strong technical skills.,Yes
2226,1453,2025-02-01,Q4,3.8,Meets Expectations,3,Requires additional coaching.,Yes
2227,1496,2025-11-13,Q2,4.6,Outstanding,7,Excellent leadership and teamwork.,No
2228,1305,2024-03-18,Q1,4.7,Outstanding,6,Strong technical skills.,No
2229,1839,2025-08-18,Q3,5.0,Outstanding,3,Strong technical skills.,No
2230,2701,2024-01-28,Q1,2.2,Poor,5,Excellent leadership and teamwork.,Yes
2231,1240,2025-09-10,Q4,3.1,Meets Expectations,9,Requires additional coaching.,Yes
2232,2848,2024-01-27,Q4,4.0,Exceeds Expectations,8,Needs improvement in productivity.,No
2233,1668,2025-08-31,Q2,4.1,Exceeds Expectations,8,Strong technical skills.,Yes
2234,2003,2025-08-10,Q1,2.8,Needs Improvement,10,Consistently exceeds expectations.,No
2235,2085,2024-01-07,Q1,4.7,Outstanding,5,Consistently exceeds expectations.,Yes
2236,305,2024-09-08,Q1,2.5,Needs Improvement,5,Good communication and collaboration.,Yes
2237,309,2024-05-25,Q1,2.0,Poor,8,Consistently exceeds expectations.,Yes
2238,2387,2024-03-06,Q4,3.9,Meets Expectations,8,Consistently exceeds expectations.,Yes
2239,231,2025-01-05,Q2,4.1,Exceeds Expectations,4,Reliable and dependable employee.,Yes
2240,2942,2025-08-05,Q1,4.9,Outstanding,9,Good communication and collaboration.,Yes
2241,205,2024-05-22,Q4,4.2,Exceeds Expectations,8,Good communication and collaboration.,No
2242,809,2024-06-23,Q4,4.1,Exceeds Expectations,5,Demonstrates strong problem-solving skills.,No
2243,2997,2025-09-15,Q1,4.0,Exceeds Expectations,10,Reliable and dependable employee.,Yes
2244,326,2025-07-30,Q2,2.5,Needs Improvement,7,Reliable and dependable employee.,Yes
2245,2868,2024-02-24,Q1,2.4,Poor,6,Reliable and dependable employee.,No
2246,933,2025-02-10,Q3,2.5,Needs Improvement,9,Strong technical skills.,Yes
2247,1748,2025-03-01,Q3,2.8,Needs Improvement,6,Excellent leadership and teamwork.,No
2248,1153,2025-05-12,Q1,4.3,Exceeds Expectations,3,Consistently exceeds expectations.,No
2249,1410,2025-01-15,Q1,4.7,Outstanding,9,Consistently exceeds expectations.,No
2250,50,2024-11-08,Q1,4.9,Outstanding,8,Needs improvement in productivity.,Yes
2251,2332,2025-01-24,Q3,2.8,Needs Improvement,10,Needs improvement in productivity.,No
2252,1518,2025-05-10,Q4,3.5,Meets Expectations,8,Good communication and collaboration.,Yes
2253,2406,2025-07-05,Q3,2.5,Needs Improvement,9,Demonstrates strong problem-solving skills.,No
2254,1329,2024-06-10,Q4,4.8,Outstanding,10,Demonstrates strong problem-solving skills.,No
2255,626,2024-04-23,Q4,2.4,Poor,9,Excellent leadership and teamwork.,Yes
2256,1298,2024-03-26,Q2,3.1,Meets Expectations,9,Needs improvement in productivity.,Yes
2257,1780,2024-12-11,Q2,4.4,Exceeds Expectations,5,Reliable and dependable employee.,Yes
2258,389,2024-09-16,Q4,2.0,Poor,5,Strong technical skills.,No
2259,811,2025-11-06,Q4,2.1,Poor,5,Strong technical skills.,No
2260,933,2025-08-24,Q4,2.6,Needs Improvement,9,Requires additional coaching.,Yes
2261,1997,2024-08-16,Q1,4.9,Outstanding,8,Consistently exceeds expectations.,Yes
2262,1325,2025-10-01,Q3,4.1,Exceeds Expectations,5,Good communication and collaboration.,No
2263,887,2024-04-04,Q1,3.2,Meets Expectations,7,Reliable and dependable employee.,No
2264,2583,2024-09-01,Q4,2.9,Needs Improvement,4,Reliable and dependable employee.,No
2265,1398,2025-04-18,Q2,4.2,Exceeds Expectations,8,Demonstrates strong problem-solving skills.,Yes
2266,73,2024-09-18,Q4,3.3,Meets Expectations,6,Good communication and collaboration.,No
2267,2820,2024-08-25,Q3,2.7,Needs Improvement,10,Strong technical skills.,No
2268,2365,2025-12-04,Q2,4.4,Exceeds Expectations,5,Needs improvement in productivity.,Yes
2269,2901,2025-01-26,Q2,3.8,Meets Expectations,6,Demonstrates strong problem-solving skills.,No
2270,80,2024-07-31,Q1,2.9,Needs Improvement,9,Reliable and dependable employee.,No
2271,334,2025-02-16,Q4,3.6,Meets Expectations,7,Consistently exceeds expectations.,No
2272,1596,2024-09-07,Q3,4.3,Exceeds Expectations,5,Needs improvement in productivity.,Yes
2273,1941,2024-08-16,Q1,2.7,Needs Improvement,8,Needs improvement in productivity.,No
2274,2302,2024-06-05,Q3,2.4,Poor,8,Demonstrates strong problem-solving skills.,No
2275,2478,2024-07-04,Q2,4.6,Outstanding,6,Consistently exceeds expectations.,No
2276,249,2025-08-07,Q2,4.2,Exceeds Expectations,7,Good communication and collaboration.,No
2277,1733,2025-04-22,Q1,4.1,Exceeds Expectations,7,Strong technical skills.,Yes
2278,591,2025-03-31,Q1,2.9,Needs Improvement,9,Consistently exceeds expectations.,No
2279,1905,2025-01-31,Q2,4.3,Exceeds Expectations,10,Requires additional coaching.,Yes
2280,2433,2024-05-26,Q3,3.3,Meets Expectations,4,Strong technical skills.,No
2281,1131,2024-07-13,Q4,2.6,Needs Improvement,7,Reliable and dependable employee.,Yes
2282,1323,2024-06-02,Q1,4.9,Outstanding,3,Needs improvement in productivity.,No
2283,1511,2024-07-28,Q4,2.4,Poor,3,Requires additional coaching.,No
2284,1621,2024-11-13,Q1,2.5,Needs Improvement,7,Needs improvement in productivity.,Yes
2285,2096,2024-12-27,Q2,2.2,Poor,10,Consistently exceeds expectations.,Yes
2286,574,2024-09-24,Q2,2.5,Needs Improvement,6,Consistently exceeds expectations.,No
2287,1463,2025-09-19,Q4,3.0,Meets Expectations,8,Consistently exceeds expectations.,No
2288,1641,2025-11-09,Q4,3.6,Meets Expectations,9,Reliable and dependable employee.,Yes
2289,849,2024-07-05,Q1,3.3,Meets Expectations,7,Good communication and collaboration.,Yes
2290,232,2024-02-29,Q1,3.9,Meets Expectations,3,Good communication and collaboration.,No
2291,174,2024-10-07,Q2,2.1,Poor,5,Reliable and dependable employee.,No
2292,1323,2024-05-30,Q4,3.2,Meets Expectations,3,Strong technical skills.,No
2293,97,2024-01-14,Q4,4.0,Exceeds Expectations,4,Excellent leadership and teamwork.,Yes
2294,2416,2024-11-22,Q2,2.1,Poor,10,Excellent leadership and teamwork.,No
2295,2875,2025-07-20,Q3,2.2,Poor,5,Requires additional coaching.,Yes
2296,624,2025-04-22,Q3,3.6,Meets Expectations,7,Needs improvement in productivity.,No
2297,655,2024-12-12,Q3,4.5,Outstanding,8,Good communication and collaboration.,No
2298,1067,2024-03-07,Q3,3.2,Meets Expectations,10,Excellent leadership and teamwork.,No
2299,2472,2024-09-19,Q4,4.9,Outstanding,6,Reliable and dependable employee.,Yes
2300,171,2024-07-21,Q1,3.2,Meets Expectations,6,Good communication and collaboration.,No
2301,2826,2025-12-28,Q3,4.0,Exceeds Expectations,8,Demonstrates strong problem-solving skills.,Yes
2302,2654,2025-05-09,Q3,3.9,Meets Expectations,6,Excellent leadership and teamwork.,No
2303,51,2024-06-20,Q2,2.6,Needs Improvement,8,Good communication and collaboration.,No
2304,2949,2024-02-22,Q3,3.2,Meets Expectations,10,Requires additional coaching.,Yes
2305,2014,2025-12-04,Q3,3.4,Meets Expectations,6,Consistently exceeds expectations.,Yes
2306,2,2025-11-19,Q1,4.6,Outstanding,3,Strong technical skills.,Yes
2307,1243,2025-12-08,Q2,3.3,Meets Expectations,4,Excellent leadership and teamwork.,No
2308,882,2025-10-14,Q4,3.9,Meets Expectations,8,Consistently exceeds expectations.,No
2309,1711,2025-09-07,Q3,4.0,Exceeds Expectations,3,Consistently exceeds expectations.,No
2310,581,2024-12-20,Q2,2.8,Needs Improvement,4,Excellent leadership and teamwork.,No
2311,716,2024-07-17,Q1,2.0,Poor,6,Demonstrates strong problem-solving skills.,No
2312,1107,2025-01-05,Q4,2.1,Poor,4,Reliable and dependable employee.,Yes
2313,267,2024-02-21,Q4,3.2,Meets Expectations,3,Excellent leadership and teamwork.,No
2314,1772,2025-03-04,Q4,4.5,Outstanding,5,Excellent leadership and teamwork.,Yes
2315,2690,2024-10-14,Q3,2.2,Poor,7,Demonstrates strong problem-solving skills.,Yes
2316,1095,2024-01-04,Q3,2.1,Poor,6,Good communication and collaboration.,No
2317,8,2025-04-02,Q1,5.0,Outstanding,9,Demonstrates strong problem-solving skills.,Yes
2318,2931,2024-09-18,Q1,4.5,Outstanding,7,Needs improvement in productivity.,Yes
2319,2450,2025-11-28,Q4,3.1,Meets Expectations,5,Needs improvement in productivity.,No
2320,2975,2025-02-15,Q2,3.7,Meets Expectations,8,Needs improvement in productivity.,No
2321,713,2024-08-07,Q3,3.7,Meets Expectations,10,Needs improvement in productivity.,No
2322,605,2024-06-05,Q4,4.4,Exceeds Expectations,9,Needs improvement in productivity.,No
2323,355,2024-03-24,Q2,3.8,Meets Expectations,8,Needs improvement in productivity.,No
2324,1847,2025-10-24,Q2,4.3,Exceeds Expectations,3,Needs improvement in productivity.,Yes
2325,2453,2025-07-22,Q2,3.0,Meets Expectations,5,Good communication and collaboration.,No
2326,335,2025-08-28,Q1,4.5,Outstanding,3,Consistently exceeds expectations.,Yes
2327,1044,2025-06-14,Q2,4.8,Outstanding,6,Needs improvement in productivity.,No
2328,479,2025-05-19,Q3,3.0,Meets Expectations,9,Requires additional coaching.,Yes
2329,2364,2025-01-21,Q4,3.1,Meets Expectations,4,Good communication and collaboration.,No
2330,638,2025-03-25,Q2,4.5,Outstanding,3,Consistently exceeds expectations.,No
2331,592,2024-07-13,Q3,4.7,Outstanding,6,Requires additional coaching.,No
2332,858,2025-07-03,Q1,3.6,Meets Expectations,6,Excellent leadership and teamwork.,Yes
2333,128,2025-08-22,Q2,2.9,Needs Improvement,5,Consistently exceeds expectations.,Yes
2334,1039,2025-12-22,Q1,3.4,Meets Expectations,9,Needs improvement in productivity.,No
2335,44,2025-06-23,Q3,4.1,Exceeds Expectations,8,Requires additional coaching.,No
2336,854,2024-03-25,Q4,2.9,Needs Improvement,3,Demonstrates strong problem-solving skills.,Yes
2337,2048,2025-01-06,Q1,3.0,Meets Expectations,7,Demonstrates strong problem-solving skills.,No
2338,2208,2025-07-15,Q4,4.3,Exceeds Expectations,8,Demonstrates strong problem-solving skills.,Yes
2339,1557,2024-01-20,Q4,2.1,Poor,4,Demonstrates strong problem-solving skills.,No
2340,2228,2024-06-19,Q2,2.3,Poor,4,Demonstrates strong problem-solving skills.,No
2341,1382,2024-07-02,Q4,2.7,Needs Improvement,3,Needs improvement in productivity.,No
2342,2264,2024-08-25,Q4,4.3,Exceeds Expectations,6,Requires additional coaching.,Yes
2343,43,2025-06-03,Q1,4.1,Exceeds Expectations,10,Consistently exceeds expectations.,Yes
2344,1898,2024-09-28,Q4,2.8,Needs Improvement,3,Strong technical skills.,Yes
2345,2860,2025-04-09,Q2,3.6,Meets Expectations,10,Strong technical skills.,Yes
2346,164,2025-04-09,Q3,2.9,Needs Improvement,9,Consistently exceeds expectations.,Yes
2347,315,2025-02-17,Q4,2.6,Needs Improvement,6,Excellent leadership and teamwork.,No
2348,2679,2025-05-30,Q4,4.7,Outstanding,3,Strong technical skills.,Yes
2349,916,2025-07-30,Q4,3.0,Meets Expectations,6,Demonstrates strong problem-solving skills.,Yes
2350,416,2025-02-03,Q2,2.5,Needs Improvement,3,Demonstrates strong problem-solving skills.,No
2351,1502,2025-02-27,Q4,4.4,Exceeds Expectations,3,Needs improvement in productivity.,Yes
2352,1715,2025-06-28,Q3,3.4,Meets Expectations,9,Requires additional coaching.,Yes
2353,267,2025-09-28,Q3,2.3,Poor,10,Requires additional coaching.,Yes
2354,564,2024-05-28,Q2,2.4,Poor,4,Reliable and dependable employee.,Yes
2355,1828,2024-03-25,Q3,4.0,Exceeds Expectations,7,Demonstrates strong problem-solving skills.,Yes
2356,2689,2024-03-15,Q4,2.6,Needs Improvement,4,Excellent leadership and teamwork.,Yes
2357,830,2025-11-10,Q2,2.4,Poor,9,Excellent leadership and teamwork.,No
2358,246,2025-02-15,Q1,3.5,Meets Expectations,4,Strong technical skills.,Yes
2359,1243,2025-02-09,Q2,4.6,Outstanding,8,Good communication and collaboration.,No
2360,875,2025-08-12,Q4,2.6,Needs Improvement,10,Demonstrates strong problem-solving skills.,Yes
2361,406,2024-06-15,Q1,2.5,Needs Improvement,5,Reliable and dependable employee.,Yes
2362,279,2024-02-26,Q1,3.4,Meets Expectations,5,Good communication and collaboration.,No
2363,2563,2025-10-01,Q2,3.1,Meets Expectations,7,Requires additional coaching.,Yes
2364,1769,2024-06-24,Q3,2.1,Poor,9,Excellent leadership and teamwork.,Yes
2365,2752,2024-05-18,Q3,4.2,Exceeds Expectations,9,Demonstrates strong problem-solving skills.,Yes
2366,522,2024-05-19,Q4,3.4,Meets Expectations,5,Good communication and collaboration.,No
2367,2037,2025-06-09,Q4,4.3,Exceeds Expectations,3,Requires additional coaching.,Yes
2368,2301,2025-09-29,Q2,2.3,Poor,3,Needs improvement in productivity.,No
2369,1611,2025-06-27,Q3,2.8,Needs Improvement,7,Needs improvement in productivity.,No
2370,1925,2025-04-07,Q4,3.5,Meets Expectations,5,Demonstrates strong problem-solving skills.,No
2371,373,2025-03-29,Q3,4.1,Exceeds Expectations,4,Strong technical skills.,No
2372,1112,2025-10-06,Q2,4.6,Outstanding,8,Needs improvement in productivity.,Yes
2373,2319,2025-04-16,Q3,2.6,Needs Improvement,6,Needs improvement in productivity.,No
2374,1141,2025-03-04,Q4,2.8,Needs Improvement,6,Reliable and dependable employee.,No
2375,779,2025-05-29,Q3,4.1,Exceeds Expectations,8,Good communication and collaboration.,No
2376,2383,2024-09-12,Q1,3.6,Meets Expectations,7,Good communication and collaboration.,Yes
2377,2450,2025-11-09,Q3,4.4,Exceeds Expectations,5,Demonstrates strong problem-solving skills.,No
2378,1007,2025-05-21,Q3,3.2,Meets Expectations,10,Needs improvement in productivity.,Yes
2379,1044,2024-06-26,Q3,3.8,Meets Expectations,4,Requires additional coaching.,No
2380,14,2025-08-15,Q3,2.2,Poor,10,Demonstrates strong problem-solving skills.,No
2381,2094,2025-04-26,Q2,3.7,Meets Expectations,7,Excellent leadership and teamwork.,No
2382,2573,2024-11-02,Q1,4.9,Outstanding,10,Requires additional coaching.,No
2383,1283,2024-12-26,Q2,2.4,Poor,4,Needs improvement in productivity.,Yes
2384,169,2024-06-04,Q3,4.5,Outstanding,4,Strong technical skills.,Yes
2385,393,2024-12-17,Q4,4.8,Outstanding,6,Excellent leadership and teamwork.,Yes
2386,41,2024-08-16,Q3,2.3,Poor,7,Requires additional coaching.,Yes
2387,945,2025-07-28,Q3,2.7,Needs Improvement,8,Good communication and collaboration.,Yes
2388,95,2024-04-08,Q3,3.7,Meets Expectations,6,Reliable and dependable employee.,No
2389,833,2024-02-17,Q1,3.6,Meets Expectations,5,Consistently exceeds expectations.,No
2390,1992,2025-01-02,Q2,2.4,Poor,9,Good communication and collaboration.,Yes
2391,1883,2024-11-09,Q2,3.8,Meets Expectations,6,Strong technical skills.,Yes
2392,13,2025-11-07,Q3,2.7,Needs Improvement,9,Requires additional coaching.,No
2393,875,2024-03-21,Q1,2.7,Needs Improvement,9,Demonstrates strong problem-solving skills.,No
2394,616,2024-09-14,Q4,4.2,Exceeds Expectations,9,Excellent leadership and teamwork.,No
2395,841,2024-05-08,Q4,4.6,Outstanding,9,Needs improvement in productivity.,No
2396,85,2025-04-01,Q4,3.5,Meets Expectations,10,Good communication and collaboration.,No
2397,592,2024-10-19,Q4,4.1,Exceeds Expectations,5,Requires additional coaching.,Yes
2398,893,2024-06-19,Q4,2.9,Needs Improvement,7,Good communication and collaboration.,No
2399,946,2025-11-17,Q4,3.1,Meets Expectations,3,Good communication and collaboration.,Yes
2400,1853,2025-05-29,Q1,4.1,Exceeds Expectations,9,Needs improvement in productivity.,No
2401,1561,2025-06-15,Q4,2.1,Poor,10,Requires additional coaching.,Yes
2402,1792,2024-11-20,Q2,2.8,Needs Improvement,7,Needs improvement in productivity.,No
2403,1961,2025-02-16,Q2,2.5,Needs Improvement,6,Excellent leadership and teamwork.,No
2404,1494,2025-08-19,Q2,2.1,Poor,4,Reliable and dependable employee.,Yes
2405,2521,2024-10-28,Q1,4.1,Exceeds Expectations,7,Consistently exceeds expectations.,No
2406,1856,2024-01-09,Q2,2.4,Poor,9,Strong technical skills.,Yes
2407,939,2025-01-12,Q2,3.2,Meets Expectations,4,Good communication and collaboration.,Yes
2408,2544,2025-09-11,Q2,2.2,Poor,7,Demonstrates strong problem-solving skills.,No
2409,688,2024-05-31,Q2,2.7,Needs Improvement,4,Consistently exceeds expectations.,Yes
2410,1103,2024-08-25,Q2,4.5,Outstanding,4,Demonstrates strong problem-solving skills.,No
2411,2963,2024-06-29,Q2,2.5,Needs Improvement,6,Excellent leadership and teamwork.,No
2412,704,2024-11-25,Q1,4.3,Exceeds Expectations,3,Requires additional coaching.,Yes
2413,685,2024-05-28,Q2,2.1,Poor,5,Good communication and collaboration.,No
2414,2351,2025-11-23,Q4,4.3,Exceeds Expectations,6,Demonstrates strong problem-solving skills.,Yes
2415,2910,2024-12-01,Q2,2.3,Poor,5,Excellent leadership and teamwork.,Yes
2416,1546,2025-12-15,Q3,2.4,Poor,10,Demonstrates strong problem-solving skills.,No
2417,2255,2025-09-08,Q4,3.6,Meets Expectations,10,Needs improvement in productivity.,No
2418,1030,2025-10-20,Q4,3.6,Meets Expectations,5,Demonstrates strong problem-solving skills.,Yes
2419,150,2025-01-06,Q3,2.6,Needs Improvement,7,Consistently exceeds expectations.,No
2420,1568,2025-11-03,Q3,3.1,Meets Expectations,3,Needs improvement in productivity.,No
2421,814,2025-08-04,Q2,4.3,Exceeds Expectations,9,Reliable and dependable employee.,No
2422,2419,2025-10-16,Q2,4.4,Exceeds Expectations,7,Requires additional coaching.,Yes
2423,583,2024-07-09,Q2,2.0,Poor,10,Strong technical skills.,No
2424,1636,2024-01-01,Q4,3.4,Meets Expectations,8,Good communication and collaboration.,No
2425,535,2024-06-28,Q1,3.2,Meets Expectations,6,Reliable and dependable employee.,Yes
2426,1211,2024-06-25,Q3,3.1,Meets Expectations,10,Requires additional coaching.,No
2427,320,2025-08-11,Q3,3.8,Meets Expectations,10,Excellent leadership and teamwork.,No
2428,278,2025-04-08,Q2,3.1,Meets Expectations,7,Reliable and dependable employee.,Yes
2429,415,2024-01-16,Q3,2.4,Poor,3,Excellent leadership and teamwork.,Yes
2430,2584,2024-07-27,Q1,3.6,Meets Expectations,10,Requires additional coaching.,No
2431,2511,2024-05-31,Q3,3.4,Meets Expectations,7,Needs improvement in productivity.,Yes
2432,2118,2024-02-07,Q4,3.8,Meets Expectations,10,Requires additional coaching.,Yes
2433,2730,2024-09-12,Q1,4.3,Exceeds Expectations,5,Requires additional coaching.,No
2434,2706,2024-12-13,Q3,4.1,Exceeds Expectations,5,Reliable and dependable employee.,Yes
2435,382,2024-11-26,Q3,3.9,Meets Expectations,9,Good communication and collaboration.,Yes
2436,181,2024-04-11,Q2,2.9,Needs Improvement,6,Requires additional coaching.,Yes
2437,1711,2025-03-05,Q2,4.4,Exceeds Expectations,9,Strong technical skills.,Yes
2438,3,2025-05-26,Q2,5.0,Outstanding,3,Strong technical skills.,No
2439,271,2025-02-25,Q2,2.7,Needs Improvement,10,Consistently exceeds expectations.,Yes
2440,2742,2024-12-14,Q3,3.4,Meets Expectations,8,Demonstrates strong problem-solving skills.,No
2441,2364,2025-01-27,Q3,3.7,Meets Expectations,8,Reliable and dependable employee.,No
2442,2433,2024-03-26,Q2,4.3,Exceeds Expectations,6,Excellent leadership and teamwork.,No
2443,1980,2025-12-08,Q3,2.8,Needs Improvement,10,Requires additional coaching.,Yes
2444,2424,2025-12-23,Q3,2.9,Needs Improvement,4,Reliable and dependable employee.,Yes
2445,897,2024-11-24,Q2,4.6,Outstanding,10,Reliable and dependable employee.,Yes
2446,2857,2025-10-23,Q3,3.6,Meets Expectations,9,Requires additional coaching.,No
2447,2321,2025-12-02,Q1,3.0,Meets Expectations,6,Reliable and dependable employee.,No
2448,2716,2024-01-31,Q3,2.2,Poor,3,Requires additional coaching.,No
2449,1771,2024-11-18,Q4,2.5,Needs Improvement,3,Needs improvement in productivity.,No
2450,485,2025-03-16,Q4,2.9,Needs Improvement,10,Requires additional coaching.,Yes
2451,1661,2025-05-20,Q2,3.3,Meets Expectations,7,Good communication and collaboration.,Yes
2452,1377,2025-11-05,Q3,2.5,Needs Improvement,9,Consistently exceeds expectations.,Yes
2453,337,2025-08-21,Q1,2.2,Poor,5,Requires additional coaching.,No
2454,379,2025-08-22,Q2,4.8,Outstanding,3,Excellent leadership and teamwork.,No
2455,728,2024-07-01,Q3,2.1,Poor,8,Needs improvement in productivity.,Yes
2456,166,2025-02-19,Q3,2.5,Needs Improvement,8,Consistently exceeds expectations.,Yes
2457,2388,2024-03-13,Q1,2.2,Poor,3,Good communication and collaboration.,Yes
2458,1601,2024-08-21,Q4,4.5,Outstanding,4,Strong technical skills.,No
2459,2521,2024-11-22,Q1,4.5,Outstanding,7,Reliable and dependable employee.,Yes
2460,1894,2025-04-08,Q3,3.8,Meets Expectations,5,Consistently exceeds expectations.,No
2461,2485,2024-01-23,Q3,2.7,Needs Improvement,3,Requires additional coaching.,No
2462,2724,2025-07-28,Q4,2.5,Needs Improvement,10,Needs improvement in productivity.,No
2463,1203,2024-10-06,Q4,4.0,Exceeds Expectations,9,Good communication and collaboration.,No
2464,2729,2025-07-03,Q2,3.0,Meets Expectations,10,Reliable and dependable employee.,Yes
2465,151,2025-11-04,Q1,2.2,Poor,5,Consistently exceeds expectations.,No
2466,517,2024-09-04,Q1,2.4,Poor,7,Needs improvement in productivity.,No
2467,2373,2024-02-29,Q4,2.7,Needs Improvement,9,Requires additional coaching.,Yes
2468,2640,2024-05-21,Q3,4.0,Exceeds Expectations,6,Demonstrates strong problem-solving skills.,Yes
2469,1492,2024-03-13,Q2,2.5,Needs Improvement,8,Consistently exceeds expectations.,Yes
2470,129,2024-11-01,Q3,4.5,Outstanding,9,Reliable and dependable employee.,No
2471,1899,2024-03-15,Q4,4.0,Exceeds Expectations,8,Demonstrates strong problem-solving skills.,Yes
2472,1340,2025-02-21,Q4,4.2,Exceeds Expectations,8,Reliable and dependable employee.,Yes
2473,673,2025-05-21,Q4,4.9,Outstanding,4,Demonstrates strong problem-solving skills.,No
2474,607,2025-09-22,Q2,2.1,Poor,6,Demonstrates strong problem-solving skills.,No
2475,829,2024-08-20,Q4,4.2,Exceeds Expectations,3,Excellent leadership and teamwork.,No
2476,2914,2024-06-14,Q3,3.0,Meets Expectations,8,Excellent leadership and teamwork.,Yes
2477,1978,2025-09-20,Q2,4.3,Exceeds Expectations,6,Reliable and dependable employee.,No
2478,2787,2024-07-04,Q3,4.0,Exceeds Expectations,9,Good communication and collaboration.,No
2479,2996,2025-05-04,Q4,4.4,Exceeds Expectations,7,Demonstrates strong problem-solving skills.,Yes
2480,1166,2025-10-31,Q4,3.0,Meets Expectations,4,Demonstrates strong problem-solving skills.,No
2481,1899,2025-10-11,Q2,4.7,Outstanding,8,Good communication and collaboration.,No
2482,1085,2025-01-28,Q1,2.9,Needs Improvement,6,Strong technical skills.,No
2483,1087,2024-01-04,Q2,2.0,Poor,3,Good communication and collaboration.,No
2484,979,2024-02-10,Q4,3.2,Meets Expectations,3,Consistently exceeds expectations.,No
2485,2193,2024-09-11,Q4,4.4,Exceeds Expectations,3,Strong technical skills.,Yes
2486,2035,2024-12-06,Q2,5.0,Outstanding,7,Consistently exceeds expectations.,Yes
2487,1594,2025-03-15,Q3,3.7,Meets Expectations,5,Good communication and collaboration.,Yes
2488,2807,2024-05-25,Q3,3.3,Meets Expectations,6,Demonstrates strong problem-solving skills.,Yes
2489,408,2024-03-27,Q3,2.4,Poor,5,Strong technical skills.,No
2490,1703,2024-02-12,Q4,2.5,Needs Improvement,6,Reliable and dependable employee.,No
2491,400,2024-07-17,Q3,4.3,Exceeds Expectations,7,Consistently exceeds expectations.,Yes
2492,638,2025-11-23,Q1,4.6,Outstanding,6,Consistently exceeds expectations.,No
2493,734,2024-08-08,Q4,2.3,Poor,8,Consistently exceeds expectations.,No
2494,2093,2025-07-28,Q3,2.4,Poor,4,Needs improvement in productivity.,Yes
2495,1447,2024-07-13,Q2,2.5,Needs Improvement,7,Excellent leadership and teamwork.,Yes
2496,260,2025-11-13,Q3,2.5,Needs Improvement,5,Good communication and collaboration.,No
2497,2587,2024-01-25,Q3,3.1,Meets Expectations,9,Requires additional coaching.,Yes
2498,2099,2024-03-05,Q4,4.3,Exceeds Expectations,6,Reliable and dependable employee.,Yes
2499,2544,2025-10-10,Q1,3.9,Meets Expectations,6,Demonstrates strong problem-solving skills.,No
2500,1587,2024-08-12,Q3,3.0,Meets Expectations,6,Excellent leadership and teamwork.,Yes
2501,1856,2024-06-30,Q3,2.6,Needs Improvement,3,Needs improvement in productivity.,No
2502,1703,2025-07-16,Q1,4.2,Exceeds Expectations,8,Demonstrates strong problem-solving skills.,Yes
2503,550,2024-04-02,Q1,4.5,Outstanding,5,Demonstrates strong problem-solving skills.,No
2504,2268,2025-12-25,Q3,5.0,Outstanding,4,Excellent leadership and teamwork.,No
2505,1008,2024-06-08,Q4,2.9,Needs Improvement,7,Excellent leadership and teamwork.,Yes
2506,225,2024-03-30,Q2,4.8,Outstanding,7,Requires additional coaching.,Yes
2507,1150,2024-03-30,Q4,3.0,Meets Expectations,4,Needs improvement in productivity.,Yes
2508,2041,2025-07-05,Q3,2.9,Needs Improvement,9,Excellent leadership and teamwork.,Yes
2509,1168,2025-11-18,Q1,3.0,Meets Expectations,5,Consistently exceeds expectations.,No
2510,465,2024-12-25,Q3,2.3,Poor,8,Needs improvement in productivity.,Yes
2511,749,2024-08-18,Q1,3.7,Meets Expectations,6,Excellent leadership and teamwork.,No
2512,1276,2024-02-10,Q1,4.5,Outstanding,7,Strong technical skills.,Yes
2513,1654,2024-11-24,Q1,4.3,Exceeds Expectations,7,Requires additional coaching.,Yes
2514,2695,2024-10-13,Q1,3.0,Meets Expectations,5,Consistently exceeds expectations.,Yes
2515,2410,2024-12-04,Q4,2.0,Poor,3,Demonstrates strong problem-solving skills.,No
2516,1663,2025-09-20,Q3,3.6,Meets Expectations,5,Good communication and collaboration.,Yes
2517,1369,2024-08-19,Q1,2.5,Needs Improvement,3,Demonstrates strong problem-solving skills.,Yes
2518,2985,2025-03-03,Q2,4.1,Exceeds Expectations,6,Requires additional coaching.,Yes
2519,2792,2024-06-17,Q3,3.6,Meets Expectations,6,Demonstrates strong problem-solving skills.,Yes
2520,244,2025-04-09,Q4,3.3,Meets Expectations,6,Strong technical skills.,No
2521,558,2025-08-24,Q4,3.2,Meets Expectations,7,Strong technical skills.,Yes
2522,2525,2025-05-13,Q1,4.6,Outstanding,9,Strong technical skills.,No
2523,6,2025-04-26,Q4,4.9,Outstanding,6,Strong technical skills.,Yes
2524,2362,2024-11-04,Q1,2.6,Needs Improvement,6,Reliable and dependable employee.,Yes
2525,946,2024-02-07,Q1,5.0,Outstanding,4,Requires additional coaching.,Yes
2526,894,2024-12-30,Q1,2.8,Needs Improvement,3,Good communication and collaboration.,Yes
2527,2852,2024-11-09,Q1,2.0,Poor,8,Good communication and collaboration.,No
2528,592,2024-02-29,Q1,2.4,Poor,8,Needs improvement in productivity.,No
2529,1552,2024-11-03,Q3,4.0,Exceeds Expectations,10,Good communication and collaboration.,Yes
2530,847,2024-04-19,Q2,3.2,Meets Expectations,6,Demonstrates strong problem-solving skills.,No
2531,1122,2024-02-25,Q3,3.3,Meets Expectations,3,Requires additional coaching.,No
2532,650,2025-01-22,Q1,2.2,Poor,10,Strong technical skills.,Yes
2533,1694,2024-06-12,Q3,2.3,Poor,5,Strong technical skills.,No
2534,726,2025-01-18,Q1,3.3,Meets Expectations,10,Consistently exceeds expectations.,No
2535,1425,2024-12-30,Q2,2.9,Needs Improvement,10,Good communication and collaboration.,No
2536,1954,2025-02-14,Q3,4.9,Outstanding,5,Demonstrates strong problem-solving skills.,Yes
2537,1795,2025-03-27,Q1,4.7,Outstanding,6,Demonstrates strong problem-solving skills.,No
2538,897,2024-09-24,Q2,5.0,Outstanding,4,Strong technical skills.,No
2539,2139,2024-09-22,Q1,2.8,Needs Improvement,7,Strong technical skills.,No
2540,84,2025-03-23,Q1,2.2,Poor,6,Strong technical skills.,No
2541,1001,2025-02-19,Q2,4.3,Exceeds Expectations,10,Excellent leadership and teamwork.,Yes
2542,81,2025-11-27,Q4,3.0,Meets Expectations,8,Excellent leadership and teamwork.,No
2543,793,2024-04-30,Q3,2.6,Needs Improvement,9,Strong technical skills.,No
2544,2402,2024-07-24,Q4,2.6,Needs Improvement,8,Consistently exceeds expectations.,No
2545,1933,2024-06-28,Q2,3.9,Meets Expectations,8,Excellent leadership and teamwork.,No
2546,1462,2024-11-30,Q2,3.4,Meets Expectations,8,Demonstrates strong problem-solving skills.,Yes
2547,1765,2025-06-21,Q1,4.9,Outstanding,4,Consistently exceeds expectations.,Yes
2548,948,2025-09-02,Q1,3.2,Meets Expectations,6,Demonstrates strong problem-solving skills.,No
2549,2192,2024-04-21,Q1,5.0,Outstanding,4,Demonstrates strong problem-solving skills.,Yes
2550,905,2024-02-20,Q2,4.2,Exceeds Expectations,8,Consistently exceeds expectations.,Yes
2551,1051,2025-11-27,Q4,2.0,Poor,4,Strong technical skills.,No
2552,857,2025-09-24,Q2,2.3,Poor,4,Consistently exceeds expectations.,No
2553,2451,2024-03-05,Q2,3.6,Meets Expectations,3,Demonstrates strong problem-solving skills.,No
2554,2217,2025-06-12,Q1,2.5,Needs Improvement,10,Good communication and collaboration.,No
2555,1355,2025-03-20,Q2,2.3,Poor,7,Excellent leadership and teamwork.,No
2556,2853,2025-03-22,Q3,3.0,Meets Expectations,10,Reliable and dependable employee.,Yes
2557,400,2025-11-25,Q1,4.9,Outstanding,7,Good communication and collaboration.,Yes
2558,643,2024-05-22,Q1,2.7,Needs Improvement,5,Good communication and collaboration.,Yes
2559,810,2025-01-19,Q4,2.4,Poor,3,Demonstrates strong problem-solving skills.,Yes
2560,2534,2025-07-12,Q1,2.4,Poor,6,Needs improvement in productivity.,No
2561,2813,2024-05-17,Q1,3.3,Meets Expectations,5,Demonstrates strong problem-solving skills.,No
2562,32,2024-10-26,Q1,2.5,Needs Improvement,5,Requires additional coaching.,Yes
2563,348,2024-12-18,Q2,4.3,Exceeds Expectations,4,Reliable and dependable employee.,No
2564,445,2025-01-15,Q2,3.3,Meets Expectations,7,Needs improvement in productivity.,No
2565,645,2024-02-23,Q2,4.5,Outstanding,10,Requires additional coaching.,Yes
2566,2503,2024-08-05,Q4,4.5,Outstanding,7,Needs improvement in productivity.,No
2567,2484,2024-02-06,Q1,2.6,Needs Improvement,6,Requires additional coaching.,No
2568,1539,2025-10-19,Q4,4.3,Exceeds Expectations,4,Consistently exceeds expectations.,Yes
2569,221,2025-01-25,Q1,2.7,Needs Improvement,10,Requires additional coaching.,Yes
2570,217,2024-04-05,Q2,3.6,Meets Expectations,5,Good communication and collaboration.,Yes
2571,2083,2025-06-06,Q1,4.6,Outstanding,6,Consistently exceeds expectations.,No
2572,2151,2025-11-28,Q3,3.6,Meets Expectations,7,Needs improvement in productivity.,Yes
2573,731,2025-09-27,Q4,2.1,Poor,6,Reliable and dependable employee.,Yes
2574,2863,2025-08-08,Q2,3.9,Meets Expectations,10,Consistently exceeds expectations.,No
2575,2953,2025-03-11,Q1,3.9,Meets Expectations,8,Demonstrates strong problem-solving skills.,Yes
2576,2791,2025-02-23,Q3,2.8,Needs Improvement,3,Excellent leadership and teamwork.,Yes
2577,112,2025-12-27,Q1,4.3,Exceeds Expectations,3,Consistently exceeds expectations.,No
2578,676,2025-03-20,Q1,4.3,Exceeds Expectations,4,Good communication and collaboration.,No
2579,403,2024-06-17,Q3,3.3,Meets Expectations,3,Excellent leadership and teamwork.,Yes
2580,1448,2024-12-04,Q1,2.9,Needs Improvement,7,Strong technical skills.,No
2581,653,2024-02-15,Q2,2.3,Poor,10,Strong technical skills.,No
2582,2140,2024-09-14,Q1,4.7,Outstanding,5,Reliable and dependable employee.,No
2583,2054,2025-04-30,Q1,3.9,Meets Expectations,8,Requires additional coaching.,No
2584,166,2024-06-20,Q4,3.5,Meets Expectations,3,Excellent leadership and teamwork.,Yes
2585,12,2025-02-06,Q2,4.0,Exceeds Expectations,9,Needs improvement in productivity.,No
2586,364,2025-07-27,Q3,3.1,Meets Expectations,5,Requires additional coaching.,No
2587,2307,2025-11-08,Q4,2.4,Poor,5,Strong technical skills.,Yes
2588,1318,2024-03-25,Q1,3.1,Meets Expectations,8,Strong technical skills.,Yes
2589,2363,2025-10-01,Q1,3.1,Meets Expectations,3,Demonstrates strong problem-solving skills.,Yes
2590,1666,2024-12-13,Q4,2.6,Needs Improvement,10,Needs improvement in productivity.,Yes
2591,2558,2025-12-12,Q2,4.3,Exceeds Expectations,5,Consistently exceeds expectations.,Yes
2592,1097,2025-04-24,Q1,4.4,Exceeds Expectations,9,Strong technical skills.,Yes
2593,2277,2025-08-23,Q1,4.7,Outstanding,7,Strong technical skills.,Yes
2594,2243,2024-11-23,Q4,4.8,Outstanding,6,Good communication and collaboration.,No
2595,2942,2025-10-07,Q1,4.3,Exceeds Expectations,9,Strong technical skills.,Yes
2596,635,2024-11-21,Q2,4.0,Exceeds Expectations,9,Strong technical skills.,Yes
2597,2137,2024-04-17,Q3,3.7,Meets Expectations,9,Strong technical skills.,Yes
2598,85,2025-06-07,Q4,2.7,Needs Improvement,5,Needs improvement in productivity.,No
2599,877,2024-12-23,Q3,2.3,Poor,4,Demonstrates strong problem-solving skills.,Yes
2600,1599,2025-08-18,Q4,2.9,Needs Improvement,5,Needs improvement in productivity.,No
2601,1191,2025-01-05,Q1,4.6,Outstanding,5,Requires additional coaching.,Yes
2602,2954,2025-03-06,Q3,4.0,Exceeds Expectations,5,Strong technical skills.,Yes
2603,2987,2025-12-25,Q1,2.1,Poor,10,Requires additional coaching.,No
2604,1685,2024-12-02,Q3,4.4,Exceeds Expectations,3,Good communication and collaboration.,Yes
2605,1509,2024-03-26,Q2,2.7,Needs Improvement,7,Needs improvement in productivity.,Yes
2606,1908,2025-09-21,Q1,3.8,Meets Expectations,8,Excellent leadership and teamwork.,No
2607,2814,2025-04-28,Q3,3.9,Meets Expectations,6,Good communication and collaboration.,Yes
2608,856,2025-01-08,Q3,4.9,Outstanding,6,Strong technical skills.,No
2609,2904,2024-01-28,Q2,2.4,Poor,5,Consistently exceeds expectations.,Yes
2610,388,2025-04-24,Q4,4.1,Exceeds Expectations,10,Consistently exceeds expectations.,Yes
2611,2485,2024-04-14,Q2,4.9,Outstanding,4,Good communication and collaboration.,No
2612,888,2024-06-25,Q3,2.4,Poor,6,Excellent leadership and teamwork.,No
2613,143,2025-11-10,Q1,4.2,Exceeds Expectations,10,Needs improvement in productivity.,No
2614,391,2025-08-12,Q4,3.4,Meets Expectations,3,Excellent leadership and teamwork.,Yes
2615,855,2024-05-19,Q1,4.5,Outstanding,4,Needs improvement in productivity.,No
2616,459,2024-12-29,Q1,3.6,Meets Expectations,6,Requires additional coaching.,No
2617,1935,2024-01-07,Q4,3.9,Meets Expectations,7,Strong technical skills.,Yes
2618,2969,2025-01-20,Q1,4.7,Outstanding,6,Requires additional coaching.,No
2619,2498,2025-09-29,Q2,4.4,Exceeds Expectations,3,Consistently exceeds expectations.,No
2620,2473,2024-05-22,Q1,2.2,Poor,7,Consistently exceeds expectations.,No
2621,926,2024-05-11,Q4,2.7,Needs Improvement,8,Excellent leadership and teamwork.,Yes
2622,1669,2024-07-23,Q2,2.6,Needs Improvement,6,Reliable and dependable employee.,Yes
2623,984,2024-05-06,Q3,3.4,Meets Expectations,8,Requires additional coaching.,Yes
2624,378,2024-08-11,Q1,2.8,Needs Improvement,7,Reliable and dependable employee.,No
2625,176,2024-07-06,Q1,4.5,Outstanding,8,Good communication and collaboration.,No
2626,1620,2024-06-10,Q1,3.3,Meets Expectations,4,Consistently exceeds expectations.,Yes
2627,1748,2025-06-27,Q1,4.3,Exceeds Expectations,3,Good communication and collaboration.,Yes
2628,2131,2024-11-24,Q3,4.7,Outstanding,9,Requires additional coaching.,Yes
2629,112,2024-06-17,Q4,3.2,Meets Expectations,4,Needs improvement in productivity.,Yes
2630,410,2024-09-21,Q2,4.9,Outstanding,7,Needs improvement in productivity.,No
2631,214,2025-05-15,Q2,4.5,Outstanding,9,Consistently exceeds expectations.,No
2632,2566,2025-01-16,Q4,4.5,Outstanding,5,Good communication and collaboration.,No
2633,1190,2025-05-17,Q1,4.2,Exceeds Expectations,4,Good communication and collaboration.,No
2634,2272,2024-07-25,Q4,2.0,Poor,6,Needs improvement in productivity.,No
2635,973,2025-06-20,Q2,3.4,Meets Expectations,9,Excellent leadership and teamwork.,Yes
2636,958,2024-10-05,Q1,3.9,Meets Expectations,3,Consistently exceeds expectations.,No
2637,1850,2025-08-31,Q1,4.1,Exceeds Expectations,3,Needs improvement in productivity.,Yes
2638,1186,2024-04-05,Q2,2.9,Needs Improvement,3,Demonstrates strong problem-solving skills.,No
2639,2388,2024-11-20,Q4,4.4,Exceeds Expectations,9,Requires additional coaching.,No
2640,2264,2024-03-12,Q4,3.9,Meets Expectations,4,Strong technical skills.,Yes
2641,2193,2024-02-08,Q4,4.4,Exceeds Expectations,6,Reliable and dependable employee.,No
2642,2316,2025-10-28,Q1,2.3,Poor,7,Good communication and collaboration.,Yes
2643,780,2024-12-19,Q2,2.3,Poor,7,Reliable and dependable employee.,No
2644,1656,2024-05-25,Q1,3.7,Meets Expectations,9,Excellent leadership and teamwork.,No
2645,635,2024-07-18,Q1,3.2,Meets Expectations,10,Requires additional coaching.,Yes
2646,2630,2024-01-30,Q2,3.3,Meets Expectations,7,Good communication and collaboration.,Yes
2647,1335,2025-05-30,Q3,4.0,Exceeds Expectations,6,Reliable and dependable employee.,Yes
2648,1167,2024-04-03,Q3,4.5,Outstanding,9,Consistently exceeds expectations.,Yes
2649,2848,2024-05-20,Q4,3.7,Meets Expectations,8,Excellent leadership and teamwork.,Yes
2650,1664,2025-03-28,Q3,3.8,Meets Expectations,5,Requires additional coaching.,No
2651,383,2025-03-19,Q4,4.4,Exceeds Expectations,9,Needs improvement in productivity.,No
2652,2582,2025-10-30,Q2,2.2,Poor,3,Demonstrates strong problem-solving skills.,No
2653,403,2024-11-03,Q2,4.0,Exceeds Expectations,6,Needs improvement in productivity.,No
2654,493,2025-07-07,Q2,2.8,Needs Improvement,7,Requires additional coaching.,Yes
2655,986,2024-12-29,Q3,3.8,Meets Expectations,7,Excellent leadership and teamwork.,Yes
2656,673,2025-06-24,Q2,3.4,Meets Expectations,3,Excellent leadership and teamwork.,No
2657,2460,2025-08-27,Q4,3.2,Meets Expectations,4,Excellent leadership and teamwork.,Yes
2658,1586,2025-12-19,Q1,3.5,Meets Expectations,4,Good communication and collaboration.,No
2659,105,2024-08-13,Q1,2.1,Poor,9,Excellent leadership and teamwork.,No
2660,329,2024-04-26,Q1,2.9,Needs Improvement,8,Excellent leadership and teamwork.,No
2661,1671,2024-09-02,Q2,4.3,Exceeds Expectations,10,Requires additional coaching.,Yes
2662,207,2024-10-19,Q2,4.2,Exceeds Expectations,7,Strong technical skills.,Yes
2663,2029,2024-01-19,Q3,3.3,Meets Expectations,9,Reliable and dependable employee.,Yes
2664,2926,2024-04-03,Q2,4.8,Outstanding,9,Requires additional coaching.,Yes
2665,2443,2024-11-13,Q1,2.4,Poor,4,Demonstrates strong problem-solving skills.,No
2666,1575,2025-01-22,Q2,4.8,Outstanding,4,Strong technical skills.,Yes
2667,1628,2025-03-27,Q3,4.8,Outstanding,4,Good communication and collaboration.,Yes
2668,831,2025-06-27,Q1,3.4,Meets Expectations,5,Needs improvement in productivity.,No
2669,2929,2024-01-27,Q2,4.8,Outstanding,8,Requires additional coaching.,Yes
2670,1914,2025-01-03,Q1,3.6,Meets Expectations,10,Excellent leadership and teamwork.,Yes
2671,673,2025-01-27,Q1,4.0,Exceeds Expectations,5,Excellent leadership and teamwork.,No
2672,462,2024-01-30,Q4,2.7,Needs Improvement,6,Needs improvement in productivity.,Yes
2673,1916,2025-10-29,Q3,3.5,Meets Expectations,9,Consistently exceeds expectations.,Yes
2674,894,2025-08-19,Q3,3.3,Meets Expectations,7,Strong technical skills.,Yes
2675,2974,2024-12-16,Q3,4.9,Outstanding,3,Reliable and dependable employee.,No
2676,1205,2025-06-13,Q1,3.5,Meets Expectations,9,Strong technical skills.,No
2677,217,2025-03-07,Q2,2.7,Needs Improvement,7,Consistently exceeds expectations.,No
2678,1927,2025-11-09,Q2,3.6,Meets Expectations,10,Demonstrates strong problem-solving skills.,Yes
2679,765,2025-11-03,Q2,2.2,Poor,4,Demonstrates strong problem-solving skills.,Yes
2680,420,2024-03-10,Q3,3.9,Meets Expectations,9,Reliable and dependable employee.,No
2681,2013,2024-07-11,Q4,4.4,Exceeds Expectations,6,Requires additional coaching.,Yes
2682,2210,2024-02-11,Q1,2.7,Needs Improvement,5,Needs improvement in productivity.,No
2683,120,2024-08-29,Q4,3.0,Meets Expectations,3,Demonstrates strong problem-solving skills.,No
2684,1650,2025-05-21,Q1,4.0,Exceeds Expectations,10,Demonstrates strong problem-solving skills.,Yes
2685,1650,2025-07-08,Q4,4.6,Outstanding,6,Requires additional coaching.,Yes
2686,64,2024-09-26,Q1,3.1,Meets Expectations,9,Reliable and dependable employee.,Yes
2687,2699,2025-07-14,Q2,4.5,Outstanding,6,Needs improvement in productivity.,No
2688,2761,2024-01-31,Q4,2.5,Needs Improvement,8,Excellent leadership and teamwork.,No
2689,2209,2024-10-12,Q1,5.0,Outstanding,7,Requires additional coaching.,Yes
2690,299,2024-10-07,Q2,3.6,Meets Expectations,4,Reliable and dependable employee.,No
2691,2326,2025-11-12,Q4,3.2,Meets Expectations,3,Strong technical skills.,Yes
2692,1762,2024-01-30,Q3,3.9,Meets Expectations,3,Reliable and dependable employee.,Yes
2693,155,2024-12-04,Q1,4.6,Outstanding,6,Requires additional coaching.,No
2694,2079,2024-01-12,Q2,4.9,Outstanding,7,Needs improvement in productivity.,Yes
2695,2652,2024-10-26,Q3,2.3,Poor,10,Demonstrates strong problem-solving skills.,Yes
2696,2848,2025-05-14,Q1,4.0,Exceeds Expectations,8,Reliable and dependable employee.,Yes
2697,2229,2024-03-22,Q4,3.2,Meets Expectations,10,Good communication and collaboration.,Yes
2698,108,2025-01-20,Q4,4.8,Outstanding,7,Requires additional coaching.,Yes
2699,2516,2024-10-05,Q4,2.2,Poor,10,Demonstrates strong problem-solving skills.,No
2700,2220,2025-07-03,Q4,2.4,Poor,10,Reliable and dependable employee.,Yes
2701,1312,2024-09-07,Q2,3.5,Meets Expectations,10,Excellent leadership and teamwork.,No
2702,2792,2025-02-17,Q4,3.6,Meets Expectations,5,Good communication and collaboration.,No
2703,213,2025-10-11,Q1,4.1,Exceeds Expectations,8,Requires additional coaching.,No
2704,2981,2024-11-26,Q4,3.9,Meets Expectations,3,Excellent leadership and teamwork.,Yes
2705,688,2024-11-20,Q2,2.8,Needs Improvement,8,Needs improvement in productivity.,No
2706,1029,2025-02-25,Q4,2.5,Needs Improvement,10,Requires additional coaching.,Yes
2707,575,2024-08-21,Q3,3.1,Meets Expectations,5,Good communication and collaboration.,Yes
2708,2800,2024-10-15,Q3,3.6,Meets Expectations,9,Good communication and collaboration.,Yes
2709,2238,2025-07-01,Q1,4.9,Outstanding,8,Requires additional coaching.,Yes
2710,1068,2025-11-18,Q3,2.2,Poor,5,Needs improvement in productivity.,No
2711,729,2025-10-19,Q3,4.7,Outstanding,9,Reliable and dependable employee.,Yes
2712,1654,2025-08-10,Q2,4.8,Outstanding,6,Needs improvement in productivity.,No
2713,419,2024-10-01,Q1,2.7,Needs Improvement,9,Needs improvement in productivity.,No
2714,106,2024-11-06,Q4,4.9,Outstanding,7,Requires additional coaching.,No
2715,65,2024-10-19,Q4,3.8,Meets Expectations,7,Strong technical skills.,Yes
2716,32,2024-02-08,Q1,2.6,Needs Improvement,4,Consistently exceeds expectations.,No
2717,2454,2025-03-28,Q1,3.5,Meets Expectations,6,Needs improvement in productivity.,Yes
2718,1103,2024-08-11,Q1,4.4,Exceeds Expectations,8,Good communication and collaboration.,No
2719,1260,2024-05-02,Q3,2.3,Poor,10,Consistently exceeds expectations.,No
2720,1343,2024-04-10,Q2,2.6,Needs Improvement,5,Needs improvement in productivity.,Yes
2721,1719,2025-09-21,Q1,3.4,Meets Expectations,6,Requires additional coaching.,No
2722,1300,2024-02-16,Q3,2.1,Poor,5,Consistently exceeds expectations.,No
2723,357,2024-06-18,Q3,2.1,Poor,5,Demonstrates strong problem-solving skills.,No
2724,2522,2025-12-28,Q1,3.6,Meets Expectations,10,Excellent leadership and teamwork.,Yes
2725,1958,2024-03-17,Q3,2.0,Poor,5,Good communication and collaboration.,No
2726,1648,2024-11-13,Q2,2.5,Needs Improvement,8,Requires additional coaching.,No
2727,240,2024-12-14,Q4,4.9,Outstanding,10,Demonstrates strong problem-solving skills.,No
2728,1224,2025-01-08,Q2,4.6,Outstanding,10,Needs improvement in productivity.,No
2729,2742,2025-06-10,Q3,2.8,Needs Improvement,9,Needs improvement in productivity.,No
2730,2920,2025-04-02,Q3,4.5,Outstanding,5,Reliable and dependable employee.,No
2731,2517,2024-04-20,Q1,4.7,Outstanding,9,Needs improvement in productivity.,Yes
2732,558,2024-01-28,Q1,4.8,Outstanding,3,Excellent leadership and teamwork.,Yes
2733,1257,2024-12-29,Q2,3.1,Meets Expectations,6,Consistently exceeds expectations.,Yes
2734,538,2024-05-20,Q1,3.9,Meets Expectations,8,Needs improvement in productivity.,Yes
2735,854,2025-02-11,Q3,2.0,Poor,10,Excellent leadership and teamwork.,Yes
2736,2595,2024-07-22,Q2,3.9,Meets Expectations,4,Strong technical skills.,No
2737,1165,2025-11-23,Q4,4.6,Outstanding,9,Demonstrates strong problem-solving skills.,Yes
2738,2047,2025-07-05,Q2,4.9,Outstanding,9,Demonstrates strong problem-solving skills.,No
2739,2947,2024-06-24,Q4,4.8,Outstanding,5,Excellent leadership and teamwork.,Yes
2740,1501,2025-08-18,Q2,4.5,Outstanding,8,Strong technical skills.,Yes
2741,286,2024-09-11,Q2,3.6,Meets Expectations,4,Reliable and dependable employee.,Yes
2742,258,2025-04-13,Q2,2.4,Poor,3,Strong technical skills.,Yes
2743,242,2025-10-18,Q1,3.1,Meets Expectations,4,Good communication and collaboration.,No
2744,1075,2024-03-01,Q2,3.5,Meets Expectations,10,Needs improvement in productivity.,Yes
2745,2182,2024-01-02,Q4,2.5,Needs Improvement,9,Consistently exceeds expectations.,No
2746,725,2025-04-11,Q3,4.4,Exceeds Expectations,10,Demonstrates strong problem-solving skills.,No
2747,1067,2024-06-17,Q3,4.2,Exceeds Expectations,7,Demonstrates strong problem-solving skills.,Yes
2748,1553,2024-06-29,Q1,2.5,Needs Improvement,8,Reliable and dependable employee.,Yes
2749,2093,2024-08-23,Q4,4.5,Outstanding,9,Good communication and collaboration.,Yes
2750,1608,2025-03-14,Q2,2.2,Poor,10,Consistently exceeds expectations.,No
2751,720,2025-08-01,Q2,2.2,Poor,6,Demonstrates strong problem-solving skills.,Yes
2752,2313,2025-03-31,Q2,4.0,Exceeds Expectations,3,Needs improvement in productivity.,Yes
2753,707,2024-11-21,Q2,2.5,Needs Improvement,9,Reliable and dependable employee.,Yes
2754,1750,2024-01-10,Q1,4.4,Exceeds Expectations,7,Good communication and collaboration.,Yes
2755,969,2024-07-08,Q3,4.7,Outstanding,8,Good communication and collaboration.,Yes
2756,1312,2024-10-26,Q3,3.7,Meets Expectations,7,Requires additional coaching.,Yes
2757,2004,2025-03-13,Q4,4.2,Exceeds Expectations,10,Good communication and collaboration.,Yes
2758,1611,2025-08-29,Q1,2.9,Needs Improvement,8,Strong technical skills.,No
2759,2366,2025-08-08,Q4,4.4,Exceeds Expectations,4,Reliable and dependable employee.,No
2760,2473,2024-08-28,Q4,4.5,Outstanding,3,Reliable and dependable employee.,Yes
2761,1803,2024-01-03,Q1,2.2,Poor,8,Good communication and collaboration.,No
2762,2159,2025-03-18,Q1,4.7,Outstanding,6,Demonstrates strong problem-solving skills.,No
2763,567,2024-05-17,Q2,3.7,Meets Expectations,5,Reliable and dependable employee.,Yes
2764,2766,2025-03-16,Q1,4.3,Exceeds Expectations,5,Needs improvement in productivity.,No
2765,2987,2024-03-08,Q1,4.4,Exceeds Expectations,6,Reliable and dependable employee.,Yes
2766,183,2025-10-28,Q4,2.8,Needs Improvement,10,Demonstrates strong problem-solving skills.,No
2767,2801,2024-06-25,Q3,2.6,Needs Improvement,8,Reliable and dependable employee.,Yes
2768,2611,2025-07-27,Q1,3.6,Meets Expectations,3,Good communication and collaboration.,Yes
2769,1140,2025-10-02,Q2,4.9,Outstanding,9,Consistently exceeds expectations.,No
2770,449,2025-06-09,Q3,3.4,Meets Expectations,5,Good communication and collaboration.,Yes
2771,94,2024-02-06,Q2,4.3,Exceeds Expectations,8,Excellent leadership and teamwork.,Yes
2772,1241,2024-02-29,Q3,2.6,Needs Improvement,6,Excellent leadership and teamwork.,Yes
2773,21,2024-12-09,Q4,3.7,Meets Expectations,4,Good communication and collaboration.,No
2774,381,2024-05-22,Q1,3.8,Meets Expectations,5,Requires additional coaching.,Yes
2775,2594,2025-03-21,Q2,2.5,Needs Improvement,4,Good communication and collaboration.,Yes
2776,484,2025-11-27,Q4,4.6,Outstanding,9,Demonstrates strong problem-solving skills.,Yes
2777,220,2025-09-16,Q1,2.3,Poor,4,Consistently exceeds expectations.,No
2778,1650,2024-07-07,Q2,2.3,Poor,3,Consistently exceeds expectations.,Yes
2779,1829,2024-10-18,Q3,2.4,Poor,10,Good communication and collaboration.,Yes
2780,2552,2025-03-12,Q2,4.2,Exceeds Expectations,3,Strong technical skills.,Yes
2781,1768,2024-10-08,Q2,3.1,Meets Expectations,3,Reliable and dependable employee.,No
2782,2665,2025-09-18,Q3,4.6,Outstanding,4,Reliable and dependable employee.,No
2783,722,2025-08-25,Q3,2.3,Poor,3,Requires additional coaching.,Yes
2784,1381,2025-11-11,Q3,4.6,Outstanding,5,Reliable and dependable employee.,No
2785,1539,2024-06-12,Q2,2.4,Poor,8,Needs improvement in productivity.,No
2786,271,2024-06-15,Q1,4.4,Exceeds Expectations,6,Needs improvement in productivity.,Yes
2787,2845,2025-11-27,Q1,3.8,Meets Expectations,4,Good communication and collaboration.,No
2788,486,2025-11-30,Q2,2.4,Poor,9,Needs improvement in productivity.,No
2789,2211,2025-08-30,Q3,3.1,Meets Expectations,5,Good communication and collaboration.,Yes
2790,1063,2025-05-10,Q2,4.8,Outstanding,3,Reliable and dependable employee.,No
2791,221,2025-04-17,Q3,3.3,Meets Expectations,5,Demonstrates strong problem-solving skills.,Yes
2792,2284,2024-04-23,Q1,3.5,Meets Expectations,5,Excellent leadership and teamwork.,No
2793,2945,2025-01-31,Q1,4.2,Exceeds Expectations,9,Requires additional coaching.,Yes
2794,1689,2024-10-04,Q2,2.7,Needs Improvement,7,Consistently exceeds expectations.,No
2795,1309,2024-11-01,Q2,2.8,Needs Improvement,3,Good communication and collaboration.,No
2796,133,2024-09-30,Q1,2.7,Needs Improvement,3,Needs improvement in productivity.,No
2797,2034,2024-04-16,Q4,3.7,Meets Expectations,8,Requires additional coaching.,No
2798,2552,2024-07-14,Q4,2.2,Poor,8,Needs improvement in productivity.,No
2799,1742,2025-01-31,Q2,4.5,Outstanding,7,Demonstrates strong problem-solving skills.,Yes
2800,561,2025-10-03,Q3,4.5,Outstanding,10,Requires additional coaching.,Yes
2801,453,2024-06-11,Q1,2.1,Poor,4,Consistently exceeds expectations.,Yes
2802,849,2025-05-25,Q4,2.1,Poor,6,Consistently exceeds expectations.,No
2803,1633,2024-07-23,Q1,2.8,Needs Improvement,10,Reliable and dependable employee.,No
2804,2115,2025-04-28,Q1,2.1,Poor,4,Needs improvement in productivity.,No
2805,440,2025-12-01,Q1,2.4,Poor,4,Needs improvement in productivity.,Yes
2806,1899,2024-10-16,Q1,2.3,Poor,9,Demonstrates strong problem-solving skills.,Yes
2807,1010,2025-12-06,Q2,2.2,Poor,8,Consistently exceeds expectations.,Yes
2808,1179,2025-07-13,Q3,3.1,Meets Expectations,10,Strong technical skills.,Yes
2809,1641,2024-04-04,Q2,2.5,Needs Improvement,3,Excellent leadership and teamwork.,No
2810,745,2025-01-01,Q3,3.0,Meets Expectations,10,Requires additional coaching.,No
2811,2442,2024-09-07,Q1,2.8,Needs Improvement,6,Consistently exceeds expectations.,Yes
2812,1368,2024-07-26,Q2,2.6,Needs Improvement,9,Reliable and dependable employee.,No
2813,1042,2025-08-03,Q4,4.5,Outstanding,9,Reliable and dependable employee.,Yes
2814,1447,2024-04-10,Q2,3.8,Meets Expectations,5,Demonstrates strong problem-solving skills.,Yes
2815,132,2024-01-30,Q3,2.2,Poor,9,Requires additional coaching.,No
2816,411,2024-12-06,Q3,2.9,Needs Improvement,3,Consistently exceeds expectations.,Yes
2817,208,2025-02-19,Q4,3.3,Meets Expectations,10,Consistently exceeds expectations.,No
2818,153,2025-05-10,Q3,2.1,Poor,6,Consistently exceeds expectations.,No
2819,2352,2024-10-22,Q2,2.0,Poor,4,Needs improvement in productivity.,Yes
2820,174,2025-02-04,Q1,2.8,Needs Improvement,7,Demonstrates strong problem-solving skills.,No
2821,2483,2024-05-22,Q4,3.6,Meets Expectations,6,Consistently exceeds expectations.,Yes
2822,1898,2024-03-07,Q1,3.8,Meets Expectations,9,Requires additional coaching.,No
2823,419,2025-08-29,Q4,3.2,Meets Expectations,4,Reliable and dependable employee.,Yes
2824,1987,2024-02-10,Q1,2.9,Needs Improvement,10,Demonstrates strong problem-solving skills.,No
2825,1017,2025-05-12,Q2,2.7,Needs Improvement,8,Requires additional coaching.,Yes
2826,864,2025-03-11,Q3,4.2,Exceeds Expectations,4,Demonstrates strong problem-solving skills.,Yes
2827,275,2025-06-05,Q3,4.1,Exceeds Expectations,5,Requires additional coaching.,Yes
2828,108,2024-02-25,Q1,2.6,Needs Improvement,10,Reliable and dependable employee.,Yes
2829,365,2024-01-04,Q2,3.2,Meets Expectations,3,Strong technical skills.,Yes
2830,2236,2025-06-30,Q1,4.8,Outstanding,6,Needs improvement in productivity.,No
2831,601,2024-09-26,Q1,4.7,Outstanding,10,Excellent leadership and teamwork.,No
2832,2710,2025-05-25,Q1,3.5,Meets Expectations,9,Strong technical skills.,No
2833,2192,2024-07-08,Q1,2.4,Poor,10,Needs improvement in productivity.,Yes
2834,2340,2024-06-17,Q3,4.9,Outstanding,10,Excellent leadership and teamwork.,Yes
2835,253,2025-03-29,Q3,4.4,Exceeds Expectations,3,Requires additional coaching.,No
2836,1312,2025-09-11,Q1,3.4,Meets Expectations,5,Good communication and collaboration.,No
2837,2308,2024-08-16,Q4,2.3,Poor,4,Consistently exceeds expectations.,Yes
2838,2093,2025-06-23,Q3,4.7,Outstanding,5,Requires additional coaching.,Yes
2839,1898,2025-05-11,Q4,4.2,Exceeds Expectations,10,Excellent leadership and teamwork.,No
2840,177,2025-04-02,Q2,3.8,Meets Expectations,4,Strong technical skills.,Yes
2841,2380,2025-06-11,Q3,3.3,Meets Expectations,9,Excellent leadership and teamwork.,No
2842,2261,2025-09-09,Q2,3.9,Meets Expectations,10,Strong technical skills.,Yes
2843,1366,2024-09-03,Q3,4.2,Exceeds Expectations,4,Demonstrates strong problem-solving skills.,No
2844,745,2025-09-03,Q1,2.9,Needs Improvement,9,Strong technical skills.,No
2845,1572,2025-02-19,Q3,3.6,Meets Expectations,9,Excellent leadership and teamwork.,No
2846,1856,2024-02-20,Q2,3.5,Meets Expectations,4,Demonstrates strong problem-solving skills.,Yes
2847,627,2025-07-09,Q1,3.7,Meets Expectations,9,Reliable and dependable employee.,Yes
2848,1457,2024-05-21,Q2,3.7,Meets Expectations,9,Strong technical skills.,Yes
2849,2,2025-08-05,Q2,3.5,Meets Expectations,7,Requires additional coaching.,Yes
2850,2516,2024-06-21,Q4,2.1,Poor,5,Strong technical skills.,No
2851,1965,2025-05-19,Q4,2.5,Needs Improvement,4,Requires additional coaching.,Yes
2852,2553,2025-01-24,Q1,4.5,Outstanding,7,Consistently exceeds expectations.,Yes
2853,463,2024-02-22,Q2,3.8,Meets Expectations,8,Reliable and dependable employee.,Yes
2854,2928,2024-08-22,Q2,3.2,Meets Expectations,6,Demonstrates strong problem-solving skills.,No
2855,2,2024-11-12,Q2,3.0,Meets Expectations,3,Strong technical skills.,No
2856,2279,2025-01-05,Q4,3.5,Meets Expectations,8,Excellent leadership and teamwork.,Yes
2857,1476,2025-01-22,Q3,4.7,Outstanding,7,Demonstrates strong problem-solving skills.,Yes
2858,1074,2024-05-24,Q1,2.4,Poor,9,Needs improvement in productivity.,Yes
2859,792,2024-07-29,Q3,4.1,Exceeds Expectations,3,Requires additional coaching.,No
2860,259,2024-12-26,Q4,3.4,Meets Expectations,4,Reliable and dependable employee.,No
2861,2436,2025-10-28,Q1,3.6,Meets Expectations,3,Requires additional coaching.,No
2862,2258,2024-11-05,Q3,2.4,Poor,4,Demonstrates strong problem-solving skills.,No
2863,1695,2025-12-10,Q1,3.6,Meets Expectations,6,Needs improvement in productivity.,Yes
2864,1616,2024-09-17,Q3,3.9,Meets Expectations,9,Good communication and collaboration.,No
2865,2853,2025-04-21,Q4,3.9,Meets Expectations,7,Requires additional coaching.,No
2866,2821,2025-11-09,Q1,4.7,Outstanding,8,Needs improvement in productivity.,No
2867,1285,2024-09-29,Q1,4.4,Exceeds Expectations,4,Consistently exceeds expectations.,Yes
2868,2959,2024-02-15,Q2,3.8,Meets Expectations,3,Demonstrates strong problem-solving skills.,No
2869,1010,2024-05-12,Q4,4.1,Exceeds Expectations,3,Needs improvement in productivity.,Yes
2870,289,2025-12-29,Q4,3.4,Meets Expectations,3,Good communication and collaboration.,No
2871,849,2025-08-27,Q2,3.3,Meets Expectations,9,Reliable and dependable employee.,Yes
2872,2109,2025-01-24,Q3,3.7,Meets Expectations,8,Excellent leadership and teamwork.,No
2873,1989,2024-01-31,Q1,2.0,Poor,7,Reliable and dependable employee.,No
2874,2173,2024-05-16,Q3,4.9,Outstanding,5,Excellent leadership and teamwork.,No
2875,1542,2025-06-22,Q3,5.0,Outstanding,9,Requires additional coaching.,No
2876,1682,2024-12-28,Q4,2.2,Poor,7,Reliable and dependable employee.,Yes
2877,1273,2024-04-23,Q3,2.9,Needs Improvement,10,Demonstrates strong problem-solving skills.,No
2878,2202,2024-03-21,Q4,4.7,Outstanding,7,Needs improvement in productivity.,Yes
2879,788,2024-01-08,Q1,4.3,Exceeds Expectations,9,Reliable and dependable employee.,Yes
2880,1514,2024-08-18,Q4,2.8,Needs Improvement,9,Reliable and dependable employee.,Yes
2881,1716,2024-08-19,Q3,3.0,Meets Expectations,3,Consistently exceeds expectations.,No
2882,2592,2024-06-22,Q3,3.0,Meets Expectations,6,Excellent leadership and teamwork.,Yes
2883,2846,2024-08-23,Q4,4.8,Outstanding,5,Reliable and dependable employee.,Yes
2884,717,2024-07-03,Q2,2.5,Needs Improvement,10,Requires additional coaching.,No
2885,2843,2025-02-20,Q3,4.0,Exceeds Expectations,9,Reliable and dependable employee.,No
2886,2512,2024-05-07,Q1,2.2,Poor,4,Consistently exceeds expectations.,Yes
2887,1151,2024-02-14,Q1,4.1,Exceeds Expectations,4,Needs improvement in productivity.,No
2888,2185,2024-06-02,Q4,4.4,Exceeds Expectations,3,Excellent leadership and teamwork.,Yes
2889,444,2024-11-15,Q4,3.4,Meets Expectations,10,Demonstrates strong problem-solving skills.,Yes
2890,803,2024-07-08,Q2,4.6,Outstanding,8,Demonstrates strong problem-solving skills.,Yes
2891,1120,2025-11-06,Q4,3.3,Meets Expectations,7,Reliable and dependable employee.,No
2892,312,2025-08-02,Q1,2.4,Poor,5,Excellent leadership and teamwork.,Yes
2893,2166,2024-12-13,Q4,2.8,Needs Improvement,8,Good communication and collaboration.,No
2894,1417,2024-06-01,Q4,4.1,Exceeds Expectations,3,Demonstrates strong problem-solving skills.,No
2895,2604,2024-02-16,Q3,2.5,Needs Improvement,5,Strong technical skills.,Yes
2896,506,2024-06-06,Q2,4.0,Exceeds Expectations,8,Strong technical skills.,No
2897,1100,2024-10-01,Q4,2.1,Poor,7,Strong technical skills.,No
2898,1169,2025-09-12,Q3,4.0,Exceeds Expectations,5,Good communication and collaboration.,Yes
2899,457,2025-02-14,Q2,2.4,Poor,5,Demonstrates strong problem-solving skills.,No
2900,2201,2024-08-26,Q4,3.8,Meets Expectations,4,Demonstrates strong problem-solving skills.,No
2901,1631,2024-05-25,Q2,4.3,Exceeds Expectations,7,Reliable and dependable employee.,No
2902,696,2024-06-11,Q4,2.1,Poor,5,Consistently exceeds expectations.,No
2903,1449,2024-02-23,Q1,4.1,Exceeds Expectations,4,Requires additional coaching.,Yes
2904,171,2025-09-20,Q2,2.8,Needs Improvement,3,Requires additional coaching.,Yes
2905,1332,2025-09-11,Q2,4.2,Exceeds Expectations,7,Good communication and collaboration.,No
2906,941,2024-09-11,Q1,4.6,Outstanding,3,Consistently exceeds expectations.,Yes
2907,2930,2024-06-07,Q4,4.6,Outstanding,10,Strong technical skills.,Yes
2908,1741,2024-10-17,Q2,3.0,Meets Expectations,7,Strong technical skills.,No
2909,2745,2024-09-10,Q3,4.9,Outstanding,7,Requires additional coaching.,Yes
2910,2178,2024-04-03,Q3,2.6,Needs Improvement,4,Demonstrates strong problem-solving skills.,Yes
2911,1845,2024-12-25,Q1,4.1,Exceeds Expectations,3,Needs improvement in productivity.,Yes
2912,2637,2024-08-07,Q2,3.8,Meets Expectations,10,Strong technical skills.,No
2913,2549,2024-09-03,Q4,3.7,Meets Expectations,5,Excellent leadership and teamwork.,No
2914,1289,2024-04-24,Q2,3.4,Meets Expectations,10,Consistently exceeds expectations.,No
2915,1841,2025-06-22,Q3,4.0,Exceeds Expectations,9,Good communication and collaboration.,Yes
2916,367,2024-03-04,Q4,4.6,Outstanding,7,Reliable and dependable employee.,No
2917,542,2025-05-06,Q2,4.7,Outstanding,10,Reliable and dependable employee.,Yes
2918,976,2025-04-20,Q1,3.7,Meets Expectations,5,Consistently exceeds expectations.,No
2919,124,2024-12-18,Q2,3.2,Meets Expectations,6,Reliable and dependable employee.,Yes
2920,2916,2025-08-19,Q2,3.7,Meets Expectations,5,Reliable and dependable employee.,Yes
2921,184,2024-03-13,Q1,4.4,Exceeds Expectations,5,Good communication and collaboration.,Yes
2922,9,2025-10-10,Q4,2.0,Poor,10,Requires additional coaching.,No
2923,470,2025-12-09,Q1,2.1,Poor,10,Requires additional coaching.,Yes
2924,46,2024-02-13,Q3,3.6,Meets Expectations,6,Needs improvement in productivity.,No
2925,381,2024-06-26,Q2,2.9,Needs Improvement,7,Needs improvement in productivity.,Yes
2926,2627,2025-05-10,Q1,4.8,Outstanding,10,Strong technical skills.,No
2927,2255,2024-01-04,Q2,3.9,Meets Expectations,8,Strong technical skills.,No
2928,2412,2024-07-18,Q1,2.9,Needs Improvement,3,Excellent leadership and teamwork.,Yes
2929,70,2024-08-07,Q4,3.4,Meets Expectations,5,Excellent leadership and teamwork.,No
2930,1143,2024-06-24,Q4,4.8,Outstanding,10,Consistently exceeds expectations.,No
2931,81,2025-05-29,Q1,4.7,Outstanding,9,Requires additional coaching.,No
2932,1729,2024-08-02,Q1,2.8,Needs Improvement,3,Requires additional coaching.,No
2933,1226,2025-03-21,Q1,4.6,Outstanding,6,Strong technical skills.,Yes
2934,1831,2025-04-16,Q1,3.6,Meets Expectations,9,Strong technical skills.,No
2935,172,2024-10-29,Q1,3.6,Meets Expectations,8,Good communication and collaboration.,No
2936,1720,2024-05-13,Q3,3.6,Meets Expectations,5,Requires additional coaching.,No
2937,653,2025-06-03,Q4,3.2,Meets Expectations,3,Good communication and collaboration.,No
2938,2286,2025-01-03,Q1,3.7,Meets Expectations,10,Demonstrates strong problem-solving skills.,Yes
2939,1492,2025-07-18,Q4,2.1,Poor,5,Needs improvement in productivity.,No
2940,318,2024-08-14,Q4,3.7,Meets Expectations,3,Good communication and collaboration.,Yes
2941,92,2024-12-08,Q2,4.8,Outstanding,9,Needs improvement in productivity.,No
2942,2585,2025-03-01,Q2,3.6,Meets Expectations,9,Excellent leadership and teamwork.,No
2943,323,2024-12-19,Q1,3.7,Meets Expectations,8,Reliable and dependable employee.,Yes
2944,1889,2025-08-27,Q3,3.1,Meets Expectations,4,Demonstrates strong problem-solving skills.,No
2945,1872,2024-07-31,Q1,2.9,Needs Improvement,5,Demonstrates strong problem-solving skills.,No
2946,1578,2025-01-12,Q1,3.8,Meets Expectations,4,Reliable and dependable employee.,No
2947,377,2024-11-08,Q4,3.8,Meets Expectations,5,Requires additional coaching.,No
2948,726,2025-03-09,Q4,2.5,Needs Improvement,8,Consistently exceeds expectations.,No
2949,219,2025-02-25,Q3,4.4,Exceeds Expectations,8,Strong technical skills.,Yes
2950,432,2024-05-26,Q3,4.5,Outstanding,7,Needs improvement in productivity.,No
2951,186,2025-09-12,Q2,3.0,Meets Expectations,3,Reliable and dependable employee.,Yes
2952,1504,2025-08-22,Q1,3.5,Meets Expectations,3,Excellent leadership and teamwork.,Yes
2953,2590,2024-04-23,Q3,3.2,Meets Expectations,9,Strong technical skills.,Yes
2954,1882,2024-12-19,Q2,2.5,Needs Improvement,7,Demonstrates strong problem-solving skills.,Yes
2955,2061,2025-12-26,Q3,2.5,Needs Improvement,7,Excellent leadership and teamwork.,Yes
2956,365,2025-09-04,Q2,3.5,Meets Expectations,5,Strong technical skills.,No
2957,985,2024-05-23,Q4,2.3,Poor,4,Requires additional coaching.,No
2958,26,2025-03-20,Q1,3.4,Meets Expectations,8,Excellent leadership and teamwork.,Yes
2959,476,2024-05-13,Q1,3.7,Meets Expectations,5,Demonstrates strong problem-solving skills.,Yes
2960,2691,2025-10-09,Q2,2.3,Poor,9,Consistently exceeds expectations.,Yes
2961,1486,2025-11-11,Q4,2.7,Needs Improvement,3,Reliable and dependable employee.,Yes
2962,180,2024-08-22,Q1,2.1,Poor,9,Needs improvement in productivity.,Yes
2963,19,2025-08-17,Q3,4.9,Outstanding,4,Strong technical skills.,No
2964,2864,2024-09-05,Q2,2.9,Needs Improvement,10,Requires additional coaching.,Yes
2965,1689,2024-06-22,Q3,3.0,Meets Expectations,7,Demonstrates strong problem-solving skills.,Yes
2966,1694,2024-11-10,Q1,4.5,Outstanding,5,Demonstrates strong problem-solving skills.,Yes
2967,1274,2024-02-22,Q1,4.4,Exceeds Expectations,6,Consistently exceeds expectations.,Yes
2968,1057,2025-01-18,Q2,3.0,Meets Expectations,8,Requires additional coaching.,Yes
2969,2805,2025-07-08,Q4,2.5,Needs Improvement,7,Good communication and collaboration.,No
2970,1794,2024-03-12,Q2,2.8,Needs Improvement,8,Reliable and dependable employee.,No
2971,2171,2024-11-10,Q3,2.2,Poor,9,Excellent leadership and teamwork.,No
2972,1835,2024-07-09,Q2,2.6,Needs Improvement,7,Strong technical skills.,Yes
2973,2242,2024-03-24,Q2,2.9,Needs Improvement,8,Good communication and collaboration.,No
2974,2584,2025-04-22,Q3,4.9,Outstanding,9,Reliable and dependable employee.,Yes
2975,1356,2025-01-14,Q4,3.0,Meets Expectations,10,Strong technical skills.,Yes
2976,1612,2025-05-05,Q3,3.1,Meets Expectations,8,Consistently exceeds expectations.,No
2977,1627,2024-07-29,Q2,2.5,Needs Improvement,3,Excellent leadership and teamwork.,No
2978,1330,2024-10-17,Q4,2.3,Poor,7,Excellent leadership and teamwork.,Yes
2979,957,2024-11-19,Q1,2.3,Poor,4,Demonstrates strong problem-solving skills.,No
2980,389,2025-11-19,Q1,3.8,Meets Expectations,5,Needs improvement in productivity.,No
2981,2885,2024-01-20,Q4,4.8,Outstanding,3,Reliable and dependable employee.,Yes
2982,2597,2025-11-04,Q3,2.1,Poor,6,Needs improvement in productivity.,No
2983,2862,2024-09-12,Q2,4.8,Outstanding,3,Consistently exceeds expectations.,Yes
2984,747,2025-06-18,Q3,3.3,Meets Expectations,8,Excellent leadership and teamwork.,Yes
2985,647,2024-10-17,Q1,4.6,Outstanding,4,Needs improvement in productivity.,Yes
2986,1382,2025-07-15,Q2,2.6,Needs Improvement,8,Strong technical skills.,No
2987,2596,2025-04-13,Q3,4.7,Outstanding,3,Demonstrates strong problem-solving skills.,No
2988,180,2025-09-24,Q4,4.9,Outstanding,4,Demonstrates strong problem-solving skills.,Yes
2989,529,2024-01-02,Q1,3.4,Meets Expectations,8,Needs improvement in productivity.,Yes
2990,945,2024-04-01,Q1,4.0,Exceeds Expectations,3,Excellent leadership and teamwork.,No
2991,1180,2025-08-02,Q2,4.9,Outstanding,7,Excellent leadership and teamwork.,Yes
2992,2827,2024-03-23,Q1,4.7,Outstanding,3,Strong technical skills.,No
2993,517,2025-09-24,Q2,4.8,Outstanding,9,Excellent leadership and teamwork.,No
2994,264,2024-04-13,Q3,2.2,Poor,4,Good communication and collaboration.,No
2995,2521,2024-02-22,Q2,3.8,Meets Expectations,8,Needs improvement in productivity.,Yes
2996,1532,2025-02-04,Q3,4.1,Exceeds Expectations,5,Excellent leadership and teamwork.,No
2997,1589,2024-08-02,Q1,2.2,Poor,9,Demonstrates strong problem-solving skills.,Yes
2998,2639,2024-05-31,Q4,2.1,Poor,3,Consistently exceeds expectations.,No
2999,2938,2025-09-01,Q3,3.3,Meets Expectations,3,Good communication and collaboration.,No
3000,2052,2024-10-09,Q2,2.8,Needs Improvement,6,Good communication and collaboration.,No
3001,1257,2024-09-05,Q3,3.7,Meets Expectations,6,Excellent leadership and teamwork.,Yes
3002,1609,2025-02-20,Q4,3.5,Meets Expectations,5,Needs improvement in productivity.,No
3003,33,2025-02-12,Q3,2.7,Needs Improvement,3,Consistently exceeds expectations.,No
3004,871,2024-11-20,Q3,5.0,Outstanding,7,Reliable and dependable employee.,No
3005,753,2025-11-06,Q4,2.9,Needs Improvement,7,Reliable and dependable employee.,Yes
3006,2572,2025-05-31,Q2,2.6,Needs Improvement,6,Good communication and collaboration.,No
3007,1356,2024-03-19,Q1,4.6,Outstanding,3,Excellent leadership and teamwork.,Yes
3008,2635,2024-10-20,Q4,4.7,Outstanding,3,Needs improvement in productivity.,Yes
3009,24,2025-11-29,Q4,3.9,Meets Expectations,7,Good communication and collaboration.,Yes
3010,621,2024-12-20,Q1,4.7,Outstanding,4,Requires additional coaching.,No
3011,1819,2024-06-30,Q2,2.7,Needs Improvement,3,Strong technical skills.,No
3012,1870,2025-01-24,Q4,3.0,Meets Expectations,8,Reliable and dependable employee.,Yes
3013,701,2025-03-18,Q4,3.8,Meets Expectations,7,Reliable and dependable employee.,No
3014,191,2025-10-10,Q2,2.7,Needs Improvement,9,Reliable and dependable employee.,Yes
3015,2844,2025-11-08,Q3,2.4,Poor,8,Reliable and dependable employee.,Yes
3016,1048,2025-03-31,Q4,3.4,Meets Expectations,3,Reliable and dependable employee.,Yes
3017,1823,2025-06-26,Q3,2.3,Poor,5,Good communication and collaboration.,Yes
3018,742,2025-12-21,Q2,2.6,Needs Improvement,4,Reliable and dependable employee.,Yes
3019,1445,2025-08-14,Q1,4.7,Outstanding,10,Excellent leadership and teamwork.,No
3020,2317,2024-01-19,Q1,2.3,Poor,4,Requires additional coaching.,Yes
3021,2194,2025-03-21,Q1,3.1,Meets Expectations,8,Demonstrates strong problem-solving skills.,No
3022,686,2025-06-12,Q1,4.1,Exceeds Expectations,9,Excellent leadership and teamwork.,Yes
3023,1392,2025-04-29,Q4,4.8,Outstanding,6,Consistently exceeds expectations.,No
3024,2494,2025-04-11,Q4,4.8,Outstanding,5,Strong technical skills.,No
3025,1274,2025-08-26,Q1,4.6,Outstanding,5,Reliable and dependable employee.,No
3026,666,2024-07-16,Q2,2.0,Poor,6,Strong technical skills.,Yes
3027,2562,2025-04-09,Q2,4.8,Outstanding,5,Reliable and dependable employee.,Yes
3028,1033,2025-04-06,Q3,2.3,Poor,10,Strong technical skills.,Yes
3029,2995,2024-06-10,Q1,2.4,Poor,4,Requires additional coaching.,No
3030,2365,2024-05-14,Q2,3.8,Meets Expectations,3,Reliable and dependable employee.,Yes
3031,523,2024-05-28,Q2,2.1,Poor,3,Strong technical skills.,Yes
3032,898,2025-08-05,Q2,4.6,Outstanding,10,Demonstrates strong problem-solving skills.,No
3033,521,2025-09-13,Q1,4.1,Exceeds Expectations,6,Needs improvement in productivity.,Yes
3034,170,2024-08-05,Q2,4.7,Outstanding,4,Requires additional coaching.,No
3035,193,2025-12-05,Q4,3.2,Meets Expectations,6,Excellent leadership and teamwork.,Yes
3036,1411,2025-07-03,Q2,4.1,Exceeds Expectations,10,Demonstrates strong problem-solving skills.,No
3037,1458,2024-07-06,Q1,3.2,Meets Expectations,6,Reliable and dependable employee.,Yes
3038,2801,2024-06-25,Q2,2.1,Poor,4,Requires additional coaching.,Yes
3039,1924,2025-01-12,Q1,2.9,Needs Improvement,5,Good communication and collaboration.,Yes
3040,120,2025-02-22,Q3,2.8,Needs Improvement,4,Requires additional coaching.,No
3041,665,2025-02-20,Q1,2.5,Needs Improvement,6,Consistently exceeds expectations.,No
3042,1995,2024-08-13,Q1,2.0,Poor,8,Requires additional coaching.,No
3043,1711,2025-01-22,Q4,4.5,Outstanding,10,Excellent leadership and teamwork.,No
3044,958,2024-03-08,Q2,4.1,Exceeds Expectations,4,Requires additional coaching.,No
3045,1482,2025-11-25,Q3,2.2,Poor,7,Strong technical skills.,Yes
3046,1807,2024-05-21,Q4,4.9,Outstanding,6,Strong technical skills.,Yes
3047,2938,2025-11-10,Q4,2.7,Needs Improvement,8,Excellent leadership and teamwork.,No
3048,2652,2024-12-24,Q2,3.8,Meets Expectations,10,Good communication and collaboration.,Yes
3049,692,2025-11-02,Q4,3.2,Meets Expectations,4,Consistently exceeds expectations.,No
3050,602,2024-03-31,Q4,2.8,Needs Improvement,5,Needs improvement in productivity.,No
3051,1092,2024-01-20,Q1,4.0,Exceeds Expectations,3,Demonstrates strong problem-solving skills.,Yes
3052,2551,2024-05-22,Q2,4.8,Outstanding,6,Strong technical skills.,Yes
3053,2696,2025-07-20,Q4,3.8,Meets Expectations,7,Good communication and collaboration.,Yes
3054,2293,2024-06-18,Q2,3.0,Meets Expectations,5,Strong technical skills.,No
3055,765,2024-05-17,Q1,4.7,Outstanding,8,Good communication and collaboration.,Yes
3056,1006,2025-09-19,Q2,2.8,Needs Improvement,3,Good communication and collaboration.,Yes
3057,323,2024-07-11,Q3,4.1,Exceeds Expectations,10,Requires additional coaching.,Yes
3058,1532,2025-01-15,Q3,4.9,Outstanding,8,Demonstrates strong problem-solving skills.,No
3059,2826,2024-07-13,Q3,3.7,Meets Expectations,10,Needs improvement in productivity.,No
3060,1645,2025-01-23,Q3,3.8,Meets Expectations,8,Good communication and collaboration.,No
3061,983,2024-01-09,Q4,3.3,Meets Expectations,7,Requires additional coaching.,No
3062,2983,2025-06-25,Q4,3.8,Meets Expectations,4,Requires additional coaching.,Yes
3063,1149,2024-04-23,Q2,2.4,Poor,8,Strong technical skills.,No
3064,91,2025-11-03,Q1,3.6,Meets Expectations,8,Strong technical skills.,Yes
3065,1400,2025-08-22,Q4,2.6,Needs Improvement,5,Needs improvement in productivity.,No
3066,2359,2025-09-20,Q3,3.1,Meets Expectations,10,Reliable and dependable employee.,Yes
3067,982,2025-01-15,Q3,2.0,Poor,5,Good communication and collaboration.,No
3068,2939,2024-10-26,Q1,3.8,Meets Expectations,7,Reliable and dependable employee.,No
3069,502,2025-06-30,Q3,4.8,Outstanding,3,Strong technical skills.,Yes
3070,1016,2024-09-27,Q2,4.4,Exceeds Expectations,9,Consistently exceeds expectations.,No
3071,1298,2024-02-08,Q2,4.7,Outstanding,3,Demonstrates strong problem-solving skills.,No
3072,902,2025-07-31,Q4,4.0,Exceeds Expectations,6,Consistently exceeds expectations.,Yes
3073,123,2025-04-11,Q1,3.6,Meets Expectations,10,Needs improvement in productivity.,Yes
3074,582,2024-12-18,Q1,4.8,Outstanding,8,Demonstrates strong problem-solving skills.,Yes
3075,2282,2025-10-29,Q2,2.8,Needs Improvement,6,Needs improvement in productivity.,No
3076,722,2024-07-10,Q4,3.3,Meets Expectations,7,Strong technical skills.,No
3077,200,2025-10-19,Q2,2.3,Poor,5,Excellent leadership and teamwork.,No
3078,1399,2024-02-20,Q2,4.6,Outstanding,6,Demonstrates strong problem-solving skills.,No
3079,1856,2024-07-15,Q4,2.4,Poor,9,Needs improvement in productivity.,No
3080,772,2024-08-03,Q1,2.6,Needs Improvement,4,Strong technical skills.,Yes
3081,2645,2024-02-08,Q3,4.5,Outstanding,5,Demonstrates strong problem-solving skills.,Yes
3082,101,2024-09-09,Q3,4.8,Outstanding,8,Excellent leadership and teamwork.,Yes
3083,104,2024-03-23,Q4,4.8,Outstanding,5,Reliable and dependable employee.,Yes
3084,1267,2025-07-22,Q4,2.6,Needs Improvement,6,Consistently exceeds expectations.,No
3085,109,2025-02-24,Q2,3.8,Meets Expectations,4,Good communication and collaboration.,No
3086,2168,2025-09-27,Q1,4.4,Exceeds Expectations,10,Reliable and dependable employee.,Yes
3087,813,2024-02-26,Q4,2.4,Poor,8,Needs improvement in productivity.,Yes
3088,2123,2025-02-22,Q2,4.3,Exceeds Expectations,3,Reliable and dependable employee.,No
3089,1009,2025-11-23,Q3,3.0,Meets Expectations,8,Good communication and collaboration.,Yes
3090,608,2025-04-26,Q4,2.5,Needs Improvement,6,Good communication and collaboration.,Yes
3091,6,2024-09-28,Q4,2.9,Needs Improvement,6,Needs improvement in productivity.,Yes
3092,530,2025-12-25,Q4,2.7,Needs Improvement,4,Needs improvement in productivity.,Yes
3093,1924,2025-12-07,Q1,3.2,Meets Expectations,10,Excellent leadership and teamwork.,Yes
3094,1594,2024-07-24,Q1,3.8,Meets Expectations,5,Good communication and collaboration.,No
3095,159,2024-04-09,Q4,2.3,Poor,4,Reliable and dependable employee.,No
3096,409,2024-04-13,Q2,3.1,Meets Expectations,5,Consistently exceeds expectations.,No
3097,2729,2024-06-29,Q4,4.4,Exceeds Expectations,7,Strong technical skills.,No
3098,1960,2025-12-11,Q4,2.6,Needs Improvement,7,Reliable and dependable employee.,Yes
3099,860,2024-03-23,Q2,4.9,Outstanding,5,Reliable and dependable employee.,Yes
3100,2917,2025-01-03,Q1,3.5,Meets Expectations,7,Strong technical skills.,Yes
3101,1418,2025-01-20,Q2,3.7,Meets Expectations,5,Reliable and dependable employee.,No
3102,1659,2025-07-26,Q2,2.2,Poor,8,Good communication and collaboration.,No
3103,2688,2025-06-26,Q4,2.1,Poor,6,Demonstrates strong problem-solving skills.,Yes
3104,274,2025-03-29,Q1,4.6,Outstanding,3,Strong technical skills.,No
3105,2801,2024-11-25,Q3,4.4,Exceeds Expectations,4,Good communication and collaboration.,Yes
3106,1989,2024-01-03,Q2,4.0,Exceeds Expectations,7,Consistently exceeds expectations.,No
3107,609,2025-06-12,Q1,2.0,Poor,6,Requires additional coaching.,Yes
3108,1644,2024-12-19,Q3,4.0,Exceeds Expectations,9,Good communication and collaboration.,No
3109,2691,2025-07-24,Q1,3.1,Meets Expectations,8,Strong technical skills.,No
3110,185,2025-07-06,Q3,3.1,Meets Expectations,4,Reliable and dependable employee.,Yes
3111,1509,2025-03-12,Q3,2.3,Poor,4,Consistently exceeds expectations.,No
3112,1352,2025-06-12,Q1,3.3,Meets Expectations,4,Requires additional coaching.,Yes
3113,2421,2024-01-20,Q4,3.0,Meets Expectations,8,Reliable and dependable employee.,Yes
3114,1955,2025-08-01,Q2,4.4,Exceeds Expectations,3,Strong technical skills.,Yes
3115,1781,2024-04-09,Q1,4.9,Outstanding,4,Demonstrates strong problem-solving skills.,Yes
3116,557,2025-06-29,Q1,4.2,Exceeds Expectations,5,Strong technical skills.,Yes
3117,827,2024-04-08,Q4,3.7,Meets Expectations,9,Demonstrates strong problem-solving skills.,No
3118,1663,2025-03-08,Q4,2.1,Poor,6,Consistently exceeds expectations.,Yes
3119,1747,2024-06-04,Q4,3.5,Meets Expectations,6,Consistently exceeds expectations.,Yes
3120,541,2024-01-18,Q4,3.3,Meets Expectations,3,Demonstrates strong problem-solving skills.,No
3121,2849,2024-12-18,Q4,3.7,Meets Expectations,9,Needs improvement in productivity.,Yes
3122,2611,2024-09-14,Q3,4.8,Outstanding,6,Consistently exceeds expectations.,Yes
3123,2581,2024-08-14,Q3,4.3,Exceeds Expectations,7,Good communication and collaboration.,Yes
3124,2100,2025-04-04,Q3,4.0,Exceeds Expectations,5,Good communication and collaboration.,Yes
3125,593,2025-06-25,Q1,2.1,Poor,4,Needs improvement in productivity.,Yes
3126,1430,2024-01-18,Q4,3.5,Meets Expectations,7,Strong technical skills.,No
3127,1164,2024-05-16,Q1,3.4,Meets Expectations,3,Reliable and dependable employee.,No
3128,2299,2025-04-14,Q3,3.4,Meets Expectations,7,Requires additional coaching.,No
3129,1643,2024-02-18,Q4,2.9,Needs Improvement,10,Strong technical skills.,Yes
3130,1720,2024-04-12,Q4,4.4,Exceeds Expectations,8,Requires additional coaching.,Yes
3131,1053,2024-10-19,Q1,4.6,Outstanding,3,Requires additional coaching.,Yes
3132,1446,2025-09-03,Q2,2.9,Needs Improvement,10,Good communication and collaboration.,Yes
3133,2412,2024-12-22,Q3,4.2,Exceeds Expectations,9,Reliable and dependable employee.,No
3134,1808,2024-04-11,Q3,2.2,Poor,5,Requires additional coaching.,Yes
3135,1316,2024-01-01,Q3,2.6,Needs Improvement,10,Excellent leadership and teamwork.,Yes
3136,1508,2025-02-07,Q2,3.0,Meets Expectations,5,Demonstrates strong problem-solving skills.,No
3137,2763,2024-04-15,Q3,2.6,Needs Improvement,6,Consistently exceeds expectations.,No
3138,2516,2025-12-06,Q3,2.9,Needs Improvement,9,Needs improvement in productivity.,No
3139,1696,2024-05-02,Q2,4.0,Exceeds Expectations,7,Needs improvement in productivity.,No
3140,1197,2025-06-30,Q3,4.2,Exceeds Expectations,7,Consistently exceeds expectations.,No
3141,2507,2024-10-18,Q2,2.4,Poor,6,Strong technical skills.,No
3142,2369,2025-06-08,Q2,3.4,Meets Expectations,7,Requires additional coaching.,No
3143,71,2025-10-19,Q2,3.6,Meets Expectations,5,Good communication and collaboration.,Yes
3144,2431,2024-01-11,Q4,3.0,Meets Expectations,5,Demonstrates strong problem-solving skills.,Yes
3145,2358,2025-11-05,Q3,4.0,Exceeds Expectations,4,Good communication and collaboration.,Yes
3146,425,2024-12-19,Q4,4.9,Outstanding,5,Excellent leadership and teamwork.,Yes
3147,472,2025-07-10,Q1,4.6,Outstanding,10,Needs improvement in productivity.,No
3148,2125,2024-04-02,Q3,3.0,Meets Expectations,9,Needs improvement in productivity.,No
3149,1936,2025-11-05,Q2,4.4,Exceeds Expectations,5,Excellent leadership and teamwork.,Yes
3150,42,2025-05-08,Q3,2.1,Poor,9,Strong technical skills.,No
3151,263,2025-11-16,Q2,2.4,Poor,3,Excellent leadership and teamwork.,Yes
3152,1458,2024-07-26,Q1,2.3,Poor,6,Demonstrates strong problem-solving skills.,No
3153,1612,2024-05-19,Q4,4.6,Outstanding,6,Needs improvement in productivity.,No
3154,2573,2025-01-09,Q4,4.0,Exceeds Expectations,3,Requires additional coaching.,Yes
3155,2350,2024-03-14,Q1,3.8,Meets Expectations,7,Needs improvement in productivity.,No
3156,775,2024-08-22,Q3,2.8,Needs Improvement,9,Requires additional coaching.,Yes
3157,347,2025-08-22,Q3,2.2,Poor,3,Good communication and collaboration.,No
3158,752,2025-03-15,Q4,2.6,Needs Improvement,5,Reliable and dependable employee.,Yes
3159,1019,2025-06-01,Q4,2.6,Needs Improvement,7,Reliable and dependable employee.,No
3160,1666,2025-04-07,Q1,2.6,Needs Improvement,3,Strong technical skills.,Yes
3161,2717,2025-09-13,Q4,3.4,Meets Expectations,9,Excellent leadership and teamwork.,Yes
3162,2262,2025-04-09,Q3,4.4,Exceeds Expectations,5,Strong technical skills.,No
3163,2387,2024-11-24,Q2,4.9,Outstanding,4,Demonstrates strong problem-solving skills.,No
3164,1172,2024-04-25,Q3,2.2,Poor,6,Excellent leadership and teamwork.,No
3165,852,2025-10-14,Q1,4.5,Outstanding,5,Good communication and collaboration.,No
3166,193,2024-02-15,Q3,2.5,Needs Improvement,9,Requires additional coaching.,No
3167,743,2025-05-09,Q3,3.3,Meets Expectations,5,Good communication and collaboration.,Yes
3168,547,2025-10-26,Q2,3.6,Meets Expectations,6,Excellent leadership and teamwork.,Yes
3169,67,2025-05-22,Q4,2.4,Poor,4,Good communication and collaboration.,Yes
3170,41,2024-12-15,Q2,2.7,Needs Improvement,6,Strong technical skills.,No
3171,1919,2025-03-02,Q1,3.3,Meets Expectations,9,Demonstrates strong problem-solving skills.,No
3172,44,2025-06-27,Q4,3.3,Meets Expectations,5,Demonstrates strong problem-solving skills.,No
3173,1292,2024-08-14,Q1,2.7,Needs Improvement,5,Strong technical skills.,No
3174,863,2024-12-22,Q2,2.2,Poor,6,Strong technical skills.,No
3175,699,2024-10-07,Q2,2.7,Needs Improvement,7,Reliable and dependable employee.,Yes
3176,521,2024-06-14,Q4,3.6,Meets Expectations,4,Excellent leadership and teamwork.,Yes
3177,1861,2025-12-08,Q2,4.2,Exceeds Expectations,5,Strong technical skills.,Yes
3178,1530,2025-08-06,Q4,2.2,Poor,7,Demonstrates strong problem-solving skills.,Yes
3179,1951,2025-01-11,Q4,3.9,Meets Expectations,8,Strong technical skills.,No
3180,434,2025-10-01,Q2,3.9,Meets Expectations,7,Excellent leadership and teamwork.,No
3181,1474,2024-10-12,Q2,3.9,Meets Expectations,10,Reliable and dependable employee.,No
3182,2577,2025-09-09,Q1,2.4,Poor,5,Reliable and dependable employee.,No
3183,2453,2024-03-02,Q3,2.1,Poor,9,Requires additional coaching.,No
3184,2919,2024-02-26,Q2,2.8,Needs Improvement,6,Demonstrates strong problem-solving skills.,Yes
3185,2570,2025-10-20,Q1,2.6,Needs Improvement,5,Consistently exceeds expectations.,Yes
3186,347,2024-02-04,Q1,2.3,Poor,4,Demonstrates strong problem-solving skills.,Yes
3187,966,2025-12-16,Q4,4.1,Exceeds Expectations,3,Consistently exceeds expectations.,No
3188,203,2025-05-19,Q4,4.6,Outstanding,7,Excellent leadership and teamwork.,Yes
3189,2451,2024-11-24,Q1,2.5,Needs Improvement,7,Needs improvement in productivity.,Yes
3190,2451,2024-06-01,Q1,3.0,Meets Expectations,10,Consistently exceeds expectations.,Yes
3191,719,2024-01-19,Q4,2.4,Poor,9,Strong technical skills.,Yes
3192,903,2024-07-15,Q2,3.7,Meets Expectations,5,Excellent leadership and teamwork.,No
3193,1185,2025-01-04,Q1,2.4,Poor,9,Reliable and dependable employee.,No
3194,2782,2025-11-30,Q3,3.0,Meets Expectations,9,Good communication and collaboration.,Yes
3195,7,2025-12-11,Q2,4.1,Exceeds Expectations,6,Strong technical skills.,No
3196,1238,2025-08-17,Q1,3.3,Meets Expectations,7,Demonstrates strong problem-solving skills.,No
3197,49,2025-04-08,Q1,2.8,Needs Improvement,5,Excellent leadership and teamwork.,No
3198,2515,2024-11-25,Q3,4.0,Exceeds Expectations,4,Needs improvement in productivity.,Yes
3199,2793,2024-08-15,Q3,3.3,Meets Expectations,5,Requires additional coaching.,No
3200,2600,2025-04-27,Q2,4.0,Exceeds Expectations,8,Requires additional coaching.,Yes
3201,1098,2024-08-12,Q4,2.6,Needs Improvement,10,Needs improvement in productivity.,Yes
3202,656,2024-12-10,Q2,4.7,Outstanding,3,Requires additional coaching.,Yes
3203,1636,2025-07-30,Q1,3.0,Meets Expectations,5,Reliable and dependable employee.,Yes
3204,2680,2024-08-16,Q2,3.1,Meets Expectations,5,Strong technical skills.,Yes
3205,293,2025-08-07,Q4,3.0,Meets Expectations,6,Excellent leadership and teamwork.,Yes
3206,2423,2024-06-25,Q4,3.0,Meets Expectations,6,Requires additional coaching.,Yes
3207,1898,2024-05-18,Q2,4.0,Exceeds Expectations,9,Reliable and dependable employee.,No
3208,2721,2025-03-07,Q2,4.3,Exceeds Expectations,3,Requires additional coaching.,No
3209,312,2025-06-01,Q3,3.0,Meets Expectations,3,Needs improvement in productivity.,Yes
3210,797,2024-10-08,Q1,2.6,Needs Improvement,6,Excellent leadership and teamwork.,Yes
3211,1117,2025-12-22,Q2,3.7,Meets Expectations,5,Consistently exceeds expectations.,Yes
3212,725,2024-07-22,Q1,4.6,Outstanding,5,Consistently exceeds expectations.,No
3213,1213,2025-11-26,Q1,3.5,Meets Expectations,8,Reliable and dependable employee.,No
3214,2226,2025-07-04,Q4,3.3,Meets Expectations,9,Strong technical skills.,Yes
3215,426,2024-09-15,Q1,4.3,Exceeds Expectations,8,Strong technical skills.,Yes
3216,1596,2025-05-19,Q3,2.9,Needs Improvement,5,Excellent leadership and teamwork.,Yes
3217,1591,2025-06-28,Q4,2.5,Needs Improvement,10,Demonstrates strong problem-solving skills.,Yes
3218,1285,2024-09-08,Q4,3.6,Meets Expectations,9,Strong technical skills.,No
3219,1274,2025-02-11,Q1,4.3,Exceeds Expectations,9,Reliable and dependable employee.,Yes
3220,1214,2025-10-29,Q1,4.0,Exceeds Expectations,5,Requires additional coaching.,Yes
3221,734,2024-03-18,Q2,2.2,Poor,3,Strong technical skills.,Yes
3222,187,2025-04-11,Q3,2.9,Needs Improvement,6,Consistently exceeds expectations.,No
3223,1990,2025-04-07,Q1,4.8,Outstanding,4,Demonstrates strong problem-solving skills.,No
3224,629,2025-06-30,Q4,4.5,Outstanding,7,Consistently exceeds expectations.,Yes
3225,2105,2025-12-26,Q1,4.1,Exceeds Expectations,3,Excellent leadership and teamwork.,Yes
3226,1770,2024-10-23,Q1,3.3,Meets Expectations,5,Excellent leadership and teamwork.,Yes
3227,23,2024-10-29,Q2,3.0,Meets Expectations,5,Needs improvement in productivity.,Yes
3228,2229,2024-04-20,Q1,3.2,Meets Expectations,3,Needs improvement in productivity.,Yes
3229,1338,2024-07-25,Q3,4.4,Exceeds Expectations,6,Good communication and collaboration.,Yes
3230,1456,2025-12-17,Q2,3.7,Meets Expectations,9,Reliable and dependable employee.,Yes
3231,245,2024-06-18,Q4,3.4,Meets Expectations,5,Demonstrates strong problem-solving skills.,No
3232,1000,2025-02-23,Q2,4.6,Outstanding,6,Requires additional coaching.,Yes
3233,879,2025-07-21,Q4,4.4,Exceeds Expectations,4,Needs improvement in productivity.,Yes
3234,2586,2024-08-11,Q4,4.9,Outstanding,5,Requires additional coaching.,No
3235,430,2025-09-28,Q3,2.7,Needs Improvement,4,Excellent leadership and teamwork.,Yes
3236,778,2024-01-16,Q2,2.5,Needs Improvement,6,Good communication and collaboration.,Yes
3237,407,2025-09-15,Q2,4.0,Exceeds Expectations,8,Reliable and dependable employee.,No
3238,2458,2024-09-22,Q1,4.2,Exceeds Expectations,10,Needs improvement in productivity.,Yes
3239,1664,2025-05-01,Q4,4.9,Outstanding,10,Requires additional coaching.,Yes
3240,2666,2024-02-24,Q3,2.1,Poor,5,Excellent leadership and teamwork.,Yes
3241,2680,2025-06-23,Q2,4.4,Exceeds Expectations,4,Reliable and dependable employee.,No
3242,2486,2024-06-11,Q4,3.3,Meets Expectations,4,Demonstrates strong problem-solving skills.,Yes
3243,1444,2025-12-26,Q4,4.9,Outstanding,6,Strong technical skills.,No
3244,2707,2025-11-16,Q1,3.5,Meets Expectations,5,Requires additional coaching.,No
3245,1510,2024-07-25,Q4,4.1,Exceeds Expectations,9,Reliable and dependable employee.,No
3246,2355,2025-05-17,Q2,4.5,Outstanding,8,Demonstrates strong problem-solving skills.,Yes
3247,1262,2025-05-01,Q2,3.9,Meets Expectations,8,Needs improvement in productivity.,Yes
3248,2468,2024-07-26,Q4,2.8,Needs Improvement,3,Demonstrates strong problem-solving skills.,No
3249,560,2025-11-28,Q1,3.7,Meets Expectations,10,Strong technical skills.,No
3250,585,2024-12-15,Q4,4.3,Exceeds Expectations,9,Strong technical skills.,Yes
3251,1794,2025-08-14,Q4,3.7,Meets Expectations,10,Excellent leadership and teamwork.,Yes
3252,2267,2025-01-31,Q4,4.3,Exceeds Expectations,7,Demonstrates strong problem-solving skills.,No
3253,2291,2025-03-14,Q3,3.1,Meets Expectations,9,Strong technical skills.,Yes
3254,2086,2025-11-24,Q3,2.6,Needs Improvement,4,Requires additional coaching.,No
3255,994,2024-12-08,Q4,2.9,Needs Improvement,8,Good communication and collaboration.,No
3256,2382,2024-12-11,Q1,3.6,Meets Expectations,9,Strong technical skills.,Yes
3257,1087,2025-08-20,Q1,2.9,Needs Improvement,5,Requires additional coaching.,Yes
3258,1339,2024-07-07,Q1,4.9,Outstanding,3,Reliable and dependable employee.,No
3259,572,2025-03-21,Q1,4.9,Outstanding,9,Requires additional coaching.,No
3260,2265,2024-08-09,Q1,3.8,Meets Expectations,3,Reliable and dependable employee.,No
3261,2190,2025-10-30,Q3,4.5,Outstanding,4,Good communication and collaboration.,Yes
3262,2279,2024-07-14,Q2,4.6,Outstanding,3,Needs improvement in productivity.,No
3263,1250,2025-04-02,Q2,4.0,Exceeds Expectations,10,Strong technical skills.,Yes
3264,2267,2024-07-03,Q2,3.0,Meets Expectations,3,Reliable and dependable employee.,No
3265,1518,2025-12-12,Q1,4.7,Outstanding,3,Good communication and collaboration.,Yes
3266,2784,2024-02-17,Q4,3.0,Meets Expectations,9,Consistently exceeds expectations.,No
3267,2643,2024-11-25,Q3,2.6,Needs Improvement,9,Strong technical skills.,Yes
3268,2286,2025-05-12,Q2,2.8,Needs Improvement,10,Strong technical skills.,No
3269,1839,2025-02-12,Q4,3.7,Meets Expectations,3,Consistently exceeds expectations.,No
3270,664,2025-08-16,Q1,3.2,Meets Expectations,3,Consistently exceeds expectations.,Yes
3271,1752,2024-06-15,Q1,3.1,Meets Expectations,3,Good communication and collaboration.,No
3272,1211,2024-02-10,Q3,2.9,Needs Improvement,5,Excellent leadership and teamwork.,No
3273,1983,2024-02-22,Q3,2.8,Needs Improvement,9,Requires additional coaching.,No
3274,676,2025-02-12,Q1,2.9,Needs Improvement,9,Reliable and dependable employee.,Yes
3275,479,2024-06-20,Q3,3.0,Meets Expectations,9,Demonstrates strong problem-solving skills.,Yes
3276,1292,2025-12-23,Q2,4.8,Outstanding,5,Reliable and dependable employee.,Yes
3277,2495,2025-03-05,Q2,2.0,Poor,6,Strong technical skills.,No
3278,121,2025-06-09,Q3,2.8,Needs Improvement,10,Requires additional coaching.,No
3279,2217,2024-02-01,Q3,2.9,Needs Improvement,8,Good communication and collaboration.,No
3280,1337,2025-01-03,Q2,2.5,Needs Improvement,6,Needs improvement in productivity.,Yes
3281,2004,2024-11-22,Q2,4.5,Outstanding,7,Needs improvement in productivity.,No
3282,894,2024-05-17,Q1,2.3,Poor,3,Good communication and collaboration.,No
3283,524,2025-12-13,Q1,4.0,Exceeds Expectations,4,Demonstrates strong problem-solving skills.,Yes
3284,2622,2024-02-07,Q4,2.4,Poor,10,Reliable and dependable employee.,No
3285,1109,2025-04-23,Q2,3.6,Meets Expectations,8,Needs improvement in productivity.,No
3286,2270,2024-08-14,Q2,3.0,Meets Expectations,7,Reliable and dependable employee.,No
3287,574,2025-04-03,Q3,4.1,Exceeds Expectations,4,Requires additional coaching.,Yes
3288,2058,2025-05-31,Q3,3.0,Meets Expectations,4,Demonstrates strong problem-solving skills.,Yes
3289,225,2024-09-04,Q1,3.0,Meets Expectations,3,Needs improvement in productivity.,No
3290,2455,2025-07-13,Q4,2.3,Poor,10,Strong technical skills.,No
3291,1932,2025-06-18,Q3,2.7,Needs Improvement,6,Needs improvement in productivity.,Yes
3292,1219,2024-10-11,Q3,3.3,Meets Expectations,4,Demonstrates strong problem-solving skills.,Yes
3293,1460,2025-01-10,Q4,3.7,Meets Expectations,6,Strong technical skills.,No
3294,2471,2024-01-17,Q3,2.6,Needs Improvement,6,Demonstrates strong problem-solving skills.,Yes
3295,911,2025-12-06,Q2,2.6,Needs Improvement,9,Consistently exceeds expectations.,Yes
3296,2820,2024-03-03,Q2,2.6,Needs Improvement,9,Excellent leadership and teamwork.,No
3297,2073,2024-05-13,Q2,3.6,Meets Expectations,4,Needs improvement in productivity.,Yes
3298,1966,2025-05-20,Q2,3.6,Meets Expectations,3,Strong technical skills.,No
3299,754,2024-12-07,Q1,2.9,Needs Improvement,8,Reliable and dependable employee.,Yes
3300,1824,2025-05-12,Q4,4.1,Exceeds Expectations,8,Good communication and collaboration.,No
3301,2986,2024-04-26,Q1,2.7,Needs Improvement,4,Consistently exceeds expectations.,No
3302,1741,2024-06-23,Q2,4.1,Exceeds Expectations,7,Strong technical skills.,No
3303,2034,2025-11-12,Q4,2.3,Poor,10,Requires additional coaching.,Yes
3304,2427,2025-02-21,Q1,4.4,Exceeds Expectations,7,Good communication and collaboration.,Yes
3305,1623,2024-11-02,Q3,2.4,Poor,9,Requires additional coaching.,No
3306,1399,2024-01-29,Q1,2.2,Poor,3,Consistently exceeds expectations.,Yes
3307,2181,2025-07-30,Q3,3.8,Meets Expectations,10,Good communication and collaboration.,Yes
3308,2177,2025-09-09,Q3,4.7,Outstanding,5,Consistently exceeds expectations.,Yes
3309,2214,2025-03-05,Q3,3.8,Meets Expectations,7,Reliable and dependable employee.,No
3310,1597,2024-08-25,Q3,2.8,Needs Improvement,10,Needs improvement in productivity.,No
3311,700,2024-07-18,Q3,3.7,Meets Expectations,10,Needs improvement in productivity.,No
3312,2130,2024-03-24,Q1,2.4,Poor,3,Reliable and dependable employee.,Yes
3313,293,2025-06-03,Q4,3.3,Meets Expectations,4,Reliable and dependable employee.,No
3314,2167,2024-11-29,Q4,3.6,Meets Expectations,4,Demonstrates strong problem-solving skills.,Yes
3315,1345,2024-01-09,Q3,4.3,Exceeds Expectations,7,Needs improvement in productivity.,Yes
3316,1090,2024-03-10,Q2,4.4,Exceeds Expectations,9,Demonstrates strong problem-solving skills.,Yes
3317,2143,2024-08-25,Q1,5.0,Outstanding,4,Reliable and dependable employee.,Yes
3318,2615,2025-10-29,Q3,2.1,Poor,9,Consistently exceeds expectations.,Yes
3319,2368,2025-05-18,Q4,2.7,Needs Improvement,4,Strong technical skills.,No
3320,2362,2024-08-20,Q1,2.0,Poor,5,Consistently exceeds expectations.,No
3321,1917,2024-04-03,Q3,3.7,Meets Expectations,8,Reliable and dependable employee.,No
3322,1733,2025-10-09,Q2,3.8,Meets Expectations,8,Consistently exceeds expectations.,No
3323,2067,2024-12-30,Q1,3.6,Meets Expectations,10,Excellent leadership and teamwork.,No
3324,800,2024-10-27,Q4,2.4,Poor,3,Consistently exceeds expectations.,Yes
3325,2358,2024-03-28,Q1,2.7,Needs Improvement,3,Good communication and collaboration.,Yes
3326,2350,2024-05-15,Q3,5.0,Outstanding,5,Needs improvement in productivity.,No
3327,497,2025-05-15,Q4,2.7,Needs Improvement,3,Excellent leadership and teamwork.,No
3328,2192,2024-06-01,Q1,4.4,Exceeds Expectations,3,Strong technical skills.,No
3329,250,2024-12-14,Q3,4.6,Outstanding,6,Demonstrates strong problem-solving skills.,Yes
3330,1641,2024-05-14,Q3,2.2,Poor,10,Good communication and collaboration.,No
3331,1647,2025-05-30,Q4,2.4,Poor,4,Good communication and collaboration.,No
3332,2088,2024-01-21,Q4,4.2,Exceeds Expectations,6,Good communication and collaboration.,No
3333,992,2024-06-19,Q1,4.4,Exceeds Expectations,3,Needs improvement in productivity.,No
3334,1763,2024-08-17,Q3,2.3,Poor,10,Good communication and collaboration.,Yes
3335,2666,2025-01-04,Q4,3.0,Meets Expectations,9,Good communication and collaboration.,No
3336,2327,2025-01-05,Q3,2.6,Needs Improvement,4,Consistently exceeds expectations.,No
3337,1189,2024-09-20,Q1,2.7,Needs Improvement,5,Good communication and collaboration.,No
3338,1992,2025-02-18,Q1,2.5,Needs Improvement,5,Requires additional coaching.,No
3339,1679,2024-03-07,Q2,2.0,Poor,7,Reliable and dependable employee.,Yes
3340,1548,2025-02-22,Q3,4.4,Exceeds Expectations,4,Requires additional coaching.,Yes
3341,144,2025-11-03,Q4,4.7,Outstanding,8,Good communication and collaboration.,No
3342,2194,2025-01-03,Q3,4.6,Outstanding,9,Strong technical skills.,Yes
3343,1530,2025-09-12,Q1,4.9,Outstanding,6,Excellent leadership and teamwork.,Yes
3344,2009,2025-12-05,Q1,4.9,Outstanding,7,Reliable and dependable employee.,No
3345,1720,2024-09-21,Q2,2.6,Needs Improvement,4,Strong technical skills.,No
3346,2771,2024-07-07,Q1,2.8,Needs Improvement,6,Needs improvement in productivity.,Yes
3347,89,2025-09-29,Q1,3.7,Meets Expectations,9,Demonstrates strong problem-solving skills.,No
3348,1066,2024-09-22,Q1,4.1,Exceeds Expectations,5,Reliable and dependable employee.,No
3349,2514,2025-10-25,Q3,3.5,Meets Expectations,8,Needs improvement in productivity.,Yes
3350,2896,2024-04-11,Q3,2.7,Needs Improvement,10,Reliable and dependable employee.,No
3351,505,2024-07-03,Q2,3.4,Meets Expectations,3,Requires additional coaching.,Yes
3352,433,2024-04-19,Q3,4.3,Exceeds Expectations,3,Good communication and collaboration.,No
3353,854,2024-08-11,Q1,3.8,Meets Expectations,10,Good communication and collaboration.,No
3354,1816,2024-04-08,Q3,4.0,Exceeds Expectations,6,Good communication and collaboration.,Yes
3355,1658,2024-11-01,Q4,2.9,Needs Improvement,10,Excellent leadership and teamwork.,No
3356,387,2025-03-23,Q1,2.7,Needs Improvement,3,Consistently exceeds expectations.,No
3357,791,2024-07-07,Q4,3.5,Meets Expectations,3,Reliable and dependable employee.,Yes
3358,1622,2024-11-08,Q3,2.4,Poor,5,Excellent leadership and teamwork.,No
3359,278,2025-11-04,Q2,4.0,Exceeds Expectations,6,Consistently exceeds expectations.,Yes
3360,2967,2025-10-04,Q4,4.0,Exceeds Expectations,10,Reliable and dependable employee.,Yes
3361,1100,2025-03-27,Q1,4.3,Exceeds Expectations,3,Excellent leadership and teamwork.,No
3362,2825,2024-02-05,Q3,3.8,Meets Expectations,4,Good communication and collaboration.,Yes
3363,1109,2024-01-01,Q2,3.1,Meets Expectations,4,Excellent leadership and teamwork.,No
3364,2927,2024-05-01,Q1,3.8,Meets Expectations,5,Reliable and dependable employee.,No
3365,2229,2025-04-12,Q1,4.9,Outstanding,10,Reliable and dependable employee.,No
3366,1048,2024-08-31,Q4,4.6,Outstanding,6,Reliable and dependable employee.,Yes
3367,1529,2025-08-06,Q4,2.2,Poor,7,Reliable and dependable employee.,Yes
3368,1187,2025-04-06,Q2,2.0,Poor,5,Requires additional coaching.,Yes
3369,442,2024-12-13,Q1,3.6,Meets Expectations,3,Good communication and collaboration.,No
3370,1568,2024-12-26,Q1,3.6,Meets Expectations,9,Good communication and collaboration.,Yes
3371,1946,2025-03-24,Q4,2.0,Poor,10,Reliable and dependable employee.,Yes
3372,621,2025-12-04,Q1,4.3,Exceeds Expectations,8,Good communication and collaboration.,No
3373,1697,2025-02-14,Q1,4.2,Exceeds Expectations,8,Good communication and collaboration.,No
3374,2228,2025-10-15,Q1,3.8,Meets Expectations,8,Demonstrates strong problem-solving skills.,No
3375,2478,2024-08-06,Q1,2.9,Needs Improvement,4,Demonstrates strong problem-solving skills.,Yes
3376,560,2024-02-11,Q1,3.0,Meets Expectations,3,Demonstrates strong problem-solving skills.,Yes
3377,2521,2025-10-31,Q2,3.4,Meets Expectations,3,Demonstrates strong problem-solving skills.,Yes
3378,657,2024-04-11,Q2,2.3,Poor,9,Excellent leadership and teamwork.,No
3379,310,2024-09-29,Q4,4.0,Exceeds Expectations,5,Reliable and dependable employee.,Yes
3380,103,2024-07-14,Q3,4.4,Exceeds Expectations,8,Strong technical skills.,No
3381,459,2025-08-29,Q1,5.0,Outstanding,5,Consistently exceeds expectations.,No
3382,26,2025-11-08,Q3,3.4,Meets Expectations,6,Requires additional coaching.,Yes
3383,593,2025-12-21,Q3,4.5,Outstanding,7,Reliable and dependable employee.,Yes
3384,1477,2024-11-07,Q4,2.4,Poor,3,Reliable and dependable employee.,No
3385,742,2024-06-25,Q3,2.6,Needs Improvement,4,Reliable and dependable employee.,Yes
3386,2390,2024-09-20,Q4,2.8,Needs Improvement,10,Reliable and dependable employee.,No
3387,2528,2025-05-30,Q2,2.1,Poor,9,Needs improvement in productivity.,No
3388,387,2024-08-20,Q2,2.7,Needs Improvement,10,Requires additional coaching.,Yes
3389,2669,2024-12-04,Q3,3.4,Meets Expectations,3,Reliable and dependable employee.,No
3390,1413,2025-02-15,Q3,4.5,Outstanding,8,Consistently exceeds expectations.,No
3391,152,2024-12-01,Q1,2.4,Poor,4,Needs improvement in productivity.,Yes
3392,700,2024-02-21,Q4,4.4,Exceeds Expectations,7,Requires additional coaching.,No
3393,1962,2024-09-18,Q4,3.7,Meets Expectations,5,Good communication and collaboration.,No
3394,1554,2024-07-16,Q1,5.0,Outstanding,7,Strong technical skills.,No
3395,1061,2024-09-25,Q2,2.1,Poor,10,Consistently exceeds expectations.,Yes
3396,2343,2025-01-25,Q3,2.1,Poor,5,Consistently exceeds expectations.,No
3397,1232,2024-08-23,Q4,2.1,Poor,6,Requires additional coaching.,Yes
3398,809,2024-11-15,Q2,4.4,Exceeds Expectations,7,Strong technical skills.,No
3399,1108,2024-09-29,Q1,3.3,Meets Expectations,5,Consistently exceeds expectations.,Yes
3400,2352,2025-03-30,Q4,4.9,Outstanding,8,Strong technical skills.,No
3401,768,2024-08-20,Q1,2.4,Poor,5,Consistently exceeds expectations.,Yes
3402,817,2024-07-09,Q4,4.2,Exceeds Expectations,5,Excellent leadership and teamwork.,No
3403,1347,2025-12-28,Q2,2.0,Poor,6,Excellent leadership and teamwork.,Yes
3404,85,2024-05-26,Q4,2.1,Poor,6,Strong technical skills.,No
3405,1858,2024-03-20,Q1,2.7,Needs Improvement,3,Excellent leadership and teamwork.,Yes
3406,497,2024-09-20,Q4,2.8,Needs Improvement,3,Excellent leadership and teamwork.,Yes
3407,1575,2024-06-07,Q2,3.7,Meets Expectations,6,Reliable and dependable employee.,No
3408,826,2025-12-14,Q4,4.8,Outstanding,3,Requires additional coaching.,Yes
3409,2220,2025-11-23,Q3,4.4,Exceeds Expectations,7,Consistently exceeds expectations.,No
3410,1967,2025-06-16,Q4,5.0,Outstanding,6,Excellent leadership and teamwork.,Yes
3411,95,2024-09-03,Q3,4.8,Outstanding,6,Good communication and collaboration.,No
3412,487,2024-12-15,Q2,4.7,Outstanding,10,Consistently exceeds expectations.,Yes
3413,2144,2024-05-25,Q3,4.6,Outstanding,4,Needs improvement in productivity.,No
3414,1351,2024-10-27,Q3,3.5,Meets Expectations,5,Excellent leadership and teamwork.,Yes
3415,2605,2025-06-13,Q1,2.8,Needs Improvement,4,Needs improvement in productivity.,Yes
3416,1327,2025-04-16,Q3,4.3,Exceeds Expectations,9,Requires additional coaching.,Yes
3417,1829,2024-10-11,Q3,3.0,Meets Expectations,7,Strong technical skills.,No
3418,1770,2025-03-20,Q1,3.3,Meets Expectations,4,Excellent leadership and teamwork.,Yes
3419,1094,2024-07-14,Q1,4.6,Outstanding,5,Consistently exceeds expectations.,Yes
3420,565,2024-06-05,Q4,4.0,Exceeds Expectations,7,Excellent leadership and teamwork.,Yes
3421,1602,2025-04-27,Q3,2.4,Poor,4,Demonstrates strong problem-solving skills.,No
3422,2822,2024-08-09,Q2,3.0,Meets Expectations,10,Good communication and collaboration.,No
3423,2610,2025-05-30,Q4,4.9,Outstanding,7,Reliable and dependable employee.,Yes
3424,1411,2024-11-20,Q1,5.0,Outstanding,3,Strong technical skills.,Yes
3425,654,2025-05-30,Q2,3.9,Meets Expectations,8,Consistently exceeds expectations.,Yes
3426,2813,2024-02-08,Q1,3.3,Meets Expectations,5,Needs improvement in productivity.,No
3427,2313,2024-07-26,Q4,2.1,Poor,4,Excellent leadership and teamwork.,Yes
3428,1904,2024-07-19,Q2,3.8,Meets Expectations,3,Strong technical skills.,No
3429,1673,2025-10-26,Q1,2.1,Poor,5,Good communication and collaboration.,Yes
3430,1878,2025-05-05,Q1,2.3,Poor,5,Good communication and collaboration.,Yes
3431,2326,2025-11-10,Q4,4.2,Exceeds Expectations,4,Needs improvement in productivity.,Yes
3432,513,2024-10-25,Q3,2.1,Poor,8,Excellent leadership and teamwork.,No
3433,1759,2024-01-04,Q3,3.3,Meets Expectations,6,Strong technical skills.,No
3434,1564,2025-07-28,Q3,4.2,Exceeds Expectations,5,Reliable and dependable employee.,No
3435,1717,2024-06-21,Q3,5.0,Outstanding,9,Excellent leadership and teamwork.,Yes
3436,2548,2024-01-13,Q2,2.3,Poor,3,Needs improvement in productivity.,No
3437,2946,2025-07-24,Q2,4.2,Exceeds Expectations,7,Demonstrates strong problem-solving skills.,Yes
3438,1063,2025-05-15,Q4,2.7,Needs Improvement,4,Demonstrates strong problem-solving skills.,No
3439,2191,2024-10-13,Q3,2.5,Needs Improvement,4,Reliable and dependable employee.,No
3440,2737,2024-06-10,Q4,4.9,Outstanding,10,Excellent leadership and teamwork.,No
3441,1714,2025-07-18,Q4,4.1,Exceeds Expectations,8,Requires additional coaching.,Yes
3442,533,2024-10-27,Q1,2.8,Needs Improvement,10,Requires additional coaching.,No
3443,2092,2024-02-03,Q3,4.6,Outstanding,7,Demonstrates strong problem-solving skills.,No
3444,330,2024-11-21,Q1,4.0,Exceeds Expectations,6,Needs improvement in productivity.,Yes
3445,150,2025-12-21,Q1,3.2,Meets Expectations,7,Demonstrates strong problem-solving skills.,No
3446,597,2025-01-10,Q3,2.4,Poor,7,Good communication and collaboration.,No
3447,220,2024-03-05,Q4,2.9,Needs Improvement,9,Reliable and dependable employee.,Yes
3448,618,2024-05-19,Q4,2.3,Poor,7,Needs improvement in productivity.,Yes
3449,1462,2025-08-09,Q2,2.8,Needs Improvement,3,Requires additional coaching.,No
3450,1160,2025-12-04,Q1,3.9,Meets Expectations,4,Consistently exceeds expectations.,No
3451,802,2025-07-25,Q1,3.6,Meets Expectations,5,Demonstrates strong problem-solving skills.,Yes
3452,11,2025-04-09,Q4,4.6,Outstanding,6,Strong technical skills.,Yes
3453,1382,2025-12-22,Q3,4.0,Exceeds Expectations,5,Consistently exceeds expectations.,No
3454,2404,2025-08-24,Q1,4.4,Exceeds Expectations,9,Requires additional coaching.,No
3455,75,2025-12-04,Q1,3.0,Meets Expectations,4,Excellent leadership and teamwork.,Yes
3456,374,2024-02-04,Q3,2.5,Needs Improvement,7,Good communication and collaboration.,No
3457,337,2025-04-09,Q2,4.4,Exceeds Expectations,6,Excellent leadership and teamwork.,Yes
3458,2901,2024-05-26,Q3,3.2,Meets Expectations,9,Excellent leadership and teamwork.,Yes
3459,2035,2024-02-23,Q4,2.4,Poor,3,Excellent leadership and teamwork.,Yes
3460,669,2024-03-30,Q2,2.2,Poor,4,Demonstrates strong problem-solving skills.,Yes
3461,329,2024-03-19,Q3,2.3,Poor,3,Excellent leadership and teamwork.,Yes
3462,1220,2024-05-15,Q4,4.8,Outstanding,4,Good communication and collaboration.,Yes
3463,2826,2024-08-17,Q1,3.5,Meets Expectations,10,Requires additional coaching.,Yes
3464,430,2024-07-19,Q4,4.7,Outstanding,5,Needs improvement in productivity.,Yes
3465,2957,2025-12-09,Q1,3.5,Meets Expectations,7,Demonstrates strong problem-solving skills.,No
3466,1494,2025-02-24,Q1,4.8,Outstanding,4,Good communication and collaboration.,No
3467,1396,2024-07-16,Q2,2.7,Needs Improvement,4,Excellent leadership and teamwork.,No
3468,682,2025-12-30,Q4,3.7,Meets Expectations,3,Demonstrates strong problem-solving skills.,Yes
3469,1917,2025-11-08,Q1,3.8,Meets Expectations,6,Demonstrates strong problem-solving skills.,Yes
3470,1702,2024-07-18,Q1,2.3,Poor,4,Demonstrates strong problem-solving skills.,Yes
3471,532,2024-12-12,Q4,4.7,Outstanding,7,Demonstrates strong problem-solving skills.,No
3472,495,2025-01-30,Q4,3.6,Meets Expectations,8,Good communication and collaboration.,Yes
3473,1833,2025-08-16,Q1,4.6,Outstanding,3,Reliable and dependable employee.,No
3474,2241,2024-12-29,Q3,2.0,Poor,8,Demonstrates strong problem-solving skills.,Yes
3475,61,2024-11-04,Q3,2.5,Needs Improvement,7,Good communication and collaboration.,Yes
3476,874,2024-01-24,Q2,4.6,Outstanding,5,Consistently exceeds expectations.,No
3477,2397,2025-04-10,Q4,2.1,Poor,9,Needs improvement in productivity.,No
3478,1064,2024-09-14,Q4,3.2,Meets Expectations,3,Requires additional coaching.,No
3479,2795,2024-02-26,Q1,4.0,Exceeds Expectations,9,Consistently exceeds expectations.,Yes
3480,2368,2024-06-05,Q3,4.5,Outstanding,5,Consistently exceeds expectations.,No
3481,225,2025-12-22,Q4,4.2,Exceeds Expectations,7,Reliable and dependable employee.,No
3482,298,2024-05-19,Q1,2.0,Poor,6,Good communication and collaboration.,No
3483,191,2025-04-29,Q3,4.9,Outstanding,5,Strong technical skills.,Yes
3484,2879,2024-07-15,Q1,4.2,Exceeds Expectations,6,Reliable and dependable employee.,No
3485,2220,2024-08-06,Q1,4.6,Outstanding,6,Excellent leadership and teamwork.,Yes
3486,1235,2024-08-18,Q4,4.7,Outstanding,4,Excellent leadership and teamwork.,No
3487,937,2025-08-27,Q1,2.1,Poor,8,Consistently exceeds expectations.,No
3488,1951,2024-02-18,Q4,4.2,Exceeds Expectations,7,Requires additional coaching.,Yes
3489,947,2024-01-14,Q3,4.0,Exceeds Expectations,6,Strong technical skills.,Yes
3490,383,2024-12-08,Q1,2.0,Poor,4,Strong technical skills.,No
3491,1723,2025-11-15,Q2,2.8,Needs Improvement,10,Requires additional coaching.,Yes
3492,1311,2024-10-20,Q3,3.4,Meets Expectations,8,Consistently exceeds expectations.,Yes
3493,2237,2025-04-04,Q4,4.3,Exceeds Expectations,10,Needs improvement in productivity.,Yes
3494,549,2025-06-29,Q3,2.7,Needs Improvement,10,Consistently exceeds expectations.,No
3495,1484,2025-02-08,Q4,2.8,Needs Improvement,3,Demonstrates strong problem-solving skills.,Yes
3496,931,2024-10-14,Q1,4.2,Exceeds Expectations,5,Strong technical skills.,No
3497,1783,2025-11-28,Q3,4.3,Exceeds Expectations,7,Requires additional coaching.,No
3498,1920,2024-02-23,Q3,2.4,Poor,4,Demonstrates strong problem-solving skills.,Yes
3499,112,2024-07-24,Q1,3.4,Meets Expectations,10,Consistently exceeds expectations.,No
3500,1574,2024-04-07,Q4,4.4,Exceeds Expectations,6,Demonstrates strong problem-solving skills.,Yes
3501,887,2024-12-29,Q3,2.3,Poor,7,Good communication and collaboration.,Yes
3502,761,2025-09-10,Q3,4.7,Outstanding,4,Strong technical skills.,No
3503,2891,2024-01-26,Q2,3.4,Meets Expectations,9,Excellent leadership and teamwork.,Yes
3504,2305,2024-12-18,Q3,2.5,Needs Improvement,9,Requires additional coaching.,Yes
3505,1847,2024-02-05,Q3,2.6,Needs Improvement,3,Demonstrates strong problem-solving skills.,No
3506,1756,2024-10-20,Q1,2.8,Needs Improvement,10,Requires additional coaching.,Yes
3507,590,2024-08-02,Q1,3.4,Meets Expectations,6,Needs improvement in productivity.,Yes
3508,2977,2025-09-03,Q4,3.6,Meets Expectations,10,Requires additional coaching.,Yes
3509,1467,2025-01-20,Q2,3.8,Meets Expectations,9,Demonstrates strong problem-solving skills.,Yes
3510,1665,2025-05-28,Q1,4.7,Outstanding,7,Requires additional coaching.,Yes
3511,723,2024-10-26,Q3,2.2,Poor,8,Good communication and collaboration.,No
3512,25,2025-08-01,Q1,3.0,Meets Expectations,5,Demonstrates strong problem-solving skills.,Yes
3513,2367,2025-11-09,Q1,3.3,Meets Expectations,8,Demonstrates strong problem-solving skills.,No
3514,1055,2025-08-19,Q3,4.3,Exceeds Expectations,6,Needs improvement in productivity.,No
3515,1845,2024-12-31,Q4,2.2,Poor,10,Demonstrates strong problem-solving skills.,No
3516,1411,2025-12-02,Q4,2.8,Needs Improvement,4,Excellent leadership and teamwork.,Yes
3517,2159,2024-12-16,Q2,2.8,Needs Improvement,10,Good communication and collaboration.,No
3518,534,2024-05-01,Q2,3.4,Meets Expectations,5,Excellent leadership and teamwork.,Yes
3519,719,2024-10-16,Q2,4.8,Outstanding,10,Consistently exceeds expectations.,Yes
3520,308,2024-10-22,Q3,4.5,Outstanding,10,Requires additional coaching.,Yes
3521,2015,2024-09-14,Q2,2.3,Poor,3,Strong technical skills.,Yes
3522,2527,2024-01-21,Q3,4.6,Outstanding,4,Strong technical skills.,No
3523,2263,2024-07-04,Q2,3.2,Meets Expectations,3,Needs improvement in productivity.,Yes
3524,425,2025-03-15,Q1,4.5,Outstanding,6,Reliable and dependable employee.,Yes
3525,122,2025-08-18,Q4,4.7,Outstanding,3,Consistently exceeds expectations.,No
3526,756,2025-08-10,Q3,4.0,Exceeds Expectations,10,Consistently exceeds expectations.,Yes
3527,1730,2025-11-27,Q1,3.6,Meets Expectations,10,Demonstrates strong problem-solving skills.,Yes
3528,885,2025-04-19,Q1,4.4,Exceeds Expectations,9,Good communication and collaboration.,No
3529,162,2025-05-17,Q1,4.7,Outstanding,3,Strong technical skills.,Yes
3530,855,2025-02-10,Q4,2.6,Needs Improvement,5,Strong technical skills.,No
3531,1544,2025-08-11,Q1,3.7,Meets Expectations,10,Reliable and dependable employee.,No
3532,1817,2024-12-15,Q2,3.3,Meets Expectations,3,Good communication and collaboration.,Yes
3533,1629,2025-10-29,Q3,4.3,Exceeds Expectations,7,Excellent leadership and teamwork.,Yes
3534,1433,2024-06-13,Q3,3.8,Meets Expectations,4,Good communication and collaboration.,Yes
3535,522,2025-11-15,Q2,3.4,Meets Expectations,10,Reliable and dependable employee.,Yes
3536,656,2025-08-16,Q1,4.7,Outstanding,9,Good communication and collaboration.,No
3537,2672,2024-09-11,Q4,2.1,Poor,3,Reliable and dependable employee.,No
3538,2944,2025-05-01,Q4,3.3,Meets Expectations,8,Reliable and dependable employee.,No
3539,681,2025-05-11,Q3,3.7,Meets Expectations,8,Good communication and collaboration.,No
3540,1085,2024-02-12,Q3,3.9,Meets Expectations,3,Demonstrates strong problem-solving skills.,Yes
3541,2072,2025-05-28,Q4,4.6,Outstanding,7,Excellent leadership and teamwork.,No
3542,2029,2025-06-08,Q4,5.0,Outstanding,3,Reliable and dependable employee.,Yes
3543,2235,2025-05-19,Q1,2.0,Poor,5,Excellent leadership and teamwork.,Yes
3544,763,2025-09-25,Q3,4.3,Exceeds Expectations,7,Good communication and collaboration.,Yes
3545,1145,2024-01-20,Q1,2.8,Needs Improvement,6,Reliable and dependable employee.,Yes
3546,1428,2024-10-20,Q2,4.9,Outstanding,6,Reliable and dependable employee.,Yes
3547,688,2024-09-09,Q1,2.7,Needs Improvement,3,Reliable and dependable employee.,No
3548,2671,2024-02-13,Q3,4.4,Exceeds Expectations,3,Consistently exceeds expectations.,Yes
3549,1383,2024-07-18,Q1,2.9,Needs Improvement,6,Requires additional coaching.,No
3550,2848,2025-08-15,Q2,4.4,Exceeds Expectations,6,Good communication and collaboration.,Yes
3551,1207,2025-07-02,Q4,4.5,Outstanding,5,Requires additional coaching.,Yes
3552,30,2024-02-02,Q1,4.4,Exceeds Expectations,8,Good communication and collaboration.,Yes
3553,518,2024-05-03,Q3,4.5,Outstanding,7,Consistently exceeds expectations.,Yes
3554,2375,2025-03-11,Q3,2.2,Poor,9,Needs improvement in productivity.,Yes
3555,232,2024-08-27,Q2,2.4,Poor,10,Requires additional coaching.,Yes
3556,309,2024-09-18,Q3,3.4,Meets Expectations,8,Strong technical skills.,Yes
3557,269,2024-06-20,Q4,4.7,Outstanding,5,Strong technical skills.,Yes
3558,2320,2025-03-09,Q4,2.6,Needs Improvement,8,Consistently exceeds expectations.,Yes
3559,741,2025-02-14,Q1,3.2,Meets Expectations,6,Consistently exceeds expectations.,No
3560,1526,2025-02-23,Q4,2.7,Needs Improvement,5,Requires additional coaching.,No
3561,1940,2025-07-10,Q4,3.0,Meets Expectations,7,Requires additional coaching.,Yes
3562,582,2024-08-19,Q4,4.1,Exceeds Expectations,4,Demonstrates strong problem-solving skills.,Yes
3563,109,2024-01-24,Q2,2.0,Poor,7,Needs improvement in productivity.,Yes
3564,1108,2024-02-14,Q2,2.2,Poor,4,Consistently exceeds expectations.,No
3565,2831,2024-10-08,Q3,2.7,Needs Improvement,8,Excellent leadership and teamwork.,No
3566,386,2025-04-24,Q2,2.8,Needs Improvement,4,Consistently exceeds expectations.,No
3567,974,2024-06-18,Q1,4.0,Exceeds Expectations,10,Demonstrates strong problem-solving skills.,No
3568,2613,2024-05-31,Q4,2.4,Poor,5,Needs improvement in productivity.,No
3569,538,2024-02-29,Q1,2.5,Needs Improvement,6,Strong technical skills.,No
3570,2869,2025-12-06,Q1,4.8,Outstanding,5,Excellent leadership and teamwork.,No
3571,2224,2024-02-07,Q1,3.4,Meets Expectations,9,Demonstrates strong problem-solving skills.,No
3572,2354,2025-12-13,Q2,2.6,Needs Improvement,6,Reliable and dependable employee.,No
3573,1452,2025-10-23,Q1,2.3,Poor,5,Needs improvement in productivity.,No
3574,2935,2025-04-20,Q3,3.6,Meets Expectations,9,Strong technical skills.,Yes
3575,2129,2025-10-19,Q3,3.0,Meets Expectations,6,Reliable and dependable employee.,No
3576,2866,2025-07-08,Q4,3.3,Meets Expectations,5,Requires additional coaching.,Yes
3577,74,2024-04-09,Q3,4.2,Exceeds Expectations,9,Demonstrates strong problem-solving skills.,Yes
3578,2698,2025-02-05,Q2,3.8,Meets Expectations,8,Strong technical skills.,Yes
3579,2612,2024-09-13,Q3,4.6,Outstanding,4,Requires additional coaching.,Yes
3580,2276,2025-05-21,Q2,2.5,Needs Improvement,8,Excellent leadership and teamwork.,Yes
3581,2185,2025-12-17,Q4,2.6,Needs Improvement,5,Strong technical skills.,No
3582,705,2025-10-14,Q2,3.7,Meets Expectations,7,Reliable and dependable employee.,Yes
3583,372,2024-05-22,Q2,4.6,Outstanding,5,Good communication and collaboration.,No
3584,358,2024-06-20,Q2,2.9,Needs Improvement,3,Excellent leadership and teamwork.,No
3585,1616,2025-05-17,Q4,2.5,Needs Improvement,3,Reliable and dependable employee.,No
3586,1633,2025-04-19,Q3,2.0,Poor,3,Needs improvement in productivity.,No
3587,796,2024-02-29,Q4,2.6,Needs Improvement,7,Excellent leadership and teamwork.,Yes
3588,2938,2024-01-04,Q1,2.7,Needs Improvement,3,Consistently exceeds expectations.,Yes
3589,1007,2025-08-05,Q2,3.1,Meets Expectations,5,Reliable and dependable employee.,Yes
3590,1221,2024-06-27,Q1,4.5,Outstanding,4,Good communication and collaboration.,No
3591,24,2024-01-21,Q4,4.1,Exceeds Expectations,3,Reliable and dependable employee.,No
3592,1991,2024-03-07,Q3,4.0,Exceeds Expectations,9,Strong technical skills.,No
3593,455,2024-04-25,Q4,4.8,Outstanding,3,Demonstrates strong problem-solving skills.,No
3594,532,2024-05-25,Q2,3.2,Meets Expectations,8,Excellent leadership and teamwork.,Yes
3595,2345,2024-12-29,Q4,3.0,Meets Expectations,5,Good communication and collaboration.,No
3596,1736,2024-06-14,Q4,2.3,Poor,5,Good communication and collaboration.,Yes
3597,843,2024-08-22,Q2,4.9,Outstanding,9,Consistently exceeds expectations.,Yes
3598,2634,2025-06-13,Q3,4.8,Outstanding,7,Consistently exceeds expectations.,No
3599,1228,2025-10-13,Q2,2.4,Poor,4,Requires additional coaching.,No
3600,1131,2025-10-19,Q3,4.7,Outstanding,4,Good communication and collaboration.,No
3601,732,2025-12-28,Q4,3.4,Meets Expectations,8,Demonstrates strong problem-solving skills.,No
3602,130,2025-01-30,Q2,3.3,Meets Expectations,7,Strong technical skills.,Yes
3603,2555,2024-11-30,Q3,4.9,Outstanding,9,Consistently exceeds expectations.,No
3604,1343,2024-02-12,Q1,4.6,Outstanding,10,Excellent leadership and teamwork.,Yes
3605,2026,2025-10-31,Q2,3.9,Meets Expectations,5,Strong technical skills.,Yes
3606,169,2024-08-29,Q3,4.6,Outstanding,6,Demonstrates strong problem-solving skills.,No
3607,1093,2025-12-01,Q1,4.3,Exceeds Expectations,10,Reliable and dependable employee.,Yes
3608,1101,2024-09-14,Q3,3.0,Meets Expectations,6,Requires additional coaching.,No
3609,1838,2024-02-13,Q1,3.7,Meets Expectations,5,Needs improvement in productivity.,No
3610,2196,2025-05-06,Q2,3.1,Meets Expectations,9,Reliable and dependable employee.,No
3611,2292,2025-10-06,Q3,3.7,Meets Expectations,10,Reliable and dependable employee.,Yes
3612,2113,2025-01-11,Q3,3.3,Meets Expectations,4,Excellent leadership and teamwork.,Yes
3613,2440,2025-01-20,Q3,3.0,Meets Expectations,8,Demonstrates strong problem-solving skills.,No
3614,715,2024-04-20,Q3,2.3,Poor,6,Needs improvement in productivity.,Yes
3615,134,2025-11-06,Q2,3.7,Meets Expectations,10,Consistently exceeds expectations.,No
3616,2753,2025-09-20,Q3,3.3,Meets Expectations,10,Requires additional coaching.,Yes
3617,1203,2024-06-07,Q3,2.7,Needs Improvement,7,Good communication and collaboration.,No
3618,210,2025-02-16,Q4,3.2,Meets Expectations,4,Demonstrates strong problem-solving skills.,No
3619,1703,2025-05-28,Q4,2.8,Needs Improvement,10,Reliable and dependable employee.,No
3620,958,2025-11-17,Q1,3.2,Meets Expectations,8,Strong technical skills.,Yes
3621,2128,2025-03-18,Q1,3.1,Meets Expectations,3,Reliable and dependable employee.,No
3622,1948,2024-03-16,Q2,4.8,Outstanding,4,Excellent leadership and teamwork.,No
3623,1371,2024-03-09,Q4,2.1,Poor,9,Excellent leadership and teamwork.,No
3624,968,2024-07-20,Q4,3.1,Meets Expectations,3,Needs improvement in productivity.,Yes
3625,934,2025-10-17,Q4,4.1,Exceeds Expectations,7,Requires additional coaching.,Yes
3626,866,2024-05-31,Q4,2.1,Poor,10,Good communication and collaboration.,Yes
3627,1658,2025-08-28,Q1,3.4,Meets Expectations,5,Reliable and dependable employee.,Yes
3628,1723,2024-04-04,Q4,3.2,Meets Expectations,7,Consistently exceeds expectations.,Yes
3629,2097,2024-03-29,Q4,3.4,Meets Expectations,8,Good communication and collaboration.,No
3630,2770,2025-06-16,Q1,3.8,Meets Expectations,9,Demonstrates strong problem-solving skills.,Yes
3631,2346,2025-07-11,Q3,3.2,Meets Expectations,5,Demonstrates strong problem-solving skills.,No
3632,99,2025-09-20,Q3,4.2,Exceeds Expectations,8,Excellent leadership and teamwork.,No
3633,2339,2025-08-03,Q1,2.4,Poor,10,Excellent leadership and teamwork.,No
3634,2654,2025-01-17,Q4,4.6,Outstanding,4,Requires additional coaching.,No
3635,122,2024-02-22,Q2,3.2,Meets Expectations,5,Excellent leadership and teamwork.,Yes
3636,1648,2025-01-15,Q1,4.3,Exceeds Expectations,10,Good communication and collaboration.,Yes
3637,2085,2024-07-30,Q1,4.5,Outstanding,5,Demonstrates strong problem-solving skills.,Yes
3638,2302,2024-07-21,Q3,2.5,Needs Improvement,6,Good communication and collaboration.,No
3639,371,2025-01-15,Q1,3.4,Meets Expectations,9,Strong technical skills.,No
3640,703,2024-07-06,Q3,3.2,Meets Expectations,5,Excellent leadership and teamwork.,Yes
3641,2941,2025-05-31,Q2,4.1,Exceeds Expectations,4,Good communication and collaboration.,No
3642,1239,2025-05-10,Q1,4.1,Exceeds Expectations,4,Strong technical skills.,No
3643,2317,2025-10-01,Q4,3.8,Meets Expectations,10,Excellent leadership and teamwork.,No
3644,2453,2025-11-07,Q3,2.5,Needs Improvement,10,Good communication and collaboration.,Yes
3645,1507,2025-06-28,Q2,2.8,Needs Improvement,7,Good communication and collaboration.,No
3646,2698,2025-07-09,Q1,4.4,Exceeds Expectations,5,Consistently exceeds expectations.,No
3647,2969,2025-04-06,Q4,3.6,Meets Expectations,10,Excellent leadership and teamwork.,No
3648,2597,2024-04-27,Q3,3.1,Meets Expectations,6,Consistently exceeds expectations.,No
3649,2643,2024-11-09,Q1,3.6,Meets Expectations,4,Requires additional coaching.,No
3650,2380,2024-02-17,Q2,4.8,Outstanding,4,Needs improvement in productivity.,Yes
3651,819,2025-12-14,Q1,4.8,Outstanding,4,Demonstrates strong problem-solving skills.,Yes
3652,2454,2025-10-11,Q4,4.9,Outstanding,7,Excellent leadership and teamwork.,No
3653,197,2025-03-28,Q1,2.6,Needs Improvement,4,Demonstrates strong problem-solving skills.,Yes
3654,1648,2025-08-29,Q2,2.5,Needs Improvement,9,Reliable and dependable employee.,No
3655,1226,2024-06-05,Q3,4.5,Outstanding,3,Excellent leadership and teamwork.,No
3656,604,2024-04-17,Q3,3.5,Meets Expectations,5,Demonstrates strong problem-solving skills.,No
3657,364,2025-06-25,Q1,2.2,Poor,9,Consistently exceeds expectations.,No
3658,452,2025-02-09,Q4,2.5,Needs Improvement,9,Requires additional coaching.,Yes
3659,64,2024-01-17,Q2,3.7,Meets Expectations,3,Good communication and collaboration.,Yes
3660,1869,2025-09-14,Q2,2.2,Poor,9,Good communication and collaboration.,No
3661,1150,2025-06-14,Q3,2.8,Needs Improvement,9,Reliable and dependable employee.,No
3662,1369,2025-06-12,Q4,5.0,Outstanding,3,Consistently exceeds expectations.,Yes
3663,45,2024-08-25,Q3,4.2,Exceeds Expectations,5,Strong technical skills.,Yes
3664,2694,2025-06-16,Q2,4.6,Outstanding,9,Excellent leadership and teamwork.,Yes
3665,640,2025-08-19,Q4,4.9,Outstanding,8,Good communication and collaboration.,Yes
3666,749,2024-12-13,Q3,3.7,Meets Expectations,10,Requires additional coaching.,Yes
3667,1024,2025-12-20,Q4,3.8,Meets Expectations,3,Reliable and dependable employee.,No
3668,993,2024-05-19,Q2,3.1,Meets Expectations,7,Excellent leadership and teamwork.,No
3669,1454,2024-02-11,Q4,2.7,Needs Improvement,7,Consistently exceeds expectations.,No
3670,1505,2024-05-10,Q3,4.3,Exceeds Expectations,3,Good communication and collaboration.,No
3671,2875,2024-06-23,Q2,2.8,Needs Improvement,4,Needs improvement in productivity.,No
3672,2042,2024-09-20,Q3,2.7,Needs Improvement,7,Requires additional coaching.,No
3673,624,2025-02-14,Q2,5.0,Outstanding,6,Requires additional coaching.,Yes
3674,1562,2025-03-20,Q4,3.2,Meets Expectations,9,Strong technical skills.,Yes
3675,530,2024-06-20,Q3,3.1,Meets Expectations,10,Reliable and dependable employee.,Yes
3676,207,2024-01-10,Q2,4.9,Outstanding,9,Reliable and dependable employee.,Yes
3677,1683,2025-08-07,Q2,3.7,Meets Expectations,3,Requires additional coaching.,No
3678,1631,2025-02-09,Q4,2.2,Poor,9,Reliable and dependable employee.,Yes
3679,1413,2024-04-12,Q2,3.1,Meets Expectations,6,Good communication and collaboration.,No
3680,2265,2024-05-26,Q4,4.2,Exceeds Expectations,10,Demonstrates strong problem-solving skills.,No
3681,2503,2024-08-30,Q4,2.6,Needs Improvement,3,Strong technical skills.,Yes
3682,1012,2025-06-11,Q2,2.8,Needs Improvement,3,Strong technical skills.,Yes
3683,392,2024-11-14,Q2,3.0,Meets Expectations,4,Reliable and dependable employee.,Yes
3684,1649,2024-03-15,Q1,2.0,Poor,4,Strong technical skills.,No
3685,204,2024-06-11,Q4,4.0,Exceeds Expectations,9,Reliable and dependable employee.,Yes
3686,1250,2025-08-16,Q2,4.2,Exceeds Expectations,3,Strong technical skills.,Yes
3687,892,2025-09-25,Q1,2.9,Needs Improvement,6,Demonstrates strong problem-solving skills.,No
3688,624,2024-05-08,Q4,4.7,Outstanding,5,Excellent leadership and teamwork.,No
3689,2640,2025-03-15,Q4,3.0,Meets Expectations,7,Reliable and dependable employee.,Yes
3690,1216,2025-07-01,Q3,4.7,Outstanding,5,Excellent leadership and teamwork.,Yes
3691,957,2024-12-09,Q2,3.0,Meets Expectations,3,Demonstrates strong problem-solving skills.,No
3692,1754,2024-03-29,Q1,3.8,Meets Expectations,7,Requires additional coaching.,Yes
3693,2329,2024-01-15,Q1,4.8,Outstanding,8,Requires additional coaching.,Yes
3694,18,2025-03-12,Q3,2.3,Poor,6,Excellent leadership and teamwork.,No
3695,2522,2025-10-02,Q1,3.2,Meets Expectations,9,Needs improvement in productivity.,No
3696,627,2024-11-26,Q3,4.3,Exceeds Expectations,3,Strong technical skills.,Yes
3697,1259,2024-08-24,Q1,3.5,Meets Expectations,5,Needs improvement in productivity.,Yes
3698,298,2025-05-04,Q4,4.0,Exceeds Expectations,8,Requires additional coaching.,Yes
3699,53,2024-05-18,Q4,2.2,Poor,10,Good communication and collaboration.,Yes
3700,301,2025-07-10,Q3,3.5,Meets Expectations,3,Good communication and collaboration.,No
3701,353,2025-09-15,Q2,4.3,Exceeds Expectations,3,Reliable and dependable employee.,No
3702,2548,2025-09-03,Q1,4.2,Exceeds Expectations,6,Demonstrates strong problem-solving skills.,Yes
3703,861,2024-10-13,Q2,3.4,Meets Expectations,7,Reliable and dependable employee.,No
3704,1272,2025-10-19,Q4,2.8,Needs Improvement,7,Excellent leadership and teamwork.,No
3705,2021,2025-12-06,Q4,3.3,Meets Expectations,9,Reliable and dependable employee.,Yes
3706,1292,2025-02-26,Q1,5.0,Outstanding,10,Requires additional coaching.,No
3707,313,2024-03-22,Q1,4.3,Exceeds Expectations,10,Excellent leadership and teamwork.,No
3708,368,2025-04-22,Q2,3.4,Meets Expectations,5,Needs improvement in productivity.,Yes
3709,1098,2024-08-05,Q2,3.1,Meets Expectations,7,Excellent leadership and teamwork.,Yes
3710,2287,2025-06-12,Q1,4.4,Exceeds Expectations,8,Needs improvement in productivity.,Yes
3711,2986,2024-01-06,Q1,4.2,Exceeds Expectations,8,Demonstrates strong problem-solving skills.,No
3712,1112,2024-07-28,Q4,4.2,Exceeds Expectations,8,Good communication and collaboration.,Yes
3713,1632,2025-06-01,Q4,2.1,Poor,10,Excellent leadership and teamwork.,Yes
3714,1168,2024-12-18,Q2,2.0,Poor,3,Strong technical skills.,No
3715,1277,2024-09-30,Q3,2.4,Poor,3,Good communication and collaboration.,Yes
3716,730,2024-01-17,Q1,2.2,Poor,6,Requires additional coaching.,No
3717,657,2024-03-18,Q1,4.3,Exceeds Expectations,6,Needs improvement in productivity.,No
3718,2804,2024-02-20,Q1,4.8,Outstanding,10,Excellent leadership and teamwork.,Yes
3719,1605,2025-07-31,Q3,3.0,Meets Expectations,4,Requires additional coaching.,No
3720,2835,2025-01-29,Q2,3.3,Meets Expectations,6,Good communication and collaboration.,No
3721,2953,2024-03-20,Q2,3.3,Meets Expectations,3,Good communication and collaboration.,No
3722,1229,2025-11-21,Q1,2.8,Needs Improvement,3,Requires additional coaching.,No
3723,175,2024-04-25,Q4,3.5,Meets Expectations,3,Reliable and dependable employee.,Yes
3724,2784,2024-01-07,Q1,4.1,Exceeds Expectations,7,Good communication and collaboration.,Yes
3725,377,2025-04-25,Q2,2.6,Needs Improvement,9,Requires additional coaching.,Yes
3726,395,2025-07-27,Q3,3.0,Meets Expectations,8,Excellent leadership and teamwork.,No
3727,668,2024-08-04,Q2,4.4,Exceeds Expectations,5,Consistently exceeds expectations.,Yes
3728,2434,2024-11-29,Q1,4.0,Exceeds Expectations,7,Demonstrates strong problem-solving skills.,Yes
3729,602,2024-06-28,Q2,2.1,Poor,10,Excellent leadership and teamwork.,No
3730,1956,2025-12-02,Q3,4.9,Outstanding,7,Strong technical skills.,No
3731,2976,2024-07-22,Q1,4.1,Exceeds Expectations,5,Good communication and collaboration.,Yes
3732,1818,2024-02-20,Q3,4.3,Exceeds Expectations,9,Consistently exceeds expectations.,No
3733,2987,2024-12-26,Q3,2.7,Needs Improvement,9,Demonstrates strong problem-solving skills.,No
3734,1672,2024-02-21,Q4,2.4,Poor,5,Good communication and collaboration.,No
3735,2880,2024-03-16,Q4,4.3,Exceeds Expectations,3,Needs improvement in productivity.,Yes
3736,56,2024-04-13,Q4,2.4,Poor,4,Strong technical skills.,Yes
3737,532,2025-06-15,Q4,3.1,Meets Expectations,3,Good communication and collaboration.,No
3738,2118,2024-12-12,Q3,3.2,Meets Expectations,3,Requires additional coaching.,Yes
3739,171,2025-12-05,Q2,3.2,Meets Expectations,9,Excellent leadership and teamwork.,No
3740,181,2025-08-02,Q1,2.4,Poor,9,Strong technical skills.,Yes
3741,2556,2025-10-19,Q1,3.6,Meets Expectations,3,Good communication and collaboration.,Yes
3742,2427,2025-08-02,Q2,2.4,Poor,3,Good communication and collaboration.,Yes
3743,587,2025-08-03,Q1,3.1,Meets Expectations,7,Needs improvement in productivity.,Yes
3744,2821,2024-01-27,Q4,2.6,Needs Improvement,8,Demonstrates strong problem-solving skills.,No
3745,948,2025-08-15,Q2,4.6,Outstanding,9,Excellent leadership and teamwork.,Yes
3746,2553,2025-03-01,Q4,4.1,Exceeds Expectations,3,Reliable and dependable employee.,No
3747,1429,2025-12-08,Q4,4.8,Outstanding,7,Needs improvement in productivity.,No
3748,1120,2025-03-14,Q2,4.9,Outstanding,3,Needs improvement in productivity.,No
3749,2281,2024-09-01,Q3,4.9,Outstanding,7,Needs improvement in productivity.,Yes
3750,2105,2024-02-22,Q1,2.3,Poor,4,Requires additional coaching.,No
3751,2578,2024-07-03,Q2,3.1,Meets Expectations,7,Strong technical skills.,No
3752,1631,2024-06-26,Q2,4.9,Outstanding,5,Needs improvement in productivity.,Yes
3753,506,2024-06-01,Q4,3.5,Meets Expectations,3,Needs improvement in productivity.,No
3754,1557,2024-02-28,Q4,2.0,Poor,4,Requires additional coaching.,Yes
3755,1269,2024-06-06,Q1,3.6,Meets Expectations,10,Excellent leadership and teamwork.,No
3756,1839,2025-03-10,Q2,4.6,Outstanding,9,Requires additional coaching.,Yes
3757,537,2025-12-02,Q1,2.6,Needs Improvement,8,Needs improvement in productivity.,Yes
3758,291,2024-05-18,Q2,3.1,Meets Expectations,3,Consistently exceeds expectations.,No
3759,944,2024-09-30,Q1,4.0,Exceeds Expectations,9,Demonstrates strong problem-solving skills.,Yes
3760,1295,2025-01-29,Q3,3.3,Meets Expectations,10,Excellent leadership and teamwork.,No
3761,529,2025-09-29,Q3,2.5,Needs Improvement,4,Good communication and collaboration.,Yes
3762,2420,2024-11-14,Q4,3.0,Meets Expectations,7,Excellent leadership and teamwork.,No
3763,1083,2024-09-28,Q3,4.2,Exceeds Expectations,6,Consistently exceeds expectations.,No
3764,2845,2024-05-14,Q4,4.8,Outstanding,3,Needs improvement in productivity.,No
3765,505,2024-07-02,Q1,3.7,Meets Expectations,9,Requires additional coaching.,No
3766,2943,2025-10-18,Q2,3.2,Meets Expectations,9,Needs improvement in productivity.,No
3767,505,2024-02-27,Q2,3.7,Meets Expectations,8,Demonstrates strong problem-solving skills.,No
3768,2570,2025-01-15,Q4,4.0,Exceeds Expectations,9,Excellent leadership and teamwork.,No
3769,2813,2025-11-06,Q2,3.4,Meets Expectations,6,Demonstrates strong problem-solving skills.,No
3770,2995,2024-12-26,Q3,2.3,Poor,6,Excellent leadership and teamwork.,Yes
3771,2309,2024-05-16,Q1,2.6,Needs Improvement,8,Requires additional coaching.,No
3772,991,2025-06-19,Q2,2.7,Needs Improvement,10,Good communication and collaboration.,Yes
3773,862,2024-11-01,Q4,3.7,Meets Expectations,7,Strong technical skills.,Yes
3774,763,2025-10-08,Q2,4.6,Outstanding,8,Good communication and collaboration.,Yes
3775,1618,2024-05-29,Q4,4.8,Outstanding,9,Reliable and dependable employee.,No
3776,678,2024-04-12,Q2,3.3,Meets Expectations,5,Good communication and collaboration.,No
3777,2670,2025-10-13,Q2,2.4,Poor,6,Reliable and dependable employee.,Yes
3778,2357,2025-11-11,Q1,2.3,Poor,4,Requires additional coaching.,Yes
3779,934,2024-05-09,Q2,4.3,Exceeds Expectations,7,Strong technical skills.,Yes
3780,871,2024-10-27,Q4,4.9,Outstanding,4,Reliable and dependable employee.,Yes
3781,2756,2025-04-17,Q3,3.4,Meets Expectations,4,Needs improvement in productivity.,No
3782,2827,2025-12-19,Q4,3.0,Meets Expectations,3,Demonstrates strong problem-solving skills.,No
3783,1788,2025-03-09,Q1,3.7,Meets Expectations,6,Good communication and collaboration.,Yes
3784,121,2024-10-15,Q4,2.0,Poor,7,Good communication and collaboration.,Yes
3785,2759,2025-07-31,Q4,2.5,Needs Improvement,5,Reliable and dependable employee.,No
3786,1841,2024-06-06,Q2,3.4,Meets Expectations,6,Consistently exceeds expectations.,No
3787,2974,2024-11-09,Q1,3.5,Meets Expectations,9,Requires additional coaching.,No
3788,2991,2025-09-09,Q4,3.4,Meets Expectations,3,Good communication and collaboration.,No
3789,215,2025-04-14,Q1,2.7,Needs Improvement,8,Needs improvement in productivity.,Yes
3790,2556,2024-07-06,Q3,3.5,Meets Expectations,5,Strong technical skills.,Yes
3791,2982,2024-03-29,Q4,4.5,Outstanding,7,Excellent leadership and teamwork.,Yes
3792,2032,2025-02-16,Q4,2.8,Needs Improvement,10,Needs improvement in productivity.,Yes
3793,1754,2025-07-04,Q2,3.4,Meets Expectations,8,Excellent leadership and teamwork.,No
3794,655,2025-06-15,Q1,2.0,Poor,6,Requires additional coaching.,Yes
3795,2083,2025-10-24,Q3,4.0,Exceeds Expectations,9,Strong technical skills.,No
3796,2986,2024-03-04,Q4,2.2,Poor,7,Needs improvement in productivity.,No
3797,2645,2025-04-09,Q1,3.8,Meets Expectations,6,Demonstrates strong problem-solving skills.,No
3798,2451,2024-04-01,Q3,4.4,Exceeds Expectations,9,Excellent leadership and teamwork.,No
3799,1285,2024-03-19,Q3,2.0,Poor,6,Reliable and dependable employee.,No
3800,1788,2024-09-20,Q2,2.9,Needs Improvement,5,Good communication and collaboration.,No
3801,1561,2025-05-22,Q1,2.3,Poor,5,Consistently exceeds expectations.,Yes
3802,1350,2024-12-13,Q3,3.8,Meets Expectations,6,Strong technical skills.,Yes
3803,17,2024-11-29,Q2,4.1,Exceeds Expectations,10,Requires additional coaching.,Yes
3804,564,2025-10-24,Q3,4.7,Outstanding,10,Strong technical skills.,Yes
3805,2610,2024-11-23,Q4,2.5,Needs Improvement,10,Demonstrates strong problem-solving skills.,Yes
3806,2103,2025-07-10,Q2,4.3,Exceeds Expectations,5,Good communication and collaboration.,No
3807,2154,2024-04-20,Q4,3.9,Meets Expectations,3,Needs improvement in productivity.,No
3808,277,2024-03-26,Q1,3.2,Meets Expectations,9,Consistently exceeds expectations.,Yes
3809,2859,2025-01-27,Q3,4.2,Exceeds Expectations,9,Strong technical skills.,No
3810,2356,2025-05-21,Q3,3.8,Meets Expectations,9,Excellent leadership and teamwork.,No
3811,2111,2024-01-01,Q4,3.3,Meets Expectations,7,Requires additional coaching.,Yes
3812,2779,2024-01-11,Q1,3.6,Meets Expectations,10,Reliable and dependable employee.,Yes
3813,1618,2024-07-16,Q1,4.4,Exceeds Expectations,3,Reliable and dependable employee.,No
3814,343,2025-02-25,Q2,3.2,Meets Expectations,3,Consistently exceeds expectations.,No
3815,1322,2025-05-09,Q3,3.1,Meets Expectations,10,Requires additional coaching.,No
3816,1354,2025-10-08,Q4,3.5,Meets Expectations,8,Needs improvement in productivity.,No
3817,2022,2025-07-24,Q2,3.1,Meets Expectations,7,Demonstrates strong problem-solving skills.,No
3818,1125,2024-07-15,Q1,2.0,Poor,9,Demonstrates strong problem-solving skills.,No
3819,2135,2025-03-08,Q4,4.4,Exceeds Expectations,5,Strong technical skills.,Yes
3820,1464,2024-09-06,Q4,2.2,Poor,8,Strong technical skills.,No
3821,437,2024-12-31,Q3,2.5,Needs Improvement,7,Strong technical skills.,Yes
3822,2099,2024-02-10,Q4,3.8,Meets Expectations,7,Excellent leadership and teamwork.,Yes
3823,827,2024-01-28,Q4,2.6,Needs Improvement,9,Excellent leadership and teamwork.,Yes
3824,1304,2025-01-25,Q1,4.5,Outstanding,4,Demonstrates strong problem-solving skills.,Yes
3825,1005,2024-09-11,Q1,3.2,Meets Expectations,7,Strong technical skills.,Yes
3826,870,2024-05-22,Q4,3.5,Meets Expectations,3,Reliable and dependable employee.,Yes
3827,2842,2025-07-29,Q1,3.0,Meets Expectations,6,Excellent leadership and teamwork.,No
3828,284,2025-05-25,Q1,2.6,Needs Improvement,9,Consistently exceeds expectations.,No
3829,2443,2025-12-11,Q4,3.5,Meets Expectations,5,Strong technical skills.,No
3830,627,2025-12-22,Q1,3.7,Meets Expectations,6,Needs improvement in productivity.,No
3831,2497,2025-08-03,Q1,2.8,Needs Improvement,7,Needs improvement in productivity.,Yes
3832,1901,2025-11-10,Q4,2.6,Needs Improvement,10,Strong technical skills.,Yes
3833,2348,2024-01-16,Q2,3.0,Meets Expectations,7,Excellent leadership and teamwork.,No
3834,2395,2024-09-19,Q1,4.5,Outstanding,5,Requires additional coaching.,Yes
3835,691,2025-09-08,Q3,4.2,Exceeds Expectations,7,Reliable and dependable employee.,Yes
3836,956,2024-07-11,Q3,4.9,Outstanding,5,Needs improvement in productivity.,No
3837,2501,2025-01-29,Q1,4.5,Outstanding,10,Good communication and collaboration.,No
3838,630,2025-08-29,Q1,2.1,Poor,10,Demonstrates strong problem-solving skills.,No
3839,1171,2025-01-06,Q4,3.6,Meets Expectations,8,Needs improvement in productivity.,Yes
3840,2689,2024-02-07,Q4,2.9,Needs Improvement,7,Reliable and dependable employee.,Yes
3841,16,2025-08-27,Q2,3.5,Meets Expectations,8,Requires additional coaching.,No
3842,435,2024-06-19,Q2,3.7,Meets Expectations,6,Good communication and collaboration.,Yes
3843,1759,2025-10-28,Q3,2.1,Poor,9,Strong technical skills.,Yes
3844,1882,2024-07-14,Q4,3.3,Meets Expectations,7,Good communication and collaboration.,Yes
3845,1817,2024-08-04,Q1,2.6,Needs Improvement,9,Requires additional coaching.,Yes
3846,2419,2024-06-06,Q1,2.6,Needs Improvement,8,Consistently exceeds expectations.,Yes
3847,1920,2025-10-18,Q2,3.6,Meets Expectations,7,Reliable and dependable employee.,No
3848,1482,2024-11-29,Q3,4.5,Outstanding,9,Excellent leadership and teamwork.,No
3849,626,2025-05-31,Q4,2.7,Needs Improvement,5,Good communication and collaboration.,No
3850,488,2024-02-18,Q1,3.4,Meets Expectations,5,Reliable and dependable employee.,Yes
3851,1932,2024-02-12,Q1,4.0,Exceeds Expectations,3,Requires additional coaching.,No
3852,1118,2025-05-27,Q4,4.6,Outstanding,3,Strong technical skills.,No
3853,1830,2024-11-12,Q3,3.7,Meets Expectations,4,Demonstrates strong problem-solving skills.,No
3854,2034,2024-11-07,Q2,2.9,Needs Improvement,4,Excellent leadership and teamwork.,No
3855,861,2024-12-12,Q1,3.4,Meets Expectations,8,Consistently exceeds expectations.,No
3856,2024,2025-03-27,Q3,3.8,Meets Expectations,8,Requires additional coaching.,Yes
3857,1659,2025-02-12,Q2,4.5,Outstanding,7,Demonstrates strong problem-solving skills.,No
3858,842,2025-07-25,Q2,3.6,Meets Expectations,3,Demonstrates strong problem-solving skills.,No
3859,325,2024-04-27,Q4,2.5,Needs Improvement,4,Reliable and dependable employee.,Yes
3860,2588,2024-11-18,Q1,4.4,Exceeds Expectations,8,Consistently exceeds expectations.,Yes
3861,634,2025-02-03,Q4,4.8,Outstanding,4,Reliable and dependable employee.,Yes
3862,2658,2025-10-29,Q1,4.5,Outstanding,9,Requires additional coaching.,Yes
3863,486,2025-12-27,Q2,2.1,Poor,6,Demonstrates strong problem-solving skills.,Yes
3864,2415,2025-06-09,Q4,3.7,Meets Expectations,6,Good communication and collaboration.,No
3865,2894,2024-05-22,Q4,3.5,Meets Expectations,7,Demonstrates strong problem-solving skills.,Yes
3866,994,2025-11-17,Q1,4.1,Exceeds Expectations,9,Demonstrates strong problem-solving skills.,No
3867,1886,2025-04-26,Q4,3.5,Meets Expectations,6,Good communication and collaboration.,No
3868,1452,2025-08-02,Q1,4.1,Exceeds Expectations,10,Demonstrates strong problem-solving skills.,Yes
3869,416,2024-12-07,Q2,4.3,Exceeds Expectations,4,Needs improvement in productivity.,No
3870,1394,2025-08-21,Q3,3.9,Meets Expectations,10,Excellent leadership and teamwork.,No
3871,521,2025-10-08,Q4,3.9,Meets Expectations,6,Strong technical skills.,No
3872,1079,2025-08-27,Q3,2.1,Poor,6,Consistently exceeds expectations.,Yes
3873,1276,2024-10-16,Q4,2.2,Poor,3,Consistently exceeds expectations.,Yes
3874,930,2024-09-14,Q3,4.9,Outstanding,3,Good communication and collaboration.,No
3875,2195,2025-11-13,Q1,5.0,Outstanding,8,Requires additional coaching.,Yes
3876,154,2024-03-21,Q4,3.7,Meets Expectations,10,Demonstrates strong problem-solving skills.,Yes
3877,583,2025-09-20,Q3,2.7,Needs Improvement,7,Needs improvement in productivity.,No
3878,2099,2025-07-20,Q4,2.9,Needs Improvement,10,Strong technical skills.,Yes
3879,950,2024-04-09,Q4,4.5,Outstanding,9,Strong technical skills.,Yes
3880,272,2024-08-01,Q2,3.3,Meets Expectations,8,Demonstrates strong problem-solving skills.,Yes
3881,2043,2025-09-29,Q2,3.5,Meets Expectations,4,Needs improvement in productivity.,No
3882,1500,2025-06-29,Q2,3.4,Meets Expectations,5,Demonstrates strong problem-solving skills.,Yes
3883,428,2024-01-28,Q2,3.5,Meets Expectations,3,Reliable and dependable employee.,Yes
3884,1358,2025-09-17,Q3,3.7,Meets Expectations,5,Good communication and collaboration.,Yes
3885,718,2025-04-28,Q4,2.9,Needs Improvement,8,Consistently exceeds expectations.,No
3886,2568,2024-04-01,Q2,4.2,Exceeds Expectations,9,Requires additional coaching.,Yes
3887,1912,2025-12-05,Q3,4.7,Outstanding,7,Requires additional coaching.,No
3888,2905,2024-08-21,Q2,2.8,Needs Improvement,4,Needs improvement in productivity.,No
3889,2232,2025-12-07,Q1,2.9,Needs Improvement,10,Strong technical skills.,Yes
3890,1740,2025-02-23,Q1,2.2,Poor,8,Excellent leadership and teamwork.,Yes
3891,679,2024-07-25,Q1,2.2,Poor,9,Consistently exceeds expectations.,No
3892,406,2024-11-28,Q3,2.7,Needs Improvement,7,Demonstrates strong problem-solving skills.,No
3893,2864,2024-10-07,Q3,4.7,Outstanding,6,Demonstrates strong problem-solving skills.,No
3894,1179,2025-12-17,Q2,2.1,Poor,5,Requires additional coaching.,No
3895,2722,2025-07-30,Q2,3.9,Meets Expectations,6,Excellent leadership and teamwork.,Yes
3896,1740,2025-05-22,Q3,4.9,Outstanding,3,Requires additional coaching.,Yes
3897,478,2025-09-27,Q2,3.7,Meets Expectations,9,Requires additional coaching.,No
3898,1883,2024-09-16,Q4,2.4,Poor,9,Requires additional coaching.,No
3899,320,2025-07-29,Q3,2.0,Poor,9,Good communication and collaboration.,No
3900,713,2025-07-07,Q1,4.4,Exceeds Expectations,5,Reliable and dependable employee.,Yes
3901,2786,2025-09-26,Q2,4.1,Exceeds Expectations,7,Excellent leadership and teamwork.,Yes
3902,856,2025-01-12,Q4,4.2,Exceeds Expectations,6,Requires additional coaching.,No
3903,1467,2024-06-03,Q1,3.9,Meets Expectations,4,Demonstrates strong problem-solving skills.,No
3904,2517,2024-03-13,Q2,2.2,Poor,7,Strong technical skills.,No
3905,493,2025-10-03,Q1,2.8,Needs Improvement,5,Good communication and collaboration.,Yes
3906,1436,2025-01-30,Q3,2.2,Poor,9,Needs improvement in productivity.,No
3907,1259,2025-07-21,Q4,2.4,Poor,3,Consistently exceeds expectations.,No
3908,1009,2025-09-15,Q2,3.5,Meets Expectations,9,Good communication and collaboration.,Yes
3909,2325,2024-10-01,Q3,3.8,Meets Expectations,9,Needs improvement in productivity.,No
3910,2387,2024-01-09,Q2,4.3,Exceeds Expectations,10,Demonstrates strong problem-solving skills.,No
3911,1077,2024-01-29,Q3,4.4,Exceeds Expectations,3,Excellent leadership and teamwork.,Yes
3912,2243,2025-05-22,Q2,3.0,Meets Expectations,8,Needs improvement in productivity.,Yes
3913,2985,2024-12-18,Q2,4.2,Exceeds Expectations,7,Strong technical skills.,No
3914,2251,2025-07-09,Q2,3.2,Meets Expectations,5,Good communication and collaboration.,Yes
3915,1232,2024-07-23,Q2,3.4,Meets Expectations,6,Consistently exceeds expectations.,No
3916,1480,2025-06-30,Q1,2.8,Needs Improvement,8,Demonstrates strong problem-solving skills.,No
3917,2377,2025-11-12,Q2,4.5,Outstanding,8,Consistently exceeds expectations.,Yes
3918,1068,2024-03-10,Q4,4.1,Exceeds Expectations,10,Needs improvement in productivity.,Yes
3919,261,2025-11-02,Q1,2.4,Poor,7,Excellent leadership and teamwork.,No
3920,1170,2025-08-27,Q4,2.7,Needs Improvement,9,Requires additional coaching.,Yes
3921,2105,2025-05-27,Q3,2.6,Needs Improvement,3,Excellent leadership and teamwork.,Yes
3922,2962,2025-12-07,Q4,4.1,Exceeds Expectations,6,Consistently exceeds expectations.,No
3923,845,2025-06-28,Q3,3.7,Meets Expectations,4,Consistently exceeds expectations.,No
3924,938,2024-09-05,Q4,3.3,Meets Expectations,5,Consistently exceeds expectations.,Yes
3925,1991,2024-06-11,Q1,4.4,Exceeds Expectations,10,Consistently exceeds expectations.,Yes
3926,2520,2025-05-23,Q3,4.0,Exceeds Expectations,9,Strong technical skills.,Yes
3927,1355,2024-11-01,Q1,4.3,Exceeds Expectations,9,Excellent leadership and teamwork.,Yes
3928,1753,2025-12-18,Q2,4.5,Outstanding,6,Consistently exceeds expectations.,No
3929,1079,2024-11-06,Q2,2.5,Needs Improvement,3,Requires additional coaching.,Yes
3930,217,2024-12-21,Q1,2.6,Needs Improvement,5,Requires additional coaching.,No
3931,2651,2024-02-10,Q3,4.1,Exceeds Expectations,3,Needs improvement in productivity.,Yes
3932,689,2024-10-19,Q1,2.9,Needs Improvement,4,Strong technical skills.,Yes
3933,112,2024-10-28,Q4,3.2,Meets Expectations,3,Consistently exceeds expectations.,No
3934,309,2025-07-17,Q2,2.8,Needs Improvement,3,Consistently exceeds expectations.,No
3935,1739,2025-02-14,Q2,4.7,Outstanding,5,Reliable and dependable employee.,Yes
3936,560,2024-10-27,Q1,2.8,Needs Improvement,8,Good communication and collaboration.,Yes
3937,755,2024-05-09,Q1,4.0,Exceeds Expectations,8,Requires additional coaching.,Yes
3938,2683,2025-08-29,Q1,2.1,Poor,4,Consistently exceeds expectations.,Yes
3939,1049,2024-12-22,Q2,3.6,Meets Expectations,6,Consistently exceeds expectations.,Yes
3940,934,2024-06-27,Q3,3.9,Meets Expectations,5,Requires additional coaching.,Yes
3941,880,2025-08-14,Q3,2.5,Needs Improvement,8,Requires additional coaching.,No
3942,1366,2024-11-07,Q3,2.4,Poor,5,Requires additional coaching.,No
3943,1221,2025-11-02,Q4,3.8,Meets Expectations,3,Reliable and dependable employee.,No
3944,2391,2025-05-09,Q4,3.5,Meets Expectations,6,Strong technical skills.,Yes
3945,224,2025-04-14,Q3,4.2,Exceeds Expectations,6,Requires additional coaching.,No
3946,2608,2025-06-16,Q2,4.0,Exceeds Expectations,7,Needs improvement in productivity.,Yes
3947,2548,2024-05-30,Q2,3.4,Meets Expectations,8,Requires additional coaching.,Yes
3948,1371,2025-10-23,Q4,4.1,Exceeds Expectations,9,Needs improvement in productivity.,No
3949,2305,2025-09-29,Q3,4.5,Outstanding,10,Requires additional coaching.,Yes
3950,1515,2024-09-10,Q1,4.4,Exceeds Expectations,9,Requires additional coaching.,No
3951,432,2025-01-22,Q3,2.8,Needs Improvement,6,Good communication and collaboration.,No
3952,2383,2025-08-19,Q2,4.1,Exceeds Expectations,7,Demonstrates strong problem-solving skills.,No
3953,1614,2025-08-04,Q3,3.3,Meets Expectations,6,Needs improvement in productivity.,Yes
3954,2299,2024-06-02,Q4,3.7,Meets Expectations,5,Needs improvement in productivity.,Yes
3955,632,2024-09-25,Q4,2.9,Needs Improvement,10,Reliable and dependable employee.,No
3956,423,2025-03-07,Q1,3.0,Meets Expectations,5,Demonstrates strong problem-solving skills.,No
3957,805,2025-12-16,Q2,4.2,Exceeds Expectations,8,Strong technical skills.,Yes
3958,2701,2024-04-26,Q3,2.9,Needs Improvement,9,Good communication and collaboration.,Yes
3959,1692,2024-09-19,Q4,4.4,Exceeds Expectations,5,Strong technical skills.,No
3960,2418,2024-10-18,Q1,3.9,Meets Expectations,9,Consistently exceeds expectations.,No
3961,920,2025-06-20,Q1,4.0,Exceeds Expectations,4,Requires additional coaching.,Yes
3962,2846,2025-10-22,Q1,3.4,Meets Expectations,6,Excellent leadership and teamwork.,No
3963,853,2025-11-03,Q4,3.4,Meets Expectations,3,Demonstrates strong problem-solving skills.,Yes
3964,17,2025-05-27,Q3,4.8,Outstanding,9,Demonstrates strong problem-solving skills.,Yes
3965,2278,2025-04-04,Q4,4.7,Outstanding,7,Good communication and collaboration.,Yes
3966,540,2024-05-02,Q3,4.9,Outstanding,9,Good communication and collaboration.,No
3967,1811,2025-09-17,Q3,3.2,Meets Expectations,7,Reliable and dependable employee.,Yes
3968,1592,2025-08-27,Q3,4.5,Outstanding,8,Requires additional coaching.,Yes
3969,784,2024-02-19,Q4,3.8,Meets Expectations,5,Strong technical skills.,Yes
3970,882,2024-12-30,Q3,3.2,Meets Expectations,4,Consistently exceeds expectations.,Yes
3971,2630,2024-01-24,Q4,3.2,Meets Expectations,7,Demonstrates strong problem-solving skills.,Yes
3972,2542,2025-08-13,Q1,3.2,Meets Expectations,9,Good communication and collaboration.,Yes
3973,1347,2025-07-11,Q1,2.7,Needs Improvement,3,Consistently exceeds expectations.,No
3974,441,2024-09-17,Q1,2.5,Needs Improvement,4,Requires additional coaching.,Yes
3975,2326,2025-08-17,Q1,3.8,Meets Expectations,4,Good communication and collaboration.,Yes
3976,949,2025-04-06,Q3,2.8,Needs Improvement,6,Demonstrates strong problem-solving skills.,No
3977,1975,2025-02-23,Q2,4.0,Exceeds Expectations,7,Consistently exceeds expectations.,No
3978,187,2024-10-03,Q3,4.5,Outstanding,4,Excellent leadership and teamwork.,Yes
3979,1779,2025-11-30,Q2,3.5,Meets Expectations,3,Consistently exceeds expectations.,No
3980,2230,2024-11-23,Q4,2.3,Poor,3,Strong technical skills.,Yes
3981,103,2024-08-06,Q3,2.1,Poor,5,Excellent leadership and teamwork.,Yes
3982,2170,2024-03-29,Q4,3.7,Meets Expectations,9,Consistently exceeds expectations.,No
3983,2230,2025-06-30,Q1,5.0,Outstanding,3,Good communication and collaboration.,No
3984,592,2025-09-15,Q2,2.4,Poor,7,Needs improvement in productivity.,No
3985,2268,2025-02-04,Q2,2.8,Needs Improvement,3,Good communication and collaboration.,No
3986,809,2024-01-07,Q1,2.2,Poor,10,Consistently exceeds expectations.,No
3987,2424,2025-03-02,Q4,2.3,Poor,3,Consistently exceeds expectations.,No
3988,1969,2025-03-11,Q1,2.3,Poor,10,Consistently exceeds expectations.,Yes
3989,554,2024-06-17,Q1,4.3,Exceeds Expectations,7,Excellent leadership and teamwork.,Yes
3990,1243,2025-11-17,Q1,4.7,Outstanding,5,Consistently exceeds expectations.,No
3991,377,2025-01-08,Q4,2.4,Poor,7,Needs improvement in productivity.,Yes
3992,1985,2024-12-22,Q1,4.8,Outstanding,6,Requires additional coaching.,No
3993,2090,2025-03-03,Q4,3.1,Meets Expectations,7,Requires additional coaching.,Yes
3994,2479,2025-07-03,Q1,2.2,Poor,3,Demonstrates strong problem-solving skills.,No
3995,2518,2025-01-30,Q4,4.9,Outstanding,4,Strong technical skills.,Yes
3996,1022,2024-10-02,Q1,3.9,Meets Expectations,8,Strong technical skills.,Yes
3997,312,2025-07-12,Q1,4.1,Exceeds Expectations,8,Good communication and collaboration.,No
3998,211,2025-06-19,Q4,3.2,Meets Expectations,5,Requires additional coaching.,Yes
3999,1666,2024-02-26,Q3,3.6,Meets Expectations,8,Reliable and dependable employee.,No
4000,719,2024-03-02,Q4,4.3,Exceeds Expectations,7,Consistently exceeds expectations.,Yes
4001,570,2025-03-24,Q3,3.9,Meets Expectations,10,Consistently exceeds expectations.,No
4002,2392,2024-12-17,Q3,3.6,Meets Expectations,8,Requires additional coaching.,No
4003,2477,2025-09-07,Q2,2.8,Needs Improvement,3,Excellent leadership and teamwork.,No
4004,435,2025-11-08,Q3,3.8,Meets Expectations,9,Demonstrates strong problem-solving skills.,No
4005,2718,2024-10-09,Q2,4.8,Outstanding,8,Needs improvement in productivity.,No
4006,597,2024-05-06,Q2,4.6,Outstanding,10,Consistently exceeds expectations.,No
4007,640,2024-09-20,Q2,3.2,Meets Expectations,8,Requires additional coaching.,No
4008,107,2025-07-13,Q1,2.8,Needs Improvement,10,Excellent leadership and teamwork.,Yes
4009,340,2025-05-01,Q3,2.9,Needs Improvement,4,Good communication and collaboration.,Yes
4010,1549,2024-07-07,Q4,3.5,Meets Expectations,5,Strong technical skills.,Yes
4011,2869,2024-05-03,Q1,3.5,Meets Expectations,3,Excellent leadership and teamwork.,No
4012,1676,2024-12-24,Q1,3.6,Meets Expectations,7,Consistently exceeds expectations.,No
4013,556,2025-02-07,Q1,3.6,Meets Expectations,10,Requires additional coaching.,Yes
4014,788,2025-12-07,Q1,3.5,Meets Expectations,4,Needs improvement in productivity.,Yes
4015,574,2025-06-12,Q2,2.7,Needs Improvement,5,Reliable and dependable employee.,Yes
4016,1163,2025-04-29,Q3,2.0,Poor,10,Needs improvement in productivity.,Yes
4017,2155,2025-12-02,Q3,2.6,Needs Improvement,3,Excellent leadership and teamwork.,No
4018,378,2024-05-24,Q3,2.1,Poor,10,Consistently exceeds expectations.,Yes
4019,1528,2024-05-12,Q1,4.7,Outstanding,4,Good communication and collaboration.,No
4020,2733,2025-02-14,Q3,2.1,Poor,6,Needs improvement in productivity.,No
4021,597,2024-07-06,Q2,2.5,Needs Improvement,3,Requires additional coaching.,No
4022,482,2024-11-20,Q3,3.9,Meets Expectations,10,Excellent leadership and teamwork.,No
4023,2148,2024-02-15,Q2,2.7,Needs Improvement,3,Consistently exceeds expectations.,Yes
4024,1230,2024-12-10,Q3,2.3,Poor,8,Good communication and collaboration.,No
4025,317,2025-06-08,Q2,3.8,Meets Expectations,4,Strong technical skills.,No
4026,1924,2024-09-05,Q4,3.7,Meets Expectations,7,Reliable and dependable employee.,Yes
4027,718,2025-12-08,Q2,2.3,Poor,3,Requires additional coaching.,Yes
4028,1411,2024-06-16,Q1,3.5,Meets Expectations,6,Demonstrates strong problem-solving skills.,Yes
4029,2735,2024-10-22,Q2,2.4,Poor,10,Strong technical skills.,Yes
4030,2952,2024-07-24,Q1,3.2,Meets Expectations,8,Needs improvement in productivity.,No
4031,1411,2024-11-23,Q3,4.7,Outstanding,7,Excellent leadership and teamwork.,No
4032,765,2025-11-12,Q1,3.7,Meets Expectations,9,Requires additional coaching.,Yes
4033,2825,2025-10-24,Q2,2.9,Needs Improvement,9,Excellent leadership and teamwork.,No
4034,274,2024-08-15,Q4,4.2,Exceeds Expectations,8,Requires additional coaching.,No
4035,986,2025-08-20,Q3,2.7,Needs Improvement,8,Demonstrates strong problem-solving skills.,Yes
4036,340,2024-11-30,Q2,3.2,Meets Expectations,10,Requires additional coaching.,Yes
4037,913,2024-12-23,Q1,3.3,Meets Expectations,7,Excellent leadership and teamwork.,Yes
4038,1466,2025-06-07,Q1,2.7,Needs Improvement,7,Good communication and collaboration.,No
4039,2961,2024-12-08,Q2,3.2,Meets Expectations,9,Strong technical skills.,No
4040,1235,2025-06-01,Q4,3.4,Meets Expectations,5,Needs improvement in productivity.,Yes
4041,2178,2025-01-08,Q2,2.8,Needs Improvement,6,Reliable and dependable employee.,No
4042,714,2025-08-12,Q1,2.6,Needs Improvement,3,Strong technical skills.,Yes
4043,1862,2025-09-15,Q3,4.1,Exceeds Expectations,4,Needs improvement in productivity.,No
4044,1011,2024-09-10,Q4,4.8,Outstanding,4,Needs improvement in productivity.,No
4045,1292,2024-01-02,Q1,3.4,Meets Expectations,9,Reliable and dependable employee.,No
4046,2307,2024-10-06,Q1,4.4,Exceeds Expectations,5,Strong technical skills.,Yes
4047,1512,2025-03-15,Q2,3.4,Meets Expectations,6,Good communication and collaboration.,Yes
4048,2542,2025-09-13,Q3,4.4,Exceeds Expectations,8,Reliable and dependable employee.,Yes
4049,339,2025-11-09,Q2,3.0,Meets Expectations,9,Good communication and collaboration.,Yes
4050,1145,2024-07-30,Q2,2.1,Poor,9,Requires additional coaching.,Yes
4051,2827,2024-01-01,Q1,3.9,Meets Expectations,10,Reliable and dependable employee.,Yes
4052,1989,2025-07-13,Q2,2.9,Needs Improvement,5,Reliable and dependable employee.,Yes
4053,1238,2024-02-03,Q4,2.3,Poor,5,Consistently exceeds expectations.,No
4054,2804,2025-09-06,Q2,2.7,Needs Improvement,9,Requires additional coaching.,Yes
4055,1945,2024-11-22,Q1,4.6,Outstanding,9,Good communication and collaboration.,Yes
4056,1454,2025-04-30,Q2,4.3,Exceeds Expectations,4,Good communication and collaboration.,Yes
4057,2049,2024-07-22,Q3,2.1,Poor,3,Reliable and dependable employee.,Yes
4058,185,2025-03-29,Q1,3.3,Meets Expectations,4,Good communication and collaboration.,Yes
4059,867,2024-05-17,Q2,3.1,Meets Expectations,10,Demonstrates strong problem-solving skills.,Yes
4060,2473,2025-11-19,Q1,2.2,Poor,3,Reliable and dependable employee.,No
4061,1763,2024-02-09,Q2,2.3,Poor,5,Needs improvement in productivity.,No
4062,2931,2024-05-15,Q3,4.2,Exceeds Expectations,10,Consistently exceeds expectations.,No
4063,1450,2025-09-21,Q3,4.9,Outstanding,3,Demonstrates strong problem-solving skills.,Yes
4064,930,2025-07-30,Q3,2.0,Poor,6,Reliable and dependable employee.,Yes
4065,340,2024-06-29,Q4,4.9,Outstanding,10,Consistently exceeds expectations.,No
4066,1358,2025-02-12,Q4,3.1,Meets Expectations,7,Good communication and collaboration.,No
4067,53,2024-01-20,Q1,4.3,Exceeds Expectations,7,Needs improvement in productivity.,Yes
4068,2776,2024-09-10,Q1,3.8,Meets Expectations,4,Demonstrates strong problem-solving skills.,No
4069,1753,2025-12-16,Q4,4.9,Outstanding,8,Excellent leadership and teamwork.,No
4070,725,2025-04-28,Q4,4.0,Exceeds Expectations,4,Reliable and dependable employee.,Yes
4071,2358,2024-12-31,Q1,2.5,Needs Improvement,8,Demonstrates strong problem-solving skills.,Yes
4072,1667,2024-11-24,Q1,4.0,Exceeds Expectations,5,Reliable and dependable employee.,Yes
4073,284,2024-10-22,Q4,4.0,Exceeds Expectations,10,Demonstrates strong problem-solving skills.,Yes
4074,1583,2025-03-03,Q4,3.9,Meets Expectations,9,Good communication and collaboration.,No
4075,1008,2025-11-16,Q2,2.4,Poor,10,Consistently exceeds expectations.,No
4076,2400,2024-05-15,Q2,2.5,Needs Improvement,9,Strong technical skills.,No
4077,1697,2024-09-19,Q4,2.7,Needs Improvement,4,Consistently exceeds expectations.,No
4078,624,2025-06-02,Q2,3.8,Meets Expectations,3,Excellent leadership and teamwork.,Yes
4079,1003,2025-06-04,Q3,3.4,Meets Expectations,6,Reliable and dependable employee.,Yes
4080,2880,2024-03-22,Q2,4.1,Exceeds Expectations,5,Strong technical skills.,No
4081,1412,2024-09-22,Q4,3.8,Meets Expectations,9,Good communication and collaboration.,Yes
4082,1961,2025-01-22,Q3,4.3,Exceeds Expectations,4,Demonstrates strong problem-solving skills.,Yes
4083,2798,2024-12-18,Q3,3.5,Meets Expectations,4,Needs improvement in productivity.,Yes
4084,2146,2024-05-12,Q1,2.4,Poor,4,Strong technical skills.,Yes
4085,1589,2024-01-17,Q2,4.4,Exceeds Expectations,9,Requires additional coaching.,No
4086,754,2024-03-07,Q2,3.3,Meets Expectations,8,Consistently exceeds expectations.,Yes
4087,1999,2024-02-17,Q3,2.5,Needs Improvement,8,Needs improvement in productivity.,Yes
4088,1020,2025-03-07,Q3,3.5,Meets Expectations,9,Needs improvement in productivity.,No
4089,2514,2025-08-27,Q4,3.4,Meets Expectations,7,Demonstrates strong problem-solving skills.,No
4090,2412,2025-02-21,Q2,3.3,Meets Expectations,7,Strong technical skills.,No
4091,493,2024-06-04,Q4,2.1,Poor,5,Needs improvement in productivity.,Yes
4092,1693,2025-09-17,Q4,3.7,Meets Expectations,8,Requires additional coaching.,No
4093,450,2024-04-18,Q1,2.4,Poor,9,Reliable and dependable employee.,No
4094,1712,2025-01-29,Q2,4.1,Exceeds Expectations,6,Needs improvement in productivity.,Yes
4095,2515,2024-08-05,Q2,3.3,Meets Expectations,7,Strong technical skills.,Yes
4096,299,2024-11-28,Q1,2.4,Poor,7,Requires additional coaching.,No
4097,18,2025-02-04,Q2,2.6,Needs Improvement,7,Demonstrates strong problem-solving skills.,No
4098,2254,2025-07-26,Q1,5.0,Outstanding,7,Needs improvement in productivity.,No
4099,2962,2025-06-03,Q2,3.7,Meets Expectations,8,Consistently exceeds expectations.,No
4100,2860,2024-03-07,Q4,4.0,Exceeds Expectations,3,Good communication and collaboration.,Yes
4101,2662,2025-11-14,Q2,3.8,Meets Expectations,4,Strong technical skills.,No
4102,2276,2024-09-18,Q2,4.0,Exceeds Expectations,6,Good communication and collaboration.,No
4103,2643,2024-07-22,Q2,4.2,Exceeds Expectations,3,Strong technical skills.,No
4104,263,2025-11-22,Q4,4.2,Exceeds Expectations,10,Requires additional coaching.,No
4105,49,2025-02-01,Q4,3.2,Meets Expectations,6,Reliable and dependable employee.,No
4106,822,2025-04-30,Q1,2.0,Poor,5,Reliable and dependable employee.,Yes
4107,201,2025-01-05,Q3,4.7,Outstanding,7,Reliable and dependable employee.,No
4108,1037,2025-11-25,Q2,4.3,Exceeds Expectations,6,Good communication and collaboration.,No
4109,1849,2024-04-10,Q4,4.0,Exceeds Expectations,3,Reliable and dependable employee.,No
4110,2043,2025-08-12,Q1,4.2,Exceeds Expectations,6,Requires additional coaching.,Yes
4111,1375,2024-11-16,Q3,3.9,Meets Expectations,7,Requires additional coaching.,Yes
4112,99,2025-02-11,Q3,3.7,Meets Expectations,9,Strong technical skills.,Yes
4113,466,2025-09-14,Q2,4.6,Outstanding,7,Needs improvement in productivity.,Yes
4114,2310,2024-08-27,Q3,4.8,Outstanding,3,Excellent leadership and teamwork.,Yes
4115,444,2025-06-04,Q3,4.7,Outstanding,9,Consistently exceeds expectations.,No
4116,1414,2024-01-21,Q1,4.4,Exceeds Expectations,3,Good communication and collaboration.,Yes
4117,1171,2025-10-02,Q1,2.8,Needs Improvement,3,Strong technical skills.,Yes
4118,1114,2025-03-19,Q3,2.7,Needs Improvement,9,Requires additional coaching.,No
4119,311,2024-02-05,Q3,4.1,Exceeds Expectations,6,Consistently exceeds expectations.,No
4120,2110,2025-07-02,Q4,3.9,Meets Expectations,7,Demonstrates strong problem-solving skills.,No
4121,1443,2024-08-14,Q2,3.5,Meets Expectations,3,Excellent leadership and teamwork.,Yes
4122,1652,2024-07-10,Q3,3.5,Meets Expectations,9,Strong technical skills.,No
4123,451,2025-01-12,Q4,3.5,Meets Expectations,7,Excellent leadership and teamwork.,Yes
4124,2492,2025-05-14,Q4,2.1,Poor,4,Requires additional coaching.,Yes
4125,1982,2024-12-06,Q4,4.1,Exceeds Expectations,4,Consistently exceeds expectations.,No
4126,2114,2024-06-29,Q4,4.8,Outstanding,9,Consistently exceeds expectations.,Yes
4127,2330,2024-04-13,Q4,3.7,Meets Expectations,10,Needs improvement in productivity.,Yes
4128,2720,2024-10-17,Q4,2.6,Needs Improvement,4,Demonstrates strong problem-solving skills.,Yes
4129,2947,2025-06-16,Q1,3.0,Meets Expectations,8,Good communication and collaboration.,No
4130,777,2024-07-05,Q1,2.8,Needs Improvement,8,Requires additional coaching.,No
4131,1802,2025-02-16,Q3,4.1,Exceeds Expectations,6,Needs improvement in productivity.,Yes
4132,1014,2024-02-18,Q2,3.7,Meets Expectations,7,Reliable and dependable employee.,No
4133,1640,2024-12-24,Q1,4.0,Exceeds Expectations,10,Demonstrates strong problem-solving skills.,No
4134,2292,2024-07-01,Q3,2.1,Poor,7,Requires additional coaching.,No
4135,2245,2025-02-04,Q2,3.5,Meets Expectations,3,Good communication and collaboration.,Yes
4136,622,2025-07-29,Q3,4.4,Exceeds Expectations,6,Reliable and dependable employee.,No
4137,733,2025-06-10,Q4,3.4,Meets Expectations,9,Good communication and collaboration.,No
4138,1298,2024-06-24,Q3,2.2,Poor,3,Reliable and dependable employee.,No
4139,516,2025-05-17,Q3,4.6,Outstanding,7,Requires additional coaching.,Yes
4140,978,2025-12-19,Q4,2.0,Poor,6,Excellent leadership and teamwork.,No
4141,513,2025-08-06,Q1,4.7,Outstanding,10,Good communication and collaboration.,Yes
4142,1982,2024-08-14,Q4,4.4,Exceeds Expectations,10,Consistently exceeds expectations.,Yes
4143,2054,2024-02-29,Q3,2.9,Needs Improvement,5,Demonstrates strong problem-solving skills.,No
4144,813,2024-12-30,Q1,2.0,Poor,3,Demonstrates strong problem-solving skills.,Yes
4145,600,2025-09-18,Q2,2.2,Poor,7,Reliable and dependable employee.,Yes
4146,1210,2025-06-13,Q4,4.0,Exceeds Expectations,6,Excellent leadership and teamwork.,No
4147,2698,2024-01-27,Q4,3.5,Meets Expectations,10,Consistently exceeds expectations.,No
4148,493,2025-12-24,Q4,4.0,Exceeds Expectations,4,Requires additional coaching.,No
4149,2908,2025-08-22,Q3,3.8,Meets Expectations,9,Requires additional coaching.,No
4150,1666,2025-08-25,Q4,2.9,Needs Improvement,6,Good communication and collaboration.,No
4151,1090,2025-03-20,Q3,2.0,Poor,5,Reliable and dependable employee.,No
4152,567,2024-02-16,Q4,5.0,Outstanding,8,Good communication and collaboration.,No
4153,2557,2024-08-07,Q2,2.6,Needs Improvement,5,Consistently exceeds expectations.,Yes
4154,1059,2024-10-02,Q1,2.7,Needs Improvement,10,Excellent leadership and teamwork.,No
4155,2840,2025-03-30,Q2,2.9,Needs Improvement,9,Excellent leadership and teamwork.,Yes
4156,1371,2025-10-07,Q1,3.5,Meets Expectations,4,Needs improvement in productivity.,Yes
4157,2876,2025-02-25,Q1,2.3,Poor,9,Reliable and dependable employee.,No
4158,37,2025-01-30,Q1,2.1,Poor,5,Requires additional coaching.,No
4159,2296,2024-12-25,Q2,3.7,Meets Expectations,7,Demonstrates strong problem-solving skills.,No
4160,2449,2025-02-18,Q2,3.4,Meets Expectations,6,Needs improvement in productivity.,No
4161,2080,2025-07-31,Q2,3.5,Meets Expectations,8,Demonstrates strong problem-solving skills.,Yes
4162,2459,2024-09-30,Q3,2.6,Needs Improvement,9,Demonstrates strong problem-solving skills.,Yes
4163,1033,2025-11-09,Q4,3.2,Meets Expectations,9,Strong technical skills.,Yes
4164,639,2025-10-25,Q2,2.1,Poor,4,Demonstrates strong problem-solving skills.,Yes
4165,2693,2025-04-22,Q3,3.2,Meets Expectations,5,Reliable and dependable employee.,No
4166,1610,2025-07-14,Q3,3.6,Meets Expectations,5,Demonstrates strong problem-solving skills.,Yes
4167,1189,2024-05-29,Q1,2.0,Poor,5,Excellent leadership and teamwork.,No
4168,2721,2024-05-28,Q3,2.1,Poor,9,Excellent leadership and teamwork.,No
4169,353,2025-08-03,Q3,3.8,Meets Expectations,7,Good communication and collaboration.,Yes
4170,2030,2024-04-15,Q4,4.6,Outstanding,6,Excellent leadership and teamwork.,Yes
4171,961,2025-10-28,Q4,3.0,Meets Expectations,6,Requires additional coaching.,Yes
4172,53,2025-12-23,Q1,2.3,Poor,3,Excellent leadership and teamwork.,Yes
4173,2156,2024-07-09,Q2,4.5,Outstanding,4,Demonstrates strong problem-solving skills.,Yes
4174,2979,2025-05-28,Q3,2.0,Poor,3,Reliable and dependable employee.,Yes
4175,1376,2024-01-12,Q3,4.1,Exceeds Expectations,4,Needs improvement in productivity.,Yes
4176,2560,2024-08-19,Q2,4.0,Exceeds Expectations,3,Strong technical skills.,Yes
4177,2595,2024-05-21,Q4,3.3,Meets Expectations,4,Good communication and collaboration.,No
4178,1614,2025-08-14,Q1,2.5,Needs Improvement,4,Reliable and dependable employee.,Yes
4179,2763,2024-07-08,Q1,3.9,Meets Expectations,8,Strong technical skills.,No
4180,2857,2024-09-09,Q4,4.9,Outstanding,3,Needs improvement in productivity.,Yes
4181,302,2025-11-28,Q1,5.0,Outstanding,3,Needs improvement in productivity.,Yes
4182,2763,2025-11-10,Q2,4.3,Exceeds Expectations,3,Requires additional coaching.,No
4183,831,2024-12-05,Q3,3.8,Meets Expectations,5,Consistently exceeds expectations.,Yes
4184,1264,2024-08-31,Q4,2.4,Poor,6,Demonstrates strong problem-solving skills.,No
4185,1459,2024-06-23,Q1,3.9,Meets Expectations,9,Demonstrates strong problem-solving skills.,No
4186,1962,2024-08-30,Q1,4.1,Exceeds Expectations,10,Demonstrates strong problem-solving skills.,No
4187,514,2025-07-21,Q2,4.0,Exceeds Expectations,9,Good communication and collaboration.,No
4188,2232,2025-01-04,Q3,3.6,Meets Expectations,3,Consistently exceeds expectations.,No
4189,2621,2025-10-18,Q4,2.5,Needs Improvement,5,Reliable and dependable employee.,Yes
4190,1742,2024-06-06,Q4,3.3,Meets Expectations,3,Good communication and collaboration.,No
4191,2637,2024-04-17,Q4,3.2,Meets Expectations,8,Reliable and dependable employee.,Yes
4192,2255,2025-04-03,Q1,4.8,Outstanding,10,Strong technical skills.,Yes
4193,1303,2024-10-15,Q1,3.7,Meets Expectations,5,Needs improvement in productivity.,No
4194,2550,2025-07-23,Q4,3.4,Meets Expectations,5,Requires additional coaching.,No
4195,2471,2025-06-12,Q4,4.5,Outstanding,7,Excellent leadership and teamwork.,Yes
4196,2282,2025-08-07,Q1,3.1,Meets Expectations,8,Excellent leadership and teamwork.,Yes
4197,2911,2024-05-03,Q3,4.8,Outstanding,4,Demonstrates strong problem-solving skills.,Yes
4198,1588,2025-06-27,Q2,3.0,Meets Expectations,4,Reliable and dependable employee.,No
4199,1624,2024-11-26,Q1,3.1,Meets Expectations,10,Consistently exceeds expectations.,Yes
4200,1264,2025-08-03,Q1,3.6,Meets Expectations,3,Needs improvement in productivity.,Yes
4201,18,2024-05-26,Q2,4.2,Exceeds Expectations,7,Strong technical skills.,Yes
4202,2142,2025-07-14,Q4,4.8,Outstanding,8,Demonstrates strong problem-solving skills.,Yes
4203,2566,2024-09-11,Q1,2.7,Needs Improvement,5,Good communication and collaboration.,Yes
4204,506,2025-06-29,Q2,2.3,Poor,8,Excellent leadership and teamwork.,Yes
4205,2637,2024-12-02,Q1,3.5,Meets Expectations,10,Strong technical skills.,Yes
4206,2342,2024-05-15,Q1,4.3,Exceeds Expectations,9,Needs improvement in productivity.,Yes
4207,743,2024-09-22,Q2,2.5,Needs Improvement,9,Good communication and collaboration.,Yes
4208,2597,2024-12-07,Q4,3.7,Meets Expectations,5,Excellent leadership and teamwork.,Yes
4209,2042,2024-05-09,Q1,3.9,Meets Expectations,5,Strong technical skills.,Yes
4210,1577,2024-12-10,Q4,4.0,Exceeds Expectations,5,Strong technical skills.,No
4211,1489,2025-03-28,Q3,2.7,Needs Improvement,3,Needs improvement in productivity.,No
4212,2828,2024-05-27,Q3,2.3,Poor,7,Requires additional coaching.,No
4213,1672,2025-02-05,Q4,4.0,Exceeds Expectations,7,Excellent leadership and teamwork.,No
4214,2224,2024-07-09,Q2,4.7,Outstanding,8,Strong technical skills.,No
4215,1527,2024-12-02,Q3,2.7,Needs Improvement,4,Strong technical skills.,No
4216,2685,2025-05-24,Q4,3.3,Meets Expectations,8,Good communication and collaboration.,No
4217,2076,2025-01-16,Q3,2.6,Needs Improvement,6,Needs improvement in productivity.,No
4218,2581,2025-05-24,Q4,2.5,Needs Improvement,10,Good communication and collaboration.,No
4219,1605,2024-06-10,Q3,4.5,Outstanding,6,Reliable and dependable employee.,Yes
4220,2716,2024-03-07,Q4,4.4,Exceeds Expectations,8,Demonstrates strong problem-solving skills.,Yes
4221,2081,2025-04-10,Q3,4.7,Outstanding,6,Reliable and dependable employee.,No
4222,2499,2025-08-11,Q3,3.7,Meets Expectations,7,Good communication and collaboration.,No
4223,2446,2024-12-20,Q1,4.1,Exceeds Expectations,8,Excellent leadership and teamwork.,No
4224,1308,2024-12-25,Q3,4.4,Exceeds Expectations,3,Reliable and dependable employee.,No
4225,1643,2025-06-26,Q1,3.4,Meets Expectations,3,Demonstrates strong problem-solving skills.,Yes
4226,1149,2025-01-11,Q2,2.5,Needs Improvement,3,Demonstrates strong problem-solving skills.,No
4227,931,2024-05-28,Q4,4.7,Outstanding,5,Needs improvement in productivity.,No
4228,2601,2024-05-25,Q3,4.4,Exceeds Expectations,3,Good communication and collaboration.,Yes
4229,260,2025-01-19,Q3,3.3,Meets Expectations,8,Consistently exceeds expectations.,No
4230,158,2025-03-26,Q1,4.0,Exceeds Expectations,7,Needs improvement in productivity.,Yes
4231,2695,2025-05-26,Q1,2.6,Needs Improvement,7,Good communication and collaboration.,No
4232,930,2025-01-30,Q2,4.7,Outstanding,10,Strong technical skills.,Yes
4233,917,2024-12-25,Q3,4.3,Exceeds Expectations,6,Consistently exceeds expectations.,Yes
4234,458,2024-12-26,Q3,2.4,Poor,3,Strong technical skills.,Yes
4235,1643,2024-03-03,Q4,3.1,Meets Expectations,7,Reliable and dependable employee.,No
4236,2768,2024-08-03,Q2,3.1,Meets Expectations,8,Consistently exceeds expectations.,Yes
4237,2145,2025-05-14,Q2,3.1,Meets Expectations,6,Needs improvement in productivity.,No
4238,1199,2024-07-24,Q1,3.0,Meets Expectations,7,Requires additional coaching.,Yes
4239,2473,2024-02-26,Q1,4.5,Outstanding,6,Needs improvement in productivity.,Yes
4240,322,2024-04-21,Q3,3.4,Meets Expectations,8,Needs improvement in productivity.,No
4241,2803,2024-01-19,Q4,2.7,Needs Improvement,3,Requires additional coaching.,Yes
4242,1942,2025-11-19,Q1,2.6,Needs Improvement,9,Demonstrates strong problem-solving skills.,Yes
4243,1014,2024-07-22,Q4,3.3,Meets Expectations,4,Reliable and dependable employee.,Yes
4244,2736,2025-04-24,Q4,3.0,Meets Expectations,8,Requires additional coaching.,Yes
4245,1743,2024-02-18,Q1,2.8,Needs Improvement,5,Requires additional coaching.,Yes
4246,2105,2025-03-28,Q1,2.8,Needs Improvement,10,Requires additional coaching.,Yes
4247,58,2024-09-01,Q1,3.8,Meets Expectations,9,Good communication and collaboration.,Yes
4248,2472,2025-03-10,Q2,4.5,Outstanding,3,Good communication and collaboration.,No
4249,303,2025-09-21,Q4,3.3,Meets Expectations,3,Strong technical skills.,No
4250,134,2024-07-29,Q2,4.1,Exceeds Expectations,5,Requires additional coaching.,No
4251,933,2025-10-11,Q1,4.0,Exceeds Expectations,5,Good communication and collaboration.,No
4252,939,2024-06-29,Q1,4.5,Outstanding,7,Needs improvement in productivity.,Yes
4253,2694,2024-04-24,Q2,2.9,Needs Improvement,3,Reliable and dependable employee.,No
4254,2490,2024-01-15,Q4,4.4,Exceeds Expectations,7,Needs improvement in productivity.,Yes
4255,2784,2024-01-25,Q2,2.4,Poor,6,Consistently exceeds expectations.,Yes
4256,1046,2024-09-17,Q3,2.4,Poor,8,Demonstrates strong problem-solving skills.,No
4257,1912,2024-12-01,Q1,2.6,Needs Improvement,4,Needs improvement in productivity.,No
4258,2419,2025-01-17,Q3,2.1,Poor,7,Good communication and collaboration.,Yes
4259,2136,2024-12-24,Q2,4.6,Outstanding,7,Good communication and collaboration.,No
4260,2520,2025-04-01,Q1,3.1,Meets Expectations,3,Reliable and dependable employee.,No
4261,1982,2024-11-08,Q1,2.4,Poor,8,Excellent leadership and teamwork.,No
4262,603,2024-01-01,Q1,4.0,Exceeds Expectations,10,Reliable and dependable employee.,No
4263,1392,2025-05-09,Q4,4.4,Exceeds Expectations,6,Reliable and dependable employee.,Yes
4264,1751,2025-06-04,Q1,2.4,Poor,3,Demonstrates strong problem-solving skills.,Yes
4265,2534,2024-08-02,Q1,2.5,Needs Improvement,6,Requires additional coaching.,Yes
4266,1320,2025-08-01,Q4,3.3,Meets Expectations,9,Demonstrates strong problem-solving skills.,Yes
4267,111,2024-11-14,Q4,3.1,Meets Expectations,10,Excellent leadership and teamwork.,No
4268,2636,2024-01-05,Q1,2.9,Needs Improvement,8,Good communication and collaboration.,Yes
4269,1042,2025-04-25,Q1,2.8,Needs Improvement,3,Reliable and dependable employee.,Yes
4270,537,2024-02-13,Q4,4.3,Exceeds Expectations,6,Demonstrates strong problem-solving skills.,Yes
4271,873,2025-10-15,Q3,4.2,Exceeds Expectations,8,Excellent leadership and teamwork.,Yes
4272,2435,2025-12-23,Q4,2.9,Needs Improvement,10,Requires additional coaching.,Yes
4273,974,2024-12-30,Q1,3.9,Meets Expectations,7,Excellent leadership and teamwork.,Yes
4274,1119,2025-02-17,Q4,3.2,Meets Expectations,8,Strong technical skills.,Yes
4275,2198,2025-05-02,Q2,4.1,Exceeds Expectations,6,Requires additional coaching.,Yes
4276,183,2025-08-13,Q2,2.2,Poor,5,Demonstrates strong problem-solving skills.,Yes
4277,294,2024-12-17,Q3,2.1,Poor,4,Good communication and collaboration.,Yes
4278,1151,2024-07-14,Q1,3.1,Meets Expectations,7,Reliable and dependable employee.,Yes
4279,12,2025-01-16,Q2,2.3,Poor,8,Good communication and collaboration.,Yes
4280,130,2025-09-21,Q2,4.3,Exceeds Expectations,4,Requires additional coaching.,Yes
4281,2965,2025-03-23,Q4,4.3,Exceeds Expectations,6,Requires additional coaching.,Yes
4282,974,2025-01-05,Q1,3.6,Meets Expectations,10,Good communication and collaboration.,No
4283,2459,2025-03-13,Q3,2.0,Poor,10,Requires additional coaching.,No
4284,755,2025-06-05,Q1,2.1,Poor,8,Reliable and dependable employee.,Yes
4285,1053,2025-02-06,Q1,4.1,Exceeds Expectations,3,Demonstrates strong problem-solving skills.,Yes
4286,1871,2025-04-21,Q2,2.3,Poor,7,Needs improvement in productivity.,Yes
4287,2680,2025-01-15,Q3,4.0,Exceeds Expectations,4,Reliable and dependable employee.,Yes
4288,1880,2024-02-20,Q3,2.0,Poor,4,Consistently exceeds expectations.,Yes
4289,2549,2025-04-28,Q3,2.8,Needs Improvement,8,Strong technical skills.,No
4290,1722,2025-03-13,Q2,3.8,Meets Expectations,9,Needs improvement in productivity.,No
4291,1596,2025-01-29,Q2,4.5,Outstanding,10,Requires additional coaching.,No
4292,321,2025-04-26,Q4,2.7,Needs Improvement,4,Requires additional coaching.,Yes
4293,1744,2025-12-02,Q3,2.7,Needs Improvement,9,Consistently exceeds expectations.,Yes
4294,1646,2024-08-26,Q4,4.3,Exceeds Expectations,10,Good communication and collaboration.,Yes
4295,1525,2024-10-23,Q2,3.1,Meets Expectations,10,Consistently exceeds expectations.,Yes
4296,2231,2024-01-07,Q4,4.5,Outstanding,7,Excellent leadership and teamwork.,Yes
4297,2988,2025-07-16,Q3,2.4,Poor,9,Consistently exceeds expectations.,No
4298,1218,2024-02-19,Q4,4.4,Exceeds Expectations,5,Demonstrates strong problem-solving skills.,No
4299,839,2025-10-16,Q1,4.2,Exceeds Expectations,7,Consistently exceeds expectations.,Yes
4300,1873,2025-12-04,Q1,3.2,Meets Expectations,7,Reliable and dependable employee.,Yes
4301,1535,2024-03-25,Q2,2.6,Needs Improvement,4,Requires additional coaching.,No
4302,849,2024-03-11,Q4,4.7,Outstanding,7,Demonstrates strong problem-solving skills.,Yes
4303,1026,2025-12-27,Q4,3.2,Meets Expectations,9,Demonstrates strong problem-solving skills.,Yes
4304,887,2024-07-22,Q2,3.1,Meets Expectations,3,Excellent leadership and teamwork.,No
4305,2218,2024-06-12,Q2,2.7,Needs Improvement,9,Good communication and collaboration.,Yes
4306,1412,2024-02-18,Q2,3.7,Meets Expectations,5,Consistently exceeds expectations.,Yes
4307,1977,2025-06-21,Q4,4.8,Outstanding,8,Good communication and collaboration.,No
4308,264,2025-04-02,Q3,2.1,Poor,3,Requires additional coaching.,Yes
4309,2372,2024-04-21,Q4,2.3,Poor,5,Reliable and dependable employee.,Yes
4310,1151,2025-05-01,Q2,3.4,Meets Expectations,3,Consistently exceeds expectations.,Yes
4311,1829,2025-08-16,Q4,4.1,Exceeds Expectations,3,Demonstrates strong problem-solving skills.,No
4312,2774,2025-01-25,Q3,3.3,Meets Expectations,10,Strong technical skills.,No
4313,2558,2024-01-26,Q3,3.8,Meets Expectations,5,Reliable and dependable employee.,Yes
4314,2009,2024-05-01,Q3,2.4,Poor,9,Needs improvement in productivity.,No
4315,1458,2024-03-09,Q1,3.6,Meets Expectations,4,Excellent leadership and teamwork.,No
4316,316,2025-09-16,Q3,3.5,Meets Expectations,9,Good communication and collaboration.,Yes
4317,1671,2025-10-17,Q1,2.6,Needs Improvement,5,Demonstrates strong problem-solving skills.,No
4318,1444,2024-06-16,Q2,3.3,Meets Expectations,9,Consistently exceeds expectations.,No
4319,2445,2024-09-14,Q4,2.9,Needs Improvement,6,Demonstrates strong problem-solving skills.,Yes
4320,364,2025-03-28,Q2,3.7,Meets Expectations,3,Requires additional coaching.,Yes
4321,2858,2025-10-30,Q2,2.1,Poor,3,Demonstrates strong problem-solving skills.,Yes
4322,1745,2024-06-22,Q3,5.0,Outstanding,6,Reliable and dependable employee.,Yes
4323,1594,2024-01-18,Q2,2.7,Needs Improvement,9,Consistently exceeds expectations.,Yes
4324,315,2025-06-17,Q3,3.4,Meets Expectations,7,Excellent leadership and teamwork.,Yes
4325,1272,2025-02-02,Q1,4.1,Exceeds Expectations,6,Demonstrates strong problem-solving skills.,Yes
4326,2464,2024-08-17,Q3,3.1,Meets Expectations,8,Needs improvement in productivity.,Yes
4327,1400,2025-10-03,Q2,4.1,Exceeds Expectations,4,Reliable and dependable employee.,No
4328,1141,2025-03-02,Q2,5.0,Outstanding,5,Reliable and dependable employee.,No
4329,1401,2025-06-14,Q3,2.3,Poor,4,Reliable and dependable employee.,No
4330,2285,2025-11-28,Q1,4.6,Outstanding,7,Demonstrates strong problem-solving skills.,No
4331,736,2024-11-22,Q1,4.7,Outstanding,5,Good communication and collaboration.,No
4332,153,2024-11-21,Q4,2.4,Poor,6,Strong technical skills.,No
4333,1058,2024-08-11,Q2,2.3,Poor,7,Needs improvement in productivity.,Yes
4334,385,2024-12-07,Q2,2.9,Needs Improvement,3,Good communication and collaboration.,Yes
4335,1927,2025-08-07,Q3,3.8,Meets Expectations,3,Requires additional coaching.,No
4336,1485,2024-07-26,Q4,4.6,Outstanding,5,Strong technical skills.,Yes
4337,2304,2025-09-05,Q2,5.0,Outstanding,4,Demonstrates strong problem-solving skills.,No
4338,2606,2025-09-20,Q2,4.3,Exceeds Expectations,8,Consistently exceeds expectations.,No
4339,1641,2024-02-07,Q1,3.5,Meets Expectations,6,Good communication and collaboration.,No
4340,787,2025-03-05,Q4,4.8,Outstanding,3,Demonstrates strong problem-solving skills.,Yes
4341,496,2024-04-18,Q2,3.4,Meets Expectations,7,Excellent leadership and teamwork.,Yes
4342,1252,2024-11-28,Q2,2.4,Poor,5,Strong technical skills.,Yes
4343,2820,2024-03-04,Q2,3.9,Meets Expectations,3,Requires additional coaching.,Yes
4344,758,2025-07-24,Q4,4.2,Exceeds Expectations,8,Strong technical skills.,Yes
4345,386,2024-07-14,Q1,4.7,Outstanding,7,Strong technical skills.,No
4346,689,2024-10-27,Q3,2.9,Needs Improvement,5,Excellent leadership and teamwork.,Yes
4347,2840,2024-10-20,Q3,2.8,Needs Improvement,3,Strong technical skills.,No
4348,1685,2025-07-28,Q1,3.1,Meets Expectations,4,Requires additional coaching.,Yes
4349,1378,2025-02-13,Q3,3.2,Meets Expectations,3,Strong technical skills.,Yes
4350,1266,2025-03-15,Q2,3.5,Meets Expectations,4,Good communication and collaboration.,No
4351,160,2024-01-08,Q2,3.0,Meets Expectations,7,Needs improvement in productivity.,Yes
4352,2804,2025-11-22,Q1,3.9,Meets Expectations,5,Requires additional coaching.,Yes
4353,2734,2025-07-22,Q1,4.7,Outstanding,3,Good communication and collaboration.,No
4354,1571,2024-11-28,Q3,3.0,Meets Expectations,5,Reliable and dependable employee.,Yes
4355,2598,2025-03-29,Q2,4.9,Outstanding,10,Requires additional coaching.,No
4356,1773,2024-01-02,Q4,3.7,Meets Expectations,5,Reliable and dependable employee.,No
4357,958,2025-05-15,Q4,2.7,Needs Improvement,4,Strong technical skills.,Yes
4358,268,2025-10-07,Q2,3.9,Meets Expectations,3,Good communication and collaboration.,No
4359,520,2024-11-27,Q2,2.8,Needs Improvement,7,Excellent leadership and teamwork.,No
4360,1740,2024-01-09,Q2,4.0,Exceeds Expectations,7,Requires additional coaching.,Yes
4361,826,2025-12-14,Q2,4.4,Exceeds Expectations,6,Strong technical skills.,Yes
4362,1936,2024-06-20,Q4,3.1,Meets Expectations,9,Strong technical skills.,Yes
4363,2080,2024-10-04,Q3,3.3,Meets Expectations,7,Reliable and dependable employee.,No
4364,1021,2024-03-05,Q2,4.2,Exceeds Expectations,9,Reliable and dependable employee.,No
4365,1408,2024-10-16,Q3,2.1,Poor,6,Needs improvement in productivity.,Yes
4366,2366,2025-10-25,Q2,4.6,Outstanding,8,Strong technical skills.,No
4367,2587,2024-04-16,Q2,4.6,Outstanding,9,Requires additional coaching.,No
4368,1339,2025-11-17,Q1,2.6,Needs Improvement,10,Requires additional coaching.,No
4369,184,2024-09-01,Q1,2.8,Needs Improvement,6,Excellent leadership and teamwork.,Yes
4370,2425,2024-11-19,Q3,4.4,Exceeds Expectations,7,Reliable and dependable employee.,No
4371,870,2024-10-21,Q3,4.8,Outstanding,9,Requires additional coaching.,No
4372,1761,2024-03-10,Q3,3.3,Meets Expectations,10,Excellent leadership and teamwork.,No
4373,2871,2024-12-02,Q1,2.3,Poor,9,Excellent leadership and teamwork.,Yes
4374,1069,2025-02-04,Q1,3.9,Meets Expectations,4,Excellent leadership and teamwork.,Yes
4375,2145,2024-05-03,Q4,2.8,Needs Improvement,4,Needs improvement in productivity.,No
4376,1968,2025-03-11,Q4,4.5,Outstanding,9,Needs improvement in productivity.,Yes
4377,2674,2024-12-11,Q4,3.0,Meets Expectations,3,Consistently exceeds expectations.,No
4378,2013,2025-02-28,Q3,4.0,Exceeds Expectations,5,Good communication and collaboration.,No
4379,2844,2024-02-15,Q3,2.6,Needs Improvement,9,Needs improvement in productivity.,Yes
4380,1140,2024-06-27,Q1,3.0,Meets Expectations,8,Requires additional coaching.,No
4381,2898,2024-07-14,Q2,3.7,Meets Expectations,10,Needs improvement in productivity.,No
4382,187,2024-09-26,Q3,2.4,Poor,5,Requires additional coaching.,Yes
4383,1932,2024-12-26,Q2,4.5,Outstanding,8,Demonstrates strong problem-solving skills.,Yes
4384,1232,2025-03-31,Q2,4.9,Outstanding,8,Excellent leadership and teamwork.,Yes
4385,2208,2024-05-24,Q4,3.0,Meets Expectations,9,Reliable and dependable employee.,No
4386,1233,2024-08-17,Q1,3.5,Meets Expectations,9,Good communication and collaboration.,No
4387,2347,2024-05-01,Q4,2.7,Needs Improvement,3,Requires additional coaching.,Yes
4388,1324,2025-07-24,Q2,3.5,Meets Expectations,3,Consistently exceeds expectations.,Yes
4389,326,2025-05-12,Q2,4.6,Outstanding,10,Requires additional coaching.,No
4390,345,2025-01-16,Q2,4.9,Outstanding,3,Strong technical skills.,No
4391,604,2024-04-05,Q4,4.7,Outstanding,10,Needs improvement in productivity.,No
4392,1945,2025-03-23,Q2,2.1,Poor,9,Needs improvement in productivity.,No
4393,601,2024-01-20,Q2,2.2,Poor,9,Good communication and collaboration.,No
4394,1246,2025-04-27,Q2,4.0,Exceeds Expectations,7,Requires additional coaching.,No
4395,2944,2024-10-13,Q1,2.7,Needs Improvement,4,Reliable and dependable employee.,Yes
4396,911,2024-07-17,Q4,3.1,Meets Expectations,4,Demonstrates strong problem-solving skills.,Yes
4397,1838,2024-12-09,Q1,4.6,Outstanding,10,Strong technical skills.,No
4398,1464,2025-04-10,Q4,3.4,Meets Expectations,5,Requires additional coaching.,Yes
4399,1590,2024-05-30,Q4,2.7,Needs Improvement,10,Needs improvement in productivity.,Yes
4400,2087,2024-05-13,Q4,3.8,Meets Expectations,10,Strong technical skills.,No
4401,1534,2025-05-13,Q3,3.8,Meets Expectations,6,Strong technical skills.,No
4402,567,2024-07-04,Q2,3.8,Meets Expectations,10,Demonstrates strong problem-solving skills.,No
4403,113,2024-08-10,Q2,4.9,Outstanding,10,Requires additional coaching.,No
4404,1720,2024-08-06,Q3,3.7,Meets Expectations,3,Strong technical skills.,Yes
4405,93,2025-06-30,Q4,4.9,Outstanding,9,Demonstrates strong problem-solving skills.,No
4406,330,2025-11-07,Q4,2.9,Needs Improvement,8,Good communication and collaboration.,No
4407,362,2024-12-02,Q4,2.2,Poor,6,Good communication and collaboration.,Yes
4408,2548,2025-11-06,Q1,3.8,Meets Expectations,3,Strong technical skills.,Yes
4409,1676,2025-03-17,Q3,3.1,Meets Expectations,5,Good communication and collaboration.,No
4410,2959,2025-02-15,Q2,2.8,Needs Improvement,8,Requires additional coaching.,No
4411,1008,2025-07-12,Q2,3.0,Meets Expectations,6,Reliable and dependable employee.,No
4412,1761,2025-01-29,Q1,5.0,Outstanding,3,Strong technical skills.,No
4413,119,2024-12-05,Q1,4.6,Outstanding,4,Excellent leadership and teamwork.,Yes
4414,1261,2024-05-14,Q3,3.8,Meets Expectations,9,Consistently exceeds expectations.,Yes
4415,2458,2025-09-03,Q4,4.1,Exceeds Expectations,8,Consistently exceeds expectations.,Yes
4416,2244,2025-12-07,Q3,2.3,Poor,6,Demonstrates strong problem-solving skills.,No
4417,1646,2024-06-08,Q3,3.3,Meets Expectations,7,Demonstrates strong problem-solving skills.,No
4418,1742,2024-09-17,Q4,4.8,Outstanding,10,Excellent leadership and teamwork.,No
4419,2952,2025-07-19,Q4,3.4,Meets Expectations,9,Requires additional coaching.,Yes
4420,2901,2025-09-18,Q3,3.8,Meets Expectations,5,Needs improvement in productivity.,No
4421,1406,2024-08-22,Q3,4.9,Outstanding,3,Consistently exceeds expectations.,No
4422,2943,2025-06-10,Q2,2.5,Needs Improvement,6,Excellent leadership and teamwork.,Yes
4423,2353,2024-06-18,Q4,4.1,Exceeds Expectations,9,Strong technical skills.,Yes
4424,1293,2025-12-25,Q4,2.8,Needs Improvement,6,Requires additional coaching.,Yes
4425,638,2025-07-23,Q1,2.2,Poor,8,Consistently exceeds expectations.,Yes
4426,362,2024-12-02,Q4,3.6,Meets Expectations,3,Strong technical skills.,No
4427,1260,2025-06-01,Q2,3.4,Meets Expectations,6,Consistently exceeds expectations.,No
4428,1859,2024-10-20,Q3,4.2,Exceeds Expectations,5,Strong technical skills.,No
4429,1226,2024-06-18,Q2,4.6,Outstanding,3,Good communication and collaboration.,No
4430,2481,2024-04-13,Q1,2.8,Needs Improvement,3,Reliable and dependable employee.,Yes
4431,2067,2024-03-10,Q2,3.4,Meets Expectations,8,Consistently exceeds expectations.,No
4432,1695,2025-08-04,Q4,2.9,Needs Improvement,10,Strong technical skills.,Yes
4433,835,2025-03-25,Q2,2.3,Poor,8,Consistently exceeds expectations.,Yes
4434,36,2024-08-25,Q3,2.4,Poor,6,Strong technical skills.,No
4435,1304,2024-05-21,Q1,3.6,Meets Expectations,8,Good communication and collaboration.,No
4436,2613,2024-04-23,Q1,2.5,Needs Improvement,10,Needs improvement in productivity.,No
4437,2551,2025-05-11,Q1,4.4,Exceeds Expectations,7,Consistently exceeds expectations.,Yes
4438,2270,2024-11-06,Q3,4.9,Outstanding,8,Consistently exceeds expectations.,No
4439,1888,2025-12-04,Q2,3.0,Meets Expectations,6,Good communication and collaboration.,Yes
4440,2407,2024-12-11,Q1,2.7,Needs Improvement,3,Excellent leadership and teamwork.,Yes
4441,2183,2024-02-01,Q3,2.2,Poor,9,Good communication and collaboration.,No
4442,521,2025-07-01,Q2,4.1,Exceeds Expectations,7,Reliable and dependable employee.,Yes
4443,2823,2025-08-11,Q3,3.8,Meets Expectations,10,Good communication and collaboration.,Yes
4444,2407,2024-11-17,Q1,4.2,Exceeds Expectations,5,Consistently exceeds expectations.,No
4445,634,2025-01-27,Q2,3.4,Meets Expectations,7,Consistently exceeds expectations.,Yes
4446,1212,2024-08-07,Q1,4.2,Exceeds Expectations,6,Good communication and collaboration.,Yes
4447,1362,2025-08-15,Q3,4.6,Outstanding,8,Good communication and collaboration.,Yes
4448,258,2024-01-22,Q1,3.0,Meets Expectations,6,Excellent leadership and teamwork.,No
4449,1216,2025-02-15,Q4,2.0,Poor,4,Consistently exceeds expectations.,Yes
4450,2526,2024-01-31,Q4,5.0,Outstanding,8,Strong technical skills.,No
4451,1310,2024-04-24,Q4,3.4,Meets Expectations,6,Strong technical skills.,No
4452,1244,2025-12-27,Q2,2.4,Poor,4,Reliable and dependable employee.,No
4453,2515,2025-05-25,Q3,4.6,Outstanding,8,Reliable and dependable employee.,Yes
4454,1708,2025-02-16,Q1,2.9,Needs Improvement,4,Excellent leadership and teamwork.,No
4455,429,2025-07-31,Q4,4.8,Outstanding,9,Consistently exceeds expectations.,Yes
4456,242,2025-10-22,Q2,4.7,Outstanding,5,Strong technical skills.,Yes
4457,506,2025-06-05,Q2,3.2,Meets Expectations,9,Reliable and dependable employee.,Yes
4458,2815,2025-12-11,Q4,2.3,Poor,8,Requires additional coaching.,Yes
4459,2664,2024-07-19,Q4,4.3,Exceeds Expectations,5,Excellent leadership and teamwork.,Yes
4460,2587,2025-01-03,Q1,2.8,Needs Improvement,3,Excellent leadership and teamwork.,No
4461,2330,2024-09-18,Q3,2.7,Needs Improvement,10,Reliable and dependable employee.,Yes
4462,2258,2024-10-05,Q1,3.9,Meets Expectations,6,Reliable and dependable employee.,Yes
4463,125,2024-05-15,Q4,2.1,Poor,7,Needs improvement in productivity.,No
4464,528,2025-06-09,Q2,2.8,Needs Improvement,10,Consistently exceeds expectations.,Yes
4465,2499,2024-11-25,Q3,3.0,Meets Expectations,8,Reliable and dependable employee.,Yes
4466,1357,2025-06-04,Q1,4.0,Exceeds Expectations,5,Requires additional coaching.,Yes
4467,1557,2024-08-21,Q1,2.1,Poor,5,Reliable and dependable employee.,No
4468,53,2024-12-18,Q3,3.3,Meets Expectations,7,Demonstrates strong problem-solving skills.,No
4469,1848,2024-05-15,Q4,4.9,Outstanding,8,Excellent leadership and teamwork.,Yes
4470,1054,2024-11-29,Q3,4.6,Outstanding,9,Requires additional coaching.,No
4471,837,2024-02-27,Q4,2.1,Poor,8,Needs improvement in productivity.,No
4472,552,2024-02-18,Q4,2.7,Needs Improvement,10,Requires additional coaching.,No
4473,1744,2024-03-08,Q2,4.1,Exceeds Expectations,4,Good communication and collaboration.,No
4474,2700,2024-12-04,Q4,4.9,Outstanding,5,Reliable and dependable employee.,Yes
4475,362,2025-10-12,Q2,5.0,Outstanding,9,Excellent leadership and teamwork.,No
4476,1975,2025-06-30,Q3,4.5,Outstanding,10,Consistently exceeds expectations.,Yes
4477,878,2025-09-02,Q2,3.5,Meets Expectations,8,Consistently exceeds expectations.,No
4478,2135,2025-07-18,Q3,3.8,Meets Expectations,6,Reliable and dependable employee.,No
4479,1262,2025-01-27,Q1,2.2,Poor,7,Demonstrates strong problem-solving skills.,Yes
4480,1482,2024-04-26,Q4,2.7,Needs Improvement,5,Good communication and collaboration.,No
4481,381,2024-09-10,Q4,4.9,Outstanding,10,Good communication and collaboration.,Yes
4482,2312,2024-09-28,Q2,3.0,Meets Expectations,5,Requires additional coaching.,No
4483,33,2025-02-01,Q3,4.4,Exceeds Expectations,9,Requires additional coaching.,No
4484,1557,2025-11-19,Q2,4.1,Exceeds Expectations,5,Needs improvement in productivity.,Yes
4485,651,2024-10-02,Q2,3.6,Meets Expectations,3,Consistently exceeds expectations.,Yes
4486,632,2025-04-05,Q2,2.7,Needs Improvement,3,Requires additional coaching.,No
4487,1750,2025-08-07,Q3,3.6,Meets Expectations,9,Demonstrates strong problem-solving skills.,No
4488,2618,2024-09-06,Q1,3.5,Meets Expectations,9,Strong technical skills.,No
4489,2260,2024-03-09,Q3,2.7,Needs Improvement,7,Needs improvement in productivity.,No
4490,1372,2024-05-27,Q2,2.4,Poor,8,Good communication and collaboration.,Yes
4491,1957,2025-03-11,Q3,3.0,Meets Expectations,8,Reliable and dependable employee.,No
4492,1125,2025-05-29,Q4,3.6,Meets Expectations,7,Consistently exceeds expectations.,Yes
4493,2891,2025-02-17,Q4,3.9,Meets Expectations,5,Requires additional coaching.,No
4494,1324,2024-04-28,Q1,4.3,Exceeds Expectations,10,Requires additional coaching.,No
4495,1371,2024-05-17,Q4,2.7,Needs Improvement,8,Needs improvement in productivity.,Yes
4496,1468,2025-04-02,Q4,4.3,Exceeds Expectations,7,Consistently exceeds expectations.,No
4497,1805,2024-01-22,Q4,3.6,Meets Expectations,6,Excellent leadership and teamwork.,Yes
4498,2318,2024-09-30,Q3,4.9,Outstanding,5,Excellent leadership and teamwork.,Yes
4499,1623,2025-02-07,Q1,4.4,Exceeds Expectations,4,Needs improvement in productivity.,No
4500,2672,2025-10-21,Q2,3.9,Meets Expectations,7,Reliable and dependable employee.,Yes
4501,2148,2024-04-14,Q2,2.8,Needs Improvement,7,Reliable and dependable employee.,No
4502,1563,2024-04-21,Q1,3.2,Meets Expectations,7,Requires additional coaching.,Yes
4503,340,2025-06-30,Q1,4.4,Exceeds Expectations,7,Excellent leadership and teamwork.,Yes
4504,806,2025-01-08,Q1,4.7,Outstanding,4,Needs improvement in productivity.,Yes
4505,1797,2025-12-26,Q3,4.2,Exceeds Expectations,9,Requires additional coaching.,No
4506,428,2025-06-18,Q3,4.8,Outstanding,7,Strong technical skills.,No
4507,65,2025-04-30,Q2,3.0,Meets Expectations,9,Excellent leadership and teamwork.,No
4508,1985,2024-02-03,Q4,4.6,Outstanding,5,Demonstrates strong problem-solving skills.,Yes
4509,197,2024-01-05,Q2,3.9,Meets Expectations,9,Strong technical skills.,Yes
4510,439,2024-10-24,Q2,3.8,Meets Expectations,8,Requires additional coaching.,No
4511,2567,2025-06-26,Q2,4.8,Outstanding,8,Excellent leadership and teamwork.,Yes
4512,351,2024-03-28,Q3,4.6,Outstanding,8,Good communication and collaboration.,Yes
4513,81,2025-04-06,Q4,4.0,Exceeds Expectations,8,Needs improvement in productivity.,Yes
4514,366,2024-05-16,Q4,4.7,Outstanding,5,Requires additional coaching.,No
4515,892,2024-10-08,Q3,4.8,Outstanding,9,Demonstrates strong problem-solving skills.,No
4516,1182,2024-12-22,Q1,4.2,Exceeds Expectations,10,Excellent leadership and teamwork.,No
4517,1407,2024-01-30,Q1,2.2,Poor,4,Demonstrates strong problem-solving skills.,No
4518,1535,2024-09-06,Q2,3.1,Meets Expectations,7,Strong technical skills.,Yes
4519,1257,2025-09-18,Q2,3.8,Meets Expectations,8,Good communication and collaboration.,Yes
4520,1760,2024-11-10,Q2,4.8,Outstanding,6,Needs improvement in productivity.,No
4521,1115,2025-05-12,Q4,3.3,Meets Expectations,8,Requires additional coaching.,No
4522,2386,2024-05-15,Q4,4.7,Outstanding,3,Needs improvement in productivity.,No
4523,1242,2024-05-11,Q3,4.2,Exceeds Expectations,6,Strong technical skills.,Yes
4524,1770,2025-09-12,Q4,3.6,Meets Expectations,4,Needs improvement in productivity.,No
4525,2309,2025-09-14,Q2,2.5,Needs Improvement,3,Strong technical skills.,Yes
4526,1995,2025-06-29,Q2,3.2,Meets Expectations,7,Consistently exceeds expectations.,No
4527,863,2024-09-17,Q4,3.1,Meets Expectations,10,Consistently exceeds expectations.,Yes
4528,2720,2024-04-25,Q1,2.1,Poor,8,Strong technical skills.,No
4529,1864,2025-06-04,Q3,4.6,Outstanding,7,Good communication and collaboration.,Yes
4530,2701,2025-11-16,Q4,2.8,Needs Improvement,5,Reliable and dependable employee.,No
4531,1497,2025-06-20,Q3,3.4,Meets Expectations,9,Strong technical skills.,Yes
4532,915,2024-09-14,Q4,3.0,Meets Expectations,7,Consistently exceeds expectations.,No
4533,2188,2024-05-16,Q3,3.0,Meets Expectations,10,Good communication and collaboration.,No
4534,622,2024-12-19,Q2,2.7,Needs Improvement,8,Needs improvement in productivity.,No
4535,2264,2024-09-10,Q3,2.1,Poor,10,Strong technical skills.,No
4536,1484,2024-10-08,Q1,4.8,Outstanding,9,Requires additional coaching.,Yes
4537,637,2024-09-19,Q3,4.4,Exceeds Expectations,4,Good communication and collaboration.,No
4538,687,2024-05-23,Q3,2.7,Needs Improvement,10,Excellent leadership and teamwork.,No
4539,75,2025-01-21,Q3,3.4,Meets Expectations,9,Demonstrates strong problem-solving skills.,Yes
4540,1043,2025-07-07,Q4,4.2,Exceeds Expectations,10,Good communication and collaboration.,No
4541,510,2024-04-06,Q3,3.7,Meets Expectations,8,Excellent leadership and teamwork.,Yes
4542,2046,2024-12-13,Q3,4.8,Outstanding,9,Excellent leadership and teamwork.,Yes
4543,1891,2025-10-13,Q4,2.1,Poor,4,Excellent leadership and teamwork.,Yes
4544,1885,2025-01-09,Q1,3.0,Meets Expectations,3,Consistently exceeds expectations.,No
4545,145,2025-10-04,Q4,4.8,Outstanding,7,Excellent leadership and teamwork.,No
4546,2225,2024-08-07,Q2,3.3,Meets Expectations,8,Needs improvement in productivity.,Yes
4547,1630,2024-02-27,Q2,4.7,Outstanding,4,Needs improvement in productivity.,Yes
4548,2723,2024-09-15,Q4,3.6,Meets Expectations,10,Requires additional coaching.,Yes
4549,1446,2024-05-24,Q4,5.0,Outstanding,10,Good communication and collaboration.,No
4550,2760,2025-04-17,Q4,4.4,Exceeds Expectations,3,Demonstrates strong problem-solving skills.,Yes
4551,1862,2024-01-11,Q2,2.4,Poor,7,Consistently exceeds expectations.,Yes
4552,945,2025-12-03,Q1,4.4,Exceeds Expectations,6,Excellent leadership and teamwork.,Yes
4553,1115,2024-01-06,Q4,2.6,Needs Improvement,7,Reliable and dependable employee.,No
4554,2602,2025-09-28,Q2,2.9,Needs Improvement,9,Requires additional coaching.,Yes
4555,1285,2024-08-13,Q4,3.4,Meets Expectations,10,Consistently exceeds expectations.,No
4556,2131,2025-09-21,Q2,4.9,Outstanding,3,Excellent leadership and teamwork.,No
4557,2759,2025-11-16,Q3,4.2,Exceeds Expectations,9,Needs improvement in productivity.,Yes
4558,1597,2025-01-19,Q2,4.5,Outstanding,8,Reliable and dependable employee.,No
4559,972,2025-12-03,Q4,4.7,Outstanding,7,Consistently exceeds expectations.,Yes
4560,2075,2025-12-27,Q4,4.6,Outstanding,9,Consistently exceeds expectations.,Yes
4561,518,2025-12-26,Q2,4.0,Exceeds Expectations,5,Consistently exceeds expectations.,No
4562,2567,2024-03-12,Q3,4.0,Exceeds Expectations,5,Requires additional coaching.,Yes
4563,444,2025-06-28,Q2,3.8,Meets Expectations,8,Strong technical skills.,No
4564,1305,2024-09-08,Q3,3.4,Meets Expectations,7,Requires additional coaching.,No
4565,2868,2024-12-18,Q3,2.6,Needs Improvement,8,Strong technical skills.,No
4566,313,2025-04-14,Q1,2.3,Poor,8,Consistently exceeds expectations.,Yes
4567,1565,2025-08-03,Q2,4.8,Outstanding,3,Needs improvement in productivity.,Yes
4568,238,2025-07-05,Q1,2.6,Needs Improvement,6,Demonstrates strong problem-solving skills.,No
4569,2102,2025-02-16,Q1,2.9,Needs Improvement,7,Demonstrates strong problem-solving skills.,Yes
4570,1066,2024-10-07,Q2,3.1,Meets Expectations,5,Excellent leadership and teamwork.,Yes
4571,1070,2024-12-03,Q2,4.0,Exceeds Expectations,6,Good communication and collaboration.,No
4572,1094,2025-07-28,Q1,4.9,Outstanding,4,Reliable and dependable employee.,No
4573,693,2025-01-13,Q4,3.6,Meets Expectations,3,Good communication and collaboration.,Yes
4574,2082,2024-02-29,Q4,3.4,Meets Expectations,7,Demonstrates strong problem-solving skills.,No
4575,190,2024-09-28,Q1,4.2,Exceeds Expectations,9,Demonstrates strong problem-solving skills.,No
4576,445,2024-11-16,Q2,4.9,Outstanding,10,Requires additional coaching.,Yes
4577,2473,2024-12-06,Q4,3.1,Meets Expectations,9,Demonstrates strong problem-solving skills.,Yes
4578,2608,2025-05-07,Q1,3.2,Meets Expectations,10,Reliable and dependable employee.,Yes
4579,1155,2024-05-28,Q4,3.6,Meets Expectations,3,Strong technical skills.,Yes
4580,2053,2025-06-19,Q2,3.2,Meets Expectations,3,Good communication and collaboration.,Yes
4581,1586,2025-10-24,Q3,4.5,Outstanding,9,Strong technical skills.,No
4582,1914,2024-10-21,Q1,2.9,Needs Improvement,9,Excellent leadership and teamwork.,No
4583,2941,2025-04-23,Q2,4.7,Outstanding,3,Requires additional coaching.,No
4584,2332,2025-12-16,Q4,2.1,Poor,3,Good communication and collaboration.,No
4585,536,2024-01-18,Q1,3.0,Meets Expectations,10,Excellent leadership and teamwork.,Yes
4586,2263,2025-01-10,Q3,2.2,Poor,4,Good communication and collaboration.,No
4587,2232,2024-12-03,Q4,2.4,Poor,10,Excellent leadership and teamwork.,No
4588,1136,2024-06-07,Q3,2.5,Needs Improvement,6,Consistently exceeds expectations.,Yes
4589,2612,2024-11-23,Q2,4.7,Outstanding,8,Reliable and dependable employee.,No
4590,15,2025-10-09,Q1,2.4,Poor,9,Excellent leadership and teamwork.,No
4591,1503,2025-11-23,Q1,4.4,Exceeds Expectations,5,Good communication and collaboration.,Yes
4592,1508,2024-12-20,Q3,3.6,Meets Expectations,6,Consistently exceeds expectations.,Yes
4593,1673,2025-10-25,Q2,3.1,Meets Expectations,8,Consistently exceeds expectations.,No
4594,1276,2024-09-12,Q3,3.0,Meets Expectations,9,Good communication and collaboration.,No
4595,501,2024-02-23,Q2,2.1,Poor,4,Strong technical skills.,Yes
4596,363,2025-04-06,Q2,2.5,Needs Improvement,6,Consistently exceeds expectations.,No
4597,1506,2025-10-03,Q4,3.5,Meets Expectations,3,Good communication and collaboration.,No
4598,2470,2025-07-29,Q4,3.4,Meets Expectations,10,Consistently exceeds expectations.,No
4599,2865,2024-02-18,Q1,2.1,Poor,8,Requires additional coaching.,No
4600,234,2024-07-30,Q3,4.7,Outstanding,4,Reliable and dependable employee.,No
4601,2862,2024-07-29,Q3,3.1,Meets Expectations,4,Requires additional coaching.,No
4602,2216,2024-07-05,Q3,4.4,Exceeds Expectations,6,Good communication and collaboration.,No
4603,1578,2024-02-09,Q1,3.7,Meets Expectations,10,Requires additional coaching.,No
4604,1904,2024-01-19,Q4,4.6,Outstanding,3,Excellent leadership and teamwork.,No
4605,1147,2024-02-18,Q3,2.7,Needs Improvement,10,Good communication and collaboration.,Yes
4606,2618,2025-11-01,Q2,4.3,Exceeds Expectations,3,Good communication and collaboration.,Yes
4607,726,2025-10-02,Q4,2.8,Needs Improvement,10,Needs improvement in productivity.,No
4608,1082,2025-04-03,Q3,5.0,Outstanding,4,Excellent leadership and teamwork.,No
4609,2224,2024-11-03,Q1,2.8,Needs Improvement,7,Demonstrates strong problem-solving skills.,Yes
4610,480,2025-09-07,Q3,3.6,Meets Expectations,9,Excellent leadership and teamwork.,No
4611,1186,2024-05-19,Q1,2.5,Needs Improvement,10,Needs improvement in productivity.,No
4612,1956,2025-10-30,Q1,3.2,Meets Expectations,4,Consistently exceeds expectations.,Yes
4613,1983,2025-10-09,Q4,4.9,Outstanding,9,Strong technical skills.,No
4614,1483,2024-02-19,Q3,2.9,Needs Improvement,9,Needs improvement in productivity.,No
4615,614,2025-11-07,Q4,3.5,Meets Expectations,5,Reliable and dependable employee.,No
4616,2799,2025-10-01,Q3,3.7,Meets Expectations,8,Strong technical skills.,Yes
4617,833,2025-11-11,Q3,3.7,Meets Expectations,9,Needs improvement in productivity.,No
4618,47,2024-10-31,Q4,4.5,Outstanding,5,Requires additional coaching.,Yes
4619,895,2025-06-02,Q4,3.6,Meets Expectations,10,Excellent leadership and teamwork.,No
4620,1806,2024-06-29,Q4,4.7,Outstanding,8,Demonstrates strong problem-solving skills.,Yes
4621,2680,2024-07-29,Q4,2.6,Needs Improvement,5,Requires additional coaching.,Yes
4622,2036,2025-04-23,Q2,3.4,Meets Expectations,10,Consistently exceeds expectations.,Yes
4623,226,2024-11-12,Q2,4.8,Outstanding,8,Consistently exceeds expectations.,Yes
4624,2269,2024-12-10,Q2,3.8,Meets Expectations,5,Excellent leadership and teamwork.,No
4625,2211,2024-09-17,Q2,4.9,Outstanding,7,Good communication and collaboration.,Yes
4626,950,2025-09-13,Q2,2.6,Needs Improvement,3,Reliable and dependable employee.,Yes
4627,2527,2025-10-01,Q2,3.8,Meets Expectations,7,Strong technical skills.,No
4628,93,2024-06-25,Q1,4.4,Exceeds Expectations,9,Strong technical skills.,Yes
4629,2786,2024-02-23,Q4,4.8,Outstanding,8,Reliable and dependable employee.,Yes
4630,1397,2024-08-22,Q4,3.3,Meets Expectations,8,Reliable and dependable employee.,No
4631,371,2025-11-23,Q3,2.4,Poor,6,Demonstrates strong problem-solving skills.,Yes
4632,136,2024-12-15,Q3,4.4,Exceeds Expectations,7,Needs improvement in productivity.,No
4633,2178,2024-01-30,Q3,3.4,Meets Expectations,6,Consistently exceeds expectations.,Yes
4634,2371,2024-12-01,Q1,3.9,Meets Expectations,7,Reliable and dependable employee.,No
4635,1434,2024-01-09,Q2,4.9,Outstanding,3,Needs improvement in productivity.,Yes
4636,1819,2025-03-22,Q3,3.2,Meets Expectations,5,Needs improvement in productivity.,No
4637,123,2025-08-02,Q4,3.4,Meets Expectations,10,Requires additional coaching.,Yes
4638,2781,2024-12-22,Q2,2.5,Needs Improvement,5,Reliable and dependable employee.,Yes
4639,1021,2025-02-09,Q4,4.7,Outstanding,3,Consistently exceeds expectations.,No
4640,2295,2025-05-17,Q4,3.2,Meets Expectations,6,Reliable and dependable employee.,No
4641,2318,2025-03-21,Q4,3.6,Meets Expectations,5,Demonstrates strong problem-solving skills.,Yes
4642,2866,2025-07-23,Q2,2.2,Poor,7,Needs improvement in productivity.,No
4643,712,2025-06-18,Q1,3.7,Meets Expectations,10,Requires additional coaching.,No
4644,1231,2024-02-06,Q1,2.3,Poor,6,Good communication and collaboration.,Yes
4645,2220,2025-07-07,Q1,3.7,Meets Expectations,10,Excellent leadership and teamwork.,Yes
4646,1328,2024-03-25,Q1,2.2,Poor,5,Demonstrates strong problem-solving skills.,No
4647,1387,2024-02-01,Q2,4.1,Exceeds Expectations,3,Reliable and dependable employee.,Yes
4648,2993,2024-11-19,Q1,4.1,Exceeds Expectations,4,Demonstrates strong problem-solving skills.,No
4649,1219,2024-10-18,Q3,3.1,Meets Expectations,4,Requires additional coaching.,No
4650,2171,2024-10-16,Q2,3.5,Meets Expectations,4,Excellent leadership and teamwork.,No
4651,1663,2025-10-20,Q4,3.2,Meets Expectations,8,Excellent leadership and teamwork.,Yes
4652,1457,2025-09-17,Q4,2.5,Needs Improvement,7,Strong technical skills.,Yes
4653,209,2025-03-26,Q4,2.7,Needs Improvement,3,Demonstrates strong problem-solving skills.,No
4654,1198,2025-12-09,Q2,4.2,Exceeds Expectations,6,Excellent leadership and teamwork.,No
4655,2080,2025-06-04,Q2,4.9,Outstanding,6,Good communication and collaboration.,No
4656,2191,2025-06-09,Q1,4.1,Exceeds Expectations,9,Excellent leadership and teamwork.,Yes
4657,1064,2025-03-27,Q2,3.0,Meets Expectations,6,Reliable and dependable employee.,No
4658,1989,2025-10-06,Q3,2.2,Poor,4,Demonstrates strong problem-solving skills.,Yes
4659,392,2025-03-25,Q1,3.1,Meets Expectations,9,Demonstrates strong problem-solving skills.,No
4660,2742,2024-09-04,Q2,2.4,Poor,8,Consistently exceeds expectations.,Yes
4661,190,2024-06-07,Q2,2.4,Poor,8,Reliable and dependable employee.,Yes
4662,930,2025-07-19,Q4,4.1,Exceeds Expectations,3,Strong technical skills.,Yes
4663,1953,2025-12-07,Q2,3.8,Meets Expectations,4,Needs improvement in productivity.,No
4664,1322,2025-11-21,Q1,4.4,Exceeds Expectations,9,Good communication and collaboration.,No
4665,342,2024-05-12,Q2,2.8,Needs Improvement,3,Demonstrates strong problem-solving skills.,No
4666,1883,2025-10-15,Q1,2.9,Needs Improvement,7,Reliable and dependable employee.,No
4667,2300,2024-03-29,Q2,4.4,Exceeds Expectations,9,Reliable and dependable employee.,No
4668,534,2025-03-28,Q1,3.0,Meets Expectations,6,Consistently exceeds expectations.,Yes
4669,1231,2024-11-13,Q4,4.0,Exceeds Expectations,10,Good communication and collaboration.,No
4670,2902,2024-02-18,Q4,4.4,Exceeds Expectations,5,Strong technical skills.,No
4671,784,2024-09-03,Q2,3.9,Meets Expectations,8,Strong technical skills.,No
4672,2126,2024-06-03,Q4,3.5,Meets Expectations,8,Demonstrates strong problem-solving skills.,Yes
4673,1383,2024-06-15,Q3,4.7,Outstanding,6,Excellent leadership and teamwork.,Yes
4674,2513,2025-01-14,Q1,4.7,Outstanding,6,Strong technical skills.,Yes
4675,2625,2024-01-30,Q3,2.9,Needs Improvement,10,Requires additional coaching.,Yes
4676,2567,2024-06-06,Q1,2.1,Poor,7,Excellent leadership and teamwork.,Yes
4677,1717,2025-09-30,Q4,4.1,Exceeds Expectations,6,Demonstrates strong problem-solving skills.,No
4678,523,2024-09-17,Q2,2.9,Needs Improvement,9,Requires additional coaching.,Yes
4679,516,2024-07-26,Q2,3.1,Meets Expectations,3,Good communication and collaboration.,No
4680,2456,2024-07-12,Q1,2.7,Needs Improvement,7,Excellent leadership and teamwork.,Yes
4681,2781,2025-11-02,Q4,3.0,Meets Expectations,6,Consistently exceeds expectations.,Yes
4682,1885,2024-09-29,Q2,2.6,Needs Improvement,9,Strong technical skills.,Yes
4683,1060,2025-05-22,Q3,3.5,Meets Expectations,9,Excellent leadership and teamwork.,Yes
4684,2598,2024-09-27,Q3,2.2,Poor,5,Good communication and collaboration.,Yes
4685,1352,2025-04-10,Q3,3.8,Meets Expectations,10,Strong technical skills.,Yes
4686,647,2025-09-07,Q2,3.7,Meets Expectations,8,Requires additional coaching.,No
4687,2841,2024-06-24,Q4,3.4,Meets Expectations,4,Needs improvement in productivity.,Yes
4688,2438,2024-03-21,Q2,2.1,Poor,5,Requires additional coaching.,Yes
4689,1234,2025-12-04,Q2,3.4,Meets Expectations,9,Needs improvement in productivity.,Yes
4690,175,2025-01-28,Q2,4.2,Exceeds Expectations,3,Excellent leadership and teamwork.,Yes
4691,1771,2024-12-29,Q4,2.9,Needs Improvement,9,Consistently exceeds expectations.,No
4692,1234,2025-04-22,Q4,2.4,Poor,6,Needs improvement in productivity.,No
4693,1065,2025-07-15,Q1,4.0,Exceeds Expectations,7,Reliable and dependable employee.,Yes
4694,512,2025-06-29,Q4,3.2,Meets Expectations,5,Excellent leadership and teamwork.,No
4695,1815,2025-09-04,Q3,4.9,Outstanding,6,Good communication and collaboration.,No
4696,947,2024-05-16,Q4,4.1,Exceeds Expectations,3,Strong technical skills.,No
4697,869,2024-05-16,Q2,4.2,Exceeds Expectations,8,Reliable and dependable employee.,No
4698,2286,2024-05-07,Q3,4.1,Exceeds Expectations,10,Good communication and collaboration.,Yes
4699,2093,2025-04-08,Q2,2.3,Poor,6,Excellent leadership and teamwork.,No
4700,953,2024-04-05,Q2,2.8,Needs Improvement,6,Excellent leadership and teamwork.,Yes
4701,943,2025-07-11,Q1,3.3,Meets Expectations,5,Reliable and dependable employee.,No
4702,1949,2025-10-11,Q1,4.8,Outstanding,8,Good communication and collaboration.,No
4703,645,2025-07-26,Q2,2.2,Poor,8,Excellent leadership and teamwork.,No
4704,298,2025-10-25,Q2,3.2,Meets Expectations,6,Reliable and dependable employee.,No
4705,393,2024-11-25,Q4,4.5,Outstanding,4,Needs improvement in productivity.,No
4706,1329,2025-11-07,Q4,3.6,Meets Expectations,3,Strong technical skills.,Yes
4707,1120,2025-01-28,Q3,2.5,Needs Improvement,8,Requires additional coaching.,No
4708,292,2025-04-16,Q2,2.2,Poor,8,Needs improvement in productivity.,Yes
4709,540,2024-04-23,Q1,3.0,Meets Expectations,10,Consistently exceeds expectations.,Yes
4710,1022,2024-05-17,Q3,4.5,Outstanding,3,Needs improvement in productivity.,Yes
4711,2987,2025-09-08,Q3,4.1,Exceeds Expectations,4,Demonstrates strong problem-solving skills.,Yes
4712,1365,2025-05-23,Q3,4.1,Exceeds Expectations,8,Demonstrates strong problem-solving skills.,Yes
4713,1607,2025-10-14,Q2,3.3,Meets Expectations,5,Reliable and dependable employee.,No
4714,1678,2024-03-27,Q4,2.7,Needs Improvement,4,Requires additional coaching.,Yes
4715,305,2025-02-16,Q3,4.0,Exceeds Expectations,9,Good communication and collaboration.,No
4716,539,2025-11-21,Q1,2.0,Poor,10,Requires additional coaching.,Yes
4717,1281,2025-07-22,Q2,2.1,Poor,3,Needs improvement in productivity.,No
4718,2052,2024-03-07,Q4,4.4,Exceeds Expectations,10,Demonstrates strong problem-solving skills.,Yes
4719,1254,2024-03-18,Q2,2.6,Needs Improvement,9,Excellent leadership and teamwork.,Yes
4720,2429,2024-05-14,Q1,2.1,Poor,4,Strong technical skills.,No
4721,394,2025-09-02,Q2,4.5,Outstanding,5,Demonstrates strong problem-solving skills.,Yes
4722,2204,2025-04-28,Q1,3.8,Meets Expectations,7,Requires additional coaching.,Yes
4723,1581,2024-10-13,Q1,4.8,Outstanding,9,Demonstrates strong problem-solving skills.,No
4724,363,2025-09-29,Q3,3.6,Meets Expectations,9,Excellent leadership and teamwork.,No
4725,2572,2025-04-15,Q4,2.1,Poor,8,Requires additional coaching.,Yes
4726,1558,2024-11-06,Q1,3.4,Meets Expectations,3,Demonstrates strong problem-solving skills.,Yes
4727,2927,2025-01-13,Q1,3.5,Meets Expectations,4,Strong technical skills.,No
4728,633,2024-12-23,Q4,3.9,Meets Expectations,6,Needs improvement in productivity.,No
4729,1159,2025-06-09,Q2,2.1,Poor,3,Good communication and collaboration.,Yes
4730,1640,2024-04-08,Q3,3.8,Meets Expectations,4,Strong technical skills.,No
4731,1164,2025-05-07,Q2,3.8,Meets Expectations,9,Demonstrates strong problem-solving skills.,Yes
4732,1066,2024-06-17,Q3,3.2,Meets Expectations,3,Requires additional coaching.,No
4733,2158,2024-06-23,Q4,3.5,Meets Expectations,10,Needs improvement in productivity.,Yes
4734,2299,2024-02-23,Q4,3.0,Meets Expectations,4,Consistently exceeds expectations.,No
4735,1247,2025-05-17,Q1,3.1,Meets Expectations,8,Needs improvement in productivity.,No
4736,849,2024-11-25,Q2,5.0,Outstanding,4,Excellent leadership and teamwork.,No
4737,859,2024-05-05,Q2,3.8,Meets Expectations,3,Excellent leadership and teamwork.,Yes
4738,1432,2024-07-14,Q3,3.6,Meets Expectations,9,Needs improvement in productivity.,Yes
4739,984,2024-01-29,Q4,4.3,Exceeds Expectations,10,Good communication and collaboration.,Yes
4740,2774,2025-08-31,Q4,2.6,Needs Improvement,10,Demonstrates strong problem-solving skills.,Yes
4741,2425,2024-01-04,Q4,4.3,Exceeds Expectations,4,Needs improvement in productivity.,No
4742,2243,2025-01-03,Q2,3.4,Meets Expectations,3,Consistently exceeds expectations.,Yes
4743,1076,2024-06-07,Q2,4.0,Exceeds Expectations,8,Strong technical skills.,No
4744,1316,2025-05-08,Q1,2.1,Poor,8,Strong technical skills.,Yes
4745,2078,2025-09-03,Q1,5.0,Outstanding,6,Demonstrates strong problem-solving skills.,No
4746,2585,2025-11-05,Q4,3.4,Meets Expectations,5,Strong technical skills.,No
4747,399,2024-03-26,Q1,3.2,Meets Expectations,6,Strong technical skills.,Yes
4748,2156,2025-10-09,Q1,2.7,Needs Improvement,3,Excellent leadership and teamwork.,Yes
4749,1193,2024-09-02,Q2,2.7,Needs Improvement,7,Good communication and collaboration.,Yes
4750,2015,2024-02-15,Q3,4.1,Exceeds Expectations,4,Demonstrates strong problem-solving skills.,No
4751,1287,2025-09-20,Q4,5.0,Outstanding,9,Reliable and dependable employee.,No
4752,2840,2024-08-25,Q1,2.6,Needs Improvement,9,Reliable and dependable employee.,Yes
4753,1380,2025-02-23,Q3,2.5,Needs Improvement,9,Excellent leadership and teamwork.,Yes
4754,680,2024-02-25,Q1,2.4,Poor,5,Good communication and collaboration.,No
4755,160,2025-02-18,Q4,3.1,Meets Expectations,10,Consistently exceeds expectations.,Yes
4756,1473,2024-04-10,Q3,2.2,Poor,3,Strong technical skills.,Yes
4757,2116,2024-01-22,Q2,4.6,Outstanding,3,Needs improvement in productivity.,Yes
4758,1691,2024-02-07,Q1,3.2,Meets Expectations,4,Reliable and dependable employee.,Yes
4759,2373,2025-01-12,Q3,2.4,Poor,7,Demonstrates strong problem-solving skills.,Yes
4760,2391,2024-06-29,Q2,3.7,Meets Expectations,9,Consistently exceeds expectations.,No
4761,576,2024-03-09,Q3,3.4,Meets Expectations,7,Strong technical skills.,No
4762,637,2024-01-29,Q2,2.0,Poor,7,Reliable and dependable employee.,No
4763,2199,2025-07-14,Q4,3.6,Meets Expectations,6,Consistently exceeds expectations.,Yes
4764,1891,2024-06-28,Q1,2.7,Needs Improvement,7,Needs improvement in productivity.,Yes
4765,928,2024-05-14,Q1,4.8,Outstanding,3,Reliable and dependable employee.,No
4766,2782,2025-11-27,Q1,3.1,Meets Expectations,7,Consistently exceeds expectations.,Yes
4767,2743,2024-08-30,Q1,3.7,Meets Expectations,9,Consistently exceeds expectations.,Yes
4768,1081,2025-03-06,Q1,3.4,Meets Expectations,4,Consistently exceeds expectations.,Yes
4769,1292,2025-08-15,Q4,4.5,Outstanding,5,Strong technical skills.,No
4770,1677,2025-07-10,Q2,3.7,Meets Expectations,7,Consistently exceeds expectations.,Yes
4771,903,2025-10-30,Q3,2.8,Needs Improvement,4,Good communication and collaboration.,Yes
4772,2113,2024-07-13,Q1,2.3,Poor,7,Excellent leadership and teamwork.,No
4773,352,2025-12-19,Q2,4.1,Exceeds Expectations,5,Needs improvement in productivity.,Yes
4774,1823,2024-01-23,Q1,4.6,Outstanding,7,Strong technical skills.,No
4775,158,2025-02-19,Q4,3.5,Meets Expectations,3,Strong technical skills.,Yes
4776,1583,2024-07-11,Q3,3.4,Meets Expectations,10,Good communication and collaboration.,Yes
4777,90,2025-05-14,Q3,2.6,Needs Improvement,8,Requires additional coaching.,No
4778,1290,2024-07-05,Q2,3.4,Meets Expectations,10,Needs improvement in productivity.,No
4779,2457,2025-01-01,Q1,2.8,Needs Improvement,10,Strong technical skills.,Yes
4780,912,2024-09-04,Q4,2.6,Needs Improvement,7,Strong technical skills.,No
4781,16,2024-02-12,Q2,3.8,Meets Expectations,6,Consistently exceeds expectations.,Yes
4782,1611,2024-09-03,Q3,4.2,Exceeds Expectations,4,Reliable and dependable employee.,No
4783,1231,2024-05-04,Q4,2.2,Poor,3,Good communication and collaboration.,Yes
4784,1748,2024-06-20,Q4,4.3,Exceeds Expectations,8,Good communication and collaboration.,Yes
4785,2879,2024-11-09,Q1,3.9,Meets Expectations,8,Demonstrates strong problem-solving skills.,No
4786,989,2025-06-21,Q1,2.3,Poor,4,Excellent leadership and teamwork.,No
4787,2638,2025-08-21,Q4,3.0,Meets Expectations,4,Reliable and dependable employee.,No
4788,926,2024-08-21,Q4,3.2,Meets Expectations,7,Excellent leadership and teamwork.,Yes
4789,1151,2025-04-05,Q4,3.3,Meets Expectations,10,Strong technical skills.,No
4790,2604,2025-06-03,Q3,3.9,Meets Expectations,7,Consistently exceeds expectations.,No
4791,50,2025-06-25,Q2,4.7,Outstanding,9,Consistently exceeds expectations.,Yes
4792,220,2024-06-14,Q4,4.8,Outstanding,10,Excellent leadership and teamwork.,Yes
4793,1821,2024-07-04,Q2,3.5,Meets Expectations,10,Needs improvement in productivity.,No
4794,2440,2025-07-02,Q2,2.6,Needs Improvement,3,Demonstrates strong problem-solving skills.,Yes
4795,454,2025-11-11,Q1,4.8,Outstanding,10,Consistently exceeds expectations.,No
4796,214,2025-05-01,Q3,5.0,Outstanding,3,Reliable and dependable employee.,Yes
4797,1098,2024-04-18,Q1,2.9,Needs Improvement,8,Needs improvement in productivity.,No
4798,1834,2025-05-17,Q2,2.8,Needs Improvement,6,Strong technical skills.,No
4799,2873,2024-01-18,Q3,4.8,Outstanding,5,Good communication and collaboration.,Yes
4800,1967,2024-03-04,Q1,4.3,Exceeds Expectations,6,Good communication and collaboration.,No
4801,999,2025-08-30,Q1,4.7,Outstanding,7,Reliable and dependable employee.,No
4802,2567,2025-07-21,Q3,3.2,Meets Expectations,6,Requires additional coaching.,Yes
4803,2513,2025-11-26,Q4,3.4,Meets Expectations,6,Consistently exceeds expectations.,No
4804,887,2024-01-13,Q3,4.9,Outstanding,9,Reliable and dependable employee.,No
4805,2075,2025-10-31,Q2,3.5,Meets Expectations,6,Needs improvement in productivity.,No
4806,1350,2025-11-11,Q2,4.9,Outstanding,5,Demonstrates strong problem-solving skills.,No
4807,2267,2025-07-11,Q1,3.4,Meets Expectations,7,Consistently exceeds expectations.,Yes
4808,1121,2024-11-19,Q1,3.7,Meets Expectations,10,Requires additional coaching.,No
4809,137,2024-06-11,Q3,3.3,Meets Expectations,8,Consistently exceeds expectations.,No
4810,938,2024-10-30,Q4,4.5,Outstanding,5,Consistently exceeds expectations.,Yes
4811,1592,2025-12-08,Q1,2.4,Poor,9,Good communication and collaboration.,No
4812,1078,2025-06-12,Q4,3.2,Meets Expectations,6,Demonstrates strong problem-solving skills.,Yes
4813,417,2024-11-29,Q3,4.8,Outstanding,8,Demonstrates strong problem-solving skills.,Yes
4814,946,2024-06-20,Q2,3.8,Meets Expectations,7,Reliable and dependable employee.,No
4815,2850,2025-10-21,Q1,4.5,Outstanding,9,Requires additional coaching.,Yes
4816,1484,2025-08-17,Q1,3.0,Meets Expectations,8,Excellent leadership and teamwork.,Yes
4817,1596,2024-02-21,Q1,5.0,Outstanding,3,Consistently exceeds expectations.,Yes
4818,2733,2024-08-19,Q1,4.3,Exceeds Expectations,4,Needs improvement in productivity.,No
4819,303,2025-07-21,Q4,3.2,Meets Expectations,6,Strong technical skills.,No
4820,2554,2025-03-08,Q1,3.9,Meets Expectations,5,Consistently exceeds expectations.,Yes
4821,5,2025-12-24,Q2,2.1,Poor,6,Strong technical skills.,No
4822,2347,2024-12-09,Q4,3.9,Meets Expectations,10,Reliable and dependable employee.,Yes
4823,2761,2025-02-23,Q1,4.8,Outstanding,3,Strong technical skills.,No
4824,2168,2025-08-10,Q4,2.4,Poor,6,Requires additional coaching.,No
4825,1299,2025-11-07,Q1,4.2,Exceeds Expectations,5,Reliable and dependable employee.,Yes
4826,2173,2025-09-19,Q2,3.6,Meets Expectations,3,Requires additional coaching.,Yes
4827,335,2024-11-13,Q4,3.6,Meets Expectations,7,Consistently exceeds expectations.,No
4828,1575,2024-08-05,Q2,2.2,Poor,3,Reliable and dependable employee.,Yes
4829,1694,2024-05-31,Q1,2.8,Needs Improvement,9,Good communication and collaboration.,No
4830,2076,2024-03-27,Q1,2.6,Needs Improvement,9,Demonstrates strong problem-solving skills.,No
4831,1122,2024-08-10,Q2,2.0,Poor,5,Good communication and collaboration.,Yes
4832,2921,2025-03-11,Q2,3.7,Meets Expectations,5,Needs improvement in productivity.,Yes
4833,2186,2025-05-18,Q4,2.4,Poor,10,Consistently exceeds expectations.,Yes
4834,1559,2025-11-17,Q2,4.7,Outstanding,10,Strong technical skills.,No
4835,678,2024-04-17,Q3,4.8,Outstanding,5,Requires additional coaching.,No
4836,1058,2025-09-10,Q3,2.9,Needs Improvement,6,Requires additional coaching.,No
4837,2078,2024-06-20,Q1,2.3,Poor,4,Strong technical skills.,Yes
4838,905,2024-11-18,Q3,2.1,Poor,3,Excellent leadership and teamwork.,No
4839,2302,2024-05-23,Q1,3.5,Meets Expectations,8,Needs improvement in productivity.,No
4840,2433,2025-08-15,Q1,4.0,Exceeds Expectations,9,Reliable and dependable employee.,No
4841,2174,2025-04-23,Q1,3.4,Meets Expectations,5,Needs improvement in productivity.,Yes
4842,2819,2025-11-21,Q3,2.5,Needs Improvement,9,Good communication and collaboration.,No
4843,690,2025-08-06,Q2,2.3,Poor,9,Requires additional coaching.,Yes
4844,887,2024-06-13,Q3,2.4,Poor,7,Consistently exceeds expectations.,Yes
4845,718,2025-07-07,Q3,3.9,Meets Expectations,10,Demonstrates strong problem-solving skills.,Yes
4846,2956,2025-08-10,Q2,3.4,Meets Expectations,8,Demonstrates strong problem-solving skills.,No
4847,1419,2025-02-24,Q2,2.2,Poor,7,Demonstrates strong problem-solving skills.,No
4848,2795,2025-06-11,Q1,2.3,Poor,10,Good communication and collaboration.,No
4849,1868,2025-04-06,Q4,2.0,Poor,5,Needs improvement in productivity.,No
4850,2675,2024-07-13,Q4,3.4,Meets Expectations,4,Consistently exceeds expectations.,Yes
4851,1495,2024-09-28,Q3,4.8,Outstanding,5,Good communication and collaboration.,Yes
4852,126,2024-06-05,Q1,4.4,Exceeds Expectations,8,Requires additional coaching.,Yes
4853,132,2025-02-23,Q2,4.2,Exceeds Expectations,5,Strong technical skills.,Yes
4854,2095,2024-06-25,Q2,3.4,Meets Expectations,4,Excellent leadership and teamwork.,No
4855,2798,2024-03-19,Q2,4.1,Exceeds Expectations,4,Reliable and dependable employee.,No
4856,941,2024-10-25,Q3,4.1,Exceeds Expectations,7,Needs improvement in productivity.,Yes
4857,754,2025-07-09,Q2,2.0,Poor,3,Consistently exceeds expectations.,No
4858,93,2024-11-24,Q2,3.7,Meets Expectations,10,Strong technical skills.,Yes
4859,1790,2025-12-02,Q2,4.0,Exceeds Expectations,10,Requires additional coaching.,Yes
4860,2578,2024-05-25,Q1,3.2,Meets Expectations,5,Needs improvement in productivity.,No
4861,1360,2024-06-29,Q1,2.3,Poor,3,Needs improvement in productivity.,Yes
4862,133,2024-05-30,Q3,3.5,Meets Expectations,7,Reliable and dependable employee.,Yes
4863,1759,2025-09-14,Q2,4.6,Outstanding,3,Excellent leadership and teamwork.,Yes
4864,1714,2025-06-12,Q4,2.0,Poor,5,Reliable and dependable employee.,Yes
4865,1320,2025-08-04,Q2,2.1,Poor,3,Good communication and collaboration.,No
4866,2797,2025-07-24,Q3,2.4,Poor,6,Demonstrates strong problem-solving skills.,No
4867,839,2024-11-28,Q4,3.7,Meets Expectations,5,Excellent leadership and teamwork.,Yes
4868,1703,2025-04-14,Q2,4.1,Exceeds Expectations,4,Requires additional coaching.,No
4869,2508,2025-03-21,Q4,3.2,Meets Expectations,7,Excellent leadership and teamwork.,Yes
4870,846,2024-09-21,Q3,4.6,Outstanding,8,Strong technical skills.,No
4871,264,2024-06-04,Q4,4.8,Outstanding,4,Requires additional coaching.,No
4872,1081,2024-11-12,Q1,3.7,Meets Expectations,3,Strong technical skills.,No
4873,1357,2024-08-14,Q1,3.7,Meets Expectations,8,Consistently exceeds expectations.,No
4874,1668,2024-02-26,Q4,2.9,Needs Improvement,5,Excellent leadership and teamwork.,Yes
4875,1212,2024-06-21,Q3,2.3,Poor,3,Needs improvement in productivity.,Yes
4876,2680,2025-06-02,Q4,3.8,Meets Expectations,9,Consistently exceeds expectations.,Yes
4877,501,2025-05-02,Q2,3.0,Meets Expectations,8,Needs improvement in productivity.,Yes
4878,2860,2025-04-09,Q2,2.7,Needs Improvement,5,Excellent leadership and teamwork.,No
4879,2062,2024-01-22,Q2,4.5,Outstanding,10,Demonstrates strong problem-solving skills.,No
4880,963,2024-12-21,Q3,3.0,Meets Expectations,3,Strong technical skills.,No
4881,1658,2024-10-22,Q3,2.5,Needs Improvement,6,Needs improvement in productivity.,Yes
4882,437,2024-11-26,Q3,2.3,Poor,5,Needs improvement in productivity.,No
4883,2075,2025-08-16,Q2,4.1,Exceeds Expectations,10,Demonstrates strong problem-solving skills.,Yes
4884,1647,2025-07-07,Q1,2.1,Poor,10,Strong technical skills.,Yes
4885,975,2025-03-05,Q3,2.1,Poor,3,Demonstrates strong problem-solving skills.,Yes
4886,2227,2024-05-02,Q3,3.3,Meets Expectations,5,Reliable and dependable employee.,Yes
4887,1508,2025-07-12,Q3,4.9,Outstanding,7,Needs improvement in productivity.,Yes
4888,186,2024-12-14,Q3,3.0,Meets Expectations,9,Demonstrates strong problem-solving skills.,No
4889,1823,2025-03-26,Q1,3.5,Meets Expectations,4,Good communication and collaboration.,No
4890,2427,2025-08-13,Q2,4.4,Exceeds Expectations,3,Strong technical skills.,No
4891,1916,2024-05-04,Q2,3.2,Meets Expectations,10,Strong technical skills.,No
4892,2797,2024-09-16,Q4,2.3,Poor,3,Needs improvement in productivity.,No
4893,160,2025-12-24,Q1,4.4,Exceeds Expectations,8,Reliable and dependable employee.,Yes
4894,477,2025-04-25,Q2,4.3,Exceeds Expectations,9,Requires additional coaching.,Yes
4895,32,2025-09-14,Q2,4.7,Outstanding,7,Demonstrates strong problem-solving skills.,No
4896,2789,2024-10-29,Q2,4.2,Exceeds Expectations,6,Excellent leadership and teamwork.,No
4897,1151,2025-07-28,Q1,3.2,Meets Expectations,4,Good communication and collaboration.,No
4898,2365,2024-01-29,Q2,4.7,Outstanding,10,Consistently exceeds expectations.,No
4899,2851,2024-02-19,Q1,3.2,Meets Expectations,6,Good communication and collaboration.,No
4900,2216,2025-04-12,Q3,4.6,Outstanding,5,Needs improvement in productivity.,No
4901,2100,2024-08-21,Q3,4.0,Exceeds Expectations,6,Demonstrates strong problem-solving skills.,No
4902,2854,2025-03-07,Q1,2.7,Needs Improvement,3,Demonstrates strong problem-solving skills.,Yes
4903,2034,2024-10-03,Q3,3.8,Meets Expectations,7,Needs improvement in productivity.,No
4904,2802,2025-02-21,Q3,4.7,Outstanding,7,Strong technical skills.,Yes
4905,178,2025-06-08,Q2,3.4,Meets Expectations,9,Reliable and dependable employee.,No
4906,2623,2024-01-16,Q3,4.3,Exceeds Expectations,7,Good communication and collaboration.,No
4907,1852,2025-09-07,Q1,4.5,Outstanding,9,Excellent leadership and teamwork.,No
4908,1022,2025-02-13,Q2,3.0,Meets Expectations,8,Excellent leadership and teamwork.,No
4909,2483,2024-03-05,Q4,4.1,Exceeds Expectations,8,Needs improvement in productivity.,No
4910,2079,2024-10-30,Q4,4.3,Exceeds Expectations,8,Requires additional coaching.,Yes
4911,1550,2024-03-23,Q3,3.4,Meets Expectations,6,Strong technical skills.,Yes
4912,2003,2025-03-31,Q2,4.5,Outstanding,3,Demonstrates strong problem-solving skills.,Yes
4913,2813,2024-06-11,Q4,4.5,Outstanding,9,Consistently exceeds expectations.,Yes
4914,1296,2024-12-26,Q1,4.0,Exceeds Expectations,10,Good communication and collaboration.,No
4915,2392,2025-07-20,Q2,2.5,Needs Improvement,6,Needs improvement in productivity.,No
4916,56,2025-01-31,Q2,2.7,Needs Improvement,9,Needs improvement in productivity.,Yes
4917,2271,2025-02-20,Q1,3.0,Meets Expectations,5,Good communication and collaboration.,Yes
4918,567,2024-09-22,Q4,4.8,Outstanding,8,Good communication and collaboration.,Yes
4919,1879,2024-10-02,Q3,2.7,Needs Improvement,4,Strong technical skills.,No
4920,639,2025-04-11,Q1,2.8,Needs Improvement,6,Reliable and dependable employee.,Yes
4921,1007,2024-05-23,Q4,2.8,Needs Improvement,4,Strong technical skills.,No
4922,2509,2025-09-07,Q1,3.0,Meets Expectations,6,Needs improvement in productivity.,No
4923,1508,2024-08-24,Q4,3.0,Meets Expectations,3,Reliable and dependable employee.,Yes
4924,168,2024-09-30,Q4,3.2,Meets Expectations,7,Consistently exceeds expectations.,Yes
4925,1713,2024-06-24,Q3,4.9,Outstanding,8,Strong technical skills.,No
4926,1605,2024-07-29,Q2,2.3,Poor,4,Good communication and collaboration.,Yes
4927,2601,2025-08-06,Q1,2.4,Poor,9,Needs improvement in productivity.,Yes
4928,1793,2025-01-12,Q1,4.2,Exceeds Expectations,5,Reliable and dependable employee.,Yes
4929,2217,2024-05-13,Q1,3.9,Meets Expectations,8,Requires additional coaching.,No
4930,1161,2024-03-05,Q3,3.3,Meets Expectations,6,Excellent leadership and teamwork.,No
4931,1520,2024-02-13,Q3,3.1,Meets Expectations,8,Excellent leadership and teamwork.,Yes
4932,1671,2024-03-23,Q3,2.6,Needs Improvement,9,Excellent leadership and teamwork.,No
4933,2042,2024-11-28,Q3,3.5,Meets Expectations,6,Good communication and collaboration.,Yes
4934,2000,2024-08-31,Q2,3.2,Meets Expectations,3,Strong technical skills.,No
4935,145,2025-10-01,Q2,2.1,Poor,6,Requires additional coaching.,No
4936,2953,2024-06-27,Q2,4.0,Exceeds Expectations,9,Excellent leadership and teamwork.,Yes
4937,2809,2025-05-05,Q1,2.6,Needs Improvement,10,Needs improvement in productivity.,No
4938,2772,2025-03-11,Q1,2.1,Poor,10,Excellent leadership and teamwork.,No
4939,2636,2025-10-14,Q4,4.8,Outstanding,3,Consistently exceeds expectations.,No
4940,2778,2025-09-20,Q1,2.3,Poor,3,Good communication and collaboration.,Yes
4941,1036,2025-03-01,Q1,2.9,Needs Improvement,10,Requires additional coaching.,No
4942,671,2024-02-14,Q4,4.7,Outstanding,5,Consistently exceeds expectations.,Yes
4943,2810,2024-12-23,Q2,2.7,Needs Improvement,4,Reliable and dependable employee.,No
4944,2658,2024-08-12,Q1,3.8,Meets Expectations,3,Needs improvement in productivity.,Yes
4945,102,2024-05-02,Q2,3.4,Meets Expectations,5,Requires additional coaching.,Yes
4946,228,2025-08-27,Q2,4.7,Outstanding,5,Good communication and collaboration.,No
4947,1821,2025-03-11,Q2,4.2,Exceeds Expectations,10,Excellent leadership and teamwork.,No
4948,1172,2024-05-21,Q3,3.9,Meets Expectations,10,Demonstrates strong problem-solving skills.,Yes
4949,2243,2024-07-19,Q1,4.8,Outstanding,9,Good communication and collaboration.,Yes
4950,651,2024-08-28,Q1,4.1,Exceeds Expectations,4,Reliable and dependable employee.,No
4951,2364,2024-05-17,Q3,3.7,Meets Expectations,7,Requires additional coaching.,No
4952,1498,2025-01-20,Q3,3.5,Meets Expectations,5,Strong technical skills.,No
4953,1673,2024-10-29,Q4,2.0,Poor,3,Requires additional coaching.,No
4954,1803,2025-07-18,Q3,2.5,Needs Improvement,8,Reliable and dependable employee.,No
4955,1889,2024-07-29,Q4,2.7,Needs Improvement,7,Demonstrates strong problem-solving skills.,No
4956,2243,2024-02-15,Q3,4.7,Outstanding,3,Demonstrates strong problem-solving skills.,Yes
4957,2855,2024-02-15,Q3,4.1,Exceeds Expectations,9,Needs improvement in productivity.,No
4958,1918,2025-06-25,Q1,3.4,Meets Expectations,9,Consistently exceeds expectations.,Yes
4959,2519,2025-08-20,Q4,3.5,Meets Expectations,5,Strong technical skills.,Yes
4960,1634,2025-03-26,Q2,3.6,Meets Expectations,5,Requires additional coaching.,Yes
4961,2898,2024-01-17,Q4,3.9,Meets Expectations,7,Consistently exceeds expectations.,No
4962,110,2024-10-23,Q2,2.0,Poor,10,Consistently exceeds expectations.,No
4963,137,2024-07-30,Q4,3.0,Meets Expectations,3,Good communication and collaboration.,Yes
4964,2827,2025-03-18,Q4,4.5,Outstanding,9,Strong technical skills.,No
4965,2365,2024-07-24,Q1,4.5,Outstanding,5,Demonstrates strong problem-solving skills.,Yes
4966,505,2024-09-03,Q3,4.6,Outstanding,5,Needs improvement in productivity.,Yes
4967,1529,2025-03-30,Q3,4.0,Exceeds Expectations,4,Requires additional coaching.,Yes
4968,348,2025-04-04,Q1,3.7,Meets Expectations,7,Excellent leadership and teamwork.,No
4969,12,2025-01-14,Q1,4.8,Outstanding,10,Excellent leadership and teamwork.,No
4970,1991,2024-01-15,Q1,4.6,Outstanding,8,Reliable and dependable employee.,Yes
4971,1965,2024-06-04,Q1,3.4,Meets Expectations,3,Demonstrates strong problem-solving skills.,No
4972,239,2024-03-16,Q2,2.9,Needs Improvement,9,Needs improvement in productivity.,No
4973,2446,2024-03-09,Q2,3.1,Meets Expectations,7,Requires additional coaching.,Yes
4974,2744,2025-04-06,Q1,2.2,Poor,4,Excellent leadership and teamwork.,Yes
4975,210,2025-12-11,Q1,4.0,Exceeds Expectations,4,Demonstrates strong problem-solving skills.,No
4976,116,2024-07-09,Q1,4.2,Exceeds Expectations,8,Excellent leadership and teamwork.,Yes
4977,1426,2025-10-26,Q4,4.0,Exceeds Expectations,5,Good communication and collaboration.,Yes
4978,135,2025-05-11,Q2,2.2,Poor,10,Needs improvement in productivity.,No
4979,1102,2024-11-12,Q3,3.9,Meets Expectations,6,Requires additional coaching.,No
4980,2438,2025-12-28,Q4,4.6,Outstanding,7,Strong technical skills.,Yes
4981,1420,2024-07-14,Q3,2.5,Needs Improvement,5,Excellent leadership and teamwork.,No
4982,342,2024-01-27,Q1,3.2,Meets Expectations,8,Good communication and collaboration.,No
4983,1195,2025-05-07,Q3,2.1,Poor,4,Good communication and collaboration.,Yes
4984,1879,2024-04-19,Q2,4.8,Outstanding,10,Requires additional coaching.,No
4985,2349,2024-07-24,Q4,4.3,Exceeds Expectations,9,Consistently exceeds expectations.,No
4986,20,2025-03-26,Q3,4.5,Outstanding,8,Demonstrates strong problem-solving skills.,Yes
4987,1876,2025-11-05,Q1,2.9,Needs Improvement,8,Strong technical skills.,No
4988,2115,2025-10-26,Q3,3.5,Meets Expectations,7,Excellent leadership and teamwork.,Yes
4989,867,2025-08-15,Q3,4.9,Outstanding,9,Reliable and dependable employee.,No
4990,185,2024-05-11,Q4,4.0,Exceeds Expectations,7,Strong technical skills.,No
4991,110,2025-03-19,Q4,3.7,Meets Expectations,6,Reliable and dependable employee.,No
4992,1532,2024-07-13,Q3,4.3,Exceeds Expectations,5,Demonstrates strong problem-solving skills.,Yes
4993,399,2024-04-05,Q1,4.7,Outstanding,3,Needs improvement in productivity.,Yes
4994,2189,2025-04-30,Q4,2.8,Needs Improvement,8,Good communication and collaboration.,Yes
4995,313,2024-05-05,Q4,2.7,Needs Improvement,4,Good communication and collaboration.,Yes
4996,2700,2024-06-23,Q2,3.4,Meets Expectations,7,Excellent leadership and teamwork.,Yes
4997,640,2025-08-11,Q4,2.4,Poor,7,Reliable and dependable employee.,No
4998,2524,2025-11-09,Q4,4.9,Outstanding,5,Excellent leadership and teamwork.,No
4999,1360,2024-08-05,Q2,2.9,Needs Improvement,10,Consistently exceeds expectations.,Yes
5000,264,2024-12-16,Q3,4.6,Outstanding,10,Strong technical skills.,No
5001,1831,2025-06-11,Q1,2.9,Needs Improvement,7,Reliable and dependable employee.,Yes
5002,1867,2025-11-16,Q4,4.9,Outstanding,7,Demonstrates strong problem-solving skills.,Yes
5003,331,2025-11-18,Q1,2.8,Needs Improvement,10,Reliable and dependable employee.,No
5004,1377,2024-09-27,Q3,3.6,Meets Expectations,8,Reliable and dependable employee.,Yes
5005,1736,2025-04-14,Q4,3.3,Meets Expectations,10,Demonstrates strong problem-solving skills.,No
5006,1355,2025-03-14,Q3,2.9,Needs Improvement,7,Demonstrates strong problem-solving skills.,No
5007,284,2025-09-10,Q1,2.7,Needs Improvement,4,Reliable and dependable employee.,Yes
5008,1704,2024-01-20,Q1,5.0,Outstanding,8,Requires additional coaching.,Yes
5009,2849,2024-02-04,Q1,3.4,Meets Expectations,6,Strong technical skills.,No
5010,1021,2025-09-26,Q1,3.5,Meets Expectations,4,Reliable and dependable employee.,No
5011,2163,2025-11-01,Q3,2.9,Needs Improvement,10,Good communication and collaboration.,No
5012,2945,2024-06-04,Q3,4.4,Exceeds Expectations,9,Consistently exceeds expectations.,Yes
5013,1476,2024-09-26,Q4,3.2,Meets Expectations,5,Reliable and dependable employee.,Yes
5014,255,2024-08-19,Q4,4.9,Outstanding,3,Requires additional coaching.,No
5015,2513,2025-12-13,Q1,2.8,Needs Improvement,8,Good communication and collaboration.,Yes
5016,1552,2024-05-09,Q2,2.1,Poor,10,Strong technical skills.,Yes
5017,1017,2025-10-01,Q4,2.2,Poor,5,Demonstrates strong problem-solving skills.,Yes
5018,2200,2024-11-23,Q2,3.2,Meets Expectations,7,Strong technical skills.,No
5019,1443,2025-04-14,Q1,3.3,Meets Expectations,4,Reliable and dependable employee.,Yes
5020,859,2025-07-04,Q1,3.6,Meets Expectations,10,Reliable and dependable employee.,No
5021,2211,2025-04-12,Q1,4.3,Exceeds Expectations,9,Requires additional coaching.,Yes
5022,1307,2025-12-24,Q3,4.1,Exceeds Expectations,8,Needs improvement in productivity.,No
5023,1543,2025-12-20,Q4,2.7,Needs Improvement,8,Strong technical skills.,Yes
5024,2142,2024-02-24,Q2,4.8,Outstanding,5,Needs improvement in productivity.,Yes
5025,312,2024-02-04,Q4,4.8,Outstanding,9,Excellent leadership and teamwork.,No
5026,2513,2025-08-17,Q3,2.8,Needs Improvement,5,Reliable and dependable employee.,No
5027,1840,2024-03-26,Q3,4.7,Outstanding,5,Excellent leadership and teamwork.,Yes
5028,325,2025-03-19,Q2,4.0,Exceeds Expectations,10,Consistently exceeds expectations.,Yes
5029,859,2025-11-07,Q1,4.2,Exceeds Expectations,6,Requires additional coaching.,No
5030,2143,2025-10-28,Q3,3.3,Meets Expectations,5,Demonstrates strong problem-solving skills.,No
5031,2233,2025-03-31,Q4,3.2,Meets Expectations,8,Reliable and dependable employee.,No
5032,590,2025-09-21,Q4,3.6,Meets Expectations,3,Good communication and collaboration.,Yes
5033,26,2025-03-10,Q4,3.5,Meets Expectations,10,Good communication and collaboration.,No
5034,1793,2025-01-05,Q1,4.9,Outstanding,9,Reliable and dependable employee.,Yes
5035,909,2024-02-05,Q3,2.8,Needs Improvement,8,Demonstrates strong problem-solving skills.,Yes
5036,1402,2025-04-21,Q2,4.7,Outstanding,6,Reliable and dependable employee.,No
5037,2047,2025-04-06,Q1,3.9,Meets Expectations,3,Strong technical skills.,No
5038,873,2025-10-26,Q3,3.0,Meets Expectations,10,Good communication and collaboration.,Yes
5039,516,2024-06-06,Q2,4.3,Exceeds Expectations,5,Reliable and dependable employee.,No
5040,1836,2025-11-24,Q1,4.8,Outstanding,7,Reliable and dependable employee.,No
5041,172,2025-02-16,Q2,4.3,Exceeds Expectations,8,Needs improvement in productivity.,No
5042,1190,2025-06-10,Q2,4.7,Outstanding,10,Demonstrates strong problem-solving skills.,Yes
5043,1201,2025-08-03,Q4,2.3,Poor,10,Consistently exceeds expectations.,No
5044,2392,2024-12-09,Q3,3.3,Meets Expectations,9,Demonstrates strong problem-solving skills.,Yes
5045,2162,2025-06-08,Q3,3.2,Meets Expectations,9,Excellent leadership and teamwork.,No
5046,1141,2024-06-16,Q3,3.5,Meets Expectations,9,Demonstrates strong problem-solving skills.,Yes
5047,849,2025-02-27,Q2,2.6,Needs Improvement,4,Reliable and dependable employee.,No
5048,2230,2024-07-30,Q3,3.8,Meets Expectations,10,Demonstrates strong problem-solving skills.,Yes
5049,44,2025-03-19,Q4,4.0,Exceeds Expectations,5,Good communication and collaboration.,No
5050,1282,2025-10-14,Q3,3.7,Meets Expectations,5,Requires additional coaching.,No
5051,131,2025-12-06,Q1,3.5,Meets Expectations,8,Good communication and collaboration.,Yes
5052,349,2025-04-02,Q1,2.4,Poor,6,Good communication and collaboration.,Yes
5053,2842,2025-12-04,Q4,2.4,Poor,4,Requires additional coaching.,Yes
5054,2230,2024-12-27,Q3,2.7,Needs Improvement,9,Excellent leadership and teamwork.,No
5055,2246,2024-05-02,Q1,4.3,Exceeds Expectations,3,Excellent leadership and teamwork.,Yes
5056,1500,2025-09-03,Q2,4.5,Outstanding,10,Strong technical skills.,Yes
5057,1336,2025-03-08,Q1,3.2,Meets Expectations,5,Demonstrates strong problem-solving skills.,No
5058,679,2024-02-19,Q4,3.5,Meets Expectations,4,Needs improvement in productivity.,No
5059,1499,2025-09-27,Q3,3.8,Meets Expectations,10,Strong technical skills.,No
5060,2027,2024-07-20,Q3,3.0,Meets Expectations,8,Needs improvement in productivity.,Yes
5061,1404,2025-12-02,Q2,3.0,Meets Expectations,9,Reliable and dependable employee.,Yes
5062,1815,2025-07-06,Q3,2.3,Poor,7,Consistently exceeds expectations.,Yes
5063,2557,2024-05-30,Q2,3.0,Meets Expectations,8,Reliable and dependable employee.,No
5064,588,2024-07-24,Q1,4.4,Exceeds Expectations,10,Reliable and dependable employee.,Yes
5065,1616,2025-12-26,Q1,4.0,Exceeds Expectations,4,Reliable and dependable employee.,Yes
5066,1227,2025-07-03,Q3,4.5,Outstanding,10,Strong technical skills.,No
5067,1310,2025-03-02,Q2,2.4,Poor,3,Reliable and dependable employee.,No
5068,2584,2024-08-25,Q3,3.2,Meets Expectations,10,Good communication and collaboration.,Yes
5069,2101,2024-01-24,Q2,4.2,Exceeds Expectations,7,Excellent leadership and teamwork.,Yes
5070,2986,2025-12-25,Q2,3.1,Meets Expectations,5,Consistently exceeds expectations.,Yes
5071,1166,2024-12-30,Q3,4.6,Outstanding,3,Reliable and dependable employee.,Yes
5072,1788,2025-12-06,Q1,2.7,Needs Improvement,7,Consistently exceeds expectations.,Yes
5073,2935,2024-02-16,Q1,2.3,Poor,8,Reliable and dependable employee.,No
5074,1959,2025-04-26,Q1,3.7,Meets Expectations,3,Strong technical skills.,No
5075,2490,2024-09-13,Q1,4.7,Outstanding,5,Good communication and collaboration.,Yes
5076,1331,2025-07-22,Q1,2.9,Needs Improvement,4,Consistently exceeds expectations.,Yes
5077,836,2025-01-03,Q2,4.4,Exceeds Expectations,7,Needs improvement in productivity.,No
5078,282,2025-04-17,Q4,2.6,Needs Improvement,5,Demonstrates strong problem-solving skills.,No
5079,2240,2025-05-26,Q2,3.2,Meets Expectations,10,Good communication and collaboration.,No
5080,527,2024-11-03,Q1,2.3,Poor,5,Excellent leadership and teamwork.,Yes
5081,2537,2025-01-30,Q2,2.3,Poor,4,Good communication and collaboration.,Yes
5082,378,2024-01-17,Q3,2.9,Needs Improvement,3,Reliable and dependable employee.,Yes
5083,2278,2025-09-28,Q1,3.6,Meets Expectations,9,Requires additional coaching.,No
5084,1477,2024-01-17,Q1,2.5,Needs Improvement,4,Excellent leadership and teamwork.,Yes
5085,288,2024-06-11,Q2,4.0,Exceeds Expectations,8,Requires additional coaching.,Yes
5086,386,2025-06-03,Q2,3.3,Meets Expectations,6,Requires additional coaching.,No
5087,2004,2025-05-16,Q3,2.2,Poor,4,Demonstrates strong problem-solving skills.,Yes
5088,47,2024-03-12,Q2,4.6,Outstanding,4,Consistently exceeds expectations.,No
5089,1191,2025-02-03,Q1,2.1,Poor,4,Good communication and collaboration.,Yes
5090,651,2024-10-05,Q2,2.1,Poor,7,Strong technical skills.,No
5091,1761,2024-12-22,Q4,2.1,Poor,4,Strong technical skills.,No
5092,1601,2024-09-24,Q4,3.0,Meets Expectations,10,Needs improvement in productivity.,Yes
5093,1467,2024-10-26,Q4,4.1,Exceeds Expectations,5,Good communication and collaboration.,Yes
5094,1546,2025-02-12,Q2,4.3,Exceeds Expectations,4,Requires additional coaching.,Yes
5095,803,2024-06-21,Q1,4.0,Exceeds Expectations,4,Excellent leadership and teamwork.,No
5096,2827,2025-03-17,Q1,4.3,Exceeds Expectations,6,Requires additional coaching.,Yes
5097,248,2024-02-20,Q4,3.3,Meets Expectations,3,Excellent leadership and teamwork.,No
5098,2433,2025-11-01,Q4,3.8,Meets Expectations,9,Requires additional coaching.,Yes
5099,2932,2025-03-24,Q2,2.4,Poor,6,Demonstrates strong problem-solving skills.,Yes
5100,120,2024-10-21,Q3,3.5,Meets Expectations,3,Excellent leadership and teamwork.,No
5101,270,2025-12-27,Q1,2.8,Needs Improvement,9,Good communication and collaboration.,Yes
5102,748,2025-07-18,Q2,2.6,Needs Improvement,3,Requires additional coaching.,No
5103,2190,2025-03-02,Q3,4.3,Exceeds Expectations,7,Good communication and collaboration.,Yes
5104,997,2025-06-11,Q1,3.4,Meets Expectations,10,Reliable and dependable employee.,Yes
5105,2149,2024-05-15,Q3,4.6,Outstanding,5,Needs improvement in productivity.,No
5106,1124,2025-04-25,Q1,3.1,Meets Expectations,6,Consistently exceeds expectations.,No
5107,99,2025-07-07,Q3,4.9,Outstanding,5,Good communication and collaboration.,No
5108,2031,2024-07-19,Q2,3.6,Meets Expectations,10,Good communication and collaboration.,No
5109,2305,2024-11-01,Q2,4.5,Outstanding,5,Good communication and collaboration.,Yes
5110,134,2024-06-22,Q2,2.8,Needs Improvement,9,Strong technical skills.,No
5111,1492,2024-02-04,Q4,3.6,Meets Expectations,9,Strong technical skills.,No
5112,1965,2025-10-02,Q3,4.8,Outstanding,4,Requires additional coaching.,Yes
5113,2012,2025-11-01,Q2,4.3,Exceeds Expectations,3,Requires additional coaching.,Yes
5114,433,2024-01-27,Q3,3.4,Meets Expectations,5,Demonstrates strong problem-solving skills.,No
5115,1637,2025-02-02,Q3,2.1,Poor,8,Strong technical skills.,Yes
5116,2101,2024-09-25,Q3,2.3,Poor,7,Consistently exceeds expectations.,No
5117,1800,2024-12-07,Q1,2.5,Needs Improvement,7,Good communication and collaboration.,No
5118,281,2025-04-10,Q4,2.2,Poor,4,Consistently exceeds expectations.,No
5119,1584,2024-11-22,Q2,4.8,Outstanding,9,Consistently exceeds expectations.,Yes
5120,2116,2025-05-23,Q4,3.8,Meets Expectations,3,Needs improvement in productivity.,No
5121,1392,2025-07-31,Q3,4.1,Exceeds Expectations,9,Needs improvement in productivity.,No
5122,719,2024-06-11,Q2,4.2,Exceeds Expectations,9,Strong technical skills.,Yes
5123,2048,2025-12-30,Q3,3.4,Meets Expectations,3,Good communication and collaboration.,No
5124,2772,2025-06-23,Q3,2.8,Needs Improvement,7,Needs improvement in productivity.,No
5125,2764,2025-10-12,Q4,3.2,Meets Expectations,3,Excellent leadership and teamwork.,Yes
5126,29,2024-10-20,Q1,4.6,Outstanding,9,Reliable and dependable employee.,Yes
5127,2034,2025-05-09,Q2,4.3,Exceeds Expectations,9,Demonstrates strong problem-solving skills.,No
5128,2814,2024-05-28,Q1,2.4,Poor,10,Good communication and collaboration.,No
5129,2173,2025-07-09,Q3,2.7,Needs Improvement,3,Needs improvement in productivity.,No
5130,88,2024-06-25,Q2,4.9,Outstanding,7,Excellent leadership and teamwork.,Yes
5131,1665,2024-07-05,Q3,4.0,Exceeds Expectations,3,Consistently exceeds expectations.,Yes
5132,775,2024-11-29,Q3,3.2,Meets Expectations,3,Good communication and collaboration.,No
5133,2162,2025-12-05,Q3,3.9,Meets Expectations,6,Demonstrates strong problem-solving skills.,No
5134,139,2025-04-04,Q4,2.0,Poor,5,Demonstrates strong problem-solving skills.,No
5135,2919,2025-11-06,Q3,4.0,Exceeds Expectations,4,Strong technical skills.,Yes
5136,2433,2024-07-02,Q3,4.9,Outstanding,7,Requires additional coaching.,No
5137,2360,2025-09-14,Q2,3.0,Meets Expectations,4,Demonstrates strong problem-solving skills.,No
5138,1783,2024-02-07,Q3,2.4,Poor,5,Excellent leadership and teamwork.,Yes
5139,460,2024-09-27,Q1,3.2,Meets Expectations,10,Good communication and collaboration.,No
5140,1254,2024-06-27,Q3,3.4,Meets Expectations,8,Reliable and dependable employee.,Yes
5141,1283,2024-07-11,Q4,4.0,Exceeds Expectations,6,Good communication and collaboration.,Yes
5142,1731,2024-09-19,Q4,2.8,Needs Improvement,4,Excellent leadership and teamwork.,Yes
5143,371,2025-10-09,Q4,3.3,Meets Expectations,4,Reliable and dependable employee.,No
5144,2607,2024-07-22,Q4,4.0,Exceeds Expectations,9,Consistently exceeds expectations.,Yes
5145,168,2025-04-26,Q3,4.6,Outstanding,7,Consistently exceeds expectations.,No
5146,712,2025-11-02,Q2,3.9,Meets Expectations,8,Needs improvement in productivity.,Yes
5147,2220,2025-07-09,Q2,2.6,Needs Improvement,10,Reliable and dependable employee.,No
5148,2921,2024-11-15,Q4,3.1,Meets Expectations,10,Consistently exceeds expectations.,Yes
5149,198,2024-12-19,Q4,4.8,Outstanding,8,Requires additional coaching.,No
5150,2611,2024-07-20,Q4,3.4,Meets Expectations,4,Consistently exceeds expectations.,No
5151,2121,2025-02-03,Q1,3.7,Meets Expectations,10,Excellent leadership and teamwork.,No
5152,299,2024-08-03,Q1,4.8,Outstanding,10,Consistently exceeds expectations.,Yes
5153,1707,2024-12-05,Q3,2.4,Poor,9,Strong technical skills.,No
5154,1564,2024-11-17,Q1,4.1,Exceeds Expectations,4,Good communication and collaboration.,Yes
5155,2362,2025-05-10,Q3,3.4,Meets Expectations,5,Strong technical skills.,No
5156,872,2025-07-30,Q3,4.9,Outstanding,5,Good communication and collaboration.,No
5157,2956,2024-11-16,Q3,4.0,Exceeds Expectations,10,Demonstrates strong problem-solving skills.,Yes
5158,232,2024-08-31,Q1,3.4,Meets Expectations,5,Needs improvement in productivity.,Yes
5159,707,2025-04-02,Q1,3.0,Meets Expectations,5,Consistently exceeds expectations.,Yes
5160,2256,2024-03-26,Q2,4.9,Outstanding,9,Demonstrates strong problem-solving skills.,Yes
5161,2518,2025-01-17,Q4,3.2,Meets Expectations,9,Excellent leadership and teamwork.,Yes
5162,2217,2024-08-01,Q2,3.3,Meets Expectations,6,Needs improvement in productivity.,No
5163,259,2025-06-28,Q4,3.2,Meets Expectations,5,Consistently exceeds expectations.,Yes
5164,57,2025-07-28,Q4,2.6,Needs Improvement,3,Excellent leadership and teamwork.,No
5165,192,2025-03-04,Q4,4.4,Exceeds Expectations,3,Requires additional coaching.,No
5166,2376,2025-10-08,Q1,2.7,Needs Improvement,10,Excellent leadership and teamwork.,Yes
5167,1119,2025-09-01,Q2,3.5,Meets Expectations,9,Demonstrates strong problem-solving skills.,No
5168,2216,2024-11-13,Q4,3.3,Meets Expectations,5,Requires additional coaching.,No
5169,243,2024-03-04,Q3,4.6,Outstanding,7,Needs improvement in productivity.,No
5170,1298,2025-10-20,Q4,3.3,Meets Expectations,10,Requires additional coaching.,No
5171,2773,2025-06-05,Q2,2.8,Needs Improvement,4,Demonstrates strong problem-solving skills.,No
5172,2042,2024-06-21,Q3,3.4,Meets Expectations,3,Excellent leadership and teamwork.,Yes
5173,1259,2024-10-19,Q2,3.0,Meets Expectations,5,Excellent leadership and teamwork.,Yes
5174,1792,2025-07-18,Q4,4.9,Outstanding,6,Excellent leadership and teamwork.,Yes
5175,513,2025-12-18,Q4,4.5,Outstanding,7,Needs improvement in productivity.,Yes
5176,1521,2024-04-16,Q2,4.9,Outstanding,6,Excellent leadership and teamwork.,Yes
5177,1891,2024-12-14,Q3,4.3,Exceeds Expectations,3,Requires additional coaching.,Yes
5178,1373,2024-03-17,Q3,2.3,Poor,5,Reliable and dependable employee.,No
5179,1905,2025-07-06,Q4,3.2,Meets Expectations,8,Consistently exceeds expectations.,Yes
5180,1404,2024-09-22,Q2,4.1,Exceeds Expectations,10,Excellent leadership and teamwork.,Yes
5181,2950,2024-02-07,Q2,4.4,Exceeds Expectations,9,Requires additional coaching.,Yes
5182,796,2024-04-22,Q4,2.4,Poor,6,Good communication and collaboration.,No
5183,531,2024-05-02,Q3,2.4,Poor,9,Reliable and dependable employee.,Yes
5184,1907,2025-06-07,Q2,2.4,Poor,10,Reliable and dependable employee.,Yes
5185,1381,2025-04-07,Q2,4.3,Exceeds Expectations,4,Excellent leadership and teamwork.,Yes
5186,940,2025-02-02,Q1,4.2,Exceeds Expectations,3,Strong technical skills.,Yes
5187,2683,2025-01-01,Q1,2.6,Needs Improvement,6,Demonstrates strong problem-solving skills.,Yes
5188,1095,2025-07-08,Q2,2.6,Needs Improvement,6,Consistently exceeds expectations.,Yes
5189,2185,2024-04-23,Q4,2.8,Needs Improvement,4,Reliable and dependable employee.,No
5190,2645,2025-05-25,Q1,3.5,Meets Expectations,7,Demonstrates strong problem-solving skills.,Yes
5191,1802,2025-09-27,Q3,2.3,Poor,4,Demonstrates strong problem-solving skills.,No
5192,2341,2024-11-05,Q1,4.0,Exceeds Expectations,9,Strong technical skills.,No
5193,2892,2024-04-04,Q3,3.1,Meets Expectations,5,Consistently exceeds expectations.,No
5194,2005,2024-02-18,Q2,4.0,Exceeds Expectations,10,Reliable and dependable employee.,No
5195,1186,2025-10-06,Q2,2.1,Poor,5,Demonstrates strong problem-solving skills.,Yes
5196,2653,2024-11-18,Q4,4.9,Outstanding,8,Good communication and collaboration.,No
5197,2973,2025-05-15,Q2,4.9,Outstanding,3,Good communication and collaboration.,No
5198,2514,2025-12-19,Q4,4.7,Outstanding,6,Good communication and collaboration.,Yes
5199,2841,2024-10-31,Q2,3.1,Meets Expectations,5,Consistently exceeds expectations.,No
5200,2383,2025-02-11,Q4,4.5,Outstanding,8,Needs improvement in productivity.,Yes
5201,2790,2025-10-23,Q1,4.1,Exceeds Expectations,5,Needs improvement in productivity.,Yes
5202,1623,2024-01-11,Q4,3.3,Meets Expectations,3,Requires additional coaching.,No
5203,915,2024-05-10,Q4,5.0,Outstanding,9,Demonstrates strong problem-solving skills.,Yes
5204,1220,2024-02-22,Q4,4.5,Outstanding,6,Reliable and dependable employee.,No
5205,2967,2025-07-14,Q1,3.8,Meets Expectations,6,Needs improvement in productivity.,Yes
5206,1272,2024-03-29,Q4,2.4,Poor,9,Reliable and dependable employee.,Yes
5207,423,2025-05-07,Q4,3.0,Meets Expectations,6,Demonstrates strong problem-solving skills.,No
5208,844,2024-02-11,Q4,3.7,Meets Expectations,6,Strong technical skills.,No
5209,2444,2024-11-11,Q2,2.9,Needs Improvement,8,Needs improvement in productivity.,No
5210,1699,2025-08-02,Q3,3.1,Meets Expectations,6,Consistently exceeds expectations.,No
5211,239,2024-08-19,Q2,3.5,Meets Expectations,3,Excellent leadership and teamwork.,Yes
5212,373,2024-05-02,Q2,2.0,Poor,10,Good communication and collaboration.,No
5213,2751,2025-05-09,Q2,3.1,Meets Expectations,8,Requires additional coaching.,No
5214,840,2024-04-30,Q2,4.2,Exceeds Expectations,5,Good communication and collaboration.,No
5215,2069,2025-09-30,Q2,3.4,Meets Expectations,4,Requires additional coaching.,No
5216,21,2025-05-25,Q1,4.4,Exceeds Expectations,3,Excellent leadership and teamwork.,No
5217,2248,2025-01-06,Q4,3.6,Meets Expectations,3,Demonstrates strong problem-solving skills.,Yes
5218,632,2024-03-11,Q3,3.2,Meets Expectations,10,Good communication and collaboration.,No
5219,2106,2025-07-24,Q3,3.1,Meets Expectations,7,Consistently exceeds expectations.,No
5220,1765,2025-11-06,Q1,4.4,Exceeds Expectations,6,Demonstrates strong problem-solving skills.,Yes
5221,1700,2025-08-08,Q3,2.9,Needs Improvement,4,Excellent leadership and teamwork.,No
5222,1434,2025-05-25,Q2,4.3,Exceeds Expectations,7,Requires additional coaching.,No
5223,2354,2025-08-19,Q3,4.5,Outstanding,10,Good communication and collaboration.,Yes
5224,2211,2025-10-13,Q1,3.3,Meets Expectations,8,Reliable and dependable employee.,Yes
5225,2701,2025-06-18,Q4,3.0,Meets Expectations,8,Consistently exceeds expectations.,Yes
5226,1813,2024-03-05,Q3,3.6,Meets Expectations,10,Demonstrates strong problem-solving skills.,Yes
5227,2431,2024-11-25,Q2,3.6,Meets Expectations,10,Strong technical skills.,Yes
5228,1082,2024-05-06,Q4,3.1,Meets Expectations,8,Good communication and collaboration.,Yes
5229,1619,2024-06-13,Q3,2.5,Needs Improvement,3,Reliable and dependable employee.,Yes
5230,185,2024-11-16,Q4,3.5,Meets Expectations,7,Requires additional coaching.,Yes
5231,1087,2025-09-01,Q3,4.8,Outstanding,6,Needs improvement in productivity.,No
5232,2165,2025-04-21,Q3,3.2,Meets Expectations,5,Consistently exceeds expectations.,Yes
5233,419,2025-05-16,Q4,4.1,Exceeds Expectations,3,Good communication and collaboration.,No
5234,261,2025-12-25,Q1,2.0,Poor,6,Needs improvement in productivity.,No
5235,1719,2025-06-26,Q4,3.9,Meets Expectations,9,Excellent leadership and teamwork.,No
5236,2407,2024-07-29,Q2,4.4,Exceeds Expectations,10,Requires additional coaching.,No
5237,1808,2024-08-05,Q4,2.8,Needs Improvement,4,Consistently exceeds expectations.,No
5238,333,2024-12-14,Q1,2.6,Needs Improvement,8,Excellent leadership and teamwork.,Yes
5239,2978,2025-08-06,Q4,3.7,Meets Expectations,8,Needs improvement in productivity.,No
5240,2909,2025-02-03,Q1,3.5,Meets Expectations,3,Excellent leadership and teamwork.,No
5241,503,2025-12-13,Q2,2.9,Needs Improvement,6,Good communication and collaboration.,No
5242,537,2024-08-30,Q4,4.5,Outstanding,9,Excellent leadership and teamwork.,Yes
5243,916,2024-03-03,Q3,3.5,Meets Expectations,3,Excellent leadership and teamwork.,Yes
5244,2401,2024-06-23,Q4,3.0,Meets Expectations,6,Excellent leadership and teamwork.,Yes
5245,128,2025-09-02,Q3,2.2,Poor,8,Demonstrates strong problem-solving skills.,Yes
5246,2220,2024-11-25,Q3,2.3,Poor,3,Requires additional coaching.,Yes
5247,2449,2025-03-19,Q1,2.9,Needs Improvement,6,Requires additional coaching.,No
5248,149,2025-09-20,Q3,4.6,Outstanding,4,Consistently exceeds expectations.,Yes
5249,2361,2025-10-24,Q4,3.2,Meets Expectations,4,Requires additional coaching.,No
5250,315,2024-05-11,Q1,3.4,Meets Expectations,7,Reliable and dependable employee.,Yes
5251,2897,2024-03-29,Q3,2.5,Needs Improvement,3,Demonstrates strong problem-solving skills.,Yes
5252,2459,2024-02-25,Q2,3.3,Meets Expectations,6,Good communication and collaboration.,Yes
5253,305,2025-07-03,Q3,4.3,Exceeds Expectations,8,Reliable and dependable employee.,Yes
5254,173,2024-02-17,Q3,3.7,Meets Expectations,3,Excellent leadership and teamwork.,Yes
5255,1958,2025-09-09,Q1,4.6,Outstanding,10,Demonstrates strong problem-solving skills.,No
5256,2139,2024-10-06,Q4,3.7,Meets Expectations,5,Demonstrates strong problem-solving skills.,No
5257,2216,2025-02-28,Q4,2.0,Poor,4,Consistently exceeds expectations.,Yes
5258,1698,2025-04-17,Q2,4.4,Exceeds Expectations,3,Good communication and collaboration.,Yes
5259,1591,2024-05-08,Q3,3.8,Meets Expectations,4,Requires additional coaching.,No
5260,2009,2025-09-19,Q2,4.0,Exceeds Expectations,4,Consistently exceeds expectations.,No
5261,197,2025-04-03,Q1,4.5,Outstanding,4,Consistently exceeds expectations.,Yes
5262,2737,2025-05-30,Q2,4.1,Exceeds Expectations,6,Good communication and collaboration.,Yes
5263,746,2025-08-23,Q4,3.0,Meets Expectations,5,Excellent leadership and teamwork.,No
5264,618,2025-11-18,Q3,2.7,Needs Improvement,8,Requires additional coaching.,Yes
5265,83,2025-07-16,Q4,4.6,Outstanding,4,Requires additional coaching.,Yes
5266,1181,2025-07-04,Q3,3.1,Meets Expectations,5,Consistently exceeds expectations.,Yes
5267,578,2025-09-08,Q2,4.3,Exceeds Expectations,9,Excellent leadership and teamwork.,Yes
5268,1659,2025-04-29,Q1,4.4,Exceeds Expectations,3,Strong technical skills.,No
5269,1668,2025-08-28,Q1,4.5,Outstanding,10,Consistently exceeds expectations.,No
5270,157,2024-07-31,Q2,4.4,Exceeds Expectations,7,Requires additional coaching.,No
5271,1080,2024-02-14,Q3,2.8,Needs Improvement,3,Requires additional coaching.,Yes
5272,2420,2024-01-04,Q3,4.0,Exceeds Expectations,3,Requires additional coaching.,Yes
5273,2836,2025-10-14,Q3,4.8,Outstanding,8,Requires additional coaching.,No
5274,2434,2024-03-11,Q3,3.7,Meets Expectations,3,Demonstrates strong problem-solving skills.,No
5275,581,2025-07-06,Q3,3.8,Meets Expectations,4,Strong technical skills.,Yes
5276,2725,2025-08-23,Q1,3.9,Meets Expectations,7,Needs improvement in productivity.,No
5277,2665,2024-12-26,Q4,3.3,Meets Expectations,5,Needs improvement in productivity.,Yes
5278,2763,2025-06-13,Q3,4.3,Exceeds Expectations,10,Requires additional coaching.,No
5279,2478,2024-06-30,Q3,2.3,Poor,6,Excellent leadership and teamwork.,Yes
5280,1601,2024-07-17,Q3,4.8,Outstanding,10,Reliable and dependable employee.,No
5281,506,2024-06-06,Q3,3.4,Meets Expectations,9,Needs improvement in productivity.,Yes
5282,552,2025-05-12,Q4,4.9,Outstanding,5,Demonstrates strong problem-solving skills.,No
5283,348,2025-03-20,Q4,2.4,Poor,9,Reliable and dependable employee.,No
5284,1784,2025-11-08,Q2,2.0,Poor,7,Reliable and dependable employee.,No
5285,1639,2024-09-24,Q4,4.6,Outstanding,10,Excellent leadership and teamwork.,Yes
5286,1622,2024-07-18,Q2,3.1,Meets Expectations,10,Demonstrates strong problem-solving skills.,No
5287,184,2024-04-13,Q3,2.5,Needs Improvement,10,Reliable and dependable employee.,Yes
5288,356,2024-05-04,Q2,4.2,Exceeds Expectations,8,Reliable and dependable employee.,No
5289,735,2024-05-12,Q3,4.9,Outstanding,5,Needs improvement in productivity.,No
5290,139,2025-06-15,Q3,2.0,Poor,7,Requires additional coaching.,Yes
5291,1854,2025-03-25,Q3,2.5,Needs Improvement,3,Needs improvement in productivity.,Yes
5292,34,2024-02-29,Q2,3.9,Meets Expectations,8,Good communication and collaboration.,Yes
5293,772,2025-10-31,Q3,4.2,Exceeds Expectations,8,Requires additional coaching.,Yes
5294,1350,2024-06-10,Q2,3.8,Meets Expectations,7,Reliable and dependable employee.,Yes
5295,613,2024-12-17,Q1,2.4,Poor,3,Consistently exceeds expectations.,Yes
5296,2371,2024-08-18,Q3,2.8,Needs Improvement,6,Consistently exceeds expectations.,No
5297,2861,2024-12-03,Q1,3.9,Meets Expectations,7,Excellent leadership and teamwork.,No
5298,2098,2025-12-21,Q2,2.7,Needs Improvement,10,Demonstrates strong problem-solving skills.,Yes
5299,2823,2025-07-22,Q1,4.6,Outstanding,5,Consistently exceeds expectations.,Yes
5300,1750,2025-05-11,Q2,4.8,Outstanding,6,Consistently exceeds expectations.,Yes
5301,2016,2025-12-15,Q1,3.9,Meets Expectations,4,Excellent leadership and teamwork.,Yes
5302,2790,2025-10-04,Q2,3.7,Meets Expectations,7,Reliable and dependable employee.,No
5303,1409,2024-05-18,Q4,5.0,Outstanding,6,Needs improvement in productivity.,No
5304,2065,2024-03-20,Q3,3.4,Meets Expectations,8,Reliable and dependable employee.,No
5305,874,2024-07-25,Q3,4.3,Exceeds Expectations,5,Good communication and collaboration.,No
5306,2567,2024-08-27,Q3,2.4,Poor,7,Reliable and dependable employee.,Yes
5307,2619,2025-09-13,Q3,3.0,Meets Expectations,4,Consistently exceeds expectations.,No
5308,2157,2025-03-15,Q2,4.0,Exceeds Expectations,3,Needs improvement in productivity.,Yes
5309,1023,2025-09-19,Q3,2.8,Needs Improvement,6,Reliable and dependable employee.,No
5310,651,2024-08-20,Q3,2.0,Poor,10,Requires additional coaching.,No
5311,1783,2024-09-18,Q4,3.1,Meets Expectations,3,Reliable and dependable employee.,No
5312,1226,2025-08-22,Q4,3.0,Meets Expectations,4,Reliable and dependable employee.,Yes
5313,2564,2024-05-21,Q2,3.4,Meets Expectations,4,Good communication and collaboration.,No
5314,2276,2025-06-19,Q2,3.1,Meets Expectations,4,Needs improvement in productivity.,Yes
5315,1623,2024-11-19,Q1,2.4,Poor,10,Strong technical skills.,Yes
5316,1053,2025-05-03,Q3,4.4,Exceeds Expectations,6,Excellent leadership and teamwork.,Yes
5317,63,2024-03-12,Q1,4.4,Exceeds Expectations,7,Strong technical skills.,No
5318,584,2025-04-17,Q4,3.8,Meets Expectations,7,Needs improvement in productivity.,No
5319,1278,2025-09-28,Q2,2.8,Needs Improvement,6,Consistently exceeds expectations.,No
5320,397,2024-02-06,Q3,4.4,Exceeds Expectations,6,Good communication and collaboration.,Yes
5321,1134,2024-07-04,Q4,4.4,Exceeds Expectations,5,Requires additional coaching.,No
5322,117,2025-07-26,Q1,2.3,Poor,6,Strong technical skills.,Yes
5323,1207,2025-03-25,Q4,2.9,Needs Improvement,8,Needs improvement in productivity.,No
5324,2568,2024-01-02,Q1,2.2,Poor,10,Requires additional coaching.,Yes
5325,2911,2024-01-20,Q2,5.0,Outstanding,4,Needs improvement in productivity.,Yes
5326,2045,2024-09-15,Q2,3.8,Meets Expectations,10,Requires additional coaching.,Yes
5327,2110,2024-04-06,Q3,2.4,Poor,3,Good communication and collaboration.,Yes
5328,482,2025-09-19,Q2,2.5,Needs Improvement,6,Needs improvement in productivity.,No
5329,2281,2024-11-20,Q4,2.1,Poor,3,Strong technical skills.,No
5330,847,2024-06-26,Q3,4.1,Exceeds Expectations,6,Requires additional coaching.,No
5331,1269,2025-09-05,Q4,3.4,Meets Expectations,7,Excellent leadership and teamwork.,No
5332,74,2024-09-21,Q4,2.7,Needs Improvement,9,Needs improvement in productivity.,No
5333,52,2024-05-15,Q4,2.0,Poor,9,Reliable and dependable employee.,Yes
5334,2252,2024-07-15,Q1,4.6,Outstanding,5,Reliable and dependable employee.,Yes
5335,2380,2025-12-18,Q2,4.5,Outstanding,9,Reliable and dependable employee.,No
5336,2276,2025-03-20,Q4,4.4,Exceeds Expectations,5,Requires additional coaching.,No
5337,2902,2024-09-20,Q2,4.4,Exceeds Expectations,6,Excellent leadership and teamwork.,No
5338,2957,2024-03-31,Q4,4.3,Exceeds Expectations,5,Excellent leadership and teamwork.,No
5339,1643,2025-10-24,Q4,4.0,Exceeds Expectations,3,Strong technical skills.,No
5340,949,2024-11-01,Q2,2.3,Poor,7,Strong technical skills.,Yes
5341,1393,2024-12-14,Q3,3.6,Meets Expectations,4,Consistently exceeds expectations.,No
5342,1774,2024-12-15,Q2,3.1,Meets Expectations,7,Reliable and dependable employee.,Yes
5343,120,2024-03-04,Q2,4.6,Outstanding,10,Consistently exceeds expectations.,No
5344,2899,2024-09-09,Q2,2.1,Poor,9,Strong technical skills.,Yes
5345,341,2024-05-26,Q3,4.1,Exceeds Expectations,8,Needs improvement in productivity.,No
5346,2346,2025-06-08,Q2,4.8,Outstanding,4,Good communication and collaboration.,No
5347,2351,2024-01-23,Q1,4.3,Exceeds Expectations,6,Requires additional coaching.,Yes
5348,2824,2025-10-20,Q4,3.2,Meets Expectations,5,Demonstrates strong problem-solving skills.,No
5349,1890,2025-01-27,Q4,3.3,Meets Expectations,10,Demonstrates strong problem-solving skills.,No
5350,2327,2025-12-19,Q4,2.6,Needs Improvement,4,Good communication and collaboration.,No
5351,366,2024-02-11,Q1,3.5,Meets Expectations,8,Good communication and collaboration.,Yes
5352,2244,2024-05-08,Q3,4.0,Exceeds Expectations,5,Requires additional coaching.,No
5353,534,2025-01-08,Q1,2.6,Needs Improvement,10,Requires additional coaching.,Yes
5354,1489,2024-06-09,Q1,4.6,Outstanding,4,Consistently exceeds expectations.,Yes
5355,918,2024-06-24,Q3,3.8,Meets Expectations,7,Excellent leadership and teamwork.,No
5356,1160,2024-12-26,Q2,2.6,Needs Improvement,9,Strong technical skills.,No
5357,2534,2024-12-09,Q1,2.5,Needs Improvement,7,Excellent leadership and teamwork.,Yes
5358,11,2025-12-30,Q4,4.6,Outstanding,4,Requires additional coaching.,No
5359,1886,2025-09-25,Q1,4.1,Exceeds Expectations,7,Consistently exceeds expectations.,No
5360,1972,2024-05-16,Q1,2.7,Needs Improvement,9,Demonstrates strong problem-solving skills.,No
5361,1892,2024-08-27,Q4,4.0,Exceeds Expectations,10,Reliable and dependable employee.,Yes
5362,2393,2025-03-24,Q1,4.0,Exceeds Expectations,3,Reliable and dependable employee.,Yes
5363,1877,2024-01-15,Q3,2.5,Needs Improvement,6,Reliable and dependable employee.,Yes
5364,1491,2025-04-30,Q4,3.5,Meets Expectations,10,Reliable and dependable employee.,No
5365,1488,2024-03-24,Q4,3.9,Meets Expectations,4,Needs improvement in productivity.,No
5366,2794,2025-05-26,Q2,3.3,Meets Expectations,5,Demonstrates strong problem-solving skills.,No
5367,30,2024-10-04,Q3,2.4,Poor,7,Consistently exceeds expectations.,No
5368,2769,2025-07-09,Q2,3.5,Meets Expectations,9,Excellent leadership and teamwork.,No
5369,2081,2024-09-07,Q4,3.0,Meets Expectations,4,Excellent leadership and teamwork.,No
5370,2759,2024-12-12,Q2,3.8,Meets Expectations,8,Requires additional coaching.,No
5371,2422,2024-08-04,Q2,2.9,Needs Improvement,6,Requires additional coaching.,No
5372,1113,2025-11-06,Q1,4.7,Outstanding,5,Requires additional coaching.,Yes
5373,616,2024-08-12,Q4,3.5,Meets Expectations,9,Needs improvement in productivity.,No
5374,1081,2024-01-16,Q4,4.2,Exceeds Expectations,9,Requires additional coaching.,No
5375,2390,2025-08-23,Q4,3.9,Meets Expectations,4,Needs improvement in productivity.,No
5376,2574,2025-03-02,Q2,4.4,Exceeds Expectations,7,Demonstrates strong problem-solving skills.,No
5377,1310,2025-06-24,Q2,3.9,Meets Expectations,7,Excellent leadership and teamwork.,No
5378,989,2024-04-11,Q2,3.3,Meets Expectations,3,Strong technical skills.,No
5379,1290,2025-12-20,Q3,4.6,Outstanding,8,Excellent leadership and teamwork.,Yes
5380,1807,2025-04-30,Q3,4.4,Exceeds Expectations,7,Excellent leadership and teamwork.,No
5381,2151,2025-09-13,Q2,2.0,Poor,6,Good communication and collaboration.,No
5382,1651,2025-01-25,Q2,3.7,Meets Expectations,4,Good communication and collaboration.,No
5383,2462,2025-11-27,Q1,3.1,Meets Expectations,7,Excellent leadership and teamwork.,No
5384,907,2025-01-29,Q1,3.4,Meets Expectations,7,Consistently exceeds expectations.,No
5385,6,2025-04-20,Q4,4.2,Exceeds Expectations,6,Reliable and dependable employee.,No
5386,121,2024-11-13,Q1,2.9,Needs Improvement,5,Requires additional coaching.,No
5387,2116,2024-02-03,Q4,2.7,Needs Improvement,9,Good communication and collaboration.,Yes
5388,1194,2024-09-07,Q4,4.8,Outstanding,7,Requires additional coaching.,No
5389,2834,2025-01-31,Q4,5.0,Outstanding,9,Excellent leadership and teamwork.,Yes
5390,895,2025-08-23,Q2,4.6,Outstanding,10,Good communication and collaboration.,No
5391,1084,2024-07-28,Q2,2.3,Poor,3,Strong technical skills.,Yes
5392,219,2024-09-11,Q1,4.6,Outstanding,5,Demonstrates strong problem-solving skills.,No
5393,184,2024-07-31,Q1,3.4,Meets Expectations,8,Consistently exceeds expectations.,No
5394,1225,2024-03-08,Q3,4.9,Outstanding,10,Demonstrates strong problem-solving skills.,No
5395,829,2025-03-18,Q2,3.6,Meets Expectations,3,Requires additional coaching.,Yes
5396,1080,2024-05-23,Q3,2.8,Needs Improvement,10,Needs improvement in productivity.,No
5397,2892,2024-04-05,Q2,4.8,Outstanding,8,Excellent leadership and teamwork.,No
5398,2739,2024-05-10,Q2,4.3,Exceeds Expectations,9,Excellent leadership and teamwork.,Yes
5399,1915,2024-06-06,Q4,2.1,Poor,10,Needs improvement in productivity.,No
5400,1927,2025-12-07,Q1,2.2,Poor,4,Reliable and dependable employee.,Yes
5401,980,2025-11-16,Q4,4.6,Outstanding,4,Good communication and collaboration.,Yes
5402,522,2024-03-29,Q4,2.6,Needs Improvement,7,Needs improvement in productivity.,No
5403,2754,2025-12-05,Q2,2.3,Poor,6,Demonstrates strong problem-solving skills.,No
5404,2051,2024-04-21,Q3,3.3,Meets Expectations,3,Demonstrates strong problem-solving skills.,Yes
5405,184,2025-05-17,Q4,3.9,Meets Expectations,8,Consistently exceeds expectations.,Yes
5406,1751,2024-02-15,Q4,2.8,Needs Improvement,3,Demonstrates strong problem-solving skills.,Yes
5407,2204,2024-10-06,Q3,4.0,Exceeds Expectations,10,Strong technical skills.,Yes
5408,44,2025-03-06,Q3,2.7,Needs Improvement,10,Good communication and collaboration.,No
5409,1346,2025-04-09,Q1,4.0,Exceeds Expectations,7,Strong technical skills.,Yes
5410,1963,2025-01-17,Q1,2.6,Needs Improvement,3,Good communication and collaboration.,Yes
5411,1851,2024-02-23,Q2,3.7,Meets Expectations,9,Strong technical skills.,Yes
5412,339,2025-12-22,Q3,3.3,Meets Expectations,7,Strong technical skills.,No
5413,171,2025-08-18,Q3,3.7,Meets Expectations,6,Excellent leadership and teamwork.,Yes
5414,763,2025-09-25,Q1,4.9,Outstanding,10,Needs improvement in productivity.,No
5415,21,2024-03-08,Q3,4.5,Outstanding,5,Requires additional coaching.,Yes
5416,509,2025-10-07,Q2,4.2,Exceeds Expectations,6,Excellent leadership and teamwork.,Yes
5417,2487,2024-07-07,Q4,4.8,Outstanding,9,Good communication and collaboration.,Yes
5418,88,2025-11-03,Q2,4.9,Outstanding,6,Needs improvement in productivity.,No
5419,1445,2024-04-27,Q1,2.8,Needs Improvement,6,Excellent leadership and teamwork.,No
5420,2447,2024-03-19,Q1,3.9,Meets Expectations,8,Strong technical skills.,Yes
5421,738,2025-10-27,Q2,4.0,Exceeds Expectations,5,Excellent leadership and teamwork.,Yes
5422,598,2024-03-31,Q3,4.6,Outstanding,6,Consistently exceeds expectations.,No
5423,18,2024-07-09,Q2,2.1,Poor,6,Consistently exceeds expectations.,Yes
5424,2867,2024-05-02,Q4,2.1,Poor,5,Excellent leadership and teamwork.,No
5425,2165,2025-07-06,Q1,4.6,Outstanding,6,Excellent leadership and teamwork.,No
5426,1218,2024-01-28,Q4,3.6,Meets Expectations,6,Needs improvement in productivity.,No
5427,1989,2024-08-15,Q2,3.8,Meets Expectations,5,Strong technical skills.,No
5428,2614,2024-10-19,Q2,4.0,Exceeds Expectations,4,Needs improvement in productivity.,Yes
5429,2195,2025-11-14,Q2,2.5,Needs Improvement,6,Reliable and dependable employee.,No
5430,1125,2025-12-11,Q3,4.6,Outstanding,4,Needs improvement in productivity.,Yes
5431,1485,2024-07-15,Q4,3.1,Meets Expectations,9,Consistently exceeds expectations.,No
5432,1387,2024-05-15,Q2,3.8,Meets Expectations,3,Consistently exceeds expectations.,No
5433,2982,2025-11-26,Q3,4.2,Exceeds Expectations,7,Strong technical skills.,No
5434,1588,2024-02-24,Q3,2.3,Poor,3,Strong technical skills.,No
5435,2397,2025-07-24,Q3,4.2,Exceeds Expectations,3,Reliable and dependable employee.,No
5436,1181,2024-11-18,Q3,3.2,Meets Expectations,3,Good communication and collaboration.,No
5437,110,2025-05-27,Q4,3.3,Meets Expectations,8,Needs improvement in productivity.,No
5438,2464,2024-04-19,Q2,4.1,Exceeds Expectations,8,Needs improvement in productivity.,Yes
5439,254,2025-12-15,Q2,3.5,Meets Expectations,5,Demonstrates strong problem-solving skills.,No
5440,1351,2024-09-17,Q4,2.9,Needs Improvement,10,Demonstrates strong problem-solving skills.,No
5441,1525,2025-06-04,Q2,3.7,Meets Expectations,8,Strong technical skills.,Yes
5442,517,2025-04-04,Q4,2.7,Needs Improvement,5,Strong technical skills.,Yes
5443,1977,2024-02-13,Q1,3.8,Meets Expectations,3,Demonstrates strong problem-solving skills.,Yes
5444,2912,2024-06-13,Q3,2.9,Needs Improvement,8,Strong technical skills.,No
5445,2332,2024-07-26,Q4,4.1,Exceeds Expectations,10,Strong technical skills.,Yes
5446,1788,2025-08-06,Q2,3.3,Meets Expectations,8,Requires additional coaching.,No
5447,481,2025-04-24,Q3,2.5,Needs Improvement,6,Needs improvement in productivity.,Yes
5448,692,2024-05-14,Q4,4.3,Exceeds Expectations,10,Strong technical skills.,Yes
5449,1539,2024-07-18,Q2,2.9,Needs Improvement,5,Demonstrates strong problem-solving skills.,Yes
5450,2784,2024-08-31,Q3,3.4,Meets Expectations,6,Consistently exceeds expectations.,No
5451,1507,2024-06-23,Q2,4.8,Outstanding,7,Consistently exceeds expectations.,No
5452,2610,2024-11-06,Q1,4.5,Outstanding,8,Strong technical skills.,No
5453,1378,2025-02-15,Q3,3.7,Meets Expectations,8,Needs improvement in productivity.,No
5454,1490,2024-12-24,Q2,4.8,Outstanding,4,Requires additional coaching.,Yes
5455,834,2025-12-17,Q4,3.1,Meets Expectations,9,Requires additional coaching.,Yes
5456,2296,2025-04-01,Q3,4.5,Outstanding,3,Strong technical skills.,Yes
5457,123,2025-05-04,Q1,3.5,Meets Expectations,7,Good communication and collaboration.,Yes
5458,1941,2024-10-20,Q3,2.3,Poor,10,Needs improvement in productivity.,Yes
5459,383,2024-06-04,Q4,3.9,Meets Expectations,6,Good communication and collaboration.,No
5460,2278,2024-12-08,Q1,3.2,Meets Expectations,6,Consistently exceeds expectations.,No
5461,148,2024-09-16,Q3,3.6,Meets Expectations,3,Consistently exceeds expectations.,Yes
5462,1510,2024-04-27,Q2,3.1,Meets Expectations,4,Consistently exceeds expectations.,Yes
5463,1514,2025-07-25,Q2,4.5,Outstanding,3,Reliable and dependable employee.,No
5464,1168,2025-05-22,Q2,2.1,Poor,6,Good communication and collaboration.,No
5465,996,2024-10-05,Q1,3.5,Meets Expectations,5,Excellent leadership and teamwork.,Yes
5466,2226,2024-08-26,Q4,3.7,Meets Expectations,5,Consistently exceeds expectations.,Yes
5467,2164,2025-09-14,Q4,2.9,Needs Improvement,4,Requires additional coaching.,No
5468,1771,2024-11-15,Q3,3.2,Meets Expectations,5,Excellent leadership and teamwork.,Yes
5469,1225,2024-03-17,Q1,3.5,Meets Expectations,5,Strong technical skills.,Yes
5470,1658,2024-08-22,Q4,3.3,Meets Expectations,7,Reliable and dependable employee.,No
5471,1258,2024-12-09,Q1,2.8,Needs Improvement,7,Demonstrates strong problem-solving skills.,Yes
5472,2803,2025-11-13,Q4,4.3,Exceeds Expectations,9,Requires additional coaching.,Yes
5473,1812,2024-08-27,Q3,3.8,Meets Expectations,4,Demonstrates strong problem-solving skills.,No
5474,1239,2024-06-26,Q2,2.8,Needs Improvement,7,Requires additional coaching.,No
5475,2719,2025-01-11,Q3,2.3,Poor,9,Good communication and collaboration.,No
5476,1022,2025-04-23,Q3,2.3,Poor,8,Requires additional coaching.,No
5477,1274,2024-06-18,Q2,4.0,Exceeds Expectations,7,Excellent leadership and teamwork.,Yes
5478,2567,2024-05-19,Q1,3.1,Meets Expectations,9,Strong technical skills.,No
5479,1600,2025-01-22,Q1,3.3,Meets Expectations,4,Reliable and dependable employee.,Yes
5480,2362,2024-03-13,Q2,4.3,Exceeds Expectations,6,Reliable and dependable employee.,No
5481,1572,2024-09-16,Q2,3.7,Meets Expectations,5,Excellent leadership and teamwork.,Yes
5482,1916,2024-02-07,Q4,2.6,Needs Improvement,7,Excellent leadership and teamwork.,No
5483,2767,2024-05-01,Q2,4.1,Exceeds Expectations,9,Demonstrates strong problem-solving skills.,No
5484,2896,2025-05-09,Q3,4.6,Outstanding,10,Good communication and collaboration.,Yes
5485,1088,2025-07-26,Q3,4.4,Exceeds Expectations,9,Needs improvement in productivity.,No
5486,2714,2025-11-27,Q3,3.2,Meets Expectations,10,Requires additional coaching.,Yes
5487,222,2025-05-05,Q3,4.7,Outstanding,4,Reliable and dependable employee.,No
5488,2610,2024-07-21,Q4,4.2,Exceeds Expectations,7,Strong technical skills.,No
5489,880,2025-04-30,Q2,4.9,Outstanding,5,Demonstrates strong problem-solving skills.,Yes
5490,1506,2024-02-23,Q3,3.2,Meets Expectations,9,Needs improvement in productivity.,Yes
5491,1030,2024-01-04,Q2,4.4,Exceeds Expectations,3,Excellent leadership and teamwork.,No
5492,619,2024-09-12,Q4,2.3,Poor,10,Strong technical skills.,No
5493,2931,2025-11-22,Q3,2.3,Poor,5,Excellent leadership and teamwork.,Yes
5494,1335,2024-02-26,Q1,2.2,Poor,8,Excellent leadership and teamwork.,No
5495,1675,2024-01-09,Q1,3.1,Meets Expectations,6,Good communication and collaboration.,No
5496,2242,2025-05-29,Q1,3.0,Meets Expectations,7,Good communication and collaboration.,Yes
5497,762,2025-08-01,Q4,4.1,Exceeds Expectations,9,Requires additional coaching.,Yes
5498,763,2025-01-10,Q1,4.6,Outstanding,7,Reliable and dependable employee.,Yes
5499,838,2024-10-01,Q1,3.6,Meets Expectations,9,Excellent leadership and teamwork.,Yes
5500,2012,2025-06-23,Q3,2.1,Poor,5,Reliable and dependable employee.,Yes
5501,2166,2025-07-02,Q4,2.8,Needs Improvement,7,Requires additional coaching.,No
5502,2532,2024-07-20,Q3,3.8,Meets Expectations,5,Demonstrates strong problem-solving skills.,Yes
5503,2881,2025-06-16,Q4,2.5,Needs Improvement,4,Consistently exceeds expectations.,No
5504,883,2025-02-05,Q2,2.9,Needs Improvement,3,Strong technical skills.,Yes
5505,2571,2024-08-11,Q3,3.5,Meets Expectations,4,Good communication and collaboration.,Yes
5506,1754,2024-11-12,Q2,2.2,Poor,5,Consistently exceeds expectations.,No
5507,2252,2025-06-14,Q3,3.8,Meets Expectations,8,Good communication and collaboration.,No
5508,452,2024-02-20,Q4,2.8,Needs Improvement,6,Reliable and dependable employee.,Yes
5509,1161,2025-06-08,Q2,2.7,Needs Improvement,10,Strong technical skills.,Yes
5510,357,2024-02-03,Q4,2.5,Needs Improvement,9,Needs improvement in productivity.,No
5511,178,2024-04-30,Q2,2.5,Needs Improvement,9,Consistently exceeds expectations.,No
5512,1458,2024-12-05,Q1,3.0,Meets Expectations,9,Reliable and dependable employee.,No
5513,1859,2025-11-16,Q3,3.0,Meets Expectations,5,Requires additional coaching.,No
5514,569,2025-06-16,Q2,4.7,Outstanding,9,Demonstrates strong problem-solving skills.,Yes
5515,590,2024-04-13,Q3,3.4,Meets Expectations,4,Excellent leadership and teamwork.,Yes
5516,1460,2024-06-14,Q4,4.7,Outstanding,10,Excellent leadership and teamwork.,No
5517,2372,2024-05-04,Q4,2.0,Poor,4,Consistently exceeds expectations.,Yes
5518,341,2024-12-01,Q1,4.1,Exceeds Expectations,9,Demonstrates strong problem-solving skills.,Yes
5519,739,2024-01-03,Q3,4.9,Outstanding,6,Good communication and collaboration.,Yes
5520,69,2024-02-05,Q3,3.9,Meets Expectations,7,Strong technical skills.,No
5521,336,2025-11-23,Q4,4.6,Outstanding,8,Demonstrates strong problem-solving skills.,Yes
5522,1812,2024-08-05,Q2,3.7,Meets Expectations,5,Consistently exceeds expectations.,Yes
5523,132,2025-06-13,Q2,2.4,Poor,9,Strong technical skills.,No
5524,2165,2024-12-09,Q3,4.4,Exceeds Expectations,4,Excellent leadership and teamwork.,Yes
5525,2953,2025-08-15,Q1,2.1,Poor,4,Needs improvement in productivity.,No
5526,2230,2025-10-17,Q3,3.5,Meets Expectations,4,Excellent leadership and teamwork.,Yes
5527,780,2024-09-23,Q3,2.9,Needs Improvement,6,Good communication and collaboration.,No
5528,832,2025-10-06,Q1,4.3,Exceeds Expectations,8,Demonstrates strong problem-solving skills.,No
5529,2867,2024-05-10,Q4,2.9,Needs Improvement,3,Excellent leadership and teamwork.,No
5530,490,2024-04-16,Q3,3.2,Meets Expectations,6,Demonstrates strong problem-solving skills.,No
5531,136,2025-12-10,Q2,3.9,Meets Expectations,4,Demonstrates strong problem-solving skills.,Yes
5532,1105,2025-12-03,Q1,3.3,Meets Expectations,5,Needs improvement in productivity.,Yes
5533,2261,2025-04-09,Q2,4.7,Outstanding,6,Demonstrates strong problem-solving skills.,Yes
5534,1840,2025-11-18,Q3,3.9,Meets Expectations,9,Consistently exceeds expectations.,No
5535,1551,2024-12-17,Q3,3.8,Meets Expectations,3,Needs improvement in productivity.,Yes
5536,2022,2025-01-17,Q2,4.9,Outstanding,6,Excellent leadership and teamwork.,Yes
5537,235,2025-11-25,Q3,4.1,Exceeds Expectations,4,Requires additional coaching.,Yes
5538,1014,2025-03-04,Q1,4.2,Exceeds Expectations,10,Good communication and collaboration.,No
5539,1178,2024-06-24,Q1,3.9,Meets Expectations,7,Strong technical skills.,Yes
5540,1580,2024-02-14,Q3,3.1,Meets Expectations,8,Reliable and dependable employee.,No
5541,2339,2025-11-21,Q3,2.6,Needs Improvement,10,Excellent leadership and teamwork.,No
5542,1566,2024-02-01,Q1,4.6,Outstanding,7,Requires additional coaching.,Yes
5543,51,2025-12-26,Q3,3.4,Meets Expectations,9,Reliable and dependable employee.,Yes
5544,1844,2025-01-24,Q2,2.3,Poor,9,Excellent leadership and teamwork.,Yes
5545,2587,2024-03-04,Q1,4.0,Exceeds Expectations,4,Requires additional coaching.,Yes
5546,482,2025-06-25,Q2,2.1,Poor,9,Excellent leadership and teamwork.,Yes
5547,2415,2024-12-24,Q1,2.8,Needs Improvement,4,Demonstrates strong problem-solving skills.,Yes
5548,201,2024-09-03,Q2,4.6,Outstanding,10,Requires additional coaching.,Yes
5549,2161,2024-06-05,Q4,2.1,Poor,10,Demonstrates strong problem-solving skills.,No
5550,204,2025-04-19,Q4,2.3,Poor,5,Requires additional coaching.,Yes
5551,412,2025-06-16,Q3,2.3,Poor,9,Requires additional coaching.,No
5552,1778,2024-07-19,Q4,2.1,Poor,10,Good communication and collaboration.,No
5553,2436,2024-06-28,Q1,3.1,Meets Expectations,5,Reliable and dependable employee.,Yes
5554,1451,2024-10-17,Q1,4.6,Outstanding,6,Needs improvement in productivity.,No
5555,984,2024-07-05,Q4,4.6,Outstanding,7,Reliable and dependable employee.,No
5556,184,2024-07-22,Q3,2.1,Poor,4,Requires additional coaching.,No
5557,1089,2024-01-30,Q4,4.6,Outstanding,10,Good communication and collaboration.,No
5558,2218,2025-06-27,Q2,2.4,Poor,4,Demonstrates strong problem-solving skills.,No
5559,1074,2025-12-20,Q3,3.5,Meets Expectations,10,Demonstrates strong problem-solving skills.,Yes
5560,1532,2024-05-03,Q3,4.6,Outstanding,7,Good communication and collaboration.,Yes
5561,1528,2025-05-15,Q4,3.2,Meets Expectations,4,Reliable and dependable employee.,No
5562,593,2025-10-01,Q1,4.3,Exceeds Expectations,6,Excellent leadership and teamwork.,No
5563,1042,2025-09-25,Q1,3.3,Meets Expectations,5,Requires additional coaching.,No
5564,459,2024-01-18,Q4,3.7,Meets Expectations,6,Good communication and collaboration.,No
5565,979,2025-05-20,Q2,4.0,Exceeds Expectations,4,Good communication and collaboration.,No
5566,2281,2024-04-04,Q3,2.7,Needs Improvement,9,Reliable and dependable employee.,No
5567,1532,2024-11-22,Q3,2.7,Needs Improvement,8,Reliable and dependable employee.,No
5568,2825,2024-09-26,Q2,2.5,Needs Improvement,7,Demonstrates strong problem-solving skills.,No
5569,1967,2025-07-06,Q1,3.5,Meets Expectations,5,Reliable and dependable employee.,No
5570,2421,2024-12-28,Q2,4.6,Outstanding,7,Needs improvement in productivity.,Yes
5571,1852,2024-10-20,Q2,2.7,Needs Improvement,5,Reliable and dependable employee.,Yes
5572,339,2025-12-20,Q4,3.3,Meets Expectations,9,Needs improvement in productivity.,Yes
5573,1001,2024-03-06,Q3,3.7,Meets Expectations,10,Needs improvement in productivity.,Yes
5574,1296,2025-12-27,Q4,3.0,Meets Expectations,10,Demonstrates strong problem-solving skills.,Yes
5575,1879,2025-02-13,Q1,2.9,Needs Improvement,5,Strong technical skills.,Yes
5576,1237,2024-03-20,Q2,3.9,Meets Expectations,8,Good communication and collaboration.,Yes
5577,282,2024-02-13,Q4,4.1,Exceeds Expectations,8,Excellent leadership and teamwork.,Yes
5578,1882,2024-11-13,Q3,2.5,Needs Improvement,3,Good communication and collaboration.,No
5579,2423,2025-11-04,Q3,4.1,Exceeds Expectations,10,Needs improvement in productivity.,No
5580,764,2025-12-30,Q3,4.6,Outstanding,6,Good communication and collaboration.,Yes
5581,1667,2024-12-22,Q4,3.6,Meets Expectations,3,Needs improvement in productivity.,No
5582,68,2024-07-21,Q3,3.2,Meets Expectations,6,Strong technical skills.,No
5583,435,2024-11-08,Q1,2.2,Poor,3,Strong technical skills.,Yes
5584,1994,2025-05-10,Q4,4.3,Exceeds Expectations,7,Good communication and collaboration.,No
5585,1141,2025-10-27,Q2,4.5,Outstanding,4,Excellent leadership and teamwork.,Yes
5586,2149,2025-11-30,Q4,4.4,Exceeds Expectations,4,Good communication and collaboration.,Yes
5587,2571,2024-06-15,Q3,3.8,Meets Expectations,10,Needs improvement in productivity.,Yes
5588,2166,2024-05-24,Q1,2.9,Needs Improvement,4,Consistently exceeds expectations.,No
5589,2936,2025-05-29,Q2,3.5,Meets Expectations,7,Demonstrates strong problem-solving skills.,No
5590,1621,2024-11-05,Q1,2.2,Poor,9,Strong technical skills.,Yes
5591,1575,2025-01-20,Q3,2.6,Needs Improvement,8,Strong technical skills.,No
5592,667,2024-07-31,Q2,2.0,Poor,4,Good communication and collaboration.,No
5593,2905,2024-11-03,Q4,2.8,Needs Improvement,5,Reliable and dependable employee.,Yes
5594,2334,2025-05-15,Q4,2.9,Needs Improvement,4,Demonstrates strong problem-solving skills.,Yes
5595,2730,2025-05-31,Q3,2.9,Needs Improvement,9,Requires additional coaching.,Yes
5596,2557,2025-12-10,Q3,4.8,Outstanding,10,Excellent leadership and teamwork.,Yes
5597,1709,2025-07-03,Q2,2.2,Poor,4,Excellent leadership and teamwork.,No
5598,2368,2025-11-13,Q3,5.0,Outstanding,4,Requires additional coaching.,Yes
5599,1382,2024-01-12,Q3,2.4,Poor,4,Reliable and dependable employee.,Yes
5600,699,2024-01-24,Q1,2.5,Needs Improvement,10,Needs improvement in productivity.,No
5601,276,2024-07-01,Q1,3.1,Meets Expectations,8,Requires additional coaching.,No
5602,2722,2025-12-26,Q3,4.5,Outstanding,7,Consistently exceeds expectations.,Yes
5603,895,2025-08-07,Q4,4.0,Exceeds Expectations,9,Needs improvement in productivity.,Yes
5604,576,2025-02-19,Q1,3.6,Meets Expectations,8,Requires additional coaching.,No
5605,2261,2025-08-31,Q1,2.3,Poor,8,Demonstrates strong problem-solving skills.,Yes
5606,2318,2025-02-03,Q3,2.2,Poor,5,Strong technical skills.,Yes
5607,698,2024-01-21,Q1,2.3,Poor,4,Strong technical skills.,Yes
5608,2337,2025-10-08,Q3,3.7,Meets Expectations,4,Strong technical skills.,Yes
5609,1165,2024-12-01,Q1,2.0,Poor,6,Needs improvement in productivity.,No
5610,2365,2024-12-04,Q1,3.7,Meets Expectations,7,Reliable and dependable employee.,No
5611,1317,2024-08-16,Q1,2.5,Needs Improvement,5,Excellent leadership and teamwork.,Yes
5612,1845,2025-06-21,Q1,2.9,Needs Improvement,5,Excellent leadership and teamwork.,No
5613,2875,2024-02-12,Q4,2.9,Needs Improvement,9,Needs improvement in productivity.,No
5614,2228,2024-01-10,Q2,2.2,Poor,10,Reliable and dependable employee.,Yes
5615,1013,2025-09-06,Q4,4.0,Exceeds Expectations,8,Consistently exceeds expectations.,No
5616,1279,2024-03-07,Q1,4.9,Outstanding,8,Good communication and collaboration.,Yes
5617,2947,2025-01-15,Q1,2.3,Poor,4,Consistently exceeds expectations.,Yes
5618,253,2025-05-26,Q2,3.6,Meets Expectations,6,Consistently exceeds expectations.,No
5619,1650,2025-07-16,Q2,4.5,Outstanding,6,Strong technical skills.,Yes
5620,2225,2025-05-18,Q1,2.8,Needs Improvement,5,Reliable and dependable employee.,No
5621,1617,2024-08-20,Q4,2.5,Needs Improvement,10,Consistently exceeds expectations.,Yes
5622,648,2024-12-27,Q2,2.0,Poor,8,Good communication and collaboration.,No
5623,651,2025-08-22,Q4,2.7,Needs Improvement,10,Excellent leadership and teamwork.,No
5624,1942,2024-11-23,Q3,3.2,Meets Expectations,5,Good communication and collaboration.,No
5625,2621,2024-08-15,Q4,4.1,Exceeds Expectations,9,Demonstrates strong problem-solving skills.,No
5626,213,2024-01-26,Q4,4.9,Outstanding,10,Reliable and dependable employee.,Yes
5627,163,2025-10-26,Q3,3.3,Meets Expectations,5,Strong technical skills.,Yes
5628,84,2024-07-11,Q2,2.7,Needs Improvement,3,Needs improvement in productivity.,Yes
5629,77,2025-07-03,Q4,4.1,Exceeds Expectations,5,Strong technical skills.,No
5630,564,2024-07-14,Q2,3.0,Meets Expectations,9,Needs improvement in productivity.,No
5631,266,2024-06-21,Q2,3.3,Meets Expectations,5,Demonstrates strong problem-solving skills.,No
5632,2966,2024-07-25,Q2,4.9,Outstanding,8,Reliable and dependable employee.,Yes
5633,2276,2024-04-21,Q2,4.0,Exceeds Expectations,6,Requires additional coaching.,Yes
5634,2747,2024-11-24,Q4,3.9,Meets Expectations,9,Excellent leadership and teamwork.,No
5635,163,2024-05-06,Q2,2.8,Needs Improvement,8,Demonstrates strong problem-solving skills.,Yes
5636,324,2024-06-05,Q3,3.6,Meets Expectations,6,Consistently exceeds expectations.,Yes
5637,2972,2025-11-13,Q2,3.3,Meets Expectations,4,Good communication and collaboration.,No
5638,1022,2024-08-09,Q4,2.9,Needs Improvement,3,Needs improvement in productivity.,Yes
5639,1923,2025-12-04,Q1,5.0,Outstanding,10,Demonstrates strong problem-solving skills.,No
5640,26,2024-02-01,Q3,4.2,Exceeds Expectations,7,Requires additional coaching.,Yes
5641,1420,2024-10-08,Q4,3.4,Meets Expectations,9,Reliable and dependable employee.,Yes
5642,974,2025-07-15,Q1,3.6,Meets Expectations,8,Needs improvement in productivity.,Yes
5643,2503,2025-05-20,Q3,4.3,Exceeds Expectations,7,Needs improvement in productivity.,No
5644,702,2024-11-23,Q3,2.5,Needs Improvement,8,Needs improvement in productivity.,Yes
5645,804,2025-03-13,Q2,4.5,Outstanding,3,Needs improvement in productivity.,Yes
5646,1438,2024-07-30,Q4,2.9,Needs Improvement,6,Needs improvement in productivity.,Yes
5647,2884,2024-04-14,Q1,4.8,Outstanding,3,Requires additional coaching.,No
5648,1265,2025-12-22,Q2,3.0,Meets Expectations,9,Good communication and collaboration.,No
5649,1457,2025-02-14,Q1,4.2,Exceeds Expectations,8,Excellent leadership and teamwork.,No
5650,266,2024-10-25,Q4,3.5,Meets Expectations,5,Reliable and dependable employee.,Yes
5651,1069,2024-09-20,Q4,2.4,Poor,10,Excellent leadership and teamwork.,Yes
5652,2779,2025-06-04,Q1,2.5,Needs Improvement,5,Consistently exceeds expectations.,No
5653,259,2024-03-01,Q2,4.7,Outstanding,8,Strong technical skills.,No
5654,2794,2024-11-07,Q3,4.6,Outstanding,5,Consistently exceeds expectations.,Yes
5655,661,2024-08-07,Q3,3.3,Meets Expectations,9,Good communication and collaboration.,No
5656,891,2025-06-15,Q3,2.2,Poor,6,Good communication and collaboration.,Yes
5657,67,2025-03-13,Q4,5.0,Outstanding,5,Good communication and collaboration.,Yes
5658,1770,2025-09-13,Q3,4.2,Exceeds Expectations,7,Excellent leadership and teamwork.,Yes
5659,963,2025-03-16,Q1,4.4,Exceeds Expectations,3,Good communication and collaboration.,No
5660,1220,2024-11-20,Q3,3.6,Meets Expectations,4,Excellent leadership and teamwork.,Yes
5661,529,2025-08-17,Q2,2.2,Poor,7,Consistently exceeds expectations.,No
5662,98,2024-02-18,Q4,3.6,Meets Expectations,3,Reliable and dependable employee.,No
5663,1732,2024-01-18,Q4,2.2,Poor,10,Good communication and collaboration.,Yes
5664,264,2025-02-13,Q4,2.8,Needs Improvement,3,Good communication and collaboration.,Yes
5665,85,2024-01-02,Q3,2.8,Needs Improvement,10,Strong technical skills.,Yes
5666,2967,2024-03-04,Q3,2.6,Needs Improvement,5,Consistently exceeds expectations.,Yes
5667,1685,2025-06-24,Q1,3.1,Meets Expectations,3,Strong technical skills.,No
5668,8,2024-12-31,Q3,2.2,Poor,4,Good communication and collaboration.,Yes
5669,961,2025-11-15,Q3,3.0,Meets Expectations,10,Strong technical skills.,Yes
5670,194,2025-10-24,Q2,4.2,Exceeds Expectations,5,Good communication and collaboration.,No
5671,1734,2024-09-27,Q4,4.3,Exceeds Expectations,5,Consistently exceeds expectations.,No
5672,1548,2024-09-25,Q1,4.4,Exceeds Expectations,10,Demonstrates strong problem-solving skills.,No
5673,1735,2025-04-09,Q4,3.4,Meets Expectations,8,Consistently exceeds expectations.,Yes
5674,2049,2024-07-14,Q1,3.4,Meets Expectations,5,Good communication and collaboration.,Yes
5675,2184,2025-01-17,Q2,4.9,Outstanding,10,Reliable and dependable employee.,Yes
5676,1138,2025-03-30,Q2,3.5,Meets Expectations,3,Strong technical skills.,No
5677,479,2025-03-10,Q3,3.8,Meets Expectations,8,Requires additional coaching.,Yes
5678,2643,2025-11-19,Q4,4.2,Exceeds Expectations,6,Strong technical skills.,Yes
5679,2206,2024-10-19,Q1,3.7,Meets Expectations,10,Requires additional coaching.,No
5680,2982,2025-12-01,Q2,4.0,Exceeds Expectations,4,Needs improvement in productivity.,No
5681,1307,2024-12-02,Q2,3.5,Meets Expectations,4,Needs improvement in productivity.,Yes
5682,2711,2025-05-14,Q2,3.2,Meets Expectations,3,Needs improvement in productivity.,No
5683,1253,2025-09-24,Q2,3.8,Meets Expectations,5,Demonstrates strong problem-solving skills.,Yes
5684,2762,2025-03-19,Q3,3.7,Meets Expectations,3,Requires additional coaching.,Yes
5685,2116,2024-09-18,Q4,2.9,Needs Improvement,10,Excellent leadership and teamwork.,Yes
5686,224,2024-05-21,Q1,4.2,Exceeds Expectations,8,Good communication and collaboration.,No
5687,2290,2025-04-08,Q2,4.0,Exceeds Expectations,3,Needs improvement in productivity.,No
5688,2796,2024-07-12,Q3,3.9,Meets Expectations,6,Needs improvement in productivity.,No
5689,1157,2024-09-12,Q1,4.8,Outstanding,10,Requires additional coaching.,No
5690,1917,2025-08-03,Q2,4.1,Exceeds Expectations,5,Consistently exceeds expectations.,Yes
5691,159,2024-06-10,Q2,3.4,Meets Expectations,3,Strong technical skills.,Yes
5692,2534,2024-08-19,Q1,2.9,Needs Improvement,4,Reliable and dependable employee.,No
5693,1649,2024-07-19,Q4,2.3,Poor,8,Demonstrates strong problem-solving skills.,Yes
5694,1145,2024-09-07,Q1,2.3,Poor,7,Requires additional coaching.,No
5695,1981,2024-12-28,Q4,2.2,Poor,7,Strong technical skills.,Yes
5696,1776,2025-10-30,Q3,2.4,Poor,7,Demonstrates strong problem-solving skills.,Yes
5697,2850,2025-11-04,Q4,2.8,Needs Improvement,10,Consistently exceeds expectations.,Yes
5698,65,2024-11-13,Q4,4.9,Outstanding,10,Excellent leadership and teamwork.,Yes
5699,993,2025-04-13,Q4,2.5,Needs Improvement,3,Strong technical skills.,No
5700,919,2025-01-20,Q1,4.4,Exceeds Expectations,10,Good communication and collaboration.,Yes
5701,1262,2024-02-25,Q4,4.5,Outstanding,10,Strong technical skills.,Yes
5702,876,2024-10-18,Q1,3.9,Meets Expectations,7,Good communication and collaboration.,Yes
5703,1901,2025-08-08,Q2,3.3,Meets Expectations,7,Requires additional coaching.,Yes
5704,1162,2025-09-03,Q3,3.4,Meets Expectations,4,Consistently exceeds expectations.,Yes
5705,243,2025-10-01,Q4,2.3,Poor,7,Good communication and collaboration.,Yes
5706,1014,2024-03-08,Q3,2.3,Poor,8,Requires additional coaching.,No
5707,397,2025-06-03,Q1,3.5,Meets Expectations,5,Demonstrates strong problem-solving skills.,No
5708,2436,2024-11-24,Q4,2.2,Poor,3,Excellent leadership and teamwork.,Yes
5709,1111,2024-05-11,Q4,2.7,Needs Improvement,7,Good communication and collaboration.,Yes
5710,1451,2025-10-06,Q4,4.7,Outstanding,7,Excellent leadership and teamwork.,No
5711,861,2024-03-12,Q3,3.1,Meets Expectations,4,Reliable and dependable employee.,Yes
5712,506,2024-10-11,Q3,2.2,Poor,7,Consistently exceeds expectations.,Yes
5713,466,2025-02-21,Q1,3.8,Meets Expectations,5,Excellent leadership and teamwork.,No
5714,48,2024-11-14,Q2,3.5,Meets Expectations,9,Good communication and collaboration.,Yes
5715,136,2024-01-14,Q2,3.1,Meets Expectations,5,Consistently exceeds expectations.,No
5716,1085,2024-07-25,Q4,2.5,Needs Improvement,10,Good communication and collaboration.,No
5717,820,2024-04-28,Q2,3.7,Meets Expectations,8,Requires additional coaching.,Yes
5718,507,2024-08-22,Q1,4.5,Outstanding,8,Strong technical skills.,No
5719,581,2025-07-27,Q1,3.2,Meets Expectations,7,Needs improvement in productivity.,No
5720,859,2024-05-03,Q3,3.3,Meets Expectations,5,Requires additional coaching.,Yes
5721,2949,2024-06-07,Q3,3.9,Meets Expectations,3,Consistently exceeds expectations.,No
5722,2507,2025-12-14,Q3,3.7,Meets Expectations,3,Reliable and dependable employee.,Yes
5723,548,2024-10-02,Q3,2.6,Needs Improvement,6,Needs improvement in productivity.,Yes
5724,2842,2024-07-04,Q3,2.6,Needs Improvement,5,Excellent leadership and teamwork.,No
5725,115,2024-07-17,Q4,4.8,Outstanding,8,Excellent leadership and teamwork.,No
5726,2934,2024-08-26,Q1,4.0,Exceeds Expectations,10,Good communication and collaboration.,No
5727,1062,2025-03-05,Q3,4.4,Exceeds Expectations,5,Needs improvement in productivity.,Yes
5728,1149,2024-05-07,Q4,4.1,Exceeds Expectations,10,Demonstrates strong problem-solving skills.,No
5729,1037,2025-03-25,Q3,2.9,Needs Improvement,9,Strong technical skills.,Yes
5730,139,2025-07-16,Q3,2.9,Needs Improvement,3,Excellent leadership and teamwork.,No
5731,36,2024-06-19,Q2,3.2,Meets Expectations,9,Strong technical skills.,No
5732,516,2025-09-01,Q4,4.9,Outstanding,8,Needs improvement in productivity.,Yes
5733,2036,2025-05-12,Q2,3.4,Meets Expectations,8,Strong technical skills.,No
5734,85,2024-01-10,Q2,3.7,Meets Expectations,4,Excellent leadership and teamwork.,No
5735,100,2024-03-21,Q3,3.4,Meets Expectations,7,Needs improvement in productivity.,Yes
5736,2471,2024-12-27,Q1,3.3,Meets Expectations,9,Excellent leadership and teamwork.,Yes
5737,579,2024-11-28,Q3,4.5,Outstanding,10,Excellent leadership and teamwork.,No
5738,2309,2024-03-23,Q2,2.4,Poor,8,Consistently exceeds expectations.,No
5739,1216,2024-12-03,Q4,2.6,Needs Improvement,3,Good communication and collaboration.,Yes
5740,1523,2025-04-03,Q2,2.2,Poor,7,Good communication and collaboration.,No
5741,1096,2024-03-13,Q4,4.8,Outstanding,8,Reliable and dependable employee.,Yes
5742,1751,2024-01-01,Q4,2.3,Poor,7,Requires additional coaching.,No
5743,1377,2025-07-13,Q3,4.8,Outstanding,8,Needs improvement in productivity.,No
5744,2077,2024-04-27,Q2,4.6,Outstanding,10,Good communication and collaboration.,Yes
5745,2020,2025-04-24,Q3,4.1,Exceeds Expectations,5,Demonstrates strong problem-solving skills.,Yes
5746,2168,2024-05-20,Q2,2.7,Needs Improvement,7,Excellent leadership and teamwork.,Yes
5747,874,2024-09-14,Q2,3.8,Meets Expectations,9,Reliable and dependable employee.,No
5748,1588,2025-10-04,Q4,2.3,Poor,7,Excellent leadership and teamwork.,No
5749,166,2024-08-16,Q4,2.8,Needs Improvement,8,Needs improvement in productivity.,Yes
5750,331,2025-04-19,Q4,2.5,Needs Improvement,6,Consistently exceeds expectations.,Yes
5751,66,2024-09-29,Q2,3.1,Meets Expectations,5,Reliable and dependable employee.,Yes
5752,1954,2024-06-19,Q3,4.3,Exceeds Expectations,8,Needs improvement in productivity.,Yes
5753,2155,2025-01-31,Q2,4.9,Outstanding,10,Requires additional coaching.,No
5754,1973,2024-12-21,Q2,4.4,Exceeds Expectations,6,Good communication and collaboration.,No
5755,2864,2024-08-16,Q2,2.8,Needs Improvement,10,Good communication and collaboration.,Yes
5756,2931,2025-06-16,Q2,3.3,Meets Expectations,9,Reliable and dependable employee.,Yes
5757,1412,2025-08-12,Q1,2.4,Poor,5,Requires additional coaching.,Yes
5758,2006,2025-08-16,Q2,3.3,Meets Expectations,4,Strong technical skills.,Yes
5759,2573,2024-12-05,Q4,3.9,Meets Expectations,9,Needs improvement in productivity.,Yes
5760,2035,2024-08-01,Q3,2.2,Poor,10,Good communication and collaboration.,Yes
5761,108,2024-04-20,Q1,3.1,Meets Expectations,6,Consistently exceeds expectations.,No
5762,910,2025-09-29,Q3,2.1,Poor,3,Demonstrates strong problem-solving skills.,Yes
5763,955,2024-04-22,Q2,3.4,Meets Expectations,4,Reliable and dependable employee.,No
5764,790,2024-01-25,Q3,4.7,Outstanding,4,Strong technical skills.,No
5765,212,2024-08-03,Q2,4.7,Outstanding,10,Needs improvement in productivity.,Yes
5766,2153,2025-03-15,Q1,2.4,Poor,3,Excellent leadership and teamwork.,No
5767,618,2024-02-10,Q4,2.5,Needs Improvement,4,Reliable and dependable employee.,Yes
5768,2140,2024-09-28,Q3,3.8,Meets Expectations,8,Reliable and dependable employee.,Yes
5769,2443,2024-08-01,Q3,5.0,Outstanding,9,Excellent leadership and teamwork.,Yes
5770,961,2024-03-12,Q3,2.6,Needs Improvement,10,Needs improvement in productivity.,Yes
5771,1886,2025-03-25,Q1,3.1,Meets Expectations,6,Reliable and dependable employee.,Yes
5772,57,2025-11-26,Q1,4.5,Outstanding,9,Excellent leadership and teamwork.,No
5773,275,2025-09-28,Q1,3.4,Meets Expectations,5,Strong technical skills.,Yes
5774,906,2024-06-17,Q1,4.8,Outstanding,10,Requires additional coaching.,No
5775,2661,2024-08-18,Q4,3.0,Meets Expectations,8,Needs improvement in productivity.,No
5776,21,2025-08-31,Q1,3.8,Meets Expectations,7,Needs improvement in productivity.,Yes
5777,1216,2024-03-06,Q4,3.9,Meets Expectations,5,Good communication and collaboration.,No
5778,1689,2024-09-25,Q4,3.9,Meets Expectations,5,Demonstrates strong problem-solving skills.,Yes
5779,2055,2025-12-02,Q3,3.3,Meets Expectations,4,Consistently exceeds expectations.,No
5780,2826,2025-06-16,Q3,2.4,Poor,6,Strong technical skills.,No
5781,189,2024-04-16,Q3,4.0,Exceeds Expectations,9,Reliable and dependable employee.,Yes
5782,1995,2025-11-15,Q3,4.6,Outstanding,6,Strong technical skills.,Yes
5783,2352,2025-07-03,Q1,4.7,Outstanding,9,Requires additional coaching.,No
5784,1051,2024-07-25,Q4,4.9,Outstanding,9,Needs improvement in productivity.,No
5785,1829,2025-10-13,Q1,2.8,Needs Improvement,4,Excellent leadership and teamwork.,No
5786,2645,2025-11-03,Q4,4.4,Exceeds Expectations,10,Reliable and dependable employee.,No
5787,1187,2024-12-10,Q4,4.8,Outstanding,6,Demonstrates strong problem-solving skills.,No
5788,888,2025-02-14,Q1,3.4,Meets Expectations,4,Reliable and dependable employee.,No
5789,2356,2024-11-23,Q1,2.6,Needs Improvement,9,Strong technical skills.,No
5790,2769,2024-11-28,Q2,4.0,Exceeds Expectations,7,Good communication and collaboration.,No
5791,2239,2024-05-16,Q4,2.0,Poor,3,Strong technical skills.,Yes
5792,1977,2025-02-27,Q2,3.9,Meets Expectations,9,Needs improvement in productivity.,Yes
5793,2085,2025-10-09,Q3,4.5,Outstanding,9,Reliable and dependable employee.,No
5794,2856,2024-09-10,Q2,4.7,Outstanding,3,Good communication and collaboration.,Yes
5795,1924,2024-10-01,Q3,4.9,Outstanding,10,Consistently exceeds expectations.,Yes
5796,1492,2024-07-10,Q4,3.2,Meets Expectations,5,Consistently exceeds expectations.,Yes
5797,1021,2024-11-22,Q3,2.0,Poor,10,Needs improvement in productivity.,Yes
5798,1505,2024-02-22,Q3,2.7,Needs Improvement,5,Needs improvement in productivity.,No
5799,1560,2025-07-30,Q1,2.1,Poor,8,Demonstrates strong problem-solving skills.,Yes
5800,1669,2024-01-08,Q1,4.0,Exceeds Expectations,6,Excellent leadership and teamwork.,Yes
5801,1101,2024-08-22,Q2,2.2,Poor,9,Needs improvement in productivity.,Yes
5802,513,2025-01-30,Q3,3.8,Meets Expectations,9,Strong technical skills.,No
5803,2950,2024-02-02,Q1,4.4,Exceeds Expectations,10,Excellent leadership and teamwork.,No
5804,181,2025-04-15,Q3,2.1,Poor,9,Consistently exceeds expectations.,No
5805,982,2025-06-11,Q4,2.7,Needs Improvement,3,Excellent leadership and teamwork.,No
5806,2422,2025-10-15,Q4,2.2,Poor,7,Strong technical skills.,Yes
5807,1588,2025-08-30,Q1,3.7,Meets Expectations,9,Good communication and collaboration.,No
5808,1789,2024-03-07,Q1,2.6,Needs Improvement,8,Demonstrates strong problem-solving skills.,No
5809,1234,2024-01-05,Q3,4.5,Outstanding,7,Needs improvement in productivity.,No
5810,1758,2024-09-27,Q2,2.4,Poor,7,Demonstrates strong problem-solving skills.,No
5811,275,2024-05-06,Q4,2.8,Needs Improvement,8,Good communication and collaboration.,Yes
5812,1027,2024-11-28,Q4,2.3,Poor,5,Requires additional coaching.,Yes
5813,2904,2025-01-07,Q2,2.8,Needs Improvement,4,Reliable and dependable employee.,Yes
5814,840,2024-11-11,Q2,4.1,Exceeds Expectations,4,Needs improvement in productivity.,Yes
5815,59,2025-07-31,Q1,3.4,Meets Expectations,6,Reliable and dependable employee.,Yes
5816,1186,2024-07-07,Q3,4.2,Exceeds Expectations,8,Requires additional coaching.,No
5817,1979,2024-09-28,Q3,2.2,Poor,4,Demonstrates strong problem-solving skills.,No
5818,1600,2024-05-01,Q3,2.0,Poor,9,Good communication and collaboration.,Yes
5819,405,2024-10-15,Q3,3.2,Meets Expectations,8,Demonstrates strong problem-solving skills.,No
5820,2014,2024-04-01,Q4,4.8,Outstanding,9,Needs improvement in productivity.,No
5821,2948,2024-02-28,Q4,3.3,Meets Expectations,7,Demonstrates strong problem-solving skills.,No
5822,192,2025-03-12,Q2,3.7,Meets Expectations,3,Needs improvement in productivity.,Yes
5823,2401,2025-01-02,Q3,3.3,Meets Expectations,8,Reliable and dependable employee.,Yes
5824,2012,2024-05-20,Q3,3.1,Meets Expectations,10,Reliable and dependable employee.,No
5825,589,2024-05-01,Q3,3.4,Meets Expectations,7,Reliable and dependable employee.,Yes
5826,21,2025-01-23,Q3,3.3,Meets Expectations,3,Requires additional coaching.,Yes
5827,2437,2025-02-12,Q4,4.5,Outstanding,6,Requires additional coaching.,No
5828,143,2025-05-23,Q4,2.2,Poor,5,Strong technical skills.,No
5829,1769,2024-12-14,Q1,2.6,Needs Improvement,6,Reliable and dependable employee.,Yes
5830,1053,2025-01-25,Q2,2.7,Needs Improvement,4,Good communication and collaboration.,Yes
5831,991,2025-03-06,Q1,4.5,Outstanding,4,Consistently exceeds expectations.,No
5832,2739,2024-12-01,Q3,2.1,Poor,7,Needs improvement in productivity.,No
5833,2143,2024-03-29,Q3,3.5,Meets Expectations,5,Strong technical skills.,No
5834,629,2024-05-04,Q1,3.7,Meets Expectations,8,Consistently exceeds expectations.,No
5835,790,2025-01-27,Q4,3.2,Meets Expectations,7,Needs improvement in productivity.,No
5836,2898,2024-10-12,Q2,4.9,Outstanding,8,Consistently exceeds expectations.,No
5837,2343,2025-02-10,Q2,4.6,Outstanding,10,Consistently exceeds expectations.,Yes
5838,1345,2025-04-30,Q4,3.0,Meets Expectations,9,Requires additional coaching.,Yes
5839,2692,2025-06-22,Q3,5.0,Outstanding,9,Strong technical skills.,Yes
5840,1901,2024-08-28,Q2,4.0,Exceeds Expectations,8,Requires additional coaching.,Yes
5841,2837,2025-09-28,Q1,2.4,Poor,9,Reliable and dependable employee.,No
5842,1740,2024-03-09,Q3,4.8,Outstanding,10,Requires additional coaching.,Yes
5843,2425,2025-12-30,Q3,2.6,Needs Improvement,5,Requires additional coaching.,No
5844,479,2025-08-08,Q4,3.5,Meets Expectations,6,Requires additional coaching.,No
5845,2313,2024-12-10,Q1,4.2,Exceeds Expectations,4,Excellent leadership and teamwork.,Yes
5846,2683,2025-12-10,Q4,5.0,Outstanding,4,Excellent leadership and teamwork.,No
5847,2951,2025-11-24,Q2,4.2,Exceeds Expectations,3,Good communication and collaboration.,No
5848,651,2025-11-17,Q2,2.3,Poor,4,Needs improvement in productivity.,Yes
5849,2344,2024-05-11,Q3,2.1,Poor,8,Requires additional coaching.,Yes
5850,1249,2024-10-21,Q3,4.4,Exceeds Expectations,9,Reliable and dependable employee.,Yes
5851,147,2025-05-10,Q3,2.3,Poor,9,Requires additional coaching.,Yes
5852,2590,2025-04-19,Q2,4.4,Exceeds Expectations,8,Excellent leadership and teamwork.,Yes
5853,1180,2024-10-08,Q2,2.6,Needs Improvement,9,Reliable and dependable employee.,No
5854,986,2024-11-26,Q1,4.0,Exceeds Expectations,7,Excellent leadership and teamwork.,Yes
5855,220,2024-03-01,Q3,3.9,Meets Expectations,8,Strong technical skills.,Yes
5856,2755,2024-06-05,Q2,2.8,Needs Improvement,3,Reliable and dependable employee.,No
5857,2168,2025-11-23,Q3,2.9,Needs Improvement,3,Demonstrates strong problem-solving skills.,No
5858,1512,2024-12-01,Q2,2.0,Poor,6,Reliable and dependable employee.,Yes
5859,2394,2025-10-08,Q4,3.9,Meets Expectations,3,Reliable and dependable employee.,No
5860,1106,2025-02-23,Q2,2.0,Poor,4,Excellent leadership and teamwork.,Yes
5861,1918,2025-11-30,Q2,3.5,Meets Expectations,6,Needs improvement in productivity.,Yes
5862,530,2024-12-09,Q4,4.3,Exceeds Expectations,10,Good communication and collaboration.,No
5863,1787,2024-09-04,Q3,3.1,Meets Expectations,10,Requires additional coaching.,Yes
5864,1793,2024-07-10,Q3,2.4,Poor,10,Good communication and collaboration.,No
5865,1313,2024-01-28,Q1,2.9,Needs Improvement,7,Demonstrates strong problem-solving skills.,Yes
5866,737,2025-12-25,Q4,4.7,Outstanding,9,Consistently exceeds expectations.,No
5867,2799,2024-01-05,Q2,2.7,Needs Improvement,5,Strong technical skills.,Yes
5868,1896,2025-06-17,Q2,4.1,Exceeds Expectations,4,Needs improvement in productivity.,Yes
5869,2629,2024-12-16,Q3,2.3,Poor,6,Good communication and collaboration.,Yes
5870,1789,2024-01-01,Q3,2.5,Needs Improvement,5,Strong technical skills.,No
5871,1939,2024-05-13,Q1,2.6,Needs Improvement,5,Excellent leadership and teamwork.,Yes
5872,1843,2025-10-30,Q1,4.8,Outstanding,5,Demonstrates strong problem-solving skills.,No
5873,2456,2024-05-03,Q3,2.7,Needs Improvement,8,Demonstrates strong problem-solving skills.,Yes
5874,1179,2024-07-15,Q1,4.4,Exceeds Expectations,4,Requires additional coaching.,Yes
5875,727,2024-10-21,Q4,2.1,Poor,8,Consistently exceeds expectations.,Yes
5876,16,2024-01-03,Q3,4.2,Exceeds Expectations,6,Requires additional coaching.,No
5877,884,2024-10-29,Q3,3.2,Meets Expectations,7,Good communication and collaboration.,Yes
5878,2308,2024-09-03,Q4,4.4,Exceeds Expectations,4,Strong technical skills.,Yes
5879,641,2024-06-16,Q1,4.1,Exceeds Expectations,3,Demonstrates strong problem-solving skills.,Yes
5880,677,2024-05-19,Q4,4.8,Outstanding,9,Good communication and collaboration.,No
5881,644,2024-06-25,Q1,3.4,Meets Expectations,10,Needs improvement in productivity.,No
5882,436,2025-05-22,Q2,2.2,Poor,6,Needs improvement in productivity.,Yes
5883,162,2025-08-11,Q1,2.0,Poor,3,Requires additional coaching.,Yes
5884,2598,2025-04-05,Q3,4.9,Outstanding,9,Demonstrates strong problem-solving skills.,No
5885,1355,2025-06-04,Q3,2.9,Needs Improvement,9,Consistently exceeds expectations.,No
5886,679,2025-08-26,Q3,3.7,Meets Expectations,10,Excellent leadership and teamwork.,Yes
5887,1185,2024-08-11,Q4,2.8,Needs Improvement,6,Good communication and collaboration.,Yes
5888,2916,2025-07-31,Q4,2.9,Needs Improvement,8,Requires additional coaching.,No
5889,267,2025-02-08,Q4,3.0,Meets Expectations,6,Needs improvement in productivity.,Yes
5890,1907,2025-04-13,Q2,2.9,Needs Improvement,8,Consistently exceeds expectations.,No
5891,444,2025-08-04,Q4,4.4,Exceeds Expectations,9,Requires additional coaching.,No
5892,2883,2024-09-06,Q3,4.5,Outstanding,9,Needs improvement in productivity.,No
5893,52,2025-02-06,Q2,2.1,Poor,6,Demonstrates strong problem-solving skills.,No
5894,629,2024-05-13,Q4,2.5,Needs Improvement,7,Strong technical skills.,Yes
5895,362,2025-04-29,Q2,2.0,Poor,5,Reliable and dependable employee.,No
5896,380,2024-08-26,Q3,4.2,Exceeds Expectations,8,Demonstrates strong problem-solving skills.,No
5897,2951,2025-05-13,Q2,2.6,Needs Improvement,6,Demonstrates strong problem-solving skills.,No
5898,1693,2025-11-19,Q1,2.1,Poor,7,Reliable and dependable employee.,No
5899,1258,2024-01-07,Q2,2.6,Needs Improvement,10,Excellent leadership and teamwork.,Yes
5900,904,2025-02-03,Q2,4.4,Exceeds Expectations,5,Reliable and dependable employee.,Yes
5901,67,2024-02-22,Q2,3.9,Meets Expectations,8,Reliable and dependable employee.,No
5902,2750,2025-03-03,Q2,2.6,Needs Improvement,5,Needs improvement in productivity.,Yes
5903,357,2024-08-12,Q3,4.1,Exceeds Expectations,9,Reliable and dependable employee.,No
5904,105,2024-11-22,Q4,3.4,Meets Expectations,8,Good communication and collaboration.,Yes
5905,2236,2025-09-29,Q2,3.4,Meets Expectations,7,Demonstrates strong problem-solving skills.,No
5906,1876,2024-06-29,Q1,4.1,Exceeds Expectations,3,Demonstrates strong problem-solving skills.,Yes
5907,1273,2025-04-15,Q4,2.9,Needs Improvement,9,Requires additional coaching.,No
5908,2818,2024-01-07,Q4,3.7,Meets Expectations,3,Strong technical skills.,Yes
5909,2122,2025-04-21,Q2,3.2,Meets Expectations,8,Excellent leadership and teamwork.,No
5910,1374,2025-12-14,Q3,3.7,Meets Expectations,9,Reliable and dependable employee.,No
5911,756,2025-06-17,Q2,3.1,Meets Expectations,6,Reliable and dependable employee.,No
5912,1835,2025-06-03,Q2,4.2,Exceeds Expectations,10,Good communication and collaboration.,No
5913,2941,2025-10-02,Q4,4.5,Outstanding,5,Demonstrates strong problem-solving skills.,Yes
5914,2981,2024-04-25,Q4,4.0,Exceeds Expectations,5,Good communication and collaboration.,Yes
5915,1038,2024-02-09,Q4,3.9,Meets Expectations,9,Requires additional coaching.,Yes
5916,189,2024-04-17,Q3,3.1,Meets Expectations,9,Consistently exceeds expectations.,Yes
5917,1551,2024-02-29,Q4,4.6,Outstanding,5,Requires additional coaching.,No
5918,2524,2024-12-31,Q3,4.9,Outstanding,7,Strong technical skills.,Yes
5919,1007,2025-11-13,Q3,4.0,Exceeds Expectations,4,Requires additional coaching.,No
5920,1709,2024-02-03,Q2,4.4,Exceeds Expectations,7,Strong technical skills.,Yes
5921,2300,2025-09-07,Q2,4.9,Outstanding,6,Consistently exceeds expectations.,Yes
5922,2231,2024-06-04,Q4,2.1,Poor,6,Strong technical skills.,No
5923,1724,2025-09-11,Q2,3.8,Meets Expectations,6,Demonstrates strong problem-solving skills.,No
5924,2468,2024-10-05,Q2,4.9,Outstanding,3,Consistently exceeds expectations.,Yes
5925,656,2024-04-25,Q1,4.8,Outstanding,4,Requires additional coaching.,Yes
5926,393,2024-10-20,Q3,3.5,Meets Expectations,5,Excellent leadership and teamwork.,Yes
5927,2569,2024-10-15,Q1,2.5,Needs Improvement,8,Reliable and dependable employee.,Yes
5928,300,2025-10-18,Q2,4.8,Outstanding,9,Good communication and collaboration.,Yes
5929,1193,2024-08-20,Q2,4.3,Exceeds Expectations,4,Reliable and dependable employee.,No
5930,187,2025-12-05,Q1,2.6,Needs Improvement,9,Demonstrates strong problem-solving skills.,Yes
5931,144,2025-07-20,Q2,4.5,Outstanding,8,Excellent leadership and teamwork.,Yes
5932,401,2024-07-05,Q4,4.0,Exceeds Expectations,10,Needs improvement in productivity.,No
5933,2357,2025-09-24,Q1,4.1,Exceeds Expectations,3,Excellent leadership and teamwork.,Yes
5934,2688,2025-11-03,Q1,3.7,Meets Expectations,10,Requires additional coaching.,No
5935,871,2025-03-17,Q2,4.5,Outstanding,7,Strong technical skills.,Yes
5936,1054,2024-07-23,Q4,5.0,Outstanding,4,Needs improvement in productivity.,Yes
5937,1281,2025-04-08,Q4,2.9,Needs Improvement,7,Requires additional coaching.,Yes
5938,466,2025-07-12,Q1,3.4,Meets Expectations,10,Excellent leadership and teamwork.,Yes
5939,1977,2025-04-29,Q2,2.4,Poor,3,Strong technical skills.,Yes
5940,191,2025-09-09,Q1,3.9,Meets Expectations,6,Strong technical skills.,Yes
5941,733,2025-07-01,Q2,4.5,Outstanding,4,Requires additional coaching.,Yes
5942,103,2025-02-12,Q2,3.1,Meets Expectations,5,Strong technical skills.,Yes
5943,2238,2025-10-12,Q3,2.7,Needs Improvement,5,Demonstrates strong problem-solving skills.,No
5944,657,2024-05-16,Q1,3.1,Meets Expectations,5,Consistently exceeds expectations.,Yes
5945,458,2024-04-08,Q4,2.3,Poor,8,Strong technical skills.,Yes
5946,2168,2024-02-06,Q2,4.9,Outstanding,5,Requires additional coaching.,No
5947,2784,2024-06-30,Q1,2.1,Poor,9,Demonstrates strong problem-solving skills.,Yes
5948,463,2024-08-19,Q4,4.4,Exceeds Expectations,9,Reliable and dependable employee.,Yes
5949,736,2024-02-29,Q3,3.0,Meets Expectations,6,Requires additional coaching.,No
5950,694,2024-11-26,Q2,3.3,Meets Expectations,3,Reliable and dependable employee.,Yes
5951,168,2025-01-24,Q3,3.8,Meets Expectations,4,Demonstrates strong problem-solving skills.,No
5952,855,2025-08-09,Q1,3.9,Meets Expectations,7,Excellent leadership and teamwork.,No
5953,809,2025-05-11,Q3,2.2,Poor,4,Excellent leadership and teamwork.,No
5954,113,2024-04-18,Q3,3.3,Meets Expectations,3,Strong technical skills.,No
5955,671,2025-09-08,Q4,3.6,Meets Expectations,10,Demonstrates strong problem-solving skills.,Yes
5956,954,2025-08-31,Q3,4.3,Exceeds Expectations,9,Demonstrates strong problem-solving skills.,No
5957,203,2024-05-16,Q2,4.2,Exceeds Expectations,3,Demonstrates strong problem-solving skills.,No
5958,1117,2025-05-08,Q1,4.0,Exceeds Expectations,8,Good communication and collaboration.,No
5959,1343,2025-07-20,Q1,4.2,Exceeds Expectations,4,Demonstrates strong problem-solving skills.,Yes
5960,1810,2024-07-11,Q4,2.5,Needs Improvement,6,Reliable and dependable employee.,Yes
5961,2314,2024-07-22,Q2,2.1,Poor,5,Excellent leadership and teamwork.,No
5962,443,2025-01-06,Q2,2.3,Poor,4,Good communication and collaboration.,No
5963,114,2025-04-06,Q2,3.3,Meets Expectations,9,Excellent leadership and teamwork.,Yes
5964,2532,2024-07-04,Q3,3.8,Meets Expectations,3,Reliable and dependable employee.,No
5965,170,2024-02-05,Q1,3.2,Meets Expectations,4,Demonstrates strong problem-solving skills.,No
5966,1945,2024-05-10,Q1,4.4,Exceeds Expectations,10,Excellent leadership and teamwork.,No
5967,1113,2025-09-14,Q4,3.6,Meets Expectations,9,Requires additional coaching.,Yes
5968,2584,2025-12-10,Q2,4.0,Exceeds Expectations,7,Excellent leadership and teamwork.,No
5969,2705,2024-08-30,Q3,3.8,Meets Expectations,7,Consistently exceeds expectations.,Yes
5970,2222,2025-04-01,Q1,4.9,Outstanding,3,Consistently exceeds expectations.,Yes
5971,1124,2024-06-29,Q3,4.5,Outstanding,9,Demonstrates strong problem-solving skills.,No
5972,1904,2024-04-28,Q1,3.3,Meets Expectations,8,Reliable and dependable employee.,No
5973,2313,2025-08-30,Q1,3.2,Meets Expectations,4,Demonstrates strong problem-solving skills.,Yes
5974,2328,2024-12-09,Q1,2.5,Needs Improvement,10,Requires additional coaching.,No
5975,1357,2025-08-21,Q4,2.2,Poor,10,Excellent leadership and teamwork.,Yes
5976,625,2025-07-01,Q1,4.0,Exceeds Expectations,7,Needs improvement in productivity.,Yes
5977,1251,2024-05-17,Q2,3.4,Meets Expectations,10,Demonstrates strong problem-solving skills.,Yes
5978,1322,2024-11-22,Q2,4.6,Outstanding,3,Needs improvement in productivity.,Yes
5979,2180,2025-04-02,Q4,2.8,Needs Improvement,6,Needs improvement in productivity.,No
5980,716,2024-01-17,Q2,4.9,Outstanding,6,Good communication and collaboration.,No
5981,2870,2024-10-24,Q1,3.4,Meets Expectations,5,Strong technical skills.,Yes
5982,2509,2024-03-23,Q4,2.7,Needs Improvement,9,Good communication and collaboration.,No
5983,1574,2025-11-07,Q3,2.9,Needs Improvement,7,Reliable and dependable employee.,No
5984,1018,2025-11-13,Q2,3.8,Meets Expectations,8,Requires additional coaching.,No
5985,537,2024-08-24,Q1,4.1,Exceeds Expectations,9,Demonstrates strong problem-solving skills.,No
5986,681,2025-12-25,Q2,4.4,Exceeds Expectations,10,Good communication and collaboration.,No
5987,925,2025-05-08,Q3,4.5,Outstanding,3,Requires additional coaching.,Yes
5988,232,2024-10-24,Q4,4.6,Outstanding,9,Good communication and collaboration.,Yes
5989,1107,2024-04-14,Q1,4.3,Exceeds Expectations,7,Reliable and dependable employee.,Yes
5990,1534,2025-07-15,Q2,3.2,Meets Expectations,7,Needs improvement in productivity.,Yes
5991,1703,2025-08-23,Q2,2.6,Needs Improvement,9,Reliable and dependable employee.,Yes
5992,799,2025-12-21,Q1,3.1,Meets Expectations,7,Strong technical skills.,No
5993,1491,2025-02-02,Q1,3.1,Meets Expectations,7,Good communication and collaboration.,No
5994,1190,2024-11-07,Q1,4.8,Outstanding,4,Consistently exceeds expectations.,No
5995,1391,2025-04-25,Q3,2.8,Needs Improvement,7,Needs improvement in productivity.,No
5996,2628,2024-06-09,Q1,2.9,Needs Improvement,7,Reliable and dependable employee.,No
5997,1551,2025-03-24,Q1,2.7,Needs Improvement,8,Consistently exceeds expectations.,Yes
5998,2557,2024-10-24,Q4,2.3,Poor,7,Demonstrates strong problem-solving skills.,Yes
5999,1031,2024-07-18,Q3,4.0,Exceeds Expectations,5,Demonstrates strong problem-solving skills.,Yes
6000,1038,2024-10-30,Q2,3.3,Meets Expectations,8,Good communication and collaboration.,No
