promotion_id,employee_id,promotion_date,old_designation,new_designation,salary_increment_percent,promotion_reason
1,103,2024-05-05,Associate,Executive,20.61,Annual Promotion
2,420,2025-08-24,Executive,Senior Executive,19.5,Business Requirement
3,1729,2025-04-12,Junior Executive,Manager,8.54,Outstanding Performance
4,2070,2024-11-25,Executive,Senior Executive,18.23,Business Requirement
5,2662,2024-06-16,Executive,Senior Manager,19.92,Role Expansion
6,2414,2024-03-09,Executive,Assistant Manager,12.73,Outstanding Performance
7,654,2025-10-26,Assistant Manager,Team Lead,19.87,Leadership Development
8,1379,2024-09-15,Senior Executive,Team Lead,9.74,Role Expansion
9,1409,2025-02-04,Junior Executive,Lead Analyst,18.26,Outstanding Performance
10,2197,2024-01-08,Associate,Assistant Manager,10.12,Role Expansion
11,1201,2025-01-24,Junior Executive,Manager,22.1,Business Requirement
12,2365,2025-01-04,Assistant Manager,Lead Analyst,11.27,Outstanding Performance
13,934,2024-08-10,Junior Executive,Senior Manager,21.14,Outstanding Performance
14,414,2024-05-31,Assistant Manager,Senior Executive,14.46,Role Expansion
15,1495,2024-04-06,Associate,Team Lead,10.77,Leadership Development
16,1094,2024-01-27,Executive,Senior Manager,19.93,Outstanding Performance
17,701,2025-04-19,Senior Analyst,Senior Manager,17.08,Annual Promotion
18,1555,2024-03-29,Executive,Assistant Manager,12.59,Business Requirement
19,1329,2025-07-31,Executive,Senior Manager,22.33,Outstanding Performance
20,132,2025-07-16,Executive,Team Lead,21.69,Role Expansion
21,865,2025-01-29,Senior Executive,Executive,23.52,Business Requirement
22,871,2025-11-15,Associate,Lead Analyst,19.14,Role Expansion
23,586,2024-02-10,Associate,Assistant Manager,12.5,Annual Promotion
24,2208,2024-06-30,Associate,Manager,12.47,Business Requirement
25,1636,2025-04-20,Analyst,Manager,14.15,Annual Promotion
26,373,2024-03-26,Senior Analyst,Assistant Manager,20.85,Outstanding Performance
27,656,2024-11-12,Executive,Senior Manager,21.47,Role Expansion
28,1577,2024-10-12,Senior Analyst,Executive,14.49,Role Expansion
29,2267,2024-04-21,Senior Analyst,Lead Analyst,22.63,Outstanding Performance
30,470,2024-01-31,Associate,Senior Manager,19.59,Business Requirement
31,2626,2025-09-10,Assistant Manager,Lead Analyst,13.78,Leadership Development
32,1859,2024-08-09,Analyst,Senior Executive,8.06,Leadership Development
33,732,2024-07-07,Senior Analyst,Team Lead,16.63,Outstanding Performance
34,1223,2024-01-19,Assistant Manager,Senior Manager,22.31,Business Requirement
35,627,2025-09-26,Senior Analyst,Senior Executive,14.36,Annual Promotion
36,2173,2025-07-03,Senior Analyst,Team Lead,23.61,Business Requirement
37,80,2025-03-05,Senior Executive,Assistant Manager,9.9,Leadership Development
38,1260,2024-05-08,Assistant Manager,Team Lead,12.07,Annual Promotion
39,351,2025-10-06,Senior Analyst,Executive,20.44,Outstanding Performance
40,516,2024-09-04,Assistant Manager,Manager,10.18,Role Expansion
41,1086,2024-06-16,Senior Analyst,Senior Executive,16.97,Business Requirement
42,2209,2025-07-01,Analyst,Senior Executive,20.84,Annual Promotion
43,1635,2024-07-24,Associate,Lead Analyst,24.92,Leadership Development
44,1850,2024-02-15,Analyst,Manager,10.06,Annual Promotion
45,87,2025-10-20,Junior Executive,Lead Analyst,18.0,Annual Promotion
46,30,2025-08-16,Senior Analyst,Senior Executive,9.21,Outstanding Performance
47,1354,2025-08-05,Executive,Team Lead,9.2,Annual Promotion
48,1989,2024-06-04,Senior Executive,Senior Manager,11.64,Annual Promotion
49,2361,2024-12-21,Associate,Manager,16.04,Role Expansion
50,387,2024-04-08,Assistant Manager,Senior Executive,9.65,Role Expansion
51,1684,2024-03-15,Senior Executive,Assistant Manager,15.94,Outstanding Performance
52,2647,2025-12-13,Associate,Senior Manager,9.67,Role Expansion
53,448,2024-12-29,Associate,Lead Analyst,12.23,Annual Promotion
54,575,2025-11-29,Senior Analyst,Assistant Manager,15.17,Leadership Development
55,309,2025-09-11,Analyst,Senior Executive,15.53,Business Requirement
56,2672,2024-11-17,Junior Executive,Executive,24.99,Outstanding Performance
57,969,2025-10-24,Junior Executive,Team Lead,10.83,Role Expansion
58,1643,2024-03-01,Analyst,Senior Executive,23.34,Annual Promotion
59,1600,2025-12-19,Analyst,Executive,12.51,Role Expansion
60,2854,2024-05-25,Senior Executive,Assistant Manager,24.27,Business Requirement
61,1994,2025-02-05,Associate,Senior Manager,10.63,Leadership Development
62,2221,2024-04-12,Executive,Manager,9.04,Leadership Development
63,2393,2025-07-12,Junior Executive,Executive,16.11,Business Requirement
64,329,2024-07-30,Executive,Manager,22.47,Outstanding Performance
65,2766,2024-10-24,Senior Analyst,Executive,22.65,Role Expansion
66,1009,2025-05-21,Junior Executive,Manager,17.84,Outstanding Performance
67,1718,2025-08-23,Senior Analyst,Executive,19.18,Business Requirement
68,1069,2024-04-20,Senior Analyst,Lead Analyst,11.47,Leadership Development
69,1622,2025-10-10,Executive,Lead Analyst,10.22,Leadership Development
70,298,2025-12-20,Analyst,Lead Analyst,8.16,Business Requirement
71,301,2025-02-24,Senior Analyst,Executive,17.14,Business Requirement
72,282,2025-06-29,Senior Executive,Lead Analyst,22.95,Leadership Development
73,2226,2025-10-20,Senior Executive,Assistant Manager,19.96,Business Requirement
74,2167,2024-05-30,Assistant Manager,Senior Manager,8.13,Business Requirement
75,425,2025-02-18,Senior Executive,Senior Manager,23.96,Annual Promotion
76,439,2024-12-13,Senior Executive,Executive,20.62,Annual Promotion
77,2478,2024-04-20,Senior Executive,Lead Analyst,11.58,Leadership Development
78,2598,2024-09-12,Executive,Senior Manager,22.5,Business Requirement
79,209,2025-10-18,Analyst,Lead Analyst,9.57,Role Expansion
80,181,2024-10-25,Assistant Manager,Lead Analyst,8.06,Annual Promotion
81,662,2024-06-12,Associate,Lead Analyst,20.6,Business Requirement
82,2298,2025-03-24,Associate,Assistant Manager,8.16,Outstanding Performance
83,2235,2024-01-20,Associate,Senior Executive,8.61,Leadership Development
84,607,2024-07-12,Senior Analyst,Manager,15.31,Outstanding Performance
85,164,2025-03-27,Senior Executive,Lead Analyst,23.28,Annual Promotion
86,2732,2025-02-01,Associate,Senior Executive,9.75,Business Requirement
87,634,2024-12-29,Assistant Manager,Manager,23.74,Annual Promotion
88,726,2025-12-13,Assistant Manager,Senior Executive,22.98,Outstanding Performance
89,1361,2025-03-27,Executive,Senior Manager,21.3,Role Expansion
90,1017,2025-12-12,Assistant Manager,Senior Manager,12.54,Outstanding Performance
91,159,2024-10-16,Analyst,Team Lead,22.6,Annual Promotion
92,1886,2025-05-22,Executive,Team Lead,13.94,Annual Promotion
93,792,2025-06-10,Executive,Senior Manager,14.77,Leadership Development
94,1144,2024-02-29,Assistant Manager,Executive,13.97,Business Requirement
95,2197,2025-07-22,Analyst,Senior Manager,13.63,Outstanding Performance
96,732,2024-12-31,Junior Executive,Lead Analyst,17.87,Leadership Development
97,2444,2024-09-04,Junior Executive,Executive,15.39,Leadership Development
98,2095,2025-04-12,Analyst,Manager,9.97,Business Requirement
99,182,2024-01-31,Executive,Lead Analyst,20.05,Outstanding Performance
100,2206,2025-06-02,Senior Analyst,Team Lead,19.68,Annual Promotion
101,287,2025-12-12,Senior Executive,Assistant Manager,24.13,Leadership Development
102,2718,2024-08-05,Senior Analyst,Lead Analyst,22.42,Leadership Development
103,2732,2025-11-03,Senior Analyst,Lead Analyst,14.94,Role Expansion
104,2271,2024-07-31,Associate,Lead Analyst,10.16,Role Expansion
105,2775,2024-11-27,Associate,Assistant Manager,20.72,Annual Promotion
106,1233,2024-07-30,Senior Analyst,Manager,14.9,Outstanding Performance
107,861,2025-05-04,Senior Executive,Lead Analyst,15.31,Business Requirement
108,1320,2025-11-21,Senior Analyst,Senior Manager,15.9,Role Expansion
109,2094,2025-07-26,Associate,Senior Executive,16.04,Annual Promotion
110,1163,2024-06-25,Associate,Executive,16.76,Business Requirement
111,963,2025-05-31,Senior Executive,Executive,19.44,Annual Promotion
112,604,2024-08-18,Assistant Manager,Senior Executive,8.42,Annual Promotion
113,299,2024-05-12,Analyst,Manager,15.74,Business Requirement
114,2853,2024-05-31,Executive,Senior Manager,14.53,Role Expansion
115,2688,2025-09-01,Executive,Senior Executive,19.69,Outstanding Performance
116,721,2024-08-25,Assistant Manager,Senior Executive,21.67,Business Requirement
117,2284,2024-02-01,Analyst,Executive,12.24,Outstanding Performance
118,1904,2025-09-28,Analyst,Senior Executive,19.35,Business Requirement
119,1813,2025-08-20,Senior Analyst,Lead Analyst,18.42,Business Requirement
120,2245,2024-12-24,Analyst,Team Lead,15.58,Annual Promotion
121,1945,2025-04-12,Associate,Team Lead,15.65,Annual Promotion
122,1136,2025-08-17,Assistant Manager,Senior Manager,21.02,Business Requirement
123,980,2024-05-12,Analyst,Senior Manager,12.67,Outstanding Performance
124,961,2025-02-14,Associate,Lead Analyst,12.62,Leadership Development
125,567,2025-02-10,Senior Analyst,Executive,10.56,Role Expansion
126,2894,2024-12-02,Associate,Senior Executive,11.64,Role Expansion
127,2223,2024-08-17,Analyst,Lead Analyst,15.92,Outstanding Performance
128,1721,2025-04-05,Executive,Team Lead,14.62,Business Requirement
129,2359,2025-07-02,Associate,Executive,14.47,Outstanding Performance
130,1598,2025-12-25,Senior Executive,Lead Analyst,22.51,Role Expansion
131,2237,2025-07-13,Senior Analyst,Senior Manager,21.6,Annual Promotion
132,1118,2025-10-16,Analyst,Senior Executive,15.41,Outstanding Performance
133,2740,2025-08-28,Analyst,Lead Analyst,19.55,Role Expansion
134,1915,2025-04-19,Associate,Senior Executive,23.63,Business Requirement
135,1614,2024-01-13,Senior Analyst,Executive,18.06,Outstanding Performance
136,1756,2024-05-29,Junior Executive,Senior Manager,10.31,Role Expansion
137,1553,2025-03-19,Executive,Lead Analyst,13.56,Role Expansion
138,1553,2025-05-27,Senior Executive,Lead Analyst,12.73,Role Expansion
139,336,2024-07-14,Senior Executive,Team Lead,16.0,Business Requirement
140,919,2025-09-28,Junior Executive,Lead Analyst,19.05,Outstanding Performance
141,1013,2025-04-06,Assistant Manager,Executive,11.39,Outstanding Performance
142,978,2024-09-12,Senior Analyst,Senior Executive,10.15,Outstanding Performance
143,1905,2024-10-24,Senior Analyst,Senior Executive,19.89,Leadership Development
144,2488,2025-08-30,Executive,Manager,24.38,Outstanding Performance
145,671,2025-02-25,Assistant Manager,Team Lead,24.4,Outstanding Performance
146,1278,2024-07-27,Senior Analyst,Executive,17.79,Role Expansion
147,813,2024-06-10,Analyst,Senior Manager,9.29,Annual Promotion
148,1236,2024-01-04,Junior Executive,Senior Manager,22.45,Business Requirement
149,2319,2025-07-31,Assistant Manager,Executive,21.3,Leadership Development
150,2710,2024-12-07,Senior Analyst,Assistant Manager,14.3,Business Requirement
151,52,2025-12-14,Associate,Lead Analyst,22.44,Role Expansion
152,1484,2024-11-09,Junior Executive,Assistant Manager,18.8,Role Expansion
153,1784,2024-04-16,Associate,Senior Executive,10.99,Business Requirement
154,2523,2024-02-28,Associate,Lead Analyst,21.74,Business Requirement
155,2995,2024-08-13,Assistant Manager,Team Lead,18.07,Leadership Development
156,355,2024-12-31,Assistant Manager,Senior Executive,12.74,Role Expansion
157,1904,2024-03-05,Executive,Team Lead,17.69,Role Expansion
158,2025,2025-01-13,Senior Executive,Executive,22.47,Annual Promotion
159,1454,2024-10-25,Analyst,Senior Executive,21.56,Leadership Development
160,2873,2024-03-30,Senior Executive,Manager,22.96,Business Requirement
161,783,2024-07-21,Junior Executive,Manager,9.46,Role Expansion
162,985,2024-12-10,Analyst,Manager,19.74,Role Expansion
163,71,2025-08-21,Analyst,Team Lead,9.58,Annual Promotion
164,997,2024-11-21,Analyst,Senior Manager,13.21,Business Requirement
165,2268,2025-08-08,Senior Executive,Assistant Manager,17.03,Role Expansion
166,1355,2024-01-30,Associate,Manager,13.98,Role Expansion
167,1030,2025-07-25,Senior Executive,Lead Analyst,11.92,Annual Promotion
168,2195,2024-04-10,Senior Executive,Executive,24.16,Annual Promotion
169,1984,2024-01-15,Executive,Senior Executive,12.7,Business Requirement
170,2445,2025-11-24,Assistant Manager,Manager,12.81,Outstanding Performance
171,1214,2025-10-01,Assistant Manager,Senior Executive,11.87,Annual Promotion
172,2901,2024-04-05,Senior Executive,Executive,17.08,Leadership Development
173,2267,2024-10-04,Junior Executive,Executive,12.97,Annual Promotion
174,2011,2025-05-07,Associate,Team Lead,9.74,Outstanding Performance
175,1923,2025-10-19,Senior Analyst,Lead Analyst,16.14,Leadership Development
176,1957,2025-02-12,Executive,Lead Analyst,9.94,Outstanding Performance
177,304,2025-11-05,Analyst,Assistant Manager,17.81,Outstanding Performance
178,2306,2025-09-07,Executive,Senior Executive,24.14,Outstanding Performance
179,1705,2025-04-01,Executive,Manager,18.31,Business Requirement
180,2141,2024-07-18,Executive,Team Lead,14.47,Role Expansion
181,2411,2024-10-08,Senior Executive,Team Lead,24.83,Leadership Development
182,247,2024-05-01,Senior Analyst,Manager,18.36,Outstanding Performance
183,2563,2024-01-29,Assistant Manager,Senior Executive,11.59,Outstanding Performance
184,712,2025-11-23,Executive,Senior Executive,17.38,Annual Promotion
185,1846,2024-04-04,Junior Executive,Assistant Manager,19.72,Role Expansion
186,949,2025-08-24,Senior Executive,Executive,12.9,Leadership Development
187,1860,2024-03-30,Associate,Team Lead,9.21,Annual Promotion
188,2561,2024-05-08,Senior Executive,Team Lead,18.03,Annual Promotion
189,2231,2025-01-03,Analyst,Executive,11.82,Annual Promotion
190,583,2024-05-25,Senior Executive,Team Lead,9.21,Annual Promotion
191,2438,2024-09-09,Assistant Manager,Lead Analyst,20.73,Business Requirement
192,510,2024-06-26,Senior Executive,Assistant Manager,15.97,Leadership Development
193,1116,2024-10-21,Associate,Assistant Manager,16.51,Role Expansion
194,2450,2025-08-19,Analyst,Executive,8.68,Role Expansion
195,2473,2025-01-31,Associate,Lead Analyst,12.26,Outstanding Performance
196,2357,2024-07-20,Executive,Senior Manager,17.98,Outstanding Performance
197,1104,2024-12-09,Assistant Manager,Senior Manager,17.8,Annual Promotion
198,2669,2025-07-06,Analyst,Manager,15.52,Leadership Development
199,1786,2024-11-29,Executive,Manager,18.79,Role Expansion
200,1426,2025-08-03,Junior Executive,Assistant Manager,14.94,Leadership Development
201,659,2024-09-15,Associate,Executive,13.61,Role Expansion
202,1641,2024-12-29,Senior Executive,Senior Manager,21.83,Business Requirement
203,361,2025-08-19,Junior Executive,Assistant Manager,13.35,Leadership Development
204,1656,2024-10-30,Junior Executive,Team Lead,22.7,Outstanding Performance
205,2223,2025-03-16,Associate,Team Lead,15.85,Outstanding Performance
206,1482,2024-11-30,Executive,Manager,18.58,Role Expansion
207,212,2025-09-05,Associate,Assistant Manager,11.46,Business Requirement
208,1795,2025-12-06,Executive,Lead Analyst,22.97,Role Expansion
209,2581,2025-10-14,Junior Executive,Executive,18.35,Annual Promotion
210,1273,2025-11-03,Associate,Senior Executive,17.36,Business Requirement
211,921,2024-12-19,Analyst,Executive,24.87,Outstanding Performance
212,2654,2024-10-24,Analyst,Executive,22.15,Role Expansion
213,2085,2024-09-07,Associate,Lead Analyst,19.99,Role Expansion
214,1871,2024-07-16,Assistant Manager,Senior Executive,17.37,Role Expansion
215,2082,2025-09-26,Executive,Manager,20.69,Annual Promotion
216,1132,2024-10-29,Assistant Manager,Executive,21.14,Role Expansion
217,2080,2024-11-10,Senior Executive,Team Lead,12.54,Outstanding Performance
218,1223,2024-02-21,Senior Executive,Senior Manager,22.24,Business Requirement
219,609,2024-02-11,Associate,Assistant Manager,15.59,Role Expansion
220,2261,2025-07-22,Senior Executive,Lead Analyst,20.97,Role Expansion
221,773,2024-12-18,Analyst,Lead Analyst,24.67,Annual Promotion
222,957,2024-04-11,Senior Analyst,Assistant Manager,22.55,Role Expansion
223,1938,2024-12-17,Junior Executive,Lead Analyst,19.99,Role Expansion
224,2671,2024-03-09,Analyst,Senior Manager,24.67,Role Expansion
225,2058,2025-04-12,Junior Executive,Senior Executive,24.41,Leadership Development
226,1804,2025-10-24,Assistant Manager,Executive,9.7,Role Expansion
227,591,2025-07-21,Junior Executive,Senior Manager,14.97,Annual Promotion
228,1086,2024-04-22,Junior Executive,Assistant Manager,13.76,Role Expansion
229,1346,2024-05-26,Associate,Executive,22.49,Business Requirement
230,2568,2024-01-06,Analyst,Lead Analyst,20.22,Role Expansion
231,148,2025-03-19,Assistant Manager,Manager,18.5,Annual Promotion
232,1178,2025-07-26,Associate,Senior Manager,24.96,Outstanding Performance
233,2596,2024-05-08,Analyst,Executive,19.97,Outstanding Performance
234,2843,2024-04-07,Analyst,Senior Executive,13.09,Outstanding Performance
235,230,2025-07-19,Junior Executive,Lead Analyst,12.99,Leadership Development
236,1001,2025-01-15,Analyst,Senior Executive,17.03,Business Requirement
237,738,2024-09-26,Associate,Team Lead,10.89,Outstanding Performance
238,1567,2024-09-08,Senior Analyst,Team Lead,18.54,Annual Promotion
239,587,2024-05-13,Analyst,Manager,11.95,Leadership Development
240,2732,2024-08-05,Analyst,Lead Analyst,8.16,Role Expansion
241,2239,2024-06-16,Senior Executive,Senior Manager,10.69,Role Expansion
242,1226,2025-05-10,Senior Executive,Manager,18.86,Role Expansion
243,1872,2024-10-18,Associate,Lead Analyst,22.37,Annual Promotion
244,1980,2024-12-23,Analyst,Team Lead,9.81,Role Expansion
245,2355,2025-11-07,Senior Analyst,Lead Analyst,13.03,Leadership Development
246,2697,2025-08-28,Junior Executive,Team Lead,14.73,Outstanding Performance
247,2810,2025-05-26,Senior Analyst,Team Lead,21.23,Outstanding Performance
248,2035,2025-10-03,Senior Analyst,Senior Manager,22.16,Leadership Development
249,943,2024-07-19,Assistant Manager,Team Lead,18.32,Leadership Development
250,779,2024-05-13,Executive,Senior Manager,18.56,Annual Promotion
251,2571,2025-09-04,Associate,Executive,18.99,Leadership Development
252,2374,2025-02-23,Assistant Manager,Executive,14.2,Annual Promotion
253,1339,2025-08-10,Junior Executive,Lead Analyst,20.71,Annual Promotion
254,2210,2024-09-30,Executive,Senior Executive,22.9,Leadership Development
255,1117,2024-05-11,Senior Analyst,Manager,22.12,Leadership Development
256,1209,2025-05-22,Assistant Manager,Team Lead,20.69,Leadership Development
257,1919,2025-07-04,Assistant Manager,Executive,24.37,Annual Promotion
258,2771,2025-11-26,Assistant Manager,Senior Executive,20.31,Role Expansion
259,2283,2024-05-28,Assistant Manager,Team Lead,14.22,Role Expansion
260,2198,2025-01-04,Junior Executive,Lead Analyst,10.1,Leadership Development
261,2754,2025-07-30,Associate,Senior Manager,12.46,Role Expansion
262,1522,2025-12-11,Assistant Manager,Senior Manager,9.84,Annual Promotion
263,2538,2024-01-02,Analyst,Executive,23.03,Business Requirement
264,907,2025-06-03,Senior Executive,Manager,19.01,Role Expansion
265,2660,2025-05-26,Associate,Lead Analyst,14.94,Annual Promotion
266,1247,2024-07-01,Junior Executive,Executive,24.93,Outstanding Performance
267,2202,2024-01-10,Junior Executive,Senior Executive,10.31,Role Expansion
268,2853,2025-07-05,Senior Executive,Senior Manager,24.08,Role Expansion
269,2977,2025-03-01,Senior Analyst,Senior Manager,10.63,Role Expansion
270,2005,2025-12-02,Associate,Executive,18.47,Leadership Development
271,1518,2025-12-11,Junior Executive,Senior Manager,11.69,Role Expansion
272,1486,2024-09-28,Executive,Team Lead,9.69,Leadership Development
273,1470,2024-04-05,Senior Analyst,Senior Manager,9.03,Leadership Development
274,1863,2024-02-24,Executive,Team Lead,9.56,Annual Promotion
275,2446,2024-12-16,Associate,Senior Manager,24.51,Outstanding Performance
276,998,2025-12-24,Assistant Manager,Lead Analyst,24.81,Business Requirement
277,2271,2024-05-30,Executive,Team Lead,11.52,Annual Promotion
278,955,2025-09-14,Assistant Manager,Team Lead,13.59,Annual Promotion
279,12,2024-05-04,Assistant Manager,Manager,12.71,Annual Promotion
280,1027,2025-12-13,Executive,Manager,21.57,Outstanding Performance
281,106,2024-04-04,Associate,Team Lead,10.24,Leadership Development
282,975,2025-01-01,Assistant Manager,Team Lead,18.01,Outstanding Performance
283,215,2024-04-11,Executive,Lead Analyst,10.15,Role Expansion
284,261,2025-12-30,Senior Analyst,Executive,16.1,Leadership Development
285,447,2025-09-17,Senior Analyst,Manager,15.68,Annual Promotion
286,2979,2024-03-02,Senior Analyst,Executive,21.31,Business Requirement
287,2636,2025-07-06,Senior Executive,Assistant Manager,24.39,Outstanding Performance
288,1646,2024-01-06,Analyst,Team Lead,15.25,Outstanding Performance
289,1817,2024-07-16,Analyst,Senior Manager,9.25,Outstanding Performance
290,608,2025-07-13,Senior Executive,Manager,9.12,Leadership Development
291,2398,2025-12-01,Senior Analyst,Senior Manager,17.32,Leadership Development
292,2174,2025-03-05,Analyst,Manager,13.01,Business Requirement
293,407,2024-12-28,Senior Analyst,Assistant Manager,21.48,Outstanding Performance
294,2667,2025-04-03,Assistant Manager,Senior Manager,22.92,Business Requirement
295,881,2025-09-20,Associate,Team Lead,15.31,Annual Promotion
296,1858,2024-01-03,Analyst,Lead Analyst,14.78,Outstanding Performance
297,1281,2024-07-18,Senior Executive,Assistant Manager,19.31,Leadership Development
298,1943,2024-11-21,Executive,Senior Manager,9.14,Outstanding Performance
299,396,2025-04-06,Junior Executive,Assistant Manager,20.66,Leadership Development
300,2279,2025-05-03,Assistant Manager,Senior Executive,9.02,Business Requirement
301,2745,2025-08-25,Senior Analyst,Lead Analyst,10.08,Leadership Development
302,1733,2024-04-15,Assistant Manager,Senior Manager,22.76,Outstanding Performance
303,1280,2025-04-28,Senior Executive,Manager,13.98,Business Requirement
304,634,2025-09-05,Senior Analyst,Senior Executive,19.16,Annual Promotion
305,1435,2025-03-16,Assistant Manager,Executive,22.37,Leadership Development
306,1142,2025-09-25,Junior Executive,Team Lead,17.76,Role Expansion
307,2547,2024-09-17,Assistant Manager,Manager,18.43,Business Requirement
308,2695,2024-09-29,Junior Executive,Manager,22.1,Leadership Development
309,1120,2024-10-26,Junior Executive,Senior Executive,19.95,Leadership Development
310,26,2025-02-15,Senior Executive,Lead Analyst,11.08,Annual Promotion
311,1642,2024-04-23,Senior Analyst,Senior Manager,9.18,Outstanding Performance
312,2173,2024-11-26,Junior Executive,Senior Manager,11.66,Role Expansion
313,645,2024-12-12,Analyst,Lead Analyst,14.29,Leadership Development
314,2443,2025-10-14,Assistant Manager,Manager,9.44,Outstanding Performance
315,2531,2025-11-17,Executive,Senior Executive,8.85,Outstanding Performance
316,2712,2025-06-05,Senior Executive,Assistant Manager,15.21,Business Requirement
317,1119,2025-03-16,Analyst,Assistant Manager,11.66,Business Requirement
318,1761,2025-04-29,Junior Executive,Lead Analyst,9.89,Business Requirement
319,2733,2025-07-07,Analyst,Manager,13.24,Annual Promotion
320,225,2025-04-07,Analyst,Manager,8.13,Leadership Development
321,563,2024-06-22,Executive,Team Lead,20.99,Leadership Development
322,32,2024-09-27,Senior Executive,Executive,16.46,Role Expansion
323,1558,2025-06-12,Executive,Senior Executive,17.05,Annual Promotion
324,2737,2025-11-25,Senior Analyst,Manager,21.71,Outstanding Performance
325,174,2024-04-22,Analyst,Team Lead,15.42,Role Expansion
326,1283,2025-12-06,Junior Executive,Team Lead,17.79,Business Requirement
327,2623,2025-08-21,Analyst,Senior Manager,15.1,Outstanding Performance
328,1331,2024-04-27,Analyst,Executive,10.92,Business Requirement
329,2825,2025-09-08,Analyst,Team Lead,23.64,Outstanding Performance
330,434,2024-03-21,Analyst,Team Lead,12.14,Business Requirement
331,323,2025-06-20,Analyst,Manager,14.73,Leadership Development
332,908,2025-05-27,Associate,Lead Analyst,13.66,Annual Promotion
333,2594,2024-07-31,Junior Executive,Manager,9.94,Business Requirement
334,1432,2025-01-13,Executive,Team Lead,13.97,Annual Promotion
335,1049,2024-02-12,Executive,Senior Executive,11.35,Business Requirement
336,2685,2025-05-04,Executive,Team Lead,9.28,Role Expansion
337,2310,2025-05-30,Analyst,Team Lead,20.92,Role Expansion
338,2634,2025-02-23,Associate,Manager,18.8,Business Requirement
339,2570,2025-03-06,Senior Executive,Team Lead,13.37,Role Expansion
340,1812,2025-06-15,Junior Executive,Assistant Manager,18.73,Leadership Development
341,1442,2025-04-05,Senior Analyst,Executive,16.62,Leadership Development
342,155,2025-05-10,Analyst,Assistant Manager,8.97,Leadership Development
343,370,2025-12-26,Junior Executive,Senior Manager,18.46,Business Requirement
344,2378,2024-01-11,Analyst,Assistant Manager,17.42,Outstanding Performance
345,2342,2025-07-18,Analyst,Team Lead,19.08,Leadership Development
346,2054,2024-06-19,Senior Analyst,Assistant Manager,10.56,Outstanding Performance
347,1407,2025-04-16,Analyst,Executive,24.7,Outstanding Performance
348,707,2024-10-21,Senior Analyst,Senior Manager,8.67,Role Expansion
349,2142,2024-01-11,Analyst,Manager,18.37,Leadership Development
350,1587,2025-06-27,Senior Executive,Lead Analyst,14.95,Leadership Development
351,215,2024-05-22,Associate,Manager,21.42,Leadership Development
352,388,2024-03-25,Junior Executive,Lead Analyst,17.49,Role Expansion
353,2965,2024-02-21,Senior Executive,Lead Analyst,22.48,Business Requirement
354,1366,2025-02-22,Assistant Manager,Senior Executive,9.39,Annual Promotion
355,2688,2025-02-12,Senior Executive,Lead Analyst,19.87,Role Expansion
356,2904,2024-11-27,Executive,Manager,23.95,Leadership Development
357,2636,2025-09-28,Senior Analyst,Assistant Manager,21.46,Annual Promotion
358,2808,2024-08-04,Associate,Senior Manager,23.51,Outstanding Performance
359,1735,2025-04-19,Associate,Senior Manager,16.64,Outstanding Performance
360,739,2024-10-28,Senior Executive,Lead Analyst,24.17,Leadership Development
361,928,2024-03-31,Assistant Manager,Senior Executive,25.0,Annual Promotion
362,415,2024-01-20,Junior Executive,Lead Analyst,16.63,Business Requirement
363,2157,2025-05-20,Assistant Manager,Senior Manager,8.64,Leadership Development
364,537,2024-06-17,Assistant Manager,Manager,18.15,Annual Promotion
365,2838,2025-05-22,Executive,Senior Executive,21.11,Annual Promotion
366,179,2025-06-01,Associate,Assistant Manager,14.98,Annual Promotion
367,1168,2024-12-12,Analyst,Manager,20.79,Role Expansion
368,980,2024-08-23,Executive,Manager,13.26,Role Expansion
369,1507,2025-02-26,Assistant Manager,Senior Executive,19.53,Business Requirement
370,1155,2024-05-30,Analyst,Assistant Manager,21.23,Business Requirement
371,664,2024-05-26,Senior Analyst,Assistant Manager,21.89,Business Requirement
372,1025,2025-08-17,Executive,Team Lead,8.89,Role Expansion
373,2272,2025-05-11,Assistant Manager,Lead Analyst,23.88,Business Requirement
374,1168,2024-05-11,Assistant Manager,Executive,9.43,Annual Promotion
375,2103,2024-02-03,Senior Executive,Assistant Manager,10.5,Role Expansion
376,1848,2024-05-15,Junior Executive,Senior Executive,23.04,Outstanding Performance
377,1624,2024-05-04,Analyst,Executive,16.53,Annual Promotion
378,1536,2025-03-08,Analyst,Executive,11.82,Leadership Development
379,2928,2024-06-15,Junior Executive,Team Lead,19.05,Annual Promotion
380,1936,2025-09-22,Executive,Lead Analyst,19.83,Annual Promotion
381,1922,2025-06-06,Assistant Manager,Senior Manager,15.63,Outstanding Performance
382,1049,2024-03-08,Junior Executive,Executive,11.67,Annual Promotion
383,2494,2024-10-15,Senior Analyst,Senior Manager,16.97,Outstanding Performance
384,974,2024-04-28,Assistant Manager,Lead Analyst,13.12,Outstanding Performance
385,2618,2025-06-17,Executive,Assistant Manager,21.5,Role Expansion
386,2048,2024-12-19,Junior Executive,Executive,18.14,Outstanding Performance
387,2356,2025-12-20,Associate,Manager,12.11,Annual Promotion
388,7,2025-05-31,Senior Executive,Assistant Manager,18.45,Annual Promotion
389,768,2025-05-07,Senior Analyst,Assistant Manager,19.29,Outstanding Performance
390,278,2025-01-23,Senior Analyst,Lead Analyst,24.21,Business Requirement
391,2080,2025-05-30,Senior Analyst,Team Lead,17.42,Role Expansion
392,2604,2024-11-09,Assistant Manager,Executive,14.58,Leadership Development
393,67,2025-12-14,Senior Executive,Senior Manager,14.07,Outstanding Performance
394,2692,2024-03-23,Senior Executive,Senior Manager,18.68,Business Requirement
395,1362,2025-01-09,Associate,Team Lead,10.27,Leadership Development
396,2633,2024-01-07,Senior Analyst,Lead Analyst,10.98,Role Expansion
397,2588,2024-04-06,Associate,Assistant Manager,11.1,Annual Promotion
398,1875,2025-08-14,Junior Executive,Senior Manager,8.63,Annual Promotion
399,818,2025-01-22,Junior Executive,Team Lead,23.06,Leadership Development
400,1632,2024-09-18,Senior Executive,Manager,24.82,Business Requirement
401,150,2025-06-16,Analyst,Lead Analyst,20.81,Annual Promotion
402,196,2025-04-20,Senior Executive,Lead Analyst,22.72,Leadership Development
403,1508,2025-03-16,Senior Executive,Executive,15.43,Role Expansion
404,1584,2024-08-05,Associate,Assistant Manager,13.76,Annual Promotion
405,2038,2024-03-05,Analyst,Senior Manager,14.24,Business Requirement
406,339,2025-06-09,Senior Executive,Team Lead,20.36,Outstanding Performance
407,740,2024-08-30,Analyst,Manager,17.27,Leadership Development
408,1344,2025-05-13,Junior Executive,Executive,19.24,Leadership Development
409,2940,2024-11-17,Analyst,Manager,15.24,Role Expansion
410,174,2024-09-18,Senior Executive,Assistant Manager,20.36,Leadership Development
411,1125,2025-04-27,Senior Analyst,Assistant Manager,18.87,Outstanding Performance
412,2612,2025-09-19,Junior Executive,Senior Manager,14.91,Business Requirement
413,2783,2024-11-21,Assistant Manager,Senior Manager,10.72,Outstanding Performance
414,2489,2025-11-21,Executive,Team Lead,19.53,Role Expansion
415,276,2024-09-23,Junior Executive,Senior Executive,12.01,Leadership Development
416,2324,2025-11-09,Senior Executive,Assistant Manager,8.55,Annual Promotion
417,1520,2024-09-29,Associate,Assistant Manager,14.32,Outstanding Performance
418,2169,2024-04-01,Senior Analyst,Senior Executive,14.24,Leadership Development
419,1023,2025-01-25,Associate,Lead Analyst,24.33,Outstanding Performance
420,2045,2024-10-08,Associate,Senior Executive,16.8,Business Requirement
421,1067,2025-07-25,Junior Executive,Lead Analyst,19.97,Annual Promotion
422,2843,2024-11-19,Senior Analyst,Lead Analyst,23.58,Role Expansion
423,304,2024-04-11,Executive,Senior Executive,15.68,Role Expansion
424,2794,2025-09-26,Junior Executive,Team Lead,24.45,Leadership Development
425,2907,2025-01-16,Associate,Lead Analyst,9.1,Business Requirement
426,646,2024-05-06,Senior Executive,Lead Analyst,20.1,Annual Promotion
427,2084,2024-11-14,Assistant Manager,Lead Analyst,11.81,Annual Promotion
428,970,2024-07-08,Assistant Manager,Senior Executive,21.44,Outstanding Performance
429,2345,2024-01-11,Senior Executive,Manager,14.27,Business Requirement
430,354,2025-07-06,Executive,Manager,9.12,Role Expansion
431,1961,2024-09-07,Associate,Senior Manager,16.94,Role Expansion
432,303,2024-03-22,Assistant Manager,Manager,10.13,Leadership Development
433,1844,2024-09-22,Associate,Executive,15.92,Business Requirement
434,2259,2024-04-23,Senior Executive,Team Lead,18.88,Annual Promotion
435,1773,2024-03-06,Assistant Manager,Senior Executive,16.55,Outstanding Performance
436,2123,2024-11-26,Assistant Manager,Executive,10.6,Annual Promotion
437,2906,2025-09-02,Executive,Lead Analyst,11.83,Business Requirement
438,324,2025-09-18,Senior Executive,Team Lead,12.26,Business Requirement
439,1241,2025-01-29,Senior Executive,Senior Manager,18.45,Outstanding Performance
440,691,2024-12-02,Senior Analyst,Senior Manager,18.06,Business Requirement
441,2699,2024-01-22,Executive,Senior Executive,18.62,Business Requirement
442,2309,2025-01-08,Senior Executive,Team Lead,8.7,Outstanding Performance
443,2628,2024-12-06,Junior Executive,Executive,21.11,Leadership Development
444,2344,2024-02-21,Associate,Senior Executive,15.08,Outstanding Performance
445,2235,2025-04-26,Analyst,Senior Manager,12.92,Leadership Development
446,2806,2024-06-28,Analyst,Senior Executive,14.9,Role Expansion
447,246,2024-07-13,Junior Executive,Senior Manager,10.69,Role Expansion
448,836,2024-12-07,Analyst,Assistant Manager,13.78,Annual Promotion
449,2943,2024-06-28,Senior Executive,Team Lead,13.43,Leadership Development
450,1518,2025-01-13,Analyst,Senior Executive,16.75,Outstanding Performance
451,502,2024-09-26,Senior Executive,Assistant Manager,12.55,Annual Promotion
452,1574,2025-07-29,Executive,Lead Analyst,22.69,Role Expansion
453,655,2025-08-18,Executive,Team Lead,21.83,Business Requirement
454,778,2025-08-21,Associate,Lead Analyst,20.97,Role Expansion
455,2043,2024-01-12,Senior Analyst,Assistant Manager,22.94,Role Expansion
456,1611,2024-04-12,Junior Executive,Executive,16.59,Annual Promotion
457,1446,2025-03-30,Executive,Manager,8.83,Leadership Development
458,2680,2025-08-02,Analyst,Manager,19.43,Leadership Development
459,441,2025-08-21,Senior Analyst,Executive,15.33,Leadership Development
460,1652,2025-04-15,Associate,Lead Analyst,14.22,Role Expansion
461,2302,2024-10-01,Junior Executive,Manager,11.31,Business Requirement
462,1583,2025-06-09,Senior Executive,Executive,16.57,Business Requirement
463,2553,2025-12-23,Senior Executive,Team Lead,19.57,Outstanding Performance
464,1529,2025-03-19,Executive,Assistant Manager,21.51,Leadership Development
465,591,2025-03-12,Senior Analyst,Lead Analyst,11.38,Business Requirement
466,165,2025-02-06,Analyst,Manager,8.77,Annual Promotion
467,1941,2024-07-24,Associate,Lead Analyst,16.83,Annual Promotion
468,573,2025-11-15,Senior Analyst,Manager,13.58,Business Requirement
469,2526,2024-04-07,Senior Executive,Assistant Manager,20.57,Leadership Development
470,2078,2024-11-09,Senior Analyst,Lead Analyst,22.08,Business Requirement
471,2306,2024-04-28,Analyst,Senior Manager,13.1,Outstanding Performance
472,2760,2025-08-06,Senior Executive,Lead Analyst,9.86,Role Expansion
473,2971,2025-03-30,Senior Analyst,Lead Analyst,22.83,Outstanding Performance
474,1088,2025-07-30,Senior Analyst,Assistant Manager,24.44,Business Requirement
475,2955,2025-03-11,Senior Analyst,Senior Executive,8.87,Role Expansion
476,2577,2025-05-18,Executive,Manager,20.26,Role Expansion
477,2789,2024-12-04,Executive,Team Lead,12.12,Business Requirement
478,782,2025-09-10,Associate,Executive,8.32,Leadership Development
479,1692,2024-03-14,Analyst,Senior Executive,19.74,Role Expansion
480,2505,2024-01-30,Senior Analyst,Team Lead,23.65,Outstanding Performance
481,2125,2024-06-24,Associate,Senior Executive,11.52,Leadership Development
482,2153,2024-07-20,Associate,Assistant Manager,14.41,Annual Promotion
483,1403,2025-11-10,Analyst,Manager,17.29,Leadership Development
484,788,2024-10-30,Senior Analyst,Assistant Manager,24.27,Leadership Development
485,922,2025-10-13,Senior Analyst,Lead Analyst,24.01,Leadership Development
486,2888,2024-02-23,Assistant Manager,Lead Analyst,11.52,Role Expansion
487,1429,2024-10-23,Senior Executive,Assistant Manager,17.53,Leadership Development
488,2349,2025-12-22,Senior Executive,Executive,19.5,Role Expansion
489,1414,2024-06-22,Analyst,Team Lead,24.23,Annual Promotion
490,1179,2025-02-06,Senior Executive,Executive,24.24,Outstanding Performance
491,2687,2024-06-03,Senior Executive,Assistant Manager,12.36,Role Expansion
492,2207,2024-07-28,Executive,Senior Executive,12.61,Business Requirement
493,563,2025-12-01,Associate,Lead Analyst,9.86,Business Requirement
494,208,2024-09-18,Executive,Senior Executive,19.39,Business Requirement
495,954,2025-03-09,Executive,Senior Manager,8.89,Role Expansion
496,1935,2024-08-14,Senior Executive,Senior Manager,9.71,Annual Promotion
497,647,2025-03-08,Junior Executive,Manager,14.92,Role Expansion
498,817,2024-12-27,Analyst,Senior Manager,20.85,Leadership Development
499,2646,2024-08-14,Senior Executive,Lead Analyst,9.01,Outstanding Performance
500,952,2025-03-03,Associate,Manager,17.1,Outstanding Performance
501,721,2025-07-01,Executive,Assistant Manager,23.88,Outstanding Performance
502,2030,2025-02-24,Assistant Manager,Team Lead,11.17,Leadership Development
503,1223,2025-09-09,Junior Executive,Executive,17.66,Outstanding Performance
504,1862,2025-09-06,Senior Executive,Lead Analyst,24.81,Business Requirement
505,550,2025-07-10,Senior Analyst,Assistant Manager,22.47,Role Expansion
506,462,2024-11-20,Senior Executive,Team Lead,13.62,Role Expansion
507,2944,2025-06-07,Associate,Lead Analyst,11.17,Leadership Development
508,2326,2024-07-07,Assistant Manager,Lead Analyst,19.46,Annual Promotion
509,2617,2024-02-19,Executive,Manager,23.25,Role Expansion
510,356,2025-12-18,Senior Analyst,Lead Analyst,14.81,Outstanding Performance
511,1956,2024-11-23,Executive,Senior Executive,13.5,Annual Promotion
512,1572,2024-09-14,Junior Executive,Lead Analyst,12.0,Leadership Development
513,2386,2025-01-07,Senior Executive,Lead Analyst,20.29,Outstanding Performance
514,1473,2025-09-24,Senior Executive,Senior Manager,19.78,Outstanding Performance
515,1907,2024-02-08,Associate,Executive,13.22,Role Expansion
516,2882,2025-09-17,Associate,Manager,21.09,Outstanding Performance
517,1506,2025-01-13,Associate,Lead Analyst,18.45,Annual Promotion
518,628,2024-06-02,Executive,Assistant Manager,15.73,Business Requirement
519,2876,2025-06-29,Senior Executive,Assistant Manager,17.34,Role Expansion
520,2721,2024-06-28,Assistant Manager,Manager,22.04,Annual Promotion
521,2441,2024-04-23,Associate,Team Lead,22.84,Outstanding Performance
522,2164,2025-03-18,Senior Analyst,Assistant Manager,19.96,Outstanding Performance
523,253,2024-12-18,Senior Analyst,Executive,22.09,Business Requirement
524,2199,2024-04-11,Executive,Manager,10.55,Leadership Development
525,1810,2025-04-14,Assistant Manager,Manager,9.98,Annual Promotion
526,2003,2025-04-08,Associate,Manager,9.55,Business Requirement
527,228,2025-04-18,Analyst,Team Lead,15.71,Business Requirement
528,2310,2025-08-07,Analyst,Assistant Manager,8.98,Role Expansion
529,1263,2024-04-24,Associate,Team Lead,20.3,Role Expansion
530,13,2024-07-22,Senior Executive,Team Lead,20.68,Business Requirement
531,1736,2025-07-01,Junior Executive,Executive,13.86,Outstanding Performance
532,283,2025-01-19,Senior Analyst,Executive,24.76,Role Expansion
533,1675,2024-06-17,Junior Executive,Lead Analyst,11.06,Annual Promotion
534,2988,2025-10-18,Assistant Manager,Senior Manager,18.98,Role Expansion
535,1838,2025-05-09,Senior Executive,Assistant Manager,22.78,Role Expansion
536,2797,2025-03-23,Analyst,Executive,24.39,Business Requirement
537,1425,2024-02-07,Executive,Senior Manager,10.02,Business Requirement
538,522,2025-09-06,Analyst,Manager,20.37,Annual Promotion
539,94,2025-08-05,Assistant Manager,Executive,24.63,Role Expansion
540,2231,2024-08-06,Associate,Senior Manager,15.21,Role Expansion
541,1014,2024-09-10,Assistant Manager,Senior Executive,15.83,Annual Promotion
542,463,2024-10-11,Senior Executive,Senior Manager,8.55,Role Expansion
543,65,2024-09-30,Senior Analyst,Team Lead,12.09,Outstanding Performance
544,138,2024-01-25,Junior Executive,Manager,15.59,Outstanding Performance
545,182,2025-03-04,Executive,Senior Manager,14.84,Annual Promotion
546,232,2025-05-16,Senior Analyst,Senior Executive,10.38,Leadership Development
547,2997,2024-11-17,Executive,Team Lead,17.79,Business Requirement
548,2755,2024-04-30,Senior Analyst,Team Lead,21.91,Annual Promotion
549,2136,2025-06-24,Senior Executive,Senior Manager,11.76,Leadership Development
550,2281,2024-12-25,Senior Executive,Executive,24.12,Annual Promotion
551,1750,2024-11-08,Associate,Senior Manager,17.45,Outstanding Performance
552,2750,2024-02-24,Senior Executive,Senior Manager,14.48,Business Requirement
553,1706,2025-09-13,Senior Executive,Senior Manager,14.94,Leadership Development
554,2204,2025-07-29,Analyst,Senior Executive,16.05,Annual Promotion
555,2899,2025-02-27,Senior Executive,Team Lead,10.45,Role Expansion
556,1691,2024-01-19,Junior Executive,Manager,24.45,Business Requirement
557,1591,2024-10-22,Senior Analyst,Senior Executive,12.13,Annual Promotion
558,324,2024-02-27,Senior Executive,Senior Manager,23.68,Leadership Development
559,2968,2024-02-16,Junior Executive,Manager,22.1,Outstanding Performance
560,2760,2025-04-29,Senior Executive,Assistant Manager,18.28,Outstanding Performance
561,771,2025-10-14,Assistant Manager,Executive,21.68,Business Requirement
562,2290,2025-10-30,Associate,Senior Manager,11.69,Annual Promotion
563,1242,2025-08-05,Assistant Manager,Lead Analyst,24.27,Outstanding Performance
564,481,2024-08-11,Executive,Senior Executive,20.7,Role Expansion
565,2476,2024-04-23,Executive,Senior Manager,19.96,Role Expansion
566,1318,2025-11-26,Executive,Manager,21.18,Role Expansion
567,2658,2024-06-22,Analyst,Manager,14.11,Leadership Development
568,2037,2024-02-09,Senior Executive,Manager,15.92,Role Expansion
569,1312,2025-03-11,Assistant Manager,Team Lead,23.54,Leadership Development
570,188,2024-12-10,Senior Executive,Assistant Manager,17.56,Annual Promotion
571,67,2024-06-14,Associate,Senior Executive,12.43,Business Requirement
572,1711,2025-01-25,Senior Analyst,Senior Manager,13.02,Annual Promotion
573,2334,2024-01-17,Senior Executive,Assistant Manager,22.17,Role Expansion
574,2806,2025-06-08,Senior Analyst,Senior Manager,13.74,Role Expansion
575,2010,2024-03-29,Associate,Senior Manager,15.83,Leadership Development
576,2951,2025-09-10,Executive,Senior Executive,17.29,Annual Promotion
577,241,2024-02-19,Senior Analyst,Senior Manager,16.91,Outstanding Performance
578,199,2024-02-11,Assistant Manager,Senior Manager,20.99,Role Expansion
579,2584,2025-07-17,Executive,Team Lead,11.93,Annual Promotion
580,2072,2025-11-16,Junior Executive,Senior Executive,15.75,Outstanding Performance
581,2732,2024-12-19,Senior Analyst,Senior Manager,23.88,Role Expansion
582,65,2025-07-31,Associate,Assistant Manager,8.11,Business Requirement
583,69,2024-08-18,Analyst,Executive,17.0,Leadership Development
584,71,2025-11-06,Senior Analyst,Lead Analyst,16.54,Role Expansion
585,439,2025-01-02,Assistant Manager,Senior Executive,23.61,Business Requirement
586,787,2025-06-27,Executive,Senior Executive,18.54,Leadership Development
587,1095,2024-05-05,Assistant Manager,Lead Analyst,21.51,Outstanding Performance
588,1881,2025-06-01,Senior Executive,Assistant Manager,17.61,Annual Promotion
589,331,2024-10-16,Senior Executive,Senior Manager,19.11,Outstanding Performance
590,1554,2025-02-20,Junior Executive,Assistant Manager,14.41,Role Expansion
591,39,2024-01-13,Junior Executive,Senior Manager,19.95,Outstanding Performance
592,1778,2024-02-12,Analyst,Team Lead,18.96,Leadership Development
593,391,2024-06-23,Senior Analyst,Team Lead,23.21,Outstanding Performance
594,2836,2025-01-16,Executive,Senior Executive,23.09,Role Expansion
595,305,2024-12-22,Senior Executive,Executive,19.64,Leadership Development
596,2696,2024-12-26,Senior Analyst,Manager,8.56,Leadership Development
597,2405,2025-03-09,Junior Executive,Senior Executive,10.45,Role Expansion
598,666,2025-10-13,Junior Executive,Lead Analyst,17.59,Business Requirement
599,1594,2024-07-18,Assistant Manager,Team Lead,19.51,Business Requirement
600,574,2025-05-19,Senior Executive,Assistant Manager,21.44,Outstanding Performance
601,1417,2025-07-23,Senior Analyst,Senior Manager,8.91,Role Expansion
602,312,2024-11-16,Executive,Team Lead,13.79,Business Requirement
603,1337,2025-10-26,Senior Analyst,Assistant Manager,8.5,Leadership Development
604,1458,2025-04-05,Assistant Manager,Senior Executive,17.4,Role Expansion
605,2785,2024-11-22,Analyst,Senior Executive,17.96,Role Expansion
606,2534,2024-04-27,Junior Executive,Team Lead,13.02,Annual Promotion
607,337,2025-01-15,Associate,Executive,12.56,Role Expansion
608,2597,2024-07-24,Associate,Team Lead,10.62,Role Expansion
609,437,2025-07-24,Senior Executive,Lead Analyst,9.56,Leadership Development
610,1105,2025-03-11,Analyst,Lead Analyst,9.74,Outstanding Performance
611,1839,2025-04-28,Executive,Assistant Manager,17.47,Business Requirement
612,108,2024-12-20,Analyst,Executive,9.52,Business Requirement
613,2450,2025-06-12,Junior Executive,Manager,21.34,Role Expansion
614,1695,2024-09-25,Junior Executive,Lead Analyst,14.59,Outstanding Performance
615,995,2025-04-02,Associate,Manager,17.72,Annual Promotion
616,695,2025-05-27,Associate,Assistant Manager,10.36,Leadership Development
617,598,2024-10-31,Senior Executive,Assistant Manager,9.08,Role Expansion
618,1228,2025-02-14,Senior Executive,Assistant Manager,16.23,Outstanding Performance
619,1011,2024-04-13,Senior Executive,Lead Analyst,20.26,Role Expansion
620,801,2025-06-16,Senior Analyst,Manager,15.78,Annual Promotion
621,1621,2025-10-28,Senior Executive,Executive,13.65,Business Requirement
622,1350,2024-08-12,Analyst,Team Lead,15.48,Role Expansion
623,2667,2024-02-21,Assistant Manager,Team Lead,24.56,Annual Promotion
624,2471,2024-09-24,Senior Executive,Lead Analyst,24.1,Annual Promotion
625,728,2025-03-15,Analyst,Lead Analyst,24.4,Leadership Development
626,2847,2024-03-13,Senior Executive,Senior Manager,18.76,Business Requirement
627,1335,2024-08-30,Assistant Manager,Senior Executive,14.39,Role Expansion
628,2310,2024-09-09,Senior Executive,Executive,11.4,Business Requirement
629,2254,2025-12-12,Executive,Senior Manager,8.46,Role Expansion
630,1796,2024-03-19,Associate,Senior Executive,21.56,Outstanding Performance
631,1676,2024-09-01,Assistant Manager,Team Lead,19.44,Annual Promotion
632,992,2025-12-12,Associate,Lead Analyst,12.3,Annual Promotion
633,1545,2025-06-21,Associate,Assistant Manager,9.26,Business Requirement
634,1642,2025-06-21,Analyst,Manager,17.08,Role Expansion
635,1473,2024-03-11,Senior Analyst,Executive,19.93,Business Requirement
636,349,2025-03-17,Senior Analyst,Senior Manager,9.86,Annual Promotion
637,1455,2025-01-05,Associate,Senior Manager,10.83,Business Requirement
638,2643,2024-08-11,Junior Executive,Manager,19.52,Role Expansion
639,1764,2024-07-08,Assistant Manager,Lead Analyst,9.8,Outstanding Performance
640,2125,2025-03-05,Senior Executive,Manager,17.49,Business Requirement
641,1533,2025-05-13,Executive,Assistant Manager,14.65,Business Requirement
642,618,2024-04-26,Associate,Manager,13.86,Outstanding Performance
643,1211,2025-06-07,Analyst,Executive,15.07,Outstanding Performance
644,2991,2025-03-17,Junior Executive,Team Lead,10.41,Leadership Development
645,848,2025-09-12,Senior Executive,Assistant Manager,16.86,Leadership Development
646,1795,2024-07-31,Analyst,Executive,20.27,Role Expansion
647,1230,2024-01-09,Senior Executive,Executive,8.76,Outstanding Performance
648,1406,2025-05-10,Junior Executive,Team Lead,19.02,Annual Promotion
649,2114,2025-09-19,Associate,Senior Executive,10.97,Annual Promotion
650,1747,2025-10-14,Senior Executive,Manager,24.29,Annual Promotion
651,756,2024-12-04,Assistant Manager,Senior Manager,11.17,Role Expansion
652,2516,2025-01-28,Analyst,Executive,23.01,Role Expansion
653,1593,2024-09-25,Senior Analyst,Assistant Manager,8.08,Annual Promotion
654,2883,2025-05-08,Executive,Lead Analyst,21.75,Outstanding Performance
655,2200,2024-11-26,Senior Analyst,Executive,11.18,Leadership Development
656,467,2024-12-31,Executive,Assistant Manager,12.46,Role Expansion
657,1284,2024-08-05,Senior Analyst,Senior Manager,18.15,Business Requirement
658,468,2024-01-30,Analyst,Manager,13.91,Role Expansion
659,2760,2024-05-27,Senior Analyst,Senior Executive,20.0,Leadership Development
660,348,2025-06-07,Senior Analyst,Manager,19.43,Leadership Development
661,1251,2025-09-15,Junior Executive,Senior Executive,9.99,Leadership Development
662,2093,2024-06-15,Associate,Senior Executive,14.6,Business Requirement
663,1572,2024-02-22,Executive,Manager,15.19,Role Expansion
664,2841,2024-10-05,Associate,Manager,23.63,Annual Promotion
665,2006,2024-09-27,Senior Analyst,Senior Executive,12.91,Annual Promotion
666,1848,2024-07-09,Senior Executive,Team Lead,18.53,Leadership Development
667,560,2025-08-08,Junior Executive,Assistant Manager,11.32,Role Expansion
668,2675,2025-01-05,Senior Analyst,Manager,16.41,Role Expansion
669,1819,2025-10-30,Analyst,Senior Manager,16.31,Outstanding Performance
670,904,2024-06-21,Senior Analyst,Executive,12.97,Leadership Development
671,1183,2025-05-30,Executive,Manager,10.86,Role Expansion
672,2029,2024-12-22,Senior Analyst,Senior Manager,17.35,Outstanding Performance
673,1098,2024-04-02,Senior Analyst,Executive,21.18,Leadership Development
674,171,2025-06-19,Senior Analyst,Team Lead,20.92,Role Expansion
675,1742,2025-02-07,Senior Analyst,Senior Executive,9.74,Annual Promotion
676,133,2025-10-20,Senior Executive,Team Lead,15.65,Leadership Development
677,357,2025-08-04,Assistant Manager,Team Lead,15.46,Outstanding Performance
678,971,2024-10-28,Assistant Manager,Team Lead,11.57,Business Requirement
679,2912,2024-10-20,Associate,Lead Analyst,18.37,Role Expansion
680,571,2024-12-23,Executive,Manager,21.34,Annual Promotion
681,2336,2024-04-26,Assistant Manager,Executive,13.96,Leadership Development
682,690,2024-03-21,Senior Analyst,Manager,13.5,Leadership Development
683,1096,2024-02-01,Senior Executive,Manager,24.19,Business Requirement
684,391,2025-01-24,Associate,Team Lead,10.31,Role Expansion
685,2687,2024-03-18,Junior Executive,Lead Analyst,10.16,Annual Promotion
686,2914,2024-01-27,Executive,Senior Executive,13.48,Annual Promotion
687,2770,2025-07-03,Assistant Manager,Team Lead,14.68,Annual Promotion
688,1101,2024-01-16,Senior Analyst,Senior Manager,18.67,Role Expansion
689,2596,2024-03-26,Analyst,Executive,21.51,Outstanding Performance
690,1140,2024-05-27,Analyst,Manager,19.81,Leadership Development
691,1341,2025-11-21,Analyst,Assistant Manager,17.89,Outstanding Performance
692,2601,2024-01-28,Associate,Assistant Manager,19.29,Leadership Development
693,2190,2025-08-05,Assistant Manager,Executive,14.76,Role Expansion
694,2027,2025-07-25,Assistant Manager,Senior Executive,12.57,Leadership Development
695,2368,2025-08-10,Senior Executive,Manager,10.22,Role Expansion
696,2796,2025-04-22,Assistant Manager,Lead Analyst,20.96,Outstanding Performance
697,1883,2025-02-19,Junior Executive,Senior Manager,8.28,Annual Promotion
698,3,2025-03-31,Analyst,Assistant Manager,24.86,Role Expansion
699,541,2024-09-12,Executive,Senior Manager,23.0,Leadership Development
700,1123,2025-10-03,Executive,Team Lead,9.59,Leadership Development
701,1524,2025-05-25,Senior Executive,Executive,19.3,Annual Promotion
702,2563,2025-03-17,Junior Executive,Assistant Manager,13.19,Annual Promotion
703,374,2025-07-25,Analyst,Senior Manager,19.96,Outstanding Performance
704,320,2024-07-04,Executive,Assistant Manager,10.26,Annual Promotion
705,1823,2025-08-18,Senior Analyst,Senior Manager,8.16,Leadership Development
706,1730,2025-03-04,Assistant Manager,Executive,19.8,Role Expansion
707,1570,2024-12-07,Junior Executive,Senior Executive,9.52,Outstanding Performance
708,1506,2024-07-30,Junior Executive,Lead Analyst,22.98,Annual Promotion
709,546,2025-09-04,Analyst,Team Lead,18.91,Annual Promotion
710,2308,2025-11-12,Junior Executive,Manager,8.14,Annual Promotion
711,2960,2025-03-17,Analyst,Lead Analyst,11.62,Annual Promotion
712,2813,2025-08-16,Analyst,Manager,15.52,Annual Promotion
713,574,2025-09-18,Junior Executive,Executive,20.79,Business Requirement
714,1440,2024-02-09,Associate,Assistant Manager,24.38,Leadership Development
715,1015,2024-05-18,Assistant Manager,Senior Executive,12.71,Outstanding Performance
716,2462,2024-01-01,Executive,Manager,18.2,Business Requirement
717,2829,2024-10-31,Senior Executive,Team Lead,8.46,Leadership Development
718,2486,2024-01-08,Executive,Manager,16.66,Role Expansion
719,224,2024-04-16,Senior Executive,Senior Manager,21.32,Annual Promotion
720,462,2025-06-30,Analyst,Assistant Manager,12.1,Business Requirement
721,50,2025-12-23,Junior Executive,Manager,24.78,Leadership Development
722,2329,2024-02-06,Executive,Assistant Manager,15.15,Business Requirement
723,1930,2024-07-11,Associate,Senior Executive,24.23,Outstanding Performance
724,277,2024-07-01,Junior Executive,Manager,8.23,Annual Promotion
725,1631,2025-06-22,Junior Executive,Executive,16.61,Business Requirement
726,1648,2025-10-10,Assistant Manager,Senior Manager,9.4,Business Requirement
727,626,2025-12-26,Senior Analyst,Manager,12.72,Leadership Development
728,833,2024-01-06,Junior Executive,Manager,24.56,Annual Promotion
729,1601,2024-06-13,Senior Analyst,Lead Analyst,17.97,Outstanding Performance
730,1792,2024-08-07,Senior Executive,Senior Manager,20.41,Annual Promotion
731,354,2025-02-06,Junior Executive,Senior Executive,23.72,Outstanding Performance
732,2494,2024-03-27,Analyst,Manager,8.94,Annual Promotion
733,2900,2025-02-17,Junior Executive,Executive,10.33,Outstanding Performance
734,1421,2025-07-24,Executive,Assistant Manager,16.89,Leadership Development
735,520,2025-11-22,Executive,Lead Analyst,20.75,Leadership Development
736,121,2024-12-13,Associate,Executive,13.7,Role Expansion
737,262,2024-02-02,Senior Executive,Manager,12.47,Business Requirement
738,2033,2024-12-18,Associate,Executive,15.74,Leadership Development
739,2322,2024-09-14,Junior Executive,Assistant Manager,10.84,Annual Promotion
740,422,2025-03-04,Senior Executive,Team Lead,23.2,Outstanding Performance
741,2085,2024-02-27,Executive,Senior Manager,8.04,Outstanding Performance
742,1491,2025-02-20,Executive,Assistant Manager,14.51,Annual Promotion
743,145,2025-11-12,Executive,Team Lead,17.4,Role Expansion
744,1017,2025-07-12,Executive,Lead Analyst,15.08,Leadership Development
745,320,2025-08-17,Senior Executive,Team Lead,17.72,Outstanding Performance
746,216,2024-12-21,Senior Analyst,Senior Manager,11.05,Business Requirement
747,283,2024-12-14,Junior Executive,Assistant Manager,22.91,Leadership Development
748,1273,2025-12-29,Assistant Manager,Team Lead,13.56,Business Requirement
749,1512,2025-02-21,Analyst,Executive,11.41,Business Requirement
750,2551,2025-08-28,Assistant Manager,Lead Analyst,12.12,Leadership Development
751,801,2024-08-05,Senior Analyst,Assistant Manager,20.45,Business Requirement
752,1005,2024-06-28,Assistant Manager,Team Lead,10.56,Role Expansion
753,2219,2024-08-26,Junior Executive,Senior Executive,13.89,Outstanding Performance
754,2693,2024-01-05,Senior Executive,Executive,14.4,Leadership Development
755,2171,2025-08-12,Junior Executive,Senior Executive,24.71,Role Expansion
756,584,2024-07-01,Analyst,Executive,20.1,Outstanding Performance
757,2129,2024-09-20,Junior Executive,Senior Executive,15.02,Leadership Development
758,348,2024-09-30,Analyst,Senior Manager,17.87,Business Requirement
759,1616,2024-11-04,Executive,Senior Manager,9.27,Business Requirement
760,2714,2024-06-16,Junior Executive,Assistant Manager,24.39,Annual Promotion
761,1291,2025-07-21,Senior Executive,Lead Analyst,23.74,Role Expansion
762,1337,2024-08-27,Associate,Team Lead,13.41,Leadership Development
763,558,2025-09-05,Executive,Senior Executive,21.26,Business Requirement
764,433,2025-09-29,Junior Executive,Senior Executive,10.79,Role Expansion
765,495,2025-10-17,Senior Executive,Assistant Manager,17.11,Annual Promotion
766,1898,2024-03-07,Analyst,Lead Analyst,12.51,Outstanding Performance
767,2811,2025-11-08,Junior Executive,Senior Executive,13.17,Business Requirement
768,1343,2025-01-14,Junior Executive,Senior Executive,10.52,Annual Promotion
769,2104,2025-01-22,Senior Executive,Assistant Manager,8.83,Leadership Development
770,713,2025-02-28,Senior Executive,Team Lead,8.53,Role Expansion
771,2254,2024-07-30,Assistant Manager,Manager,12.25,Role Expansion
772,573,2025-10-23,Junior Executive,Team Lead,10.06,Outstanding Performance
773,911,2025-09-25,Assistant Manager,Team Lead,10.22,Role Expansion
774,2582,2024-05-30,Senior Executive,Senior Manager,23.94,Outstanding Performance
775,1061,2025-08-02,Senior Analyst,Manager,23.6,Outstanding Performance
776,810,2024-11-19,Junior Executive,Executive,23.34,Role Expansion
777,377,2024-11-08,Assistant Manager,Senior Executive,23.39,Leadership Development
778,1889,2024-12-06,Junior Executive,Executive,8.86,Business Requirement
779,2968,2025-04-06,Analyst,Team Lead,14.71,Outstanding Performance
780,1748,2025-04-16,Analyst,Senior Manager,10.94,Annual Promotion
781,1147,2025-02-10,Executive,Lead Analyst,15.58,Annual Promotion
782,2537,2024-12-01,Junior Executive,Manager,18.49,Leadership Development
783,2256,2025-06-07,Analyst,Assistant Manager,16.14,Outstanding Performance
784,563,2025-09-18,Senior Executive,Assistant Manager,15.13,Business Requirement
785,2227,2025-12-23,Executive,Senior Manager,21.51,Role Expansion
786,1471,2024-01-15,Assistant Manager,Senior Manager,16.15,Role Expansion
787,2058,2025-03-04,Senior Executive,Manager,13.47,Leadership Development
788,2446,2024-11-22,Executive,Lead Analyst,11.72,Leadership Development
789,1933,2024-11-02,Junior Executive,Team Lead,17.0,Business Requirement
790,411,2024-07-17,Executive,Senior Executive,12.21,Annual Promotion
791,230,2025-07-30,Senior Executive,Manager,20.99,Annual Promotion
792,1591,2024-02-28,Senior Analyst,Team Lead,14.03,Annual Promotion
793,2427,2024-03-06,Executive,Senior Executive,13.41,Leadership Development
794,2882,2025-03-27,Senior Analyst,Executive,19.91,Business Requirement
795,2307,2024-02-14,Senior Analyst,Senior Executive,24.12,Role Expansion
796,720,2024-03-03,Senior Analyst,Lead Analyst,16.34,Outstanding Performance
797,2465,2025-04-10,Junior Executive,Senior Executive,11.72,Business Requirement
798,1359,2024-07-19,Analyst,Executive,23.6,Annual Promotion
799,1396,2024-12-29,Assistant Manager,Senior Executive,20.19,Leadership Development
800,606,2025-09-01,Junior Executive,Executive,17.97,Annual Promotion
801,2156,2025-08-29,Assistant Manager,Executive,22.63,Outstanding Performance
802,2713,2024-01-22,Senior Executive,Senior Manager,14.73,Outstanding Performance
803,1322,2024-03-21,Senior Executive,Lead Analyst,10.32,Annual Promotion
804,2619,2025-06-20,Associate,Assistant Manager,24.33,Leadership Development
805,2302,2024-12-22,Executive,Senior Manager,19.79,Business Requirement
806,915,2025-06-06,Assistant Manager,Lead Analyst,19.31,Annual Promotion
807,2821,2024-09-22,Analyst,Lead Analyst,13.01,Annual Promotion
808,2876,2024-07-24,Associate,Executive,24.13,Role Expansion
809,2325,2024-09-14,Assistant Manager,Team Lead,8.55,Business Requirement
810,2505,2024-08-29,Senior Executive,Team Lead,11.76,Business Requirement
811,577,2024-09-02,Junior Executive,Assistant Manager,13.63,Outstanding Performance
812,1309,2024-03-27,Executive,Lead Analyst,10.85,Outstanding Performance
813,2745,2025-07-20,Assistant Manager,Senior Manager,18.86,Leadership Development
814,1087,2025-10-28,Analyst,Executive,11.56,Outstanding Performance
815,443,2024-06-20,Senior Executive,Lead Analyst,20.25,Outstanding Performance
816,1719,2024-10-03,Analyst,Assistant Manager,24.47,Role Expansion
817,1439,2024-02-02,Analyst,Assistant Manager,17.28,Outstanding Performance
818,2368,2024-04-08,Assistant Manager,Team Lead,19.07,Annual Promotion
819,302,2024-02-03,Executive,Assistant Manager,21.59,Outstanding Performance
820,1306,2025-05-10,Senior Executive,Executive,12.44,Outstanding Performance
821,697,2024-06-06,Junior Executive,Lead Analyst,23.09,Annual Promotion
822,2241,2024-04-08,Associate,Executive,24.01,Outstanding Performance
823,2514,2024-06-04,Senior Executive,Manager,23.18,Outstanding Performance
824,676,2024-02-14,Analyst,Senior Manager,18.32,Role Expansion
825,842,2025-01-22,Executive,Lead Analyst,24.56,Role Expansion
826,2958,2025-12-13,Associate,Manager,23.73,Business Requirement
827,1154,2024-04-24,Senior Executive,Senior Manager,13.06,Outstanding Performance
828,2342,2024-08-07,Junior Executive,Assistant Manager,17.34,Role Expansion
829,16,2025-10-29,Executive,Lead Analyst,15.27,Leadership Development
830,2561,2024-11-27,Assistant Manager,Senior Manager,18.2,Annual Promotion
831,848,2025-03-11,Junior Executive,Executive,10.9,Leadership Development
832,474,2024-03-28,Junior Executive,Assistant Manager,13.24,Role Expansion
833,2708,2025-09-10,Analyst,Assistant Manager,12.51,Business Requirement
834,1520,2024-11-29,Analyst,Senior Executive,23.05,Leadership Development
835,183,2025-10-31,Executive,Assistant Manager,12.48,Role Expansion
836,1101,2024-06-04,Senior Executive,Team Lead,17.59,Annual Promotion
837,2734,2024-10-23,Assistant Manager,Senior Manager,9.64,Leadership Development
838,1696,2024-04-26,Assistant Manager,Manager,24.5,Business Requirement
839,250,2025-10-24,Executive,Manager,22.29,Business Requirement
840,2815,2024-02-08,Analyst,Manager,22.74,Role Expansion
841,1951,2024-08-16,Senior Analyst,Senior Executive,13.08,Role Expansion
842,143,2025-05-25,Assistant Manager,Senior Manager,16.54,Business Requirement
843,2776,2025-04-02,Assistant Manager,Manager,24.71,Annual Promotion
844,1840,2024-07-19,Junior Executive,Team Lead,10.94,Annual Promotion
845,790,2025-08-08,Executive,Team Lead,10.15,Role Expansion
846,1784,2024-11-15,Junior Executive,Senior Manager,11.43,Annual Promotion
847,1057,2024-10-31,Assistant Manager,Manager,13.44,Outstanding Performance
848,2279,2024-10-29,Junior Executive,Assistant Manager,14.76,Leadership Development
849,2129,2024-06-09,Assistant Manager,Lead Analyst,15.79,Outstanding Performance
850,2553,2024-10-21,Assistant Manager,Senior Manager,17.99,Role Expansion
851,613,2024-04-19,Junior Executive,Assistant Manager,10.52,Business Requirement
852,411,2025-02-11,Senior Analyst,Team Lead,23.72,Business Requirement
853,1172,2025-11-17,Assistant Manager,Executive,22.75,Leadership Development
854,1569,2025-06-13,Analyst,Lead Analyst,19.13,Business Requirement
855,154,2024-09-09,Senior Analyst,Assistant Manager,10.93,Role Expansion
856,2494,2024-08-06,Executive,Manager,19.57,Role Expansion
857,1358,2024-01-13,Junior Executive,Assistant Manager,19.74,Outstanding Performance
858,1101,2024-06-10,Associate,Assistant Manager,23.25,Outstanding Performance
859,1242,2025-03-21,Senior Executive,Team Lead,13.29,Role Expansion
860,2806,2025-05-28,Assistant Manager,Senior Manager,9.67,Annual Promotion
861,1815,2025-03-09,Executive,Lead Analyst,21.16,Leadership Development
862,1708,2025-12-15,Senior Executive,Senior Manager,18.28,Outstanding Performance
863,866,2025-02-17,Executive,Assistant Manager,23.53,Role Expansion
864,2116,2024-06-26,Associate,Assistant Manager,22.74,Outstanding Performance
865,652,2025-02-26,Senior Analyst,Team Lead,9.12,Business Requirement
866,2148,2025-10-06,Analyst,Senior Executive,22.95,Outstanding Performance
867,823,2024-04-11,Executive,Senior Executive,22.23,Annual Promotion
868,208,2025-11-12,Junior Executive,Assistant Manager,23.61,Annual Promotion
869,1902,2025-02-08,Senior Executive,Lead Analyst,16.59,Outstanding Performance
870,991,2025-01-15,Associate,Executive,14.33,Business Requirement
871,1944,2025-11-22,Analyst,Senior Executive,17.98,Leadership Development
872,1060,2025-03-06,Senior Executive,Team Lead,20.73,Outstanding Performance
873,1584,2025-10-14,Senior Executive,Executive,8.84,Business Requirement
874,907,2025-06-09,Assistant Manager,Senior Executive,19.01,Annual Promotion
875,1678,2025-10-20,Senior Executive,Senior Manager,16.73,Outstanding Performance
876,2652,2024-08-03,Analyst,Senior Executive,10.94,Outstanding Performance
877,2492,2024-11-16,Executive,Lead Analyst,21.69,Leadership Development
878,2633,2025-01-12,Associate,Senior Manager,12.68,Role Expansion
879,1881,2024-05-24,Assistant Manager,Lead Analyst,12.28,Role Expansion
880,2133,2025-08-17,Senior Executive,Senior Manager,22.01,Role Expansion
881,31,2025-12-15,Senior Analyst,Executive,16.7,Leadership Development
882,2433,2025-08-03,Senior Analyst,Senior Manager,18.35,Leadership Development
883,1974,2025-02-26,Associate,Executive,9.09,Leadership Development
884,1135,2024-02-09,Associate,Lead Analyst,12.44,Leadership Development
885,2119,2025-01-25,Executive,Senior Executive,21.01,Outstanding Performance
886,2458,2024-01-09,Assistant Manager,Team Lead,14.87,Leadership Development
887,2955,2025-07-17,Associate,Senior Executive,8.43,Role Expansion
888,1715,2025-11-26,Senior Executive,Lead Analyst,14.88,Outstanding Performance
889,2344,2025-09-01,Senior Analyst,Senior Manager,21.87,Leadership Development
890,911,2025-04-22,Associate,Senior Manager,19.67,Role Expansion
891,2078,2025-11-18,Associate,Lead Analyst,13.1,Annual Promotion
892,2287,2025-06-01,Assistant Manager,Senior Manager,11.08,Outstanding Performance
893,1060,2024-09-19,Analyst,Senior Executive,20.33,Business Requirement
894,2785,2024-07-20,Assistant Manager,Senior Executive,23.29,Outstanding Performance
895,915,2024-10-29,Executive,Lead Analyst,20.65,Leadership Development
896,1358,2024-03-18,Analyst,Team Lead,14.32,Business Requirement
897,483,2025-08-24,Senior Executive,Assistant Manager,16.0,Business Requirement
898,292,2025-10-06,Senior Analyst,Manager,16.03,Annual Promotion
899,2789,2024-08-26,Senior Analyst,Executive,14.49,Leadership Development
900,618,2025-04-02,Analyst,Executive,10.34,Annual Promotion
901,2333,2025-01-10,Senior Executive,Assistant Manager,23.18,Role Expansion
902,2932,2024-03-16,Executive,Lead Analyst,11.07,Outstanding Performance
903,2585,2025-10-24,Analyst,Lead Analyst,24.77,Leadership Development
904,20,2024-09-27,Associate,Executive,15.68,Annual Promotion
905,691,2024-12-27,Assistant Manager,Team Lead,17.8,Annual Promotion
906,361,2025-12-03,Analyst,Team Lead,10.2,Role Expansion
907,1653,2025-11-14,Associate,Assistant Manager,15.29,Role Expansion
908,155,2025-07-28,Analyst,Executive,17.07,Leadership Development
909,2176,2024-05-10,Junior Executive,Lead Analyst,11.24,Outstanding Performance
910,1020,2025-03-18,Associate,Senior Manager,11.85,Leadership Development
911,1572,2025-12-15,Senior Executive,Executive,16.56,Leadership Development
912,188,2025-04-14,Executive,Team Lead,13.07,Leadership Development
913,2132,2025-10-07,Analyst,Senior Manager,18.14,Leadership Development
914,549,2025-12-09,Analyst,Senior Manager,13.83,Role Expansion
915,772,2024-02-29,Senior Executive,Team Lead,10.8,Role Expansion
916,919,2024-03-28,Junior Executive,Senior Executive,20.36,Annual Promotion
917,90,2024-05-01,Executive,Senior Manager,18.02,Annual Promotion
918,2913,2024-11-16,Junior Executive,Lead Analyst,19.06,Outstanding Performance
919,1048,2024-04-29,Analyst,Senior Manager,21.11,Business Requirement
920,197,2025-12-24,Junior Executive,Manager,19.25,Outstanding Performance
921,475,2025-02-14,Junior Executive,Senior Manager,15.09,Role Expansion
922,1036,2025-05-22,Junior Executive,Manager,16.06,Annual Promotion
923,2809,2024-07-19,Executive,Senior Manager,18.72,Leadership Development
924,414,2025-08-07,Analyst,Senior Manager,19.26,Leadership Development
925,2871,2025-11-29,Senior Analyst,Manager,10.33,Outstanding Performance
926,2531,2025-11-11,Senior Analyst,Senior Manager,10.0,Outstanding Performance
927,2039,2024-08-10,Assistant Manager,Executive,11.38,Annual Promotion
928,2143,2024-07-28,Assistant Manager,Lead Analyst,24.54,Leadership Development
929,1210,2024-01-07,Associate,Assistant Manager,10.73,Business Requirement
930,2819,2024-04-12,Analyst,Senior Executive,23.86,Leadership Development
931,365,2024-08-01,Executive,Senior Manager,23.42,Business Requirement
932,611,2025-02-09,Associate,Assistant Manager,24.14,Business Requirement
933,2964,2024-12-07,Junior Executive,Senior Manager,9.72,Leadership Development
934,1871,2025-11-24,Associate,Senior Executive,24.81,Leadership Development
935,206,2024-06-30,Senior Executive,Assistant Manager,9.7,Annual Promotion
936,1191,2024-06-08,Assistant Manager,Executive,14.12,Leadership Development
937,475,2024-11-10,Analyst,Senior Manager,9.61,Outstanding Performance
938,567,2024-08-14,Junior Executive,Team Lead,19.28,Annual Promotion
939,1793,2024-09-26,Senior Executive,Lead Analyst,24.24,Leadership Development
940,1527,2024-10-05,Associate,Executive,21.85,Annual Promotion
941,1640,2025-03-04,Junior Executive,Assistant Manager,24.36,Leadership Development
942,1959,2024-01-28,Assistant Manager,Senior Manager,21.6,Annual Promotion
943,2852,2025-05-02,Junior Executive,Senior Executive,20.35,Annual Promotion
944,2420,2025-03-02,Junior Executive,Assistant Manager,16.21,Business Requirement
945,743,2024-08-03,Associate,Assistant Manager,18.39,Leadership Development
946,2804,2024-07-13,Senior Analyst,Executive,22.96,Annual Promotion
947,463,2025-01-18,Analyst,Assistant Manager,23.09,Role Expansion
948,1072,2024-09-28,Junior Executive,Executive,19.13,Outstanding Performance
949,2777,2025-09-20,Associate,Team Lead,16.92,Business Requirement
950,918,2024-11-17,Associate,Manager,24.62,Leadership Development
951,2820,2025-10-18,Senior Analyst,Manager,19.91,Outstanding Performance
952,2977,2024-02-01,Analyst,Senior Manager,12.23,Leadership Development
953,2628,2025-09-18,Associate,Senior Manager,14.54,Business Requirement
954,48,2024-03-01,Senior Analyst,Executive,18.94,Annual Promotion
955,1923,2024-09-03,Senior Analyst,Team Lead,22.48,Annual Promotion
956,2014,2025-09-25,Junior Executive,Team Lead,13.45,Leadership Development
957,2077,2024-01-28,Senior Executive,Executive,11.79,Role Expansion
958,963,2024-10-25,Analyst,Team Lead,9.34,Role Expansion
959,1836,2025-01-27,Assistant Manager,Manager,9.5,Role Expansion
960,487,2025-05-05,Analyst,Lead Analyst,24.67,Outstanding Performance
961,1689,2025-07-19,Junior Executive,Assistant Manager,8.61,Business Requirement
962,373,2025-12-25,Junior Executive,Team Lead,21.46,Business Requirement
963,2083,2024-11-04,Associate,Lead Analyst,17.56,Role Expansion
964,223,2025-08-26,Senior Executive,Lead Analyst,21.88,Role Expansion
965,2539,2025-10-15,Senior Executive,Manager,18.2,Leadership Development
966,468,2025-04-09,Associate,Assistant Manager,9.66,Annual Promotion
967,1455,2025-01-22,Junior Executive,Lead Analyst,22.11,Leadership Development
968,1532,2024-05-14,Senior Analyst,Manager,19.94,Outstanding Performance
969,576,2025-09-17,Executive,Assistant Manager,21.97,Role Expansion
970,2503,2024-09-01,Junior Executive,Lead Analyst,11.33,Outstanding Performance
971,1873,2025-04-19,Assistant Manager,Senior Executive,22.02,Annual Promotion
972,442,2024-05-03,Associate,Lead Analyst,20.87,Outstanding Performance
973,2754,2025-08-22,Associate,Team Lead,18.01,Role Expansion
974,2414,2025-07-13,Analyst,Senior Manager,24.26,Annual Promotion
975,2173,2025-11-27,Analyst,Executive,20.52,Business Requirement
976,2397,2024-07-03,Analyst,Team Lead,16.21,Business Requirement
977,2834,2024-04-09,Assistant Manager,Senior Executive,17.84,Annual Promotion
978,2694,2025-03-16,Junior Executive,Assistant Manager,18.21,Leadership Development
979,1715,2024-09-24,Senior Analyst,Assistant Manager,24.65,Annual Promotion
980,1405,2024-05-18,Senior Executive,Assistant Manager,24.5,Role Expansion
981,566,2025-04-22,Assistant Manager,Senior Executive,15.02,Business Requirement
982,2874,2025-01-04,Senior Executive,Team Lead,17.31,Leadership Development
983,2268,2025-08-01,Associate,Senior Manager,18.75,Annual Promotion
984,2927,2025-04-29,Executive,Manager,12.94,Leadership Development
985,2910,2024-07-16,Associate,Senior Executive,19.05,Annual Promotion
986,2844,2024-01-02,Senior Analyst,Manager,18.83,Outstanding Performance
987,2304,2025-08-05,Assistant Manager,Lead Analyst,16.17,Business Requirement
988,1710,2024-04-19,Associate,Senior Manager,19.46,Business Requirement
989,1731,2024-06-03,Senior Executive,Team Lead,21.74,Business Requirement
990,1561,2024-11-14,Junior Executive,Executive,10.47,Outstanding Performance
991,660,2024-01-12,Executive,Lead Analyst,24.72,Leadership Development
992,255,2025-01-09,Executive,Team Lead,19.74,Leadership Development
993,2217,2024-10-30,Executive,Team Lead,8.55,Role Expansion
994,2767,2025-11-26,Junior Executive,Manager,20.57,Annual Promotion
995,2299,2025-12-05,Associate,Senior Manager,14.61,Business Requirement
996,2852,2024-05-24,Assistant Manager,Team Lead,12.89,Outstanding Performance
997,1707,2025-05-31,Analyst,Assistant Manager,24.26,Leadership Development
998,54,2025-02-20,Senior Analyst,Executive,20.64,Annual Promotion
999,1815,2024-03-27,Senior Analyst,Team Lead,22.11,Leadership Development
1000,2239,2024-03-14,Assistant Manager,Manager,20.55,Annual Promotion
1001,793,2024-07-19,Assistant Manager,Senior Manager,13.0,Annual Promotion
1002,766,2024-10-05,Associate,Executive,24.36,Business Requirement
1003,167,2025-06-20,Junior Executive,Assistant Manager,15.28,Business Requirement
1004,1045,2024-06-15,Senior Executive,Manager,8.1,Role Expansion
1005,164,2025-07-01,Associate,Senior Executive,10.61,Leadership Development
1006,2562,2024-12-14,Senior Analyst,Executive,18.47,Leadership Development
1007,2346,2024-12-23,Analyst,Team Lead,17.35,Outstanding Performance
1008,1302,2024-06-23,Assistant Manager,Senior Manager,16.93,Annual Promotion
1009,2070,2025-05-21,Senior Analyst,Executive,10.71,Business Requirement
1010,377,2024-11-10,Senior Analyst,Assistant Manager,13.94,Annual Promotion
1011,1357,2025-07-16,Associate,Lead Analyst,14.13,Annual Promotion
1012,2173,2025-10-28,Assistant Manager,Manager,16.07,Business Requirement
1013,2660,2024-04-30,Assistant Manager,Team Lead,8.15,Leadership Development
1014,2631,2024-01-08,Analyst,Senior Executive,18.43,Business Requirement
1015,1315,2025-11-14,Executive,Senior Manager,14.48,Outstanding Performance
1016,2213,2025-03-31,Analyst,Lead Analyst,20.31,Outstanding Performance
1017,1536,2025-09-12,Senior Analyst,Team Lead,16.74,Business Requirement
1018,180,2025-04-18,Analyst,Assistant Manager,13.04,Annual Promotion
1019,338,2024-12-06,Senior Executive,Manager,24.12,Annual Promotion
1020,2185,2025-08-24,Assistant Manager,Manager,8.12,Outstanding Performance
1021,2579,2025-09-16,Executive,Senior Manager,21.15,Role Expansion
1022,843,2024-09-29,Assistant Manager,Executive,17.14,Role Expansion
1023,296,2024-10-23,Associate,Team Lead,20.7,Annual Promotion
1024,2937,2025-11-06,Junior Executive,Assistant Manager,13.64,Outstanding Performance
1025,730,2024-02-18,Junior Executive,Executive,21.5,Business Requirement
1026,933,2025-02-26,Junior Executive,Manager,23.49,Role Expansion
1027,2582,2024-12-06,Analyst,Assistant Manager,14.88,Leadership Development
1028,2758,2025-01-28,Junior Executive,Assistant Manager,10.01,Outstanding Performance
1029,2533,2025-06-27,Associate,Senior Manager,9.08,Business Requirement
1030,298,2025-08-24,Junior Executive,Senior Manager,14.08,Business Requirement
1031,2810,2024-05-05,Junior Executive,Lead Analyst,13.12,Outstanding Performance
1032,1793,2024-02-19,Senior Executive,Team Lead,14.48,Outstanding Performance
1033,2186,2025-07-02,Analyst,Senior Executive,11.74,Role Expansion
1034,2236,2025-08-16,Assistant Manager,Team Lead,13.01,Annual Promotion
1035,2988,2024-12-26,Senior Executive,Senior Manager,19.01,Outstanding Performance
1036,2274,2024-09-19,Senior Analyst,Team Lead,10.4,Outstanding Performance
1037,2444,2024-06-22,Junior Executive,Manager,14.7,Business Requirement
1038,861,2025-10-02,Junior Executive,Lead Analyst,20.72,Leadership Development
1039,2646,2024-05-31,Executive,Assistant Manager,22.47,Annual Promotion
1040,905,2024-02-02,Executive,Senior Executive,18.49,Leadership Development
1041,2749,2025-03-03,Executive,Senior Executive,21.59,Outstanding Performance
1042,2249,2024-09-29,Assistant Manager,Team Lead,15.84,Business Requirement
1043,2752,2024-10-04,Junior Executive,Lead Analyst,9.15,Outstanding Performance
1044,2379,2024-11-17,Executive,Senior Manager,16.28,Leadership Development
1045,2685,2024-06-21,Senior Executive,Senior Manager,11.99,Leadership Development
1046,793,2025-12-07,Senior Analyst,Executive,13.4,Role Expansion
1047,2701,2024-11-12,Senior Executive,Manager,13.2,Business Requirement
1048,2322,2024-11-03,Executive,Manager,14.2,Leadership Development
1049,20,2024-12-29,Analyst,Senior Executive,13.32,Annual Promotion
1050,2625,2025-10-15,Associate,Senior Manager,15.41,Leadership Development
1051,1359,2024-01-12,Executive,Senior Manager,22.92,Role Expansion
1052,1252,2024-08-12,Analyst,Lead Analyst,16.28,Outstanding Performance
1053,2485,2024-02-13,Executive,Senior Manager,9.39,Leadership Development
1054,574,2024-02-08,Assistant Manager,Team Lead,23.15,Annual Promotion
1055,2567,2024-01-24,Senior Executive,Senior Manager,9.3,Outstanding Performance
1056,2078,2025-09-30,Junior Executive,Team Lead,18.74,Business Requirement
1057,2417,2024-12-03,Senior Analyst,Assistant Manager,11.62,Outstanding Performance
1058,2227,2024-02-16,Senior Analyst,Lead Analyst,23.2,Business Requirement
1059,609,2025-06-20,Analyst,Senior Manager,14.22,Annual Promotion
1060,1192,2025-05-18,Assistant Manager,Manager,10.28,Business Requirement
1061,1626,2024-05-07,Senior Analyst,Executive,14.19,Outstanding Performance
1062,2516,2025-04-15,Associate,Senior Executive,19.63,Business Requirement
1063,653,2025-08-08,Executive,Assistant Manager,11.05,Business Requirement
1064,599,2025-06-13,Associate,Team Lead,20.51,Role Expansion
1065,897,2024-06-13,Senior Executive,Executive,20.95,Annual Promotion
1066,1514,2025-07-01,Junior Executive,Lead Analyst,11.98,Annual Promotion
1067,1480,2024-12-28,Senior Analyst,Team Lead,14.6,Role Expansion
1068,2657,2024-03-04,Junior Executive,Executive,13.51,Business Requirement
1069,1121,2024-11-29,Associate,Team Lead,22.19,Leadership Development
1070,2336,2024-06-11,Senior Analyst,Manager,10.96,Role Expansion
1071,2677,2024-01-23,Senior Executive,Manager,23.27,Outstanding Performance
1072,1542,2025-11-28,Senior Analyst,Lead Analyst,24.54,Annual Promotion
1073,1446,2024-02-02,Senior Analyst,Assistant Manager,21.89,Leadership Development
1074,1975,2024-02-10,Analyst,Team Lead,23.08,Outstanding Performance
1075,1802,2025-07-27,Senior Analyst,Senior Executive,10.82,Outstanding Performance
1076,1151,2025-08-16,Senior Analyst,Senior Manager,11.6,Annual Promotion
1077,2466,2024-12-25,Executive,Lead Analyst,20.19,Outstanding Performance
1078,1699,2024-05-21,Associate,Senior Executive,21.79,Outstanding Performance
1079,1962,2024-11-17,Analyst,Senior Manager,16.14,Business Requirement
1080,1684,2024-07-26,Executive,Senior Manager,8.38,Outstanding Performance
1081,2427,2025-06-30,Executive,Manager,10.74,Business Requirement
1082,602,2024-09-15,Junior Executive,Manager,8.95,Leadership Development
1083,1661,2025-12-24,Executive,Manager,18.19,Business Requirement
1084,2948,2025-01-29,Associate,Executive,20.38,Leadership Development
1085,1840,2025-01-28,Junior Executive,Senior Executive,18.31,Role Expansion
1086,899,2024-11-18,Assistant Manager,Senior Executive,22.12,Business Requirement
1087,2387,2025-08-27,Executive,Team Lead,21.95,Annual Promotion
1088,2093,2024-11-08,Senior Analyst,Senior Manager,12.5,Leadership Development
1089,2420,2025-12-14,Analyst,Manager,9.17,Role Expansion
1090,445,2025-08-22,Analyst,Senior Executive,8.28,Business Requirement
1091,2804,2024-09-07,Assistant Manager,Manager,15.14,Annual Promotion
1092,727,2025-06-19,Senior Analyst,Executive,16.09,Business Requirement
1093,2177,2025-04-28,Senior Analyst,Executive,16.56,Outstanding Performance
1094,2701,2025-03-13,Junior Executive,Assistant Manager,10.22,Business Requirement
1095,5,2025-03-29,Senior Analyst,Team Lead,23.25,Role Expansion
1096,1518,2025-04-02,Senior Analyst,Assistant Manager,22.87,Business Requirement
1097,1975,2025-10-18,Analyst,Senior Executive,21.42,Role Expansion
1098,2854,2024-08-03,Senior Executive,Manager,17.79,Role Expansion
1099,1955,2024-07-20,Executive,Lead Analyst,21.02,Outstanding Performance
1100,2228,2025-10-19,Senior Executive,Manager,14.95,Annual Promotion
1101,30,2025-10-20,Junior Executive,Senior Manager,17.83,Outstanding Performance
1102,1537,2025-02-03,Senior Analyst,Executive,19.13,Leadership Development
1103,437,2024-02-11,Analyst,Lead Analyst,10.63,Business Requirement
1104,2196,2025-12-14,Senior Executive,Lead Analyst,15.2,Leadership Development
1105,2788,2025-02-10,Senior Analyst,Lead Analyst,14.76,Annual Promotion
1106,2284,2024-06-03,Analyst,Manager,16.2,Leadership Development
1107,1982,2024-12-26,Senior Analyst,Manager,12.31,Leadership Development
1108,2890,2024-03-18,Senior Analyst,Lead Analyst,14.77,Annual Promotion
1109,2701,2025-11-07,Assistant Manager,Team Lead,10.02,Annual Promotion
1110,2865,2024-07-24,Analyst,Team Lead,24.14,Outstanding Performance
1111,1641,2025-09-18,Executive,Manager,21.36,Business Requirement
1112,2804,2025-05-20,Senior Analyst,Senior Manager,20.02,Annual Promotion
1113,22,2024-02-22,Analyst,Senior Manager,21.67,Annual Promotion
1114,1784,2025-05-19,Analyst,Manager,9.5,Leadership Development
1115,328,2025-07-30,Executive,Lead Analyst,18.35,Role Expansion
1116,2688,2025-11-25,Analyst,Manager,16.86,Business Requirement
1117,718,2024-12-03,Junior Executive,Team Lead,18.88,Role Expansion
1118,2691,2025-03-03,Junior Executive,Senior Executive,23.82,Business Requirement
1119,2456,2024-02-04,Senior Executive,Executive,16.68,Annual Promotion
1120,2761,2025-12-13,Senior Analyst,Senior Executive,8.61,Annual Promotion
1121,645,2024-08-26,Associate,Executive,9.48,Leadership Development
1122,2743,2025-03-13,Assistant Manager,Lead Analyst,14.72,Business Requirement
1123,63,2024-03-09,Executive,Manager,20.53,Outstanding Performance
1124,1166,2025-06-09,Junior Executive,Manager,20.34,Business Requirement
1125,1424,2025-11-17,Senior Analyst,Lead Analyst,24.38,Leadership Development
1126,797,2025-11-22,Executive,Manager,15.73,Role Expansion
1127,1070,2024-08-11,Senior Analyst,Executive,10.98,Business Requirement
1128,297,2024-04-06,Junior Executive,Manager,16.55,Leadership Development
1129,2103,2024-08-10,Junior Executive,Team Lead,24.26,Business Requirement
1130,2355,2024-06-17,Assistant Manager,Team Lead,12.25,Role Expansion
1131,1981,2025-08-06,Analyst,Manager,21.09,Leadership Development
1132,1888,2025-06-03,Assistant Manager,Senior Manager,23.24,Outstanding Performance
1133,1057,2025-03-11,Analyst,Executive,9.15,Annual Promotion
1134,942,2024-04-28,Associate,Senior Manager,21.6,Role Expansion
1135,2195,2024-06-04,Senior Executive,Manager,8.17,Leadership Development
1136,381,2024-06-05,Executive,Lead Analyst,14.78,Leadership Development
1137,732,2025-09-04,Junior Executive,Manager,16.1,Leadership Development
1138,1103,2025-04-27,Executive,Manager,11.11,Annual Promotion
1139,818,2025-05-13,Analyst,Senior Manager,11.99,Annual Promotion
1140,847,2024-02-15,Assistant Manager,Lead Analyst,11.9,Annual Promotion
1141,1459,2024-10-22,Assistant Manager,Manager,10.65,Outstanding Performance
1142,2769,2024-03-24,Junior Executive,Executive,24.25,Role Expansion
1143,2218,2025-12-27,Senior Analyst,Executive,24.29,Role Expansion
1144,1292,2025-02-26,Senior Executive,Manager,16.37,Business Requirement
1145,2011,2024-08-01,Assistant Manager,Lead Analyst,11.11,Business Requirement
1146,910,2025-05-17,Senior Executive,Assistant Manager,20.75,Annual Promotion
1147,1734,2025-05-09,Junior Executive,Manager,16.13,Business Requirement
1148,1423,2024-06-11,Junior Executive,Manager,14.69,Annual Promotion
1149,2861,2025-05-04,Analyst,Executive,16.81,Leadership Development
1150,49,2024-10-05,Associate,Executive,19.46,Role Expansion
1151,1333,2025-03-24,Senior Analyst,Executive,14.15,Leadership Development
1152,1077,2024-04-13,Executive,Manager,12.03,Role Expansion
1153,1499,2025-09-10,Senior Analyst,Lead Analyst,11.13,Role Expansion
1154,2871,2024-03-25,Executive,Assistant Manager,20.79,Leadership Development
1155,1847,2025-10-01,Assistant Manager,Lead Analyst,11.06,Annual Promotion
1156,937,2024-03-25,Senior Analyst,Senior Manager,21.84,Leadership Development
1157,2275,2025-05-26,Assistant Manager,Senior Executive,15.35,Role Expansion
1158,613,2024-11-15,Executive,Senior Executive,16.04,Outstanding Performance
1159,2047,2024-05-29,Executive,Assistant Manager,10.29,Business Requirement
1160,1294,2025-07-29,Senior Analyst,Senior Manager,21.35,Leadership Development
1161,2326,2025-01-22,Senior Executive,Manager,8.81,Outstanding Performance
1162,246,2024-03-29,Associate,Senior Executive,11.66,Leadership Development
1163,2580,2025-07-18,Analyst,Team Lead,9.64,Leadership Development
1164,1476,2024-07-28,Senior Executive,Lead Analyst,17.53,Leadership Development
1165,1687,2025-01-28,Senior Executive,Executive,10.06,Business Requirement
1166,2359,2025-07-01,Executive,Manager,19.05,Business Requirement
1167,1166,2025-05-16,Executive,Team Lead,14.04,Business Requirement
1168,1831,2024-09-05,Analyst,Team Lead,23.12,Role Expansion
1169,1900,2025-04-18,Senior Analyst,Lead Analyst,18.74,Annual Promotion
1170,2624,2025-11-18,Assistant Manager,Senior Executive,21.73,Leadership Development
1171,2509,2025-04-01,Analyst,Senior Manager,17.72,Outstanding Performance
1172,1408,2025-08-31,Junior Executive,Senior Executive,11.88,Leadership Development
1173,2910,2024-03-13,Associate,Lead Analyst,12.55,Role Expansion
1174,1488,2025-04-30,Senior Executive,Assistant Manager,20.71,Business Requirement
1175,686,2025-10-12,Analyst,Assistant Manager,11.13,Outstanding Performance
1176,962,2025-01-06,Executive,Senior Manager,19.25,Outstanding Performance
1177,1627,2025-09-22,Executive,Senior Executive,9.75,Outstanding Performance
1178,221,2025-04-30,Analyst,Manager,8.45,Role Expansion
1179,341,2024-05-25,Senior Analyst,Team Lead,9.77,Business Requirement
1180,1597,2025-04-14,Executive,Senior Manager,13.26,Annual Promotion
1181,1816,2025-07-06,Associate,Lead Analyst,18.65,Annual Promotion
1182,699,2024-02-26,Senior Analyst,Team Lead,8.49,Leadership Development
1183,1951,2024-04-06,Assistant Manager,Lead Analyst,15.94,Business Requirement
1184,1823,2024-06-06,Senior Executive,Manager,10.3,Business Requirement
1185,2448,2025-12-15,Executive,Manager,15.76,Business Requirement
1186,2621,2024-09-12,Analyst,Manager,18.87,Leadership Development
1187,2211,2025-05-10,Senior Executive,Assistant Manager,11.86,Outstanding Performance
1188,1499,2025-06-23,Analyst,Lead Analyst,15.01,Annual Promotion
1189,1,2025-07-10,Senior Executive,Executive,16.9,Annual Promotion
1190,1922,2025-11-30,Senior Executive,Lead Analyst,17.1,Role Expansion
1191,38,2024-10-15,Assistant Manager,Lead Analyst,21.02,Leadership Development
1192,30,2024-01-11,Senior Analyst,Senior Executive,17.32,Annual Promotion
1193,1791,2025-11-25,Analyst,Manager,14.71,Annual Promotion
1194,2646,2024-11-03,Associate,Senior Manager,14.63,Role Expansion
1195,325,2025-07-19,Executive,Lead Analyst,15.18,Annual Promotion
1196,2512,2025-10-02,Senior Analyst,Team Lead,21.73,Leadership Development
1197,2179,2025-01-06,Senior Executive,Senior Manager,21.75,Role Expansion
1198,281,2025-08-26,Executive,Team Lead,11.1,Leadership Development
1199,1866,2024-10-10,Junior Executive,Senior Manager,18.5,Leadership Development
1200,2016,2024-01-07,Associate,Manager,11.19,Outstanding Performance
1201,91,2024-11-17,Executive,Manager,11.16,Outstanding Performance
1202,513,2025-05-04,Senior Executive,Lead Analyst,20.16,Outstanding Performance
1203,61,2024-06-26,Executive,Senior Executive,16.39,Leadership Development
1204,2042,2024-07-02,Analyst,Lead Analyst,24.97,Role Expansion
1205,130,2024-10-18,Associate,Team Lead,13.61,Annual Promotion
1206,1608,2024-03-27,Junior Executive,Lead Analyst,9.21,Role Expansion
1207,1025,2025-01-10,Executive,Senior Executive,21.89,Outstanding Performance
1208,2928,2024-05-21,Junior Executive,Team Lead,12.23,Role Expansion
1209,138,2024-04-03,Executive,Senior Manager,11.39,Outstanding Performance
1210,854,2024-04-16,Senior Analyst,Senior Manager,16.04,Leadership Development
1211,2983,2024-06-07,Senior Executive,Senior Manager,8.72,Business Requirement
1212,1038,2024-08-07,Senior Analyst,Executive,16.18,Leadership Development
1213,214,2025-04-21,Executive,Lead Analyst,22.68,Annual Promotion
1214,2593,2025-06-08,Junior Executive,Senior Executive,15.38,Outstanding Performance
1215,1131,2024-03-28,Executive,Team Lead,17.94,Role Expansion
1216,37,2025-11-06,Assistant Manager,Senior Executive,24.47,Business Requirement
1217,1947,2024-02-11,Assistant Manager,Senior Manager,19.7,Annual Promotion
1218,367,2024-09-09,Senior Executive,Team Lead,12.23,Role Expansion
1219,2534,2024-04-12,Junior Executive,Senior Manager,13.75,Outstanding Performance
1220,2641,2025-07-12,Junior Executive,Lead Analyst,10.62,Business Requirement
1221,516,2025-08-27,Assistant Manager,Executive,16.29,Leadership Development
1222,2641,2025-11-11,Senior Analyst,Team Lead,20.86,Role Expansion
1223,88,2024-04-23,Associate,Senior Executive,19.72,Leadership Development
1224,1027,2025-06-23,Associate,Senior Executive,23.28,Role Expansion
1225,2290,2025-03-13,Associate,Assistant Manager,13.01,Role Expansion
1226,765,2024-12-12,Executive,Manager,17.24,Leadership Development
1227,1128,2025-08-14,Associate,Assistant Manager,22.75,Business Requirement
1228,657,2024-07-19,Assistant Manager,Manager,9.17,Annual Promotion
1229,1079,2024-02-05,Analyst,Lead Analyst,17.21,Role Expansion
1230,2614,2024-06-30,Junior Executive,Team Lead,16.6,Annual Promotion
1231,1492,2024-07-08,Junior Executive,Manager,21.19,Annual Promotion
1232,260,2025-09-07,Senior Executive,Senior Manager,19.19,Business Requirement
1233,2147,2024-02-22,Assistant Manager,Senior Executive,19.61,Business Requirement
1234,1160,2025-05-09,Executive,Manager,13.48,Leadership Development
1235,2144,2025-05-06,Junior Executive,Executive,19.2,Outstanding Performance
1236,732,2025-03-09,Assistant Manager,Senior Executive,22.85,Annual Promotion
1237,785,2025-04-02,Junior Executive,Assistant Manager,9.68,Business Requirement
1238,1592,2025-11-22,Associate,Team Lead,19.18,Business Requirement
1239,2418,2025-04-11,Senior Analyst,Senior Manager,12.35,Leadership Development
1240,2941,2024-09-17,Executive,Manager,9.2,Annual Promotion
1241,328,2024-05-22,Associate,Assistant Manager,15.96,Outstanding Performance
1242,1704,2025-07-07,Senior Executive,Manager,21.97,Outstanding Performance
1243,1089,2025-02-02,Assistant Manager,Manager,16.99,Outstanding Performance
1244,320,2025-07-21,Assistant Manager,Lead Analyst,24.06,Business Requirement
1245,2971,2025-02-04,Junior Executive,Executive,11.93,Role Expansion
1246,2156,2025-02-03,Executive,Senior Executive,19.17,Business Requirement
1247,2288,2024-03-17,Associate,Senior Executive,20.74,Role Expansion
1248,2616,2024-10-24,Associate,Executive,17.8,Role Expansion
1249,1750,2024-08-26,Associate,Senior Manager,23.01,Annual Promotion
1250,2253,2025-06-19,Assistant Manager,Senior Executive,14.83,Leadership Development
1251,2187,2025-07-20,Associate,Senior Executive,24.97,Role Expansion
1252,2254,2025-04-26,Senior Executive,Lead Analyst,24.85,Leadership Development
1253,1689,2024-05-01,Assistant Manager,Lead Analyst,20.99,Role Expansion
1254,1325,2025-03-20,Assistant Manager,Senior Manager,18.34,Business Requirement
1255,1537,2025-01-20,Senior Analyst,Senior Executive,21.02,Leadership Development
1256,1833,2024-11-25,Senior Executive,Assistant Manager,24.32,Outstanding Performance
1257,1166,2025-02-22,Associate,Executive,18.13,Business Requirement
1258,27,2024-06-08,Executive,Lead Analyst,13.11,Annual Promotion
1259,1290,2024-02-27,Executive,Team Lead,8.37,Leadership Development
1260,2279,2025-02-21,Senior Analyst,Manager,17.7,Business Requirement
1261,1457,2025-11-18,Executive,Assistant Manager,10.65,Leadership Development
1262,1024,2025-05-16,Senior Executive,Manager,11.96,Leadership Development
1263,1638,2024-07-14,Junior Executive,Manager,17.67,Annual Promotion
1264,2964,2024-08-11,Associate,Executive,13.52,Role Expansion
1265,2825,2024-03-01,Executive,Assistant Manager,19.95,Outstanding Performance
1266,1231,2024-08-28,Senior Analyst,Senior Manager,8.64,Business Requirement
1267,230,2025-11-18,Analyst,Executive,23.67,Leadership Development
1268,1779,2025-04-27,Senior Executive,Team Lead,15.08,Outstanding Performance
1269,929,2024-01-23,Assistant Manager,Team Lead,20.71,Business Requirement
1270,2590,2025-05-14,Junior Executive,Senior Manager,14.5,Leadership Development
1271,1308,2024-07-19,Senior Analyst,Executive,17.18,Annual Promotion
1272,2859,2025-04-11,Senior Executive,Manager,11.75,Outstanding Performance
1273,1610,2024-12-13,Associate,Senior Manager,24.51,Business Requirement
1274,369,2025-01-06,Senior Analyst,Manager,11.78,Leadership Development
1275,542,2025-09-20,Assistant Manager,Senior Executive,13.71,Role Expansion
1276,202,2025-08-01,Senior Analyst,Senior Manager,17.32,Leadership Development
1277,2056,2025-08-11,Junior Executive,Assistant Manager,15.39,Annual Promotion
1278,1970,2025-02-23,Assistant Manager,Senior Executive,17.51,Role Expansion
1279,2341,2025-11-15,Analyst,Senior Manager,11.33,Business Requirement
1280,1009,2025-04-18,Associate,Manager,12.12,Leadership Development
1281,2805,2025-11-05,Assistant Manager,Lead Analyst,23.71,Outstanding Performance
1282,1695,2024-09-24,Junior Executive,Senior Manager,15.2,Leadership Development
1283,1412,2024-11-22,Executive,Lead Analyst,18.1,Outstanding Performance
1284,694,2025-10-19,Assistant Manager,Lead Analyst,24.79,Business Requirement
1285,1812,2024-08-04,Assistant Manager,Team Lead,18.59,Role Expansion
1286,957,2025-07-15,Junior Executive,Team Lead,11.39,Leadership Development
1287,2984,2025-12-17,Executive,Team Lead,22.5,Outstanding Performance
1288,996,2024-09-03,Associate,Executive,24.13,Annual Promotion
1289,1179,2025-04-09,Assistant Manager,Team Lead,8.23,Outstanding Performance
1290,1930,2025-07-17,Senior Executive,Assistant Manager,8.39,Annual Promotion
1291,868,2024-08-17,Associate,Manager,11.46,Business Requirement
1292,2248,2025-12-07,Assistant Manager,Lead Analyst,16.21,Annual Promotion
1293,2738,2024-11-29,Associate,Senior Manager,8.31,Business Requirement
1294,179,2025-10-13,Associate,Manager,12.34,Outstanding Performance
1295,2853,2024-10-11,Senior Executive,Team Lead,18.51,Outstanding Performance
1296,35,2025-06-05,Analyst,Senior Manager,9.13,Leadership Development
1297,2704,2024-06-30,Associate,Team Lead,14.12,Outstanding Performance
1298,2660,2024-11-16,Junior Executive,Lead Analyst,14.57,Role Expansion
1299,408,2024-04-22,Senior Analyst,Senior Manager,23.37,Role Expansion
1300,2178,2025-08-22,Assistant Manager,Manager,9.5,Annual Promotion
1301,2297,2024-06-13,Senior Analyst,Assistant Manager,23.75,Outstanding Performance
1302,2169,2024-10-01,Junior Executive,Senior Executive,13.18,Role Expansion
1303,644,2024-05-17,Analyst,Senior Manager,8.31,Leadership Development
1304,1239,2024-09-16,Senior Executive,Senior Manager,12.02,Business Requirement
1305,254,2024-04-08,Senior Executive,Team Lead,18.64,Role Expansion
1306,2274,2024-10-11,Assistant Manager,Executive,24.13,Annual Promotion
1307,1610,2025-02-23,Executive,Lead Analyst,19.17,Outstanding Performance
1308,2133,2025-06-24,Associate,Assistant Manager,24.33,Business Requirement
1309,2812,2025-06-30,Assistant Manager,Senior Manager,11.87,Annual Promotion
1310,1747,2025-11-07,Senior Analyst,Senior Executive,24.5,Business Requirement
1311,2221,2024-08-29,Senior Executive,Assistant Manager,10.24,Annual Promotion
1312,2802,2024-04-15,Senior Analyst,Manager,21.6,Annual Promotion
1313,2889,2025-04-15,Senior Executive,Senior Manager,23.28,Annual Promotion
1314,595,2024-01-09,Analyst,Team Lead,19.16,Business Requirement
1315,278,2024-11-18,Executive,Lead Analyst,17.47,Outstanding Performance
1316,597,2025-11-10,Executive,Lead Analyst,20.36,Leadership Development
1317,1243,2024-11-16,Analyst,Assistant Manager,15.53,Leadership Development
1318,770,2025-05-24,Executive,Team Lead,9.82,Annual Promotion
1319,2507,2024-05-26,Junior Executive,Team Lead,18.49,Business Requirement
1320,946,2025-06-24,Senior Analyst,Manager,18.14,Annual Promotion
1321,1472,2024-08-03,Associate,Executive,9.35,Role Expansion
1322,2477,2024-09-29,Executive,Manager,15.97,Leadership Development
1323,1588,2025-10-08,Executive,Team Lead,16.35,Annual Promotion
1324,927,2024-06-28,Executive,Senior Executive,8.55,Outstanding Performance
1325,912,2024-06-15,Senior Executive,Assistant Manager,20.62,Annual Promotion
1326,271,2025-08-14,Assistant Manager,Senior Executive,11.01,Role Expansion
1327,2007,2024-03-22,Assistant Manager,Manager,19.69,Role Expansion
1328,1659,2024-02-16,Executive,Assistant Manager,21.2,Business Requirement
1329,1559,2025-11-29,Associate,Team Lead,20.24,Role Expansion
1330,2343,2025-08-15,Senior Analyst,Senior Manager,18.09,Business Requirement
1331,158,2025-04-14,Associate,Senior Manager,16.85,Role Expansion
1332,174,2024-10-05,Analyst,Team Lead,22.92,Annual Promotion
1333,1621,2024-03-14,Senior Analyst,Manager,24.73,Outstanding Performance
1334,2115,2025-01-24,Senior Analyst,Assistant Manager,21.01,Outstanding Performance
1335,1801,2024-08-01,Executive,Lead Analyst,14.77,Leadership Development
1336,1172,2025-06-13,Assistant Manager,Team Lead,15.84,Role Expansion
1337,224,2025-10-29,Senior Executive,Manager,19.73,Annual Promotion
1338,2647,2024-12-14,Analyst,Team Lead,15.68,Business Requirement
1339,2398,2025-05-30,Junior Executive,Senior Executive,23.94,Business Requirement
1340,1694,2025-06-29,Executive,Assistant Manager,13.5,Outstanding Performance
1341,2418,2024-01-20,Executive,Assistant Manager,23.24,Annual Promotion
1342,1025,2024-02-13,Analyst,Executive,13.51,Annual Promotion
1343,507,2024-02-09,Associate,Senior Manager,9.55,Role Expansion
1344,350,2024-07-07,Associate,Lead Analyst,16.9,Role Expansion
1345,2096,2025-10-20,Associate,Team Lead,18.41,Annual Promotion
1346,1559,2024-06-26,Analyst,Manager,8.75,Annual Promotion
1347,2702,2024-09-19,Senior Executive,Manager,22.67,Annual Promotion
1348,733,2025-12-25,Assistant Manager,Senior Executive,21.08,Outstanding Performance
1349,1268,2025-04-21,Analyst,Lead Analyst,20.41,Role Expansion
1350,741,2025-04-11,Senior Executive,Senior Manager,10.0,Annual Promotion
1351,1037,2025-09-06,Executive,Manager,8.21,Role Expansion
1352,24,2025-08-08,Assistant Manager,Manager,18.34,Role Expansion
1353,2412,2024-07-29,Executive,Senior Executive,19.21,Role Expansion
1354,326,2024-03-24,Analyst,Assistant Manager,18.22,Outstanding Performance
1355,1140,2024-07-10,Executive,Manager,18.54,Business Requirement
1356,851,2025-05-03,Assistant Manager,Team Lead,8.83,Annual Promotion
1357,1430,2025-01-31,Junior Executive,Senior Manager,8.62,Outstanding Performance
1358,2472,2024-10-10,Associate,Manager,13.07,Outstanding Performance
1359,1708,2025-11-15,Junior Executive,Executive,24.89,Annual Promotion
1360,2504,2024-06-24,Associate,Lead Analyst,19.24,Business Requirement
1361,2303,2025-03-14,Senior Analyst,Team Lead,11.02,Role Expansion
1362,1476,2025-10-20,Associate,Manager,23.84,Outstanding Performance
1363,1323,2025-04-03,Assistant Manager,Lead Analyst,14.27,Role Expansion
1364,1751,2024-05-17,Assistant Manager,Executive,22.34,Outstanding Performance
1365,552,2025-09-24,Senior Executive,Assistant Manager,10.07,Leadership Development
1366,1695,2025-08-29,Senior Executive,Manager,16.92,Annual Promotion
1367,448,2025-09-15,Senior Analyst,Executive,17.71,Business Requirement
1368,2966,2025-10-26,Junior Executive,Assistant Manager,19.71,Leadership Development
1369,1297,2024-09-04,Analyst,Manager,12.41,Business Requirement
1370,532,2024-12-27,Senior Analyst,Lead Analyst,18.44,Role Expansion
1371,2589,2024-03-03,Senior Analyst,Senior Manager,16.46,Annual Promotion
1372,2903,2025-06-27,Senior Analyst,Senior Executive,12.94,Annual Promotion
1373,99,2025-10-24,Junior Executive,Executive,15.9,Outstanding Performance
1374,850,2025-11-07,Associate,Team Lead,21.59,Role Expansion
1375,1368,2024-11-18,Analyst,Executive,13.94,Annual Promotion
1376,825,2025-09-05,Junior Executive,Senior Manager,19.73,Leadership Development
1377,1261,2024-11-09,Assistant Manager,Executive,13.1,Business Requirement
1378,26,2024-02-27,Senior Executive,Team Lead,9.94,Leadership Development
1379,2968,2025-09-25,Senior Executive,Assistant Manager,17.67,Outstanding Performance
1380,795,2025-12-23,Assistant Manager,Senior Executive,13.62,Leadership Development
1381,1944,2025-06-17,Associate,Assistant Manager,21.55,Annual Promotion
1382,2570,2025-04-28,Analyst,Senior Executive,15.83,Business Requirement
1383,1696,2025-04-16,Senior Executive,Assistant Manager,23.77,Outstanding Performance
1384,1227,2025-07-01,Assistant Manager,Manager,17.6,Leadership Development
1385,77,2024-03-20,Senior Analyst,Manager,11.54,Leadership Development
1386,1449,2024-10-12,Assistant Manager,Team Lead,9.13,Annual Promotion
1387,128,2024-10-22,Senior Executive,Team Lead,13.77,Role Expansion
1388,680,2025-10-19,Associate,Manager,17.71,Role Expansion
1389,479,2025-11-19,Executive,Manager,22.7,Leadership Development
1390,1289,2025-01-20,Associate,Team Lead,20.07,Leadership Development
1391,2036,2025-10-17,Analyst,Executive,22.91,Leadership Development
1392,1240,2025-06-29,Analyst,Team Lead,11.67,Leadership Development
1393,154,2024-12-18,Executive,Lead Analyst,21.22,Outstanding Performance
1394,103,2025-07-10,Analyst,Manager,21.58,Business Requirement
1395,1394,2025-09-13,Executive,Senior Executive,23.7,Business Requirement
1396,1341,2024-12-21,Senior Executive,Team Lead,10.44,Outstanding Performance
1397,2772,2025-06-12,Assistant Manager,Manager,24.88,Annual Promotion
1398,1882,2025-01-05,Associate,Executive,14.59,Business Requirement
1399,1274,2025-09-19,Junior Executive,Executive,23.85,Business Requirement
1400,1366,2024-03-02,Assistant Manager,Executive,15.94,Outstanding Performance
1401,2700,2024-09-23,Junior Executive,Manager,20.67,Outstanding Performance
1402,1279,2024-12-07,Senior Analyst,Team Lead,18.86,Annual Promotion
1403,1134,2025-11-05,Senior Executive,Lead Analyst,17.05,Role Expansion
1404,1117,2024-12-01,Associate,Executive,10.54,Leadership Development
1405,2552,2024-02-19,Junior Executive,Executive,17.51,Outstanding Performance
1406,1435,2025-08-09,Executive,Manager,17.34,Leadership Development
1407,1161,2024-12-27,Executive,Senior Manager,17.76,Annual Promotion
1408,2512,2025-12-28,Junior Executive,Lead Analyst,23.17,Business Requirement
1409,533,2024-12-02,Analyst,Executive,8.49,Outstanding Performance
1410,221,2025-07-17,Junior Executive,Assistant Manager,9.46,Role Expansion
1411,2442,2024-07-30,Executive,Senior Manager,23.15,Role Expansion
1412,1280,2024-09-28,Senior Analyst,Lead Analyst,13.65,Annual Promotion
1413,2748,2024-11-14,Associate,Team Lead,21.76,Outstanding Performance
1414,1908,2024-08-02,Assistant Manager,Team Lead,17.65,Outstanding Performance
1415,2862,2025-07-23,Assistant Manager,Team Lead,15.96,Role Expansion
1416,2640,2024-05-20,Senior Executive,Senior Manager,20.07,Role Expansion
1417,917,2025-05-01,Analyst,Senior Executive,10.44,Business Requirement
1418,1606,2025-05-02,Senior Executive,Lead Analyst,11.12,Leadership Development
1419,1331,2024-01-01,Assistant Manager,Team Lead,15.71,Outstanding Performance
1420,463,2025-07-17,Junior Executive,Assistant Manager,13.97,Role Expansion
1421,1157,2024-09-25,Assistant Manager,Senior Executive,21.06,Business Requirement
1422,2081,2025-05-11,Senior Analyst,Senior Executive,9.75,Outstanding Performance
1423,2661,2024-08-27,Senior Executive,Manager,9.21,Leadership Development
1424,1642,2024-11-28,Senior Analyst,Assistant Manager,18.04,Annual Promotion
1425,2245,2025-09-28,Senior Analyst,Senior Executive,10.7,Role Expansion
1426,1396,2024-04-18,Analyst,Executive,11.54,Business Requirement
1427,1784,2024-02-21,Analyst,Team Lead,17.64,Leadership Development
1428,968,2024-10-11,Senior Analyst,Senior Manager,10.94,Outstanding Performance
1429,2352,2024-03-20,Associate,Senior Manager,22.22,Outstanding Performance
1430,1897,2024-05-14,Senior Analyst,Manager,13.53,Outstanding Performance
1431,1262,2024-08-31,Assistant Manager,Senior Executive,24.25,Outstanding Performance
1432,2808,2025-05-18,Senior Analyst,Executive,21.84,Role Expansion
1433,2642,2024-10-28,Senior Executive,Assistant Manager,19.22,Outstanding Performance
1434,570,2024-06-21,Executive,Team Lead,23.08,Outstanding Performance
1435,2707,2025-08-02,Assistant Manager,Senior Executive,10.54,Business Requirement
1436,2522,2024-08-08,Senior Executive,Assistant Manager,17.82,Annual Promotion
1437,1297,2024-09-26,Executive,Senior Manager,13.1,Leadership Development
1438,1411,2025-12-04,Analyst,Senior Manager,24.83,Business Requirement
1439,2091,2024-10-09,Junior Executive,Manager,14.87,Annual Promotion
1440,256,2025-06-06,Assistant Manager,Lead Analyst,14.28,Business Requirement
1441,2881,2024-01-07,Junior Executive,Executive,17.52,Leadership Development
1442,1156,2024-05-14,Junior Executive,Team Lead,22.72,Annual Promotion
1443,2418,2025-08-04,Analyst,Senior Manager,14.7,Leadership Development
1444,1664,2024-02-25,Associate,Assistant Manager,14.49,Business Requirement
1445,711,2024-04-10,Executive,Senior Manager,16.07,Annual Promotion
1446,1476,2025-05-14,Senior Analyst,Assistant Manager,22.28,Annual Promotion
1447,2745,2025-10-31,Senior Executive,Team Lead,10.13,Outstanding Performance
1448,65,2024-11-01,Junior Executive,Senior Manager,10.45,Role Expansion
1449,557,2025-01-22,Associate,Assistant Manager,9.44,Role Expansion
1450,2849,2024-10-04,Assistant Manager,Team Lead,18.28,Role Expansion
1451,1862,2025-03-28,Senior Analyst,Senior Executive,16.66,Business Requirement
1452,925,2025-07-05,Assistant Manager,Lead Analyst,11.16,Business Requirement
1453,2041,2025-07-17,Junior Executive,Manager,22.4,Annual Promotion
1454,1103,2025-04-29,Associate,Manager,14.98,Business Requirement
1455,138,2025-08-08,Senior Analyst,Lead Analyst,24.63,Business Requirement
1456,1510,2025-01-30,Analyst,Senior Manager,9.92,Role Expansion
1457,582,2025-02-22,Associate,Executive,20.41,Business Requirement
1458,1145,2024-01-25,Assistant Manager,Team Lead,15.9,Outstanding Performance
1459,363,2024-10-23,Senior Analyst,Manager,12.17,Outstanding Performance
1460,2209,2025-07-08,Associate,Senior Manager,21.57,Leadership Development
1461,1408,2024-04-03,Senior Analyst,Executive,17.1,Outstanding Performance
1462,2100,2024-10-12,Analyst,Assistant Manager,23.4,Business Requirement
1463,1725,2024-02-21,Associate,Lead Analyst,14.0,Leadership Development
1464,2847,2024-11-16,Senior Executive,Executive,23.69,Leadership Development
1465,2309,2025-01-19,Associate,Team Lead,12.43,Role Expansion
1466,2347,2024-10-12,Senior Analyst,Senior Executive,8.88,Leadership Development
1467,2558,2024-06-20,Assistant Manager,Senior Manager,8.46,Role Expansion
1468,2071,2025-10-19,Junior Executive,Senior Executive,9.31,Leadership Development
1469,1151,2025-04-01,Senior Executive,Manager,12.68,Leadership Development
1470,457,2025-09-20,Junior Executive,Senior Manager,18.26,Business Requirement
1471,2700,2025-06-20,Associate,Senior Executive,15.59,Annual Promotion
1472,2871,2024-03-05,Senior Executive,Team Lead,12.02,Annual Promotion
1473,136,2024-12-15,Assistant Manager,Manager,13.83,Outstanding Performance
1474,632,2024-09-25,Executive,Manager,22.24,Role Expansion
1475,2707,2024-01-01,Assistant Manager,Senior Executive,15.48,Annual Promotion
1476,1414,2024-09-05,Executive,Manager,8.92,Leadership Development
1477,476,2025-11-11,Assistant Manager,Team Lead,8.89,Role Expansion
1478,1235,2024-10-21,Analyst,Assistant Manager,16.1,Business Requirement
1479,2800,2024-03-21,Executive,Assistant Manager,20.0,Role Expansion
1480,1781,2025-12-14,Senior Executive,Manager,8.2,Role Expansion
1481,1294,2024-10-30,Analyst,Senior Manager,24.35,Outstanding Performance
1482,2611,2025-03-15,Junior Executive,Manager,14.02,Role Expansion
1483,1117,2025-09-01,Senior Analyst,Senior Manager,13.69,Leadership Development
1484,1046,2025-08-18,Assistant Manager,Executive,19.12,Role Expansion
1485,2766,2025-06-24,Analyst,Team Lead,20.73,Business Requirement
1486,2130,2025-05-11,Assistant Manager,Senior Executive,13.74,Annual Promotion
1487,44,2024-07-04,Senior Executive,Manager,19.44,Outstanding Performance
1488,401,2025-09-09,Junior Executive,Assistant Manager,16.93,Role Expansion
1489,1161,2024-12-05,Senior Executive,Senior Manager,12.28,Outstanding Performance
1490,377,2025-10-14,Junior Executive,Manager,8.97,Business Requirement
1491,889,2024-03-04,Associate,Team Lead,24.16,Outstanding Performance
1492,354,2024-06-08,Associate,Executive,22.56,Annual Promotion
1493,2654,2025-06-12,Analyst,Senior Manager,17.62,Annual Promotion
1494,755,2024-06-03,Junior Executive,Senior Manager,12.31,Role Expansion
1495,2617,2024-11-07,Associate,Executive,15.71,Leadership Development
1496,2735,2024-07-13,Assistant Manager,Senior Manager,21.09,Leadership Development
1497,304,2024-03-18,Senior Executive,Team Lead,12.71,Outstanding Performance
1498,1363,2024-07-02,Analyst,Assistant Manager,24.93,Leadership Development
1499,729,2024-01-03,Assistant Manager,Lead Analyst,15.49,Role Expansion
1500,1609,2025-07-27,Executive,Manager,11.03,Role Expansion
1501,2215,2025-11-19,Junior Executive,Senior Executive,21.07,Annual Promotion
1502,436,2024-07-10,Senior Analyst,Senior Manager,23.51,Leadership Development
1503,299,2024-06-20,Junior Executive,Executive,9.2,Leadership Development
1504,2039,2025-01-26,Assistant Manager,Executive,10.53,Outstanding Performance
1505,1600,2024-05-23,Junior Executive,Senior Manager,12.53,Leadership Development
1506,16,2024-05-19,Analyst,Manager,16.76,Role Expansion
1507,1655,2024-01-19,Analyst,Assistant Manager,22.35,Outstanding Performance
1508,14,2025-01-06,Senior Analyst,Senior Executive,14.54,Role Expansion
1509,2193,2024-11-26,Junior Executive,Manager,23.9,Leadership Development
1510,1241,2025-02-26,Senior Executive,Senior Manager,14.81,Outstanding Performance
1511,1393,2025-12-12,Senior Executive,Manager,9.37,Role Expansion
1512,1188,2025-05-04,Assistant Manager,Team Lead,19.01,Annual Promotion
1513,1574,2025-10-25,Senior Analyst,Executive,19.23,Leadership Development
1514,438,2025-10-21,Associate,Assistant Manager,18.72,Leadership Development
1515,2592,2025-09-13,Analyst,Executive,15.45,Annual Promotion
1516,104,2024-03-13,Executive,Senior Executive,20.24,Business Requirement
1517,1593,2024-01-02,Executive,Assistant Manager,9.07,Business Requirement
1518,2047,2025-05-03,Associate,Lead Analyst,17.08,Role Expansion
1519,1390,2024-01-08,Junior Executive,Executive,8.95,Outstanding Performance
1520,868,2024-05-12,Analyst,Executive,21.72,Business Requirement
1521,2198,2024-05-25,Analyst,Senior Manager,10.53,Business Requirement
1522,580,2024-08-17,Executive,Senior Manager,16.31,Outstanding Performance
1523,188,2024-04-20,Analyst,Manager,12.13,Annual Promotion
1524,2592,2024-01-01,Junior Executive,Senior Executive,8.85,Leadership Development
1525,399,2025-04-30,Assistant Manager,Team Lead,15.76,Annual Promotion
1526,262,2024-11-05,Assistant Manager,Manager,21.9,Outstanding Performance
1527,2438,2025-03-17,Junior Executive,Assistant Manager,21.59,Annual Promotion
1528,831,2025-11-02,Junior Executive,Team Lead,15.25,Role Expansion
1529,2803,2025-12-17,Senior Executive,Executive,17.79,Annual Promotion
1530,874,2025-10-19,Senior Executive,Team Lead,20.99,Business Requirement
1531,259,2025-04-08,Executive,Lead Analyst,10.05,Annual Promotion
1532,2853,2025-04-30,Assistant Manager,Senior Executive,14.29,Annual Promotion
1533,2384,2024-12-17,Analyst,Senior Executive,8.69,Outstanding Performance
1534,2590,2025-08-30,Assistant Manager,Team Lead,18.41,Annual Promotion
1535,331,2024-08-09,Junior Executive,Assistant Manager,8.11,Annual Promotion
1536,2670,2024-04-08,Junior Executive,Senior Manager,18.09,Leadership Development
1537,1950,2025-12-27,Analyst,Senior Manager,19.77,Annual Promotion
1538,1110,2025-06-18,Executive,Senior Manager,16.89,Role Expansion
1539,2501,2025-12-13,Executive,Senior Executive,19.76,Business Requirement
1540,2048,2024-06-05,Executive,Senior Manager,18.4,Outstanding Performance
1541,1234,2025-06-15,Associate,Team Lead,13.91,Outstanding Performance
1542,787,2024-06-18,Senior Analyst,Senior Executive,10.0,Business Requirement
1543,1483,2025-12-29,Junior Executive,Manager,22.67,Business Requirement
1544,1902,2025-08-16,Senior Analyst,Senior Executive,21.1,Annual Promotion
1545,794,2025-09-12,Senior Executive,Executive,9.92,Annual Promotion
1546,1944,2024-10-13,Associate,Team Lead,16.46,Annual Promotion
1547,222,2025-03-18,Associate,Executive,18.96,Leadership Development
1548,1030,2024-02-24,Executive,Assistant Manager,13.68,Role Expansion
1549,215,2025-08-07,Junior Executive,Executive,23.72,Annual Promotion
1550,120,2025-05-23,Executive,Team Lead,16.25,Outstanding Performance
1551,2955,2024-08-28,Junior Executive,Senior Executive,15.56,Business Requirement
1552,815,2025-12-05,Senior Executive,Assistant Manager,20.7,Leadership Development
1553,452,2024-10-07,Executive,Team Lead,13.54,Outstanding Performance
1554,1690,2025-04-23,Executive,Senior Manager,22.79,Role Expansion
1555,2397,2024-11-11,Executive,Assistant Manager,16.23,Role Expansion
1556,2497,2024-12-19,Executive,Senior Executive,15.73,Role Expansion
1557,2949,2024-11-01,Senior Executive,Assistant Manager,11.3,Leadership Development
1558,522,2025-04-20,Senior Executive,Lead Analyst,8.55,Business Requirement
1559,560,2024-12-26,Junior Executive,Lead Analyst,9.89,Role Expansion
1560,702,2024-06-01,Analyst,Assistant Manager,20.93,Annual Promotion
1561,643,2025-01-16,Senior Executive,Manager,21.42,Business Requirement
1562,2265,2024-06-25,Executive,Manager,22.54,Outstanding Performance
1563,2138,2025-09-22,Analyst,Team Lead,16.32,Annual Promotion
1564,1896,2025-03-31,Senior Analyst,Assistant Manager,12.75,Role Expansion
1565,1011,2025-10-26,Associate,Team Lead,12.21,Role Expansion
1566,2424,2024-03-15,Senior Analyst,Senior Executive,24.09,Business Requirement
1567,182,2025-02-08,Junior Executive,Assistant Manager,8.68,Role Expansion
1568,2066,2024-06-20,Associate,Team Lead,8.57,Business Requirement
1569,2854,2024-01-09,Analyst,Assistant Manager,21.96,Role Expansion
1570,341,2025-08-02,Analyst,Senior Executive,17.49,Outstanding Performance
1571,1666,2024-07-31,Associate,Senior Manager,24.15,Annual Promotion
1572,980,2025-11-18,Senior Executive,Lead Analyst,19.01,Outstanding Performance
1573,2741,2024-03-13,Junior Executive,Assistant Manager,13.18,Role Expansion
1574,2391,2025-12-22,Assistant Manager,Manager,8.42,Role Expansion
1575,568,2025-08-03,Analyst,Team Lead,22.86,Role Expansion
1576,1518,2025-01-06,Executive,Team Lead,18.66,Outstanding Performance
1577,290,2024-11-25,Assistant Manager,Senior Manager,14.54,Leadership Development
1578,1215,2024-07-01,Senior Analyst,Executive,15.24,Leadership Development
1579,2222,2025-03-26,Associate,Manager,17.78,Annual Promotion
1580,332,2025-01-12,Assistant Manager,Senior Manager,18.55,Leadership Development
1581,2109,2024-03-23,Associate,Executive,24.07,Leadership Development
1582,1569,2024-12-30,Junior Executive,Executive,14.22,Business Requirement
1583,1501,2024-10-20,Junior Executive,Lead Analyst,10.98,Business Requirement
1584,2297,2024-04-05,Associate,Executive,20.06,Annual Promotion
1585,978,2025-10-23,Executive,Lead Analyst,17.17,Role Expansion
1586,2377,2024-05-31,Associate,Team Lead,22.81,Annual Promotion
1587,924,2024-02-29,Assistant Manager,Senior Manager,13.45,Leadership Development
1588,1733,2024-11-01,Senior Analyst,Senior Manager,12.71,Outstanding Performance
1589,1854,2024-07-24,Senior Executive,Lead Analyst,16.27,Business Requirement
1590,1926,2024-03-28,Assistant Manager,Executive,20.07,Business Requirement
1591,2544,2024-08-11,Senior Executive,Assistant Manager,14.26,Outstanding Performance
1592,358,2025-05-18,Executive,Assistant Manager,9.36,Annual Promotion
1593,448,2025-12-10,Senior Executive,Executive,10.8,Outstanding Performance
1594,2033,2025-03-17,Associate,Senior Executive,10.56,Annual Promotion
1595,93,2025-04-09,Senior Analyst,Senior Manager,12.98,Business Requirement
1596,1421,2024-05-22,Executive,Assistant Manager,15.14,Outstanding Performance
1597,91,2025-10-22,Senior Executive,Executive,22.82,Annual Promotion
1598,2641,2025-11-08,Assistant Manager,Manager,13.71,Business Requirement
1599,2647,2024-03-18,Senior Executive,Senior Manager,21.38,Role Expansion
1600,2855,2025-02-18,Senior Analyst,Senior Manager,17.01,Business Requirement
1601,1246,2025-05-02,Analyst,Assistant Manager,17.64,Leadership Development
1602,1065,2024-04-30,Executive,Team Lead,11.86,Leadership Development
1603,194,2024-10-11,Senior Executive,Team Lead,10.52,Leadership Development
1604,2534,2024-08-13,Analyst,Senior Executive,23.71,Business Requirement
1605,2901,2025-06-19,Senior Executive,Team Lead,19.78,Annual Promotion
1606,479,2025-07-05,Executive,Senior Executive,8.7,Leadership Development
1607,1806,2025-06-06,Senior Analyst,Senior Executive,12.43,Annual Promotion
1608,2897,2024-12-28,Executive,Manager,8.59,Leadership Development
1609,1837,2025-04-18,Senior Executive,Lead Analyst,17.18,Annual Promotion
1610,498,2024-06-27,Senior Analyst,Lead Analyst,23.65,Role Expansion
1611,596,2024-10-10,Analyst,Team Lead,24.11,Leadership Development
1612,2238,2025-10-04,Executive,Senior Manager,24.59,Leadership Development
1613,1211,2024-10-24,Associate,Senior Manager,16.06,Leadership Development
1614,2732,2024-12-14,Assistant Manager,Manager,10.5,Business Requirement
1615,1388,2024-05-16,Associate,Assistant Manager,19.72,Role Expansion
1616,2778,2025-09-22,Junior Executive,Senior Executive,17.37,Leadership Development
1617,2530,2024-04-21,Junior Executive,Assistant Manager,22.29,Role Expansion
1618,1337,2024-06-25,Senior Executive,Executive,8.94,Annual Promotion
1619,910,2024-07-19,Senior Analyst,Manager,21.28,Leadership Development
1620,1825,2025-10-18,Executive,Manager,19.51,Outstanding Performance
1621,797,2025-09-28,Senior Analyst,Assistant Manager,16.34,Business Requirement
1622,230,2025-07-25,Senior Analyst,Manager,23.44,Leadership Development
1623,2933,2024-06-25,Analyst,Senior Executive,22.51,Leadership Development
1624,50,2024-10-29,Analyst,Lead Analyst,12.84,Leadership Development
1625,2298,2025-07-30,Senior Executive,Assistant Manager,9.49,Role Expansion
1626,1813,2025-06-12,Associate,Assistant Manager,12.91,Role Expansion
1627,572,2025-06-12,Associate,Assistant Manager,22.2,Business Requirement
1628,852,2024-12-09,Junior Executive,Senior Executive,13.15,Business Requirement
1629,2420,2025-10-15,Senior Executive,Executive,20.85,Outstanding Performance
1630,2617,2024-03-02,Junior Executive,Assistant Manager,23.54,Role Expansion
1631,1893,2024-08-02,Executive,Manager,20.07,Annual Promotion
1632,1564,2024-06-02,Executive,Senior Executive,12.92,Role Expansion
1633,1237,2025-05-12,Junior Executive,Team Lead,22.19,Leadership Development
1634,1899,2024-09-19,Analyst,Manager,11.82,Outstanding Performance
1635,1230,2024-09-01,Executive,Lead Analyst,24.25,Role Expansion
1636,2728,2024-02-11,Junior Executive,Senior Manager,23.18,Role Expansion
1637,2818,2025-11-04,Executive,Assistant Manager,18.96,Outstanding Performance
1638,1136,2025-02-28,Junior Executive,Team Lead,16.38,Outstanding Performance
1639,1482,2025-11-11,Senior Analyst,Senior Manager,17.88,Business Requirement
1640,1057,2024-07-04,Analyst,Team Lead,18.68,Role Expansion
1641,490,2024-03-18,Associate,Team Lead,14.34,Business Requirement
1642,1064,2025-05-05,Junior Executive,Team Lead,10.77,Outstanding Performance
1643,1889,2025-11-01,Executive,Lead Analyst,22.93,Annual Promotion
1644,1117,2024-02-29,Senior Executive,Executive,14.14,Leadership Development
1645,1195,2024-11-11,Junior Executive,Lead Analyst,17.0,Outstanding Performance
1646,2573,2025-07-26,Senior Analyst,Senior Executive,11.12,Outstanding Performance
1647,685,2024-03-31,Senior Analyst,Team Lead,17.24,Leadership Development
1648,2806,2024-05-22,Assistant Manager,Team Lead,21.6,Leadership Development
1649,2820,2025-05-30,Associate,Senior Manager,14.16,Business Requirement
1650,589,2024-03-15,Senior Analyst,Lead Analyst,8.22,Business Requirement
1651,1987,2024-03-04,Senior Executive,Lead Analyst,15.0,Annual Promotion
1652,634,2024-12-25,Junior Executive,Senior Executive,16.56,Annual Promotion
1653,2513,2025-10-23,Assistant Manager,Manager,19.72,Business Requirement
1654,2919,2025-09-08,Assistant Manager,Manager,17.37,Outstanding Performance
1655,313,2025-04-11,Analyst,Assistant Manager,9.98,Annual Promotion
1656,1427,2025-04-12,Junior Executive,Assistant Manager,13.3,Leadership Development
1657,1811,2025-10-15,Executive,Team Lead,23.13,Business Requirement
1658,1402,2025-11-28,Senior Analyst,Team Lead,10.93,Leadership Development
1659,486,2025-01-17,Junior Executive,Senior Manager,11.78,Annual Promotion
1660,1260,2024-01-12,Associate,Senior Executive,10.13,Annual Promotion
1661,2830,2024-05-30,Junior Executive,Assistant Manager,20.97,Outstanding Performance
1662,1984,2025-01-15,Junior Executive,Executive,20.87,Outstanding Performance
1663,2703,2025-01-15,Executive,Team Lead,16.73,Outstanding Performance
1664,1037,2024-10-29,Analyst,Executive,8.74,Leadership Development
1665,396,2024-10-14,Associate,Executive,21.3,Business Requirement
1666,820,2025-04-09,Executive,Manager,11.14,Leadership Development
1667,597,2025-09-15,Junior Executive,Executive,22.38,Leadership Development
1668,1443,2024-05-15,Senior Analyst,Lead Analyst,10.73,Business Requirement
1669,2511,2024-08-30,Assistant Manager,Senior Manager,12.11,Business Requirement
1670,2369,2025-06-12,Junior Executive,Executive,20.98,Business Requirement
1671,785,2025-05-31,Executive,Senior Manager,24.39,Annual Promotion
1672,18,2024-05-19,Assistant Manager,Manager,24.55,Outstanding Performance
1673,2899,2025-08-03,Executive,Manager,16.07,Business Requirement
1674,2759,2025-11-12,Executive,Assistant Manager,24.28,Annual Promotion
1675,1555,2024-11-10,Assistant Manager,Lead Analyst,15.21,Business Requirement
1676,463,2024-03-05,Executive,Assistant Manager,20.94,Leadership Development
1677,452,2024-01-06,Junior Executive,Assistant Manager,16.84,Role Expansion
1678,2887,2024-02-05,Assistant Manager,Lead Analyst,12.9,Outstanding Performance
1679,2023,2025-07-05,Junior Executive,Lead Analyst,9.97,Leadership Development
1680,1278,2024-03-21,Analyst,Manager,19.68,Role Expansion
1681,1669,2024-08-07,Executive,Manager,12.94,Role Expansion
1682,286,2024-06-23,Executive,Team Lead,23.21,Role Expansion
1683,735,2025-08-28,Associate,Lead Analyst,8.22,Role Expansion
1684,1624,2024-04-20,Associate,Executive,15.45,Outstanding Performance
1685,1618,2025-11-26,Junior Executive,Senior Executive,14.81,Business Requirement
1686,692,2025-10-25,Junior Executive,Senior Manager,9.1,Annual Promotion
1687,1656,2025-03-30,Senior Executive,Manager,10.09,Role Expansion
1688,1141,2024-02-16,Associate,Assistant Manager,21.0,Business Requirement
1689,2638,2024-05-14,Senior Analyst,Lead Analyst,24.03,Leadership Development
1690,2471,2025-09-26,Analyst,Senior Manager,24.15,Role Expansion
1691,604,2025-08-16,Senior Analyst,Lead Analyst,21.06,Outstanding Performance
1692,2005,2024-10-27,Junior Executive,Lead Analyst,16.45,Annual Promotion
1693,217,2025-09-17,Junior Executive,Executive,22.12,Role Expansion
1694,734,2025-12-21,Associate,Executive,14.5,Leadership Development
1695,2548,2024-04-24,Executive,Lead Analyst,18.59,Outstanding Performance
1696,2130,2025-08-31,Associate,Team Lead,21.05,Role Expansion
1697,2712,2024-01-17,Executive,Lead Analyst,16.46,Business Requirement
1698,1408,2025-04-07,Senior Executive,Manager,21.76,Business Requirement
1699,130,2025-05-30,Senior Analyst,Executive,24.84,Outstanding Performance
1700,1289,2025-01-19,Analyst,Assistant Manager,22.5,Role Expansion
1701,135,2025-06-07,Analyst,Executive,11.01,Leadership Development
1702,2014,2025-05-17,Associate,Senior Executive,15.32,Leadership Development
1703,1997,2025-05-21,Associate,Assistant Manager,20.99,Business Requirement
1704,2704,2025-05-30,Associate,Assistant Manager,17.41,Business Requirement
1705,1950,2025-06-29,Senior Analyst,Assistant Manager,17.56,Annual Promotion
1706,1604,2024-09-07,Senior Analyst,Executive,12.48,Business Requirement
1707,2771,2024-03-24,Analyst,Manager,14.0,Leadership Development
1708,116,2025-02-13,Senior Executive,Executive,18.04,Annual Promotion
1709,1429,2025-05-03,Assistant Manager,Lead Analyst,21.76,Business Requirement
1710,2561,2025-09-10,Junior Executive,Team Lead,13.8,Outstanding Performance
1711,1464,2024-04-19,Analyst,Lead Analyst,15.0,Outstanding Performance
1712,1015,2025-07-08,Associate,Senior Executive,11.99,Leadership Development
1713,2819,2025-09-01,Senior Analyst,Executive,9.11,Leadership Development
1714,696,2024-01-16,Junior Executive,Lead Analyst,8.34,Leadership Development
1715,2695,2025-09-07,Junior Executive,Assistant Manager,22.68,Business Requirement
1716,1093,2024-01-25,Senior Analyst,Assistant Manager,8.35,Role Expansion
1717,1297,2025-06-10,Senior Analyst,Executive,14.42,Role Expansion
1718,401,2024-12-07,Senior Executive,Manager,21.74,Outstanding Performance
1719,844,2025-05-09,Associate,Senior Manager,13.71,Business Requirement
1720,2734,2025-04-12,Assistant Manager,Team Lead,13.77,Business Requirement
1721,1786,2025-01-18,Senior Executive,Lead Analyst,11.43,Outstanding Performance
1722,2195,2024-04-29,Assistant Manager,Team Lead,11.64,Leadership Development
1723,2350,2024-08-07,Junior Executive,Lead Analyst,14.83,Annual Promotion
1724,377,2025-05-20,Senior Analyst,Senior Manager,20.2,Business Requirement
1725,1380,2024-03-31,Junior Executive,Manager,12.65,Business Requirement
1726,1947,2024-09-18,Assistant Manager,Manager,15.26,Leadership Development
1727,2669,2025-10-19,Assistant Manager,Executive,22.0,Business Requirement
1728,1774,2024-11-02,Assistant Manager,Lead Analyst,19.28,Leadership Development
1729,1648,2025-06-13,Executive,Assistant Manager,12.27,Business Requirement
1730,2243,2025-08-13,Analyst,Senior Manager,11.07,Outstanding Performance
1731,2115,2025-06-22,Associate,Senior Manager,22.67,Business Requirement
1732,2707,2024-02-26,Analyst,Senior Executive,24.36,Role Expansion
1733,2183,2024-05-16,Senior Executive,Senior Manager,21.75,Role Expansion
1734,2568,2024-04-27,Senior Analyst,Senior Manager,9.02,Annual Promotion
1735,606,2024-06-16,Senior Executive,Assistant Manager,12.09,Leadership Development
1736,264,2024-09-19,Assistant Manager,Lead Analyst,18.78,Role Expansion
1737,1176,2024-08-05,Senior Executive,Team Lead,18.98,Leadership Development
1738,968,2025-02-20,Associate,Manager,14.9,Outstanding Performance
1739,114,2025-11-26,Executive,Senior Executive,12.17,Leadership Development
1740,2294,2025-01-02,Analyst,Assistant Manager,24.85,Role Expansion
1741,828,2024-08-17,Associate,Executive,10.71,Annual Promotion
1742,1138,2024-10-09,Junior Executive,Lead Analyst,19.2,Annual Promotion
1743,173,2024-07-19,Associate,Team Lead,24.38,Role Expansion
1744,227,2024-10-12,Assistant Manager,Executive,22.61,Outstanding Performance
1745,1221,2025-04-20,Senior Executive,Manager,22.74,Role Expansion
1746,2693,2024-07-26,Senior Executive,Senior Manager,23.06,Role Expansion
1747,576,2024-03-15,Assistant Manager,Senior Manager,12.01,Business Requirement
1748,495,2025-09-18,Associate,Manager,16.87,Business Requirement
1749,1032,2024-12-01,Assistant Manager,Manager,16.44,Outstanding Performance
1750,501,2024-11-20,Executive,Manager,21.14,Leadership Development
1751,2394,2024-04-13,Senior Executive,Team Lead,20.53,Annual Promotion
1752,591,2024-05-10,Analyst,Senior Executive,9.82,Annual Promotion
1753,1673,2024-10-04,Senior Executive,Assistant Manager,12.32,Business Requirement
1754,2186,2024-03-02,Junior Executive,Assistant Manager,14.37,Outstanding Performance
1755,1736,2025-10-22,Senior Executive,Manager,16.07,Annual Promotion
1756,594,2025-09-14,Senior Executive,Team Lead,14.17,Leadership Development
1757,87,2025-12-07,Assistant Manager,Lead Analyst,18.97,Business Requirement
1758,2713,2025-11-01,Junior Executive,Team Lead,21.58,Outstanding Performance
1759,2751,2024-09-07,Associate,Team Lead,12.07,Business Requirement
1760,2618,2025-04-09,Analyst,Lead Analyst,24.29,Leadership Development
1761,500,2025-05-19,Assistant Manager,Senior Manager,17.09,Annual Promotion
1762,1610,2025-08-16,Assistant Manager,Executive,23.77,Leadership Development
1763,965,2025-04-19,Senior Executive,Executive,13.06,Annual Promotion
1764,1300,2024-01-28,Analyst,Senior Manager,22.95,Role Expansion
1765,1123,2024-12-11,Assistant Manager,Executive,22.73,Role Expansion
1766,1692,2024-08-25,Analyst,Senior Manager,23.75,Leadership Development
1767,412,2025-08-15,Associate,Assistant Manager,22.01,Leadership Development
1768,1442,2025-01-11,Senior Analyst,Executive,15.15,Business Requirement
1769,1857,2024-04-17,Associate,Lead Analyst,19.82,Outstanding Performance
1770,753,2025-06-15,Associate,Senior Manager,18.71,Annual Promotion
1771,820,2024-06-18,Junior Executive,Assistant Manager,18.68,Leadership Development
1772,454,2025-10-18,Senior Analyst,Executive,10.68,Business Requirement
1773,2660,2024-03-23,Associate,Team Lead,20.97,Business Requirement
1774,1309,2025-03-05,Associate,Assistant Manager,15.68,Annual Promotion
1775,2430,2024-10-05,Senior Executive,Senior Manager,22.06,Leadership Development
1776,1506,2024-06-02,Executive,Assistant Manager,11.09,Role Expansion
1777,920,2025-02-26,Assistant Manager,Manager,8.35,Outstanding Performance
1778,2507,2025-11-06,Senior Analyst,Senior Manager,18.65,Outstanding Performance
1779,1073,2025-04-10,Analyst,Senior Executive,19.92,Annual Promotion
1780,2532,2025-09-14,Junior Executive,Assistant Manager,15.29,Leadership Development
1781,697,2025-12-18,Executive,Lead Analyst,24.1,Outstanding Performance
1782,2154,2025-04-18,Junior Executive,Senior Manager,15.4,Role Expansion
1783,2025,2024-01-09,Assistant Manager,Senior Manager,10.01,Annual Promotion
1784,1091,2025-03-16,Executive,Team Lead,12.9,Role Expansion
1785,1767,2024-07-05,Analyst,Senior Executive,22.56,Business Requirement
1786,1160,2024-07-20,Executive,Team Lead,20.35,Annual Promotion
1787,1674,2025-10-12,Analyst,Senior Executive,21.47,Outstanding Performance
1788,965,2025-03-03,Senior Executive,Lead Analyst,18.5,Annual Promotion
1789,2803,2025-05-01,Senior Executive,Manager,19.0,Outstanding Performance
1790,546,2024-08-11,Junior Executive,Assistant Manager,22.81,Role Expansion
1791,2922,2024-06-10,Associate,Senior Executive,14.52,Role Expansion
1792,1050,2025-11-29,Associate,Manager,9.24,Business Requirement
1793,1364,2024-09-18,Junior Executive,Executive,23.83,Role Expansion
1794,2748,2024-03-10,Senior Executive,Manager,24.44,Business Requirement
1795,187,2025-06-10,Associate,Senior Manager,8.09,Business Requirement
1796,1240,2024-07-28,Senior Analyst,Assistant Manager,24.62,Leadership Development
1797,169,2025-06-04,Executive,Manager,17.87,Leadership Development
1798,2019,2024-11-26,Executive,Manager,23.82,Role Expansion
1799,2910,2024-03-03,Executive,Lead Analyst,17.02,Annual Promotion
1800,1284,2024-03-19,Senior Executive,Executive,8.75,Annual Promotion
1801,1151,2024-07-07,Analyst,Team Lead,20.71,Role Expansion
1802,2511,2024-05-15,Senior Executive,Lead Analyst,22.1,Leadership Development
1803,1785,2024-04-07,Senior Analyst,Lead Analyst,23.18,Leadership Development
1804,620,2024-06-18,Associate,Assistant Manager,17.45,Role Expansion
1805,609,2024-03-23,Junior Executive,Senior Executive,8.93,Annual Promotion
1806,1066,2024-04-21,Junior Executive,Assistant Manager,10.78,Role Expansion
1807,2028,2025-11-13,Analyst,Executive,8.69,Leadership Development
1808,1988,2025-08-22,Associate,Manager,15.78,Outstanding Performance
1809,607,2024-08-04,Assistant Manager,Senior Manager,10.1,Outstanding Performance
1810,1164,2025-07-19,Executive,Team Lead,11.07,Annual Promotion
1811,1118,2024-12-29,Associate,Manager,17.58,Business Requirement
1812,17,2025-11-28,Executive,Manager,16.94,Business Requirement
1813,315,2025-11-08,Executive,Assistant Manager,12.18,Role Expansion
1814,1347,2025-06-11,Associate,Executive,8.44,Outstanding Performance
1815,2419,2025-09-10,Analyst,Lead Analyst,23.8,Outstanding Performance
1816,630,2024-01-07,Assistant Manager,Lead Analyst,8.49,Role Expansion
1817,2702,2024-11-03,Assistant Manager,Senior Manager,16.16,Leadership Development
1818,24,2024-01-20,Senior Analyst,Senior Manager,13.6,Outstanding Performance
1819,1856,2024-10-22,Associate,Manager,13.52,Business Requirement
1820,200,2025-06-08,Executive,Senior Executive,21.63,Leadership Development
1821,228,2025-08-03,Senior Executive,Team Lead,20.64,Business Requirement
1822,380,2024-11-10,Senior Analyst,Assistant Manager,14.78,Annual Promotion
1823,1634,2024-11-22,Executive,Team Lead,9.52,Annual Promotion
1824,1649,2025-12-23,Executive,Assistant Manager,12.84,Annual Promotion
1825,2011,2024-07-27,Junior Executive,Lead Analyst,21.62,Leadership Development
1826,538,2025-10-11,Associate,Manager,14.1,Outstanding Performance
1827,2100,2024-02-10,Assistant Manager,Lead Analyst,11.4,Role Expansion
1828,1100,2025-10-22,Analyst,Assistant Manager,17.57,Role Expansion
1829,1731,2025-01-08,Junior Executive,Team Lead,21.79,Business Requirement
1830,2584,2025-05-27,Executive,Assistant Manager,15.24,Outstanding Performance
1831,1899,2024-10-16,Senior Analyst,Lead Analyst,19.5,Annual Promotion
1832,2579,2025-05-07,Analyst,Manager,19.0,Outstanding Performance
1833,1792,2025-04-10,Senior Executive,Assistant Manager,9.35,Role Expansion
1834,1231,2024-07-29,Senior Executive,Senior Manager,22.31,Business Requirement
1835,2329,2025-02-27,Analyst,Lead Analyst,8.81,Outstanding Performance
1836,441,2025-06-13,Junior Executive,Manager,16.68,Role Expansion
1837,2707,2025-05-29,Junior Executive,Assistant Manager,20.25,Leadership Development
1838,2399,2024-06-03,Senior Executive,Lead Analyst,9.39,Business Requirement
1839,2710,2024-04-01,Junior Executive,Executive,15.87,Annual Promotion
1840,342,2024-06-27,Assistant Manager,Executive,15.08,Leadership Development
1841,2966,2024-06-02,Senior Executive,Manager,15.73,Role Expansion
1842,1086,2025-03-18,Senior Analyst,Team Lead,13.8,Annual Promotion
1843,321,2025-05-21,Executive,Senior Executive,20.7,Business Requirement
1844,2759,2025-09-28,Senior Executive,Team Lead,9.81,Business Requirement
1845,1618,2025-09-23,Junior Executive,Executive,9.98,Annual Promotion
1846,1885,2025-10-26,Associate,Assistant Manager,19.76,Business Requirement
1847,1241,2025-03-15,Associate,Assistant Manager,18.51,Business Requirement
1848,2760,2024-10-07,Senior Executive,Senior Manager,24.37,Role Expansion
1849,359,2024-07-23,Assistant Manager,Lead Analyst,10.13,Outstanding Performance
1850,66,2025-10-08,Executive,Team Lead,19.83,Annual Promotion
1851,858,2024-07-07,Assistant Manager,Executive,16.18,Annual Promotion
1852,1785,2024-11-06,Associate,Senior Executive,22.32,Business Requirement
1853,1899,2024-09-23,Executive,Lead Analyst,10.52,Role Expansion
1854,681,2024-11-20,Junior Executive,Executive,23.34,Role Expansion
1855,81,2024-06-13,Analyst,Assistant Manager,22.62,Business Requirement
1856,1208,2025-08-01,Executive,Senior Executive,17.68,Role Expansion
1857,33,2024-08-10,Junior Executive,Lead Analyst,9.75,Role Expansion
1858,2031,2025-11-21,Analyst,Team Lead,20.53,Business Requirement
1859,1192,2024-01-14,Associate,Manager,8.63,Role Expansion
1860,2421,2024-03-28,Analyst,Manager,20.32,Role Expansion
1861,249,2025-11-02,Executive,Senior Manager,16.98,Role Expansion
1862,2267,2024-07-15,Senior Analyst,Lead Analyst,9.08,Role Expansion
1863,2027,2025-11-13,Analyst,Executive,18.59,Leadership Development
1864,1787,2024-03-29,Analyst,Senior Manager,8.35,Leadership Development
1865,1923,2025-11-07,Associate,Senior Executive,13.85,Annual Promotion
1866,2408,2024-12-31,Senior Analyst,Senior Executive,23.45,Leadership Development
1867,2930,2024-01-18,Senior Analyst,Team Lead,19.17,Annual Promotion
1868,2914,2025-06-07,Senior Executive,Senior Manager,14.64,Role Expansion
1869,2673,2025-11-08,Assistant Manager,Senior Manager,20.49,Role Expansion
1870,664,2025-04-29,Assistant Manager,Team Lead,18.57,Leadership Development
1871,354,2024-12-23,Associate,Senior Manager,19.34,Annual Promotion
1872,641,2025-02-05,Executive,Senior Executive,18.3,Outstanding Performance
1873,962,2024-08-11,Assistant Manager,Lead Analyst,11.56,Outstanding Performance
1874,1069,2024-08-09,Junior Executive,Lead Analyst,14.07,Annual Promotion
1875,2063,2024-11-01,Executive,Team Lead,8.54,Outstanding Performance
1876,467,2025-12-09,Senior Executive,Assistant Manager,18.5,Outstanding Performance
1877,1993,2025-03-09,Senior Analyst,Senior Executive,12.38,Leadership Development
1878,192,2024-09-22,Assistant Manager,Lead Analyst,21.09,Business Requirement
1879,2827,2024-03-23,Senior Executive,Team Lead,22.85,Business Requirement
1880,2894,2024-07-23,Associate,Executive,8.86,Role Expansion
1881,455,2024-11-29,Assistant Manager,Team Lead,24.57,Business Requirement
1882,418,2025-08-31,Senior Analyst,Team Lead,22.0,Outstanding Performance
1883,685,2025-12-07,Senior Analyst,Executive,18.71,Annual Promotion
1884,1197,2024-02-08,Senior Executive,Senior Manager,20.04,Business Requirement
1885,407,2024-02-17,Analyst,Senior Manager,10.62,Leadership Development
1886,565,2025-05-19,Senior Executive,Team Lead,10.09,Annual Promotion
1887,27,2025-02-13,Analyst,Assistant Manager,12.17,Role Expansion
1888,2069,2025-10-20,Senior Executive,Lead Analyst,10.91,Leadership Development
1889,1700,2024-07-06,Senior Executive,Senior Manager,14.13,Annual Promotion
1890,2170,2024-10-19,Executive,Team Lead,15.17,Annual Promotion
1891,1757,2025-05-19,Executive,Team Lead,15.03,Role Expansion
1892,2115,2024-07-22,Analyst,Team Lead,21.51,Leadership Development
1893,597,2024-04-19,Junior Executive,Assistant Manager,21.09,Business Requirement
1894,1386,2025-11-27,Junior Executive,Executive,13.35,Annual Promotion
1895,1611,2025-12-07,Analyst,Executive,20.91,Annual Promotion
1896,2588,2024-11-13,Senior Analyst,Executive,24.66,Business Requirement
1897,1647,2025-08-14,Senior Executive,Assistant Manager,23.06,Business Requirement
1898,2956,2025-10-21,Assistant Manager,Lead Analyst,20.63,Leadership Development
1899,1146,2025-03-28,Junior Executive,Team Lead,23.3,Business Requirement
1900,1655,2024-08-29,Executive,Senior Manager,15.59,Annual Promotion
1901,2533,2024-04-03,Senior Analyst,Manager,19.08,Leadership Development
1902,2658,2025-04-29,Assistant Manager,Team Lead,14.88,Annual Promotion
1903,152,2025-08-15,Senior Executive,Executive,17.14,Role Expansion
1904,517,2024-07-28,Associate,Senior Manager,16.85,Business Requirement
1905,2096,2025-07-25,Senior Executive,Executive,17.38,Business Requirement
1906,2604,2025-09-10,Senior Executive,Team Lead,10.72,Outstanding Performance
1907,2427,2024-12-23,Assistant Manager,Manager,12.4,Leadership Development
1908,2070,2024-04-06,Associate,Assistant Manager,9.88,Outstanding Performance
1909,1064,2025-12-09,Assistant Manager,Lead Analyst,18.66,Leadership Development
1910,2667,2025-12-01,Junior Executive,Executive,24.0,Role Expansion
1911,22,2025-04-09,Senior Executive,Manager,15.7,Annual Promotion
1912,2383,2024-02-01,Assistant Manager,Senior Manager,17.62,Business Requirement
1913,958,2024-05-14,Assistant Manager,Manager,13.96,Leadership Development
1914,2929,2025-05-11,Associate,Team Lead,17.74,Annual Promotion
1915,2129,2024-05-26,Associate,Assistant Manager,20.54,Outstanding Performance
1916,2386,2024-10-12,Senior Executive,Manager,11.27,Leadership Development
1917,601,2024-07-07,Analyst,Executive,20.1,Role Expansion
1918,255,2025-06-07,Junior Executive,Executive,15.22,Annual Promotion
1919,1828,2025-03-02,Analyst,Senior Executive,9.33,Business Requirement
1920,2290,2024-11-06,Analyst,Manager,16.82,Role Expansion
1921,2394,2025-02-21,Assistant Manager,Lead Analyst,16.48,Role Expansion
1922,2006,2024-12-05,Analyst,Senior Manager,20.44,Role Expansion
1923,592,2025-04-10,Assistant Manager,Senior Executive,16.6,Role Expansion
1924,530,2024-06-20,Associate,Assistant Manager,24.46,Business Requirement
1925,484,2024-02-16,Assistant Manager,Manager,19.81,Role Expansion
1926,643,2024-07-24,Analyst,Executive,24.05,Leadership Development
1927,1674,2024-11-25,Junior Executive,Manager,9.88,Leadership Development
1928,165,2025-12-19,Senior Analyst,Lead Analyst,16.89,Outstanding Performance
1929,1534,2025-09-05,Senior Executive,Lead Analyst,13.16,Role Expansion
1930,586,2025-12-01,Junior Executive,Team Lead,10.42,Business Requirement
1931,1250,2024-10-28,Analyst,Executive,23.11,Annual Promotion
1932,2003,2024-08-22,Executive,Team Lead,8.04,Business Requirement
1933,184,2024-12-20,Senior Executive,Executive,15.1,Business Requirement
1934,1853,2024-10-08,Senior Executive,Manager,23.3,Role Expansion
1935,2950,2024-03-18,Analyst,Team Lead,22.17,Annual Promotion
1936,2068,2024-11-26,Assistant Manager,Senior Executive,18.82,Role Expansion
1937,611,2024-10-23,Associate,Assistant Manager,22.73,Leadership Development
1938,2560,2025-01-30,Junior Executive,Team Lead,19.3,Role Expansion
1939,1620,2025-11-22,Analyst,Senior Executive,13.76,Outstanding Performance
1940,1137,2025-12-28,Associate,Assistant Manager,18.98,Annual Promotion
1941,2343,2024-11-09,Associate,Executive,18.71,Leadership Development
1942,508,2024-05-25,Senior Analyst,Senior Manager,18.95,Outstanding Performance
1943,2220,2025-02-18,Executive,Manager,17.81,Outstanding Performance
1944,776,2025-03-21,Senior Analyst,Manager,20.76,Business Requirement
1945,2697,2025-01-01,Junior Executive,Executive,23.92,Annual Promotion
1946,843,2025-04-10,Junior Executive,Lead Analyst,12.17,Business Requirement
1947,2186,2025-05-07,Analyst,Executive,18.32,Role Expansion
1948,2014,2024-01-20,Senior Analyst,Executive,22.65,Outstanding Performance
1949,740,2025-10-15,Senior Executive,Assistant Manager,15.05,Business Requirement
1950,1054,2024-05-02,Senior Executive,Assistant Manager,9.55,Outstanding Performance
1951,1169,2024-06-10,Senior Analyst,Senior Executive,10.45,Leadership Development
1952,632,2024-10-13,Assistant Manager,Executive,13.22,Role Expansion
1953,242,2024-08-29,Associate,Senior Executive,18.45,Leadership Development
1954,240,2025-09-02,Executive,Senior Manager,13.07,Outstanding Performance
1955,1328,2024-06-09,Senior Executive,Assistant Manager,12.38,Outstanding Performance
1956,982,2024-05-01,Junior Executive,Senior Executive,20.79,Business Requirement
1957,2084,2025-01-14,Executive,Assistant Manager,20.79,Role Expansion
1958,249,2024-06-13,Junior Executive,Lead Analyst,13.41,Business Requirement
1959,1984,2024-01-23,Analyst,Executive,8.49,Annual Promotion
1960,2270,2024-07-14,Junior Executive,Lead Analyst,24.38,Outstanding Performance
1961,2273,2024-02-16,Executive,Team Lead,19.08,Annual Promotion
1962,1667,2024-04-09,Senior Executive,Manager,15.58,Business Requirement
1963,584,2024-03-15,Executive,Team Lead,14.35,Annual Promotion
1964,2202,2024-04-17,Assistant Manager,Senior Executive,24.19,Business Requirement
1965,5,2025-11-15,Analyst,Executive,21.81,Business Requirement
1966,686,2025-09-30,Senior Executive,Senior Manager,8.01,Role Expansion
1967,1028,2025-08-01,Senior Executive,Manager,22.27,Role Expansion
1968,2590,2025-06-11,Senior Executive,Team Lead,11.62,Business Requirement
1969,662,2024-02-10,Senior Executive,Executive,20.57,Business Requirement
1970,368,2024-12-24,Junior Executive,Lead Analyst,14.72,Outstanding Performance
1971,2970,2024-09-16,Assistant Manager,Senior Executive,17.46,Leadership Development
1972,2501,2025-09-24,Analyst,Senior Executive,16.58,Leadership Development
1973,2602,2024-02-25,Associate,Lead Analyst,12.44,Role Expansion
1974,1318,2025-09-22,Senior Executive,Senior Manager,13.81,Role Expansion
1975,66,2024-10-24,Senior Analyst,Lead Analyst,23.54,Annual Promotion
1976,2494,2024-03-09,Associate,Executive,16.1,Outstanding Performance
1977,1693,2024-03-24,Associate,Senior Executive,17.45,Role Expansion
1978,333,2024-11-06,Assistant Manager,Manager,21.38,Outstanding Performance
1979,2751,2024-03-18,Senior Analyst,Executive,15.57,Outstanding Performance
1980,1542,2024-09-10,Senior Executive,Team Lead,22.07,Leadership Development
1981,2856,2024-10-17,Analyst,Senior Executive,24.72,Outstanding Performance
1982,791,2024-03-13,Analyst,Lead Analyst,15.56,Annual Promotion
1983,1152,2024-10-14,Associate,Executive,19.57,Leadership Development
1984,2513,2025-04-11,Executive,Team Lead,18.63,Annual Promotion
1985,1487,2024-03-03,Executive,Assistant Manager,8.63,Role Expansion
1986,2483,2025-06-16,Associate,Senior Manager,11.55,Annual Promotion
1987,1623,2025-05-30,Assistant Manager,Senior Manager,9.89,Leadership Development
1988,2024,2025-08-28,Senior Analyst,Manager,10.9,Annual Promotion
1989,2318,2025-04-20,Associate,Senior Manager,19.43,Business Requirement
1990,268,2025-04-16,Senior Analyst,Senior Executive,18.0,Outstanding Performance
1991,2335,2024-02-05,Executive,Lead Analyst,22.54,Business Requirement
1992,1124,2025-09-21,Associate,Team Lead,11.26,Outstanding Performance
1993,2183,2025-11-16,Associate,Senior Manager,18.45,Business Requirement
1994,1750,2025-01-30,Analyst,Executive,18.9,Outstanding Performance
1995,1772,2024-12-02,Assistant Manager,Lead Analyst,22.35,Role Expansion
1996,2786,2024-12-23,Senior Executive,Executive,16.81,Role Expansion
1997,179,2025-11-30,Senior Executive,Manager,23.02,Annual Promotion
1998,1721,2025-09-26,Junior Executive,Lead Analyst,17.05,Leadership Development
1999,798,2025-02-10,Junior Executive,Assistant Manager,13.69,Business Requirement
2000,925,2025-03-16,Assistant Manager,Executive,24.63,Role Expansion
2001,807,2024-09-20,Junior Executive,Senior Executive,10.8,Leadership Development
2002,2562,2025-04-09,Junior Executive,Senior Manager,9.64,Role Expansion
2003,99,2024-10-14,Analyst,Team Lead,18.07,Leadership Development
2004,1013,2025-04-02,Assistant Manager,Lead Analyst,9.83,Annual Promotion
2005,223,2024-10-21,Senior Executive,Team Lead,21.97,Business Requirement
2006,299,2024-06-16,Assistant Manager,Senior Executive,21.19,Business Requirement
2007,392,2024-06-22,Analyst,Team Lead,18.63,Business Requirement
2008,249,2025-09-26,Junior Executive,Executive,23.58,Role Expansion
2009,2841,2024-08-25,Senior Executive,Team Lead,9.11,Annual Promotion
2010,1811,2024-04-13,Junior Executive,Team Lead,8.93,Business Requirement
2011,270,2025-02-11,Associate,Assistant Manager,9.73,Outstanding Performance
2012,1208,2025-11-19,Senior Analyst,Executive,22.45,Role Expansion
2013,1684,2025-07-11,Junior Executive,Manager,11.96,Business Requirement
2014,2556,2024-03-19,Assistant Manager,Senior Manager,8.18,Role Expansion
2015,1754,2025-06-03,Analyst,Team Lead,22.96,Business Requirement
2016,2667,2025-10-12,Junior Executive,Lead Analyst,23.94,Outstanding Performance
2017,1345,2024-08-20,Analyst,Manager,17.99,Outstanding Performance
2018,2438,2025-06-20,Junior Executive,Executive,20.13,Business Requirement
2019,794,2025-03-30,Assistant Manager,Team Lead,23.37,Annual Promotion
2020,1050,2024-01-20,Associate,Manager,14.04,Role Expansion
2021,1822,2025-10-23,Associate,Manager,11.16,Annual Promotion
2022,248,2025-09-26,Assistant Manager,Executive,10.17,Business Requirement
2023,2670,2024-04-14,Analyst,Manager,20.82,Leadership Development
2024,597,2025-11-28,Senior Analyst,Manager,10.51,Leadership Development
2025,1193,2025-03-14,Senior Analyst,Lead Analyst,14.27,Outstanding Performance
2026,2694,2025-12-01,Senior Analyst,Manager,19.53,Outstanding Performance
2027,2292,2025-02-02,Executive,Manager,22.6,Role Expansion
2028,825,2024-05-13,Senior Executive,Senior Manager,21.35,Leadership Development
2029,1949,2024-08-10,Executive,Senior Manager,19.81,Role Expansion
2030,1357,2024-01-09,Senior Analyst,Senior Manager,22.48,Business Requirement
2031,1228,2025-10-11,Senior Executive,Manager,15.12,Annual Promotion
2032,173,2024-08-31,Junior Executive,Assistant Manager,16.43,Outstanding Performance
2033,2840,2024-08-08,Associate,Senior Executive,11.91,Business Requirement
2034,1970,2024-08-25,Executive,Senior Executive,20.49,Leadership Development
2035,1540,2025-06-02,Assistant Manager,Senior Manager,11.49,Annual Promotion
2036,1487,2024-11-27,Assistant Manager,Executive,8.17,Leadership Development
2037,472,2025-01-12,Junior Executive,Manager,10.42,Role Expansion
2038,2399,2025-08-12,Executive,Senior Manager,23.52,Leadership Development
2039,816,2025-11-11,Junior Executive,Executive,11.36,Annual Promotion
2040,2945,2025-06-03,Executive,Lead Analyst,10.96,Business Requirement
2041,803,2025-05-25,Executive,Senior Executive,8.37,Leadership Development
2042,2775,2024-07-30,Junior Executive,Executive,10.33,Outstanding Performance
2043,1869,2024-12-16,Senior Executive,Lead Analyst,12.08,Leadership Development
2044,2159,2024-07-09,Associate,Senior Executive,24.61,Business Requirement
2045,268,2025-04-07,Analyst,Senior Manager,10.01,Annual Promotion
2046,786,2024-01-10,Assistant Manager,Senior Executive,17.05,Leadership Development
2047,1760,2025-05-12,Senior Executive,Manager,24.61,Annual Promotion
2048,2524,2024-01-21,Junior Executive,Team Lead,17.98,Business Requirement
2049,609,2025-12-14,Senior Executive,Team Lead,13.57,Outstanding Performance
2050,1148,2024-06-06,Associate,Team Lead,22.84,Business Requirement
2051,858,2024-12-31,Senior Analyst,Assistant Manager,20.36,Role Expansion
2052,2519,2025-11-16,Assistant Manager,Senior Manager,9.1,Business Requirement
2053,2643,2024-10-22,Analyst,Team Lead,20.77,Leadership Development
2054,1902,2024-09-05,Analyst,Manager,11.04,Leadership Development
2055,1980,2025-02-04,Senior Analyst,Senior Manager,20.17,Role Expansion
2056,2381,2024-08-17,Analyst,Lead Analyst,14.82,Business Requirement
2057,849,2025-03-06,Associate,Executive,11.73,Annual Promotion
2058,961,2025-02-19,Analyst,Team Lead,14.73,Leadership Development
2059,2341,2025-10-07,Analyst,Assistant Manager,10.67,Leadership Development
2060,348,2025-02-20,Senior Executive,Manager,10.28,Outstanding Performance
2061,2126,2024-05-26,Senior Executive,Assistant Manager,13.98,Business Requirement
2062,2099,2024-03-29,Junior Executive,Assistant Manager,18.56,Role Expansion
2063,1772,2024-01-23,Analyst,Assistant Manager,14.95,Role Expansion
2064,1567,2025-12-07,Senior Executive,Lead Analyst,8.42,Role Expansion
2065,2644,2025-09-21,Executive,Lead Analyst,9.29,Outstanding Performance
2066,2056,2025-11-12,Senior Executive,Team Lead,16.72,Outstanding Performance
2067,933,2024-05-07,Assistant Manager,Lead Analyst,9.67,Outstanding Performance
2068,2237,2024-07-25,Senior Executive,Executive,11.41,Annual Promotion
2069,1025,2024-01-14,Associate,Lead Analyst,13.15,Leadership Development
2070,2475,2025-09-02,Executive,Senior Manager,24.97,Business Requirement
2071,1227,2024-12-12,Senior Executive,Executive,12.79,Leadership Development
2072,2376,2025-06-22,Assistant Manager,Team Lead,20.88,Outstanding Performance
2073,2100,2024-03-31,Analyst,Senior Manager,24.82,Annual Promotion
2074,930,2025-09-01,Assistant Manager,Senior Executive,20.3,Annual Promotion
2075,2113,2025-07-03,Analyst,Senior Executive,17.98,Business Requirement
2076,1890,2024-09-05,Assistant Manager,Senior Manager,13.79,Outstanding Performance
2077,770,2024-07-17,Senior Executive,Team Lead,15.29,Role Expansion
2078,1844,2024-07-26,Executive,Assistant Manager,22.5,Outstanding Performance
2079,526,2024-03-25,Senior Executive,Manager,13.19,Outstanding Performance
2080,2699,2024-02-06,Analyst,Team Lead,22.18,Leadership Development
2081,1744,2024-04-17,Executive,Assistant Manager,19.66,Role Expansion
2082,2829,2024-02-26,Assistant Manager,Team Lead,17.14,Leadership Development
2083,2325,2025-09-16,Senior Analyst,Executive,21.35,Annual Promotion
2084,2328,2025-06-17,Executive,Lead Analyst,18.71,Business Requirement
2085,1602,2025-05-23,Senior Analyst,Manager,24.66,Annual Promotion
2086,2190,2024-08-20,Analyst,Executive,14.57,Role Expansion
2087,2333,2025-04-06,Junior Executive,Lead Analyst,24.35,Leadership Development
2088,428,2024-07-27,Junior Executive,Senior Executive,19.47,Annual Promotion
2089,2823,2025-09-25,Junior Executive,Team Lead,18.26,Outstanding Performance
2090,285,2024-07-13,Executive,Senior Executive,23.49,Role Expansion
2091,2702,2024-05-22,Senior Executive,Lead Analyst,16.91,Role Expansion
2092,2124,2025-12-08,Junior Executive,Lead Analyst,8.19,Leadership Development
2093,454,2024-08-25,Assistant Manager,Senior Executive,10.2,Role Expansion
2094,282,2024-11-23,Analyst,Senior Manager,14.61,Annual Promotion
2095,843,2025-02-26,Executive,Team Lead,13.27,Role Expansion
2096,2356,2024-03-04,Executive,Manager,23.97,Business Requirement
2097,2936,2024-05-09,Executive,Manager,19.64,Leadership Development
2098,1826,2025-05-28,Executive,Senior Executive,9.09,Role Expansion
2099,1012,2024-06-10,Senior Analyst,Team Lead,16.94,Business Requirement
2100,1896,2024-05-24,Analyst,Assistant Manager,17.79,Outstanding Performance
2101,1870,2024-12-08,Senior Executive,Senior Manager,13.9,Leadership Development
2102,718,2025-07-18,Analyst,Manager,15.06,Annual Promotion
2103,1770,2025-03-02,Senior Analyst,Senior Manager,15.78,Annual Promotion
2104,392,2025-08-10,Associate,Manager,14.69,Outstanding Performance
2105,647,2024-12-07,Executive,Team Lead,12.65,Business Requirement
2106,274,2025-11-06,Senior Executive,Senior Manager,19.87,Annual Promotion
2107,2265,2024-01-12,Analyst,Assistant Manager,10.06,Leadership Development
2108,431,2024-09-21,Junior Executive,Team Lead,16.57,Leadership Development
2109,676,2025-11-22,Analyst,Assistant Manager,12.3,Business Requirement
2110,110,2025-03-21,Junior Executive,Assistant Manager,9.24,Role Expansion
2111,1636,2025-01-02,Analyst,Lead Analyst,22.55,Role Expansion
2112,1027,2024-03-07,Junior Executive,Executive,9.95,Annual Promotion
2113,1902,2025-09-13,Senior Executive,Senior Manager,16.24,Outstanding Performance
2114,2692,2025-08-21,Junior Executive,Manager,12.12,Role Expansion
2115,1144,2025-01-10,Executive,Assistant Manager,22.31,Annual Promotion
2116,2487,2024-06-24,Assistant Manager,Executive,9.71,Leadership Development
2117,1601,2024-12-17,Junior Executive,Manager,10.86,Outstanding Performance
2118,629,2025-04-15,Associate,Lead Analyst,15.49,Annual Promotion
2119,142,2024-07-09,Executive,Senior Manager,23.18,Business Requirement
2120,2854,2025-05-25,Executive,Assistant Manager,8.81,Business Requirement
2121,2935,2025-08-21,Associate,Senior Manager,19.22,Outstanding Performance
2122,1263,2025-09-26,Analyst,Senior Manager,15.55,Business Requirement
2123,1546,2024-03-06,Junior Executive,Executive,21.04,Annual Promotion
2124,66,2024-06-18,Senior Executive,Executive,15.17,Outstanding Performance
2125,788,2025-01-09,Senior Executive,Team Lead,19.56,Outstanding Performance
2126,2721,2024-03-25,Executive,Team Lead,10.85,Annual Promotion
2127,2100,2025-07-26,Junior Executive,Assistant Manager,9.83,Leadership Development
2128,2568,2025-02-19,Senior Executive,Manager,11.22,Annual Promotion
2129,1753,2025-10-09,Senior Analyst,Assistant Manager,10.05,Annual Promotion
2130,1325,2024-12-15,Junior Executive,Lead Analyst,10.95,Role Expansion
2131,50,2024-12-26,Associate,Lead Analyst,14.62,Role Expansion
2132,1141,2025-06-14,Executive,Senior Manager,19.05,Leadership Development
2133,896,2025-11-08,Junior Executive,Executive,14.99,Business Requirement
2134,2919,2024-09-27,Analyst,Executive,17.12,Business Requirement
2135,389,2024-10-30,Executive,Lead Analyst,18.2,Role Expansion
2136,2842,2024-08-24,Associate,Team Lead,10.26,Annual Promotion
2137,2817,2024-05-02,Associate,Team Lead,13.41,Role Expansion
2138,73,2024-12-31,Junior Executive,Lead Analyst,18.35,Business Requirement
2139,2094,2025-02-23,Analyst,Assistant Manager,18.89,Annual Promotion
2140,2887,2025-10-15,Senior Analyst,Manager,24.8,Annual Promotion
2141,509,2025-09-02,Junior Executive,Manager,13.25,Role Expansion
2142,2539,2024-12-24,Assistant Manager,Senior Executive,9.35,Annual Promotion
2143,1215,2025-02-25,Senior Executive,Assistant Manager,11.43,Role Expansion
2144,156,2025-02-23,Executive,Senior Manager,12.05,Business Requirement
2145,1347,2025-07-13,Analyst,Senior Manager,10.28,Leadership Development
2146,163,2025-12-15,Associate,Team Lead,16.85,Role Expansion
2147,1182,2024-01-05,Associate,Team Lead,20.76,Annual Promotion
2148,1357,2024-11-22,Assistant Manager,Senior Manager,13.83,Annual Promotion
2149,2724,2025-03-05,Senior Analyst,Executive,24.8,Annual Promotion
2150,1563,2024-03-19,Senior Analyst,Team Lead,16.87,Annual Promotion
2151,25,2024-02-03,Analyst,Senior Manager,9.1,Role Expansion
2152,214,2024-11-17,Junior Executive,Senior Executive,18.78,Annual Promotion
2153,376,2024-11-16,Executive,Senior Executive,10.95,Business Requirement
2154,838,2024-12-29,Assistant Manager,Team Lead,12.02,Outstanding Performance
2155,1914,2025-11-10,Analyst,Senior Manager,13.29,Annual Promotion
2156,723,2024-04-29,Executive,Assistant Manager,18.3,Leadership Development
2157,1837,2024-08-29,Senior Executive,Manager,24.45,Annual Promotion
2158,1971,2024-03-08,Senior Executive,Team Lead,9.36,Leadership Development
2159,688,2024-07-21,Analyst,Assistant Manager,16.0,Role Expansion
2160,1776,2025-05-16,Senior Analyst,Manager,20.93,Role Expansion
2161,1563,2025-01-01,Junior Executive,Team Lead,15.27,Outstanding Performance
2162,2438,2024-02-22,Assistant Manager,Lead Analyst,17.13,Business Requirement
2163,1054,2025-10-29,Associate,Senior Executive,14.47,Leadership Development
2164,1537,2025-09-06,Analyst,Lead Analyst,17.56,Role Expansion
2165,560,2024-12-23,Junior Executive,Lead Analyst,20.15,Annual Promotion
2166,18,2025-06-30,Executive,Senior Executive,8.22,Business Requirement
2167,1533,2025-12-09,Associate,Senior Manager,16.35,Role Expansion
2168,1529,2024-08-03,Analyst,Senior Manager,14.53,Leadership Development
2169,292,2025-07-09,Associate,Manager,14.95,Outstanding Performance
2170,2317,2024-07-26,Junior Executive,Assistant Manager,10.76,Role Expansion
2171,2959,2024-07-15,Senior Executive,Team Lead,13.93,Role Expansion
2172,1509,2025-11-21,Associate,Senior Manager,19.84,Role Expansion
2173,1011,2024-12-25,Analyst,Senior Manager,12.12,Outstanding Performance
2174,2585,2025-04-26,Assistant Manager,Lead Analyst,20.01,Outstanding Performance
2175,2644,2025-11-29,Associate,Senior Manager,10.51,Business Requirement
2176,604,2025-01-24,Analyst,Senior Manager,12.32,Business Requirement
2177,662,2024-04-01,Senior Analyst,Senior Manager,8.21,Outstanding Performance
2178,1575,2024-07-20,Associate,Senior Manager,14.76,Business Requirement
2179,774,2024-03-21,Junior Executive,Manager,22.89,Annual Promotion
2180,2834,2025-06-18,Assistant Manager,Lead Analyst,13.14,Business Requirement
2181,2401,2024-09-16,Associate,Assistant Manager,13.24,Role Expansion
2182,365,2025-12-12,Assistant Manager,Senior Manager,9.86,Business Requirement
2183,1411,2024-07-28,Assistant Manager,Team Lead,21.84,Leadership Development
2184,1631,2024-07-15,Associate,Senior Executive,19.88,Outstanding Performance
2185,2015,2024-03-14,Executive,Team Lead,8.03,Outstanding Performance
2186,1712,2025-09-13,Assistant Manager,Senior Manager,16.92,Leadership Development
2187,699,2024-07-18,Associate,Assistant Manager,11.0,Annual Promotion
2188,812,2025-05-01,Associate,Senior Executive,16.27,Business Requirement
2189,2323,2025-12-11,Junior Executive,Assistant Manager,21.84,Annual Promotion
2190,749,2024-10-12,Executive,Senior Manager,21.76,Annual Promotion
2191,1675,2024-06-26,Senior Executive,Team Lead,15.49,Business Requirement
2192,2607,2025-09-05,Junior Executive,Team Lead,10.82,Leadership Development
2193,511,2025-02-04,Junior Executive,Assistant Manager,12.7,Leadership Development
2194,962,2025-02-25,Junior Executive,Manager,16.12,Outstanding Performance
2195,1090,2024-07-14,Junior Executive,Executive,20.78,Outstanding Performance
2196,172,2024-12-15,Associate,Manager,9.65,Business Requirement
2197,1539,2025-08-23,Assistant Manager,Executive,18.25,Leadership Development
2198,1381,2024-10-10,Analyst,Assistant Manager,18.27,Leadership Development
2199,1406,2025-02-01,Senior Executive,Senior Manager,24.99,Annual Promotion
2200,1633,2025-05-03,Senior Executive,Senior Manager,14.43,Outstanding Performance
2201,1353,2024-10-20,Senior Executive,Team Lead,21.71,Outstanding Performance
2202,2861,2024-06-29,Analyst,Team Lead,14.83,Annual Promotion
2203,504,2024-09-29,Junior Executive,Manager,22.77,Leadership Development
2204,1019,2024-03-30,Associate,Team Lead,14.26,Business Requirement
2205,1947,2024-08-28,Associate,Senior Manager,16.75,Annual Promotion
2206,1320,2025-05-14,Junior Executive,Senior Manager,8.28,Leadership Development
2207,1334,2025-10-31,Assistant Manager,Executive,19.52,Annual Promotion
2208,1640,2024-08-31,Senior Analyst,Assistant Manager,20.57,Outstanding Performance
2209,1951,2024-11-19,Senior Executive,Assistant Manager,24.78,Outstanding Performance
2210,1204,2025-02-15,Associate,Assistant Manager,18.32,Annual Promotion
2211,2343,2025-08-04,Assistant Manager,Manager,21.34,Business Requirement
2212,2040,2024-04-11,Junior Executive,Senior Executive,21.55,Leadership Development
2213,2248,2025-09-10,Assistant Manager,Senior Manager,24.78,Role Expansion
2214,474,2025-03-07,Executive,Assistant Manager,16.2,Business Requirement
2215,867,2024-05-07,Executive,Senior Executive,10.9,Outstanding Performance
2216,2932,2025-05-10,Junior Executive,Assistant Manager,8.5,Leadership Development
2217,1149,2025-03-13,Analyst,Team Lead,11.75,Leadership Development
2218,2747,2024-04-20,Associate,Assistant Manager,10.09,Annual Promotion
2219,2972,2024-03-23,Senior Analyst,Senior Manager,16.36,Leadership Development
2220,2360,2025-01-17,Assistant Manager,Senior Executive,21.03,Business Requirement
2221,1406,2024-08-08,Junior Executive,Senior Manager,14.41,Role Expansion
2222,2302,2025-09-11,Associate,Senior Manager,24.43,Role Expansion
2223,916,2024-03-01,Assistant Manager,Senior Executive,12.4,Leadership Development
2224,366,2024-03-20,Junior Executive,Executive,13.78,Business Requirement
2225,476,2024-07-31,Executive,Senior Manager,17.74,Annual Promotion
2226,1558,2025-01-05,Assistant Manager,Lead Analyst,17.81,Outstanding Performance
2227,2417,2025-01-12,Senior Executive,Executive,17.11,Role Expansion
2228,1496,2025-02-07,Analyst,Lead Analyst,21.56,Annual Promotion
2229,2465,2025-04-16,Senior Analyst,Senior Manager,18.04,Outstanding Performance
2230,2205,2025-07-10,Analyst,Executive,22.49,Leadership Development
2231,1216,2025-11-10,Executive,Team Lead,22.23,Role Expansion
2232,604,2024-06-09,Associate,Assistant Manager,18.22,Annual Promotion
2233,2880,2024-07-31,Associate,Senior Manager,8.58,Leadership Development
2234,2821,2024-09-21,Senior Executive,Manager,10.1,Business Requirement
2235,884,2024-03-15,Analyst,Senior Manager,16.42,Role Expansion
2236,1365,2025-04-02,Junior Executive,Team Lead,10.6,Annual Promotion
2237,922,2024-07-23,Assistant Manager,Senior Manager,19.91,Outstanding Performance
2238,734,2025-07-24,Assistant Manager,Team Lead,22.57,Role Expansion
2239,2701,2025-01-29,Senior Executive,Team Lead,23.51,Annual Promotion
2240,1607,2025-08-15,Junior Executive,Manager,13.74,Role Expansion
2241,1604,2024-12-17,Senior Executive,Team Lead,14.65,Business Requirement
2242,1157,2025-03-11,Associate,Lead Analyst,19.84,Annual Promotion
2243,2245,2024-12-29,Associate,Team Lead,14.69,Annual Promotion
2244,2378,2025-11-06,Senior Executive,Team Lead,22.72,Outstanding Performance
2245,1246,2025-03-09,Assistant Manager,Senior Manager,15.78,Annual Promotion
2246,1810,2024-07-23,Senior Analyst,Senior Executive,19.83,Leadership Development
2247,894,2025-01-21,Executive,Senior Executive,21.67,Annual Promotion
2248,38,2024-11-16,Associate,Senior Manager,14.16,Business Requirement
2249,605,2025-07-28,Junior Executive,Senior Manager,14.4,Role Expansion
2250,690,2025-05-17,Associate,Team Lead,23.74,Outstanding Performance
2251,736,2024-09-12,Senior Executive,Assistant Manager,24.07,Outstanding Performance
2252,1387,2024-06-08,Senior Analyst,Senior Manager,18.09,Annual Promotion
2253,1655,2025-01-03,Associate,Senior Manager,12.17,Outstanding Performance
2254,2002,2025-01-07,Executive,Assistant Manager,13.15,Business Requirement
2255,1538,2024-12-15,Executive,Senior Manager,21.19,Outstanding Performance
2256,2664,2024-01-12,Assistant Manager,Team Lead,14.5,Role Expansion
2257,492,2025-03-22,Senior Executive,Executive,9.98,Outstanding Performance
2258,2740,2025-09-09,Analyst,Senior Manager,23.44,Annual Promotion
2259,2347,2025-08-05,Junior Executive,Manager,24.78,Role Expansion
2260,388,2024-08-08,Senior Executive,Senior Manager,21.5,Annual Promotion
2261,2641,2025-10-03,Analyst,Assistant Manager,19.95,Leadership Development
2262,408,2025-10-16,Senior Analyst,Senior Executive,13.53,Business Requirement
2263,2871,2024-01-03,Executive,Assistant Manager,8.34,Business Requirement
2264,2172,2024-04-09,Assistant Manager,Manager,16.31,Business Requirement
2265,2208,2024-05-22,Assistant Manager,Manager,20.13,Outstanding Performance
2266,850,2024-04-24,Assistant Manager,Team Lead,24.42,Outstanding Performance
2267,2454,2025-06-14,Executive,Team Lead,19.82,Outstanding Performance
2268,1288,2024-10-29,Senior Analyst,Assistant Manager,10.09,Annual Promotion
2269,2674,2025-05-11,Senior Analyst,Senior Executive,10.74,Business Requirement
2270,144,2025-11-24,Senior Executive,Team Lead,9.44,Outstanding Performance
2271,1490,2024-07-21,Senior Analyst,Lead Analyst,24.43,Annual Promotion
2272,1,2024-07-20,Analyst,Senior Manager,12.22,Outstanding Performance
2273,1202,2024-08-02,Senior Analyst,Team Lead,19.21,Role Expansion
2274,2009,2024-05-07,Executive,Manager,19.82,Business Requirement
2275,2205,2024-03-26,Senior Executive,Manager,16.68,Outstanding Performance
2276,184,2024-10-29,Associate,Team Lead,12.03,Annual Promotion
2277,882,2024-03-06,Executive,Lead Analyst,24.28,Business Requirement
2278,2424,2024-07-21,Senior Analyst,Senior Executive,14.1,Annual Promotion
2279,1729,2025-09-25,Associate,Manager,9.26,Leadership Development
2280,2662,2024-06-23,Senior Executive,Assistant Manager,23.36,Role Expansion
2281,1042,2024-12-14,Analyst,Executive,19.5,Annual Promotion
2282,290,2024-04-24,Senior Analyst,Senior Executive,18.7,Leadership Development
2283,2645,2025-08-11,Associate,Senior Manager,11.27,Leadership Development
2284,2654,2025-05-12,Senior Analyst,Senior Manager,21.95,Business Requirement
2285,629,2024-03-01,Executive,Assistant Manager,13.38,Role Expansion
2286,2473,2025-05-03,Analyst,Executive,12.21,Leadership Development
2287,451,2025-12-27,Junior Executive,Manager,19.63,Role Expansion
2288,2623,2025-12-17,Junior Executive,Lead Analyst,9.51,Leadership Development
2289,600,2024-12-14,Assistant Manager,Lead Analyst,22.77,Annual Promotion
2290,402,2025-07-05,Senior Executive,Executive,14.41,Annual Promotion
2291,506,2025-12-10,Analyst,Executive,10.99,Leadership Development
2292,2006,2024-11-20,Senior Analyst,Team Lead,9.62,Leadership Development
2293,1156,2025-12-13,Associate,Manager,17.38,Business Requirement
2294,700,2025-09-03,Junior Executive,Executive,13.41,Role Expansion
2295,2777,2025-04-10,Executive,Lead Analyst,24.46,Business Requirement
2296,1650,2025-10-22,Senior Analyst,Manager,16.11,Annual Promotion
2297,2813,2025-01-24,Senior Executive,Executive,16.73,Annual Promotion
2298,585,2024-11-19,Associate,Senior Executive,14.44,Leadership Development
2299,2619,2024-12-08,Junior Executive,Senior Manager,24.57,Annual Promotion
2300,1714,2024-03-29,Associate,Manager,20.02,Annual Promotion
2301,1920,2024-11-07,Analyst,Lead Analyst,16.54,Leadership Development
2302,2943,2025-03-06,Analyst,Manager,22.98,Annual Promotion
2303,357,2024-07-19,Senior Executive,Senior Manager,24.11,Role Expansion
2304,370,2024-09-20,Assistant Manager,Lead Analyst,18.79,Outstanding Performance
2305,384,2025-04-09,Associate,Senior Executive,10.81,Outstanding Performance
2306,1171,2025-12-20,Junior Executive,Senior Manager,17.42,Role Expansion
2307,44,2024-11-23,Assistant Manager,Team Lead,24.36,Role Expansion
2308,2994,2024-09-27,Associate,Manager,10.32,Role Expansion
2309,2773,2024-12-31,Senior Analyst,Senior Manager,23.1,Outstanding Performance
2310,2525,2025-08-10,Analyst,Executive,11.23,Outstanding Performance
2311,2878,2025-11-02,Associate,Assistant Manager,17.08,Leadership Development
2312,2709,2025-01-19,Executive,Senior Manager,24.16,Business Requirement
2313,174,2024-08-20,Associate,Manager,18.33,Annual Promotion
2314,2145,2025-09-29,Associate,Team Lead,23.36,Annual Promotion
2315,547,2025-02-28,Junior Executive,Lead Analyst,16.73,Outstanding Performance
2316,1553,2025-02-22,Analyst,Assistant Manager,10.9,Outstanding Performance
2317,1024,2024-09-21,Senior Executive,Senior Manager,22.14,Outstanding Performance
2318,1979,2024-07-15,Senior Executive,Lead Analyst,12.99,Annual Promotion
2319,2586,2024-04-20,Junior Executive,Senior Manager,17.67,Annual Promotion
2320,2112,2025-04-28,Senior Executive,Senior Manager,22.04,Outstanding Performance
2321,2000,2025-03-21,Analyst,Manager,8.98,Outstanding Performance
2322,1346,2024-04-11,Senior Analyst,Assistant Manager,13.07,Outstanding Performance
2323,2960,2024-06-01,Junior Executive,Lead Analyst,11.16,Leadership Development
2324,1765,2025-07-18,Junior Executive,Executive,16.36,Outstanding Performance
2325,630,2024-06-24,Senior Analyst,Manager,14.98,Role Expansion
2326,2690,2024-02-29,Junior Executive,Senior Executive,12.25,Role Expansion
2327,1226,2025-04-30,Analyst,Lead Analyst,14.2,Annual Promotion
2328,1104,2024-06-29,Senior Analyst,Team Lead,9.85,Role Expansion
2329,1800,2025-09-05,Associate,Team Lead,10.75,Leadership Development
2330,24,2025-10-17,Associate,Assistant Manager,14.11,Annual Promotion
2331,1167,2024-04-22,Junior Executive,Senior Executive,8.68,Role Expansion
2332,1357,2024-02-17,Analyst,Senior Manager,23.32,Annual Promotion
2333,1964,2024-04-16,Associate,Senior Executive,24.31,Leadership Development
2334,2004,2025-07-19,Junior Executive,Assistant Manager,17.35,Annual Promotion
2335,1638,2024-07-26,Senior Executive,Team Lead,16.53,Role Expansion
2336,87,2025-05-30,Executive,Team Lead,10.14,Leadership Development
2337,2804,2025-03-26,Senior Analyst,Executive,12.02,Leadership Development
2338,33,2024-09-21,Analyst,Manager,15.38,Leadership Development
2339,339,2024-12-18,Senior Executive,Assistant Manager,20.94,Annual Promotion
2340,2988,2025-06-26,Senior Analyst,Senior Executive,16.69,Annual Promotion
2341,472,2025-09-26,Senior Executive,Team Lead,22.69,Annual Promotion
2342,1758,2024-12-04,Associate,Team Lead,11.37,Outstanding Performance
2343,2058,2024-07-30,Associate,Senior Manager,18.39,Annual Promotion
2344,2577,2025-06-20,Assistant Manager,Manager,18.79,Annual Promotion
2345,1644,2025-07-23,Junior Executive,Senior Executive,8.65,Annual Promotion
2346,73,2024-10-20,Executive,Assistant Manager,18.48,Outstanding Performance
2347,1558,2025-11-27,Assistant Manager,Executive,14.92,Leadership Development
2348,948,2025-09-09,Associate,Senior Manager,11.77,Role Expansion
2349,2089,2025-09-02,Analyst,Executive,15.26,Outstanding Performance
2350,1103,2025-01-09,Senior Executive,Executive,14.18,Leadership Development
2351,1012,2024-08-23,Associate,Assistant Manager,13.44,Outstanding Performance
2352,1318,2025-08-27,Executive,Senior Manager,11.6,Role Expansion
2353,413,2024-09-15,Senior Executive,Manager,15.33,Leadership Development
2354,1370,2025-06-20,Analyst,Lead Analyst,13.17,Outstanding Performance
2355,2798,2025-04-20,Associate,Executive,17.38,Annual Promotion
2356,1481,2024-03-02,Senior Executive,Lead Analyst,20.63,Business Requirement
2357,1523,2024-05-04,Senior Analyst,Manager,12.05,Leadership Development
2358,1574,2025-06-28,Executive,Manager,9.48,Outstanding Performance
2359,2466,2025-01-03,Executive,Senior Manager,10.05,Business Requirement
2360,781,2025-12-25,Associate,Team Lead,11.28,Role Expansion
2361,2239,2024-03-22,Junior Executive,Executive,18.52,Leadership Development
2362,828,2025-11-01,Associate,Assistant Manager,17.07,Annual Promotion
2363,786,2025-06-24,Junior Executive,Senior Executive,15.11,Leadership Development
2364,2296,2025-07-26,Assistant Manager,Team Lead,24.58,Leadership Development
2365,2939,2024-11-04,Analyst,Senior Manager,10.0,Role Expansion
2366,1717,2024-02-06,Junior Executive,Assistant Manager,16.9,Business Requirement
2367,684,2025-06-08,Assistant Manager,Executive,18.19,Annual Promotion
2368,2320,2024-09-10,Senior Executive,Executive,9.03,Annual Promotion
2369,1629,2025-01-24,Associate,Team Lead,16.42,Business Requirement
2370,308,2025-04-15,Assistant Manager,Manager,10.81,Business Requirement
2371,1599,2024-04-06,Analyst,Manager,14.81,Leadership Development
2372,15,2024-09-06,Executive,Senior Executive,10.72,Annual Promotion
2373,37,2024-02-29,Senior Analyst,Senior Manager,22.95,Business Requirement
2374,2899,2024-09-29,Analyst,Manager,20.25,Leadership Development
2375,903,2025-11-15,Senior Executive,Team Lead,13.04,Leadership Development
2376,701,2025-07-30,Senior Analyst,Executive,11.81,Business Requirement
2377,161,2025-03-05,Executive,Lead Analyst,18.87,Leadership Development
2378,212,2025-08-18,Executive,Lead Analyst,18.92,Annual Promotion
2379,2190,2024-05-23,Assistant Manager,Senior Executive,9.98,Leadership Development
2380,1512,2025-11-28,Associate,Manager,13.52,Business Requirement
2381,548,2025-03-17,Senior Executive,Senior Manager,14.94,Business Requirement
2382,235,2025-02-06,Senior Executive,Lead Analyst,18.64,Outstanding Performance
2383,899,2025-07-27,Assistant Manager,Lead Analyst,20.42,Leadership Development
2384,65,2025-02-10,Executive,Lead Analyst,17.14,Business Requirement
2385,2819,2025-02-23,Junior Executive,Senior Manager,14.49,Leadership Development
2386,2599,2024-12-13,Assistant Manager,Senior Manager,18.27,Annual Promotion
2387,1329,2025-03-02,Assistant Manager,Senior Executive,12.57,Business Requirement
2388,1620,2024-04-23,Associate,Team Lead,10.65,Annual Promotion
2389,1778,2024-03-16,Associate,Senior Manager,14.27,Role Expansion
2390,744,2024-10-09,Junior Executive,Assistant Manager,15.81,Annual Promotion
2391,2010,2024-04-23,Executive,Manager,24.04,Annual Promotion
2392,87,2024-04-08,Associate,Lead Analyst,13.27,Annual Promotion
2393,2490,2024-06-25,Assistant Manager,Senior Manager,11.19,Annual Promotion
2394,1005,2024-10-30,Junior Executive,Assistant Manager,15.74,Role Expansion
2395,2158,2024-05-04,Junior Executive,Senior Manager,10.33,Outstanding Performance
2396,1548,2024-03-26,Senior Analyst,Executive,14.53,Outstanding Performance
2397,2640,2025-07-01,Assistant Manager,Executive,23.89,Annual Promotion
2398,343,2025-10-23,Executive,Team Lead,12.55,Business Requirement
2399,39,2024-12-24,Junior Executive,Team Lead,24.28,Outstanding Performance
2400,1387,2024-04-12,Senior Analyst,Senior Manager,22.5,Outstanding Performance
2401,1968,2024-06-05,Executive,Senior Executive,20.91,Role Expansion
2402,1260,2025-06-24,Assistant Manager,Senior Executive,13.64,Annual Promotion
2403,2835,2025-06-06,Executive,Manager,12.55,Business Requirement
2404,183,2024-05-09,Junior Executive,Executive,9.75,Leadership Development
2405,1702,2024-05-03,Junior Executive,Manager,10.41,Annual Promotion
2406,1750,2025-07-05,Junior Executive,Senior Executive,14.55,Leadership Development
2407,926,2024-10-06,Associate,Lead Analyst,23.67,Role Expansion
2408,461,2024-02-11,Associate,Senior Manager,16.36,Outstanding Performance
2409,1464,2025-12-18,Executive,Lead Analyst,9.3,Leadership Development
2410,348,2025-01-31,Junior Executive,Lead Analyst,23.22,Business Requirement
2411,1756,2025-07-19,Executive,Senior Executive,17.02,Business Requirement
2412,1742,2024-03-22,Executive,Senior Manager,10.55,Leadership Development
2413,1176,2025-05-02,Senior Analyst,Team Lead,13.92,Outstanding Performance
2414,2711,2025-06-28,Senior Executive,Assistant Manager,14.27,Leadership Development
2415,313,2024-12-28,Assistant Manager,Senior Manager,21.41,Annual Promotion
2416,601,2025-07-01,Assistant Manager,Senior Manager,13.44,Role Expansion
2417,1960,2025-09-14,Analyst,Senior Manager,21.85,Outstanding Performance
2418,2977,2024-03-26,Senior Analyst,Assistant Manager,12.73,Outstanding Performance
2419,1578,2024-01-09,Senior Executive,Team Lead,13.99,Role Expansion
2420,2841,2024-11-20,Analyst,Assistant Manager,24.54,Business Requirement
2421,1366,2024-12-30,Assistant Manager,Senior Manager,10.35,Annual Promotion
2422,2251,2025-09-04,Analyst,Assistant Manager,16.45,Business Requirement
2423,2197,2025-09-09,Analyst,Manager,21.96,Role Expansion
2424,2929,2025-07-14,Junior Executive,Manager,15.17,Business Requirement
2425,899,2025-11-28,Assistant Manager,Senior Manager,19.95,Annual Promotion
2426,833,2025-10-04,Senior Executive,Executive,24.9,Outstanding Performance
2427,1942,2025-10-24,Senior Executive,Manager,24.28,Outstanding Performance
2428,1479,2024-09-03,Junior Executive,Lead Analyst,22.43,Annual Promotion
2429,591,2024-01-27,Senior Executive,Assistant Manager,22.2,Business Requirement
2430,864,2025-05-12,Analyst,Senior Executive,22.07,Outstanding Performance
2431,481,2024-05-16,Associate,Senior Executive,24.35,Annual Promotion
2432,108,2025-04-20,Analyst,Senior Manager,19.83,Role Expansion
2433,2873,2024-02-07,Senior Executive,Executive,9.8,Business Requirement
2434,2433,2025-03-01,Junior Executive,Assistant Manager,22.8,Outstanding Performance
2435,579,2024-05-10,Executive,Lead Analyst,9.34,Outstanding Performance
2436,1706,2024-11-08,Junior Executive,Manager,10.55,Annual Promotion
2437,574,2024-10-25,Analyst,Senior Manager,20.72,Leadership Development
2438,2960,2025-07-16,Analyst,Assistant Manager,13.73,Outstanding Performance
2439,639,2025-01-30,Senior Executive,Executive,9.02,Outstanding Performance
2440,711,2024-10-23,Senior Analyst,Team Lead,16.56,Outstanding Performance
2441,1736,2024-06-08,Analyst,Team Lead,19.56,Role Expansion
2442,1057,2025-01-01,Senior Analyst,Senior Manager,23.63,Business Requirement
2443,932,2025-08-08,Senior Executive,Senior Manager,15.2,Annual Promotion
2444,2137,2024-08-07,Senior Executive,Executive,14.42,Annual Promotion
2445,1641,2025-09-12,Associate,Senior Executive,18.52,Annual Promotion
2446,2291,2025-06-10,Analyst,Senior Executive,18.29,Outstanding Performance
2447,1919,2025-04-14,Assistant Manager,Senior Manager,16.12,Role Expansion
2448,224,2025-10-09,Assistant Manager,Senior Executive,21.66,Role Expansion
2449,445,2025-03-30,Executive,Lead Analyst,9.77,Leadership Development
2450,1375,2024-03-10,Senior Analyst,Team Lead,8.48,Leadership Development
2451,437,2024-08-12,Executive,Manager,9.11,Business Requirement
2452,1267,2024-02-06,Junior Executive,Team Lead,11.19,Annual Promotion
2453,985,2024-09-10,Associate,Executive,12.58,Business Requirement
2454,2310,2024-07-29,Senior Analyst,Executive,24.77,Role Expansion
2455,1289,2024-02-02,Junior Executive,Executive,9.58,Leadership Development
2456,1157,2025-02-07,Junior Executive,Lead Analyst,24.3,Business Requirement
2457,1601,2025-07-13,Executive,Lead Analyst,20.34,Annual Promotion
2458,399,2025-04-29,Associate,Senior Manager,13.63,Business Requirement
2459,616,2024-09-09,Junior Executive,Manager,8.4,Role Expansion
2460,154,2025-09-25,Analyst,Manager,12.93,Annual Promotion
2461,323,2024-04-19,Associate,Assistant Manager,23.05,Outstanding Performance
2462,884,2025-05-17,Associate,Senior Executive,21.73,Annual Promotion
2463,660,2025-09-05,Assistant Manager,Senior Manager,24.89,Business Requirement
2464,2494,2025-01-24,Senior Analyst,Senior Manager,19.07,Leadership Development
2465,538,2025-04-07,Analyst,Team Lead,13.76,Leadership Development
2466,1765,2024-12-09,Senior Analyst,Team Lead,8.68,Role Expansion
2467,2501,2025-09-27,Executive,Senior Executive,18.32,Annual Promotion
2468,2038,2024-11-30,Senior Analyst,Senior Manager,9.66,Outstanding Performance
2469,1268,2025-05-01,Executive,Team Lead,17.3,Outstanding Performance
2470,1863,2025-01-21,Analyst,Executive,13.33,Leadership Development
2471,2362,2024-01-01,Executive,Lead Analyst,14.18,Outstanding Performance
2472,2911,2025-06-02,Junior Executive,Senior Executive,21.12,Leadership Development
2473,1811,2025-08-04,Analyst,Lead Analyst,19.05,Annual Promotion
2474,2000,2024-08-17,Junior Executive,Manager,8.67,Leadership Development
2475,2539,2025-09-16,Analyst,Assistant Manager,23.59,Annual Promotion
2476,2100,2025-03-28,Analyst,Lead Analyst,22.36,Leadership Development
2477,2795,2025-07-21,Senior Executive,Executive,15.02,Role Expansion
2478,175,2024-07-30,Senior Executive,Senior Manager,18.55,Outstanding Performance
2479,1003,2024-08-31,Associate,Team Lead,19.9,Business Requirement
2480,432,2024-03-09,Junior Executive,Senior Executive,12.94,Annual Promotion
2481,299,2025-09-08,Senior Analyst,Assistant Manager,11.79,Role Expansion
2482,1430,2024-05-19,Associate,Executive,15.92,Business Requirement
2483,352,2024-01-19,Assistant Manager,Executive,11.06,Outstanding Performance
2484,1775,2025-09-08,Analyst,Team Lead,11.39,Leadership Development
2485,1403,2024-10-13,Junior Executive,Lead Analyst,24.94,Role Expansion
2486,1951,2025-11-18,Executive,Senior Manager,9.94,Role Expansion
2487,638,2025-08-08,Junior Executive,Manager,24.13,Annual Promotion
2488,1312,2024-08-30,Associate,Senior Executive,17.66,Business Requirement
2489,1481,2024-12-09,Assistant Manager,Executive,21.42,Role Expansion
2490,94,2024-09-21,Executive,Senior Executive,24.19,Role Expansion
2491,2604,2025-06-24,Senior Executive,Lead Analyst,10.99,Annual Promotion
2492,1660,2024-01-03,Junior Executive,Lead Analyst,9.39,Role Expansion
2493,877,2025-08-15,Assistant Manager,Manager,19.38,Leadership Development
2494,221,2025-05-25,Executive,Team Lead,9.57,Role Expansion
2495,1217,2024-11-30,Senior Executive,Team Lead,10.8,Leadership Development
2496,1948,2025-04-24,Analyst,Assistant Manager,17.1,Annual Promotion
2497,1453,2024-09-04,Associate,Assistant Manager,23.51,Business Requirement
2498,41,2025-05-29,Analyst,Team Lead,17.54,Business Requirement
2499,2736,2024-09-18,Executive,Senior Manager,17.83,Annual Promotion
2500,1297,2024-08-17,Senior Executive,Senior Manager,8.24,Role Expansion
