salary_id,employee_id,effective_date,previous_salary,new_salary,increment_percent,change_reason
1,2620,2025-09-17,483478,500061.3,3.43,Market Adjustment
2,1004,2025-09-19,718106,756668.29,5.37,Annual Increment
3,2772,2024-12-07,1393716,1456154.48,4.48,Performance Bonus
4,131,2025-07-25,312489,326832.25,4.59,Promotion
5,2070,2024-01-01,1512524,1564706.08,3.45,Promotion
6,2933,2025-05-25,1612906,1853551.58,14.92,Performance Bonus
7,903,2024-08-30,1192059,1347265.08,13.02,Annual Increment
8,654,2024-07-05,1714104,1888599.79,10.18,Market Adjustment
9,637,2025-03-16,701545,836732.72,19.27,Market Adjustment
10,419,2024-03-06,444502,486551.89,9.46,Market Adjustment
11,1409,2024-12-09,1516105,1629812.88,7.5,Annual Increment
12,2989,2025-10-30,1213483,1360557.14,12.12,Performance Bonus
13,323,2025-02-24,1407713,1520048.5,7.98,Salary Revision
14,1482,2025-07-17,1460795,1552386.85,6.27,Annual Increment
15,188,2025-11-11,1636769,1749215.03,6.87,Market Adjustment
16,327,2024-07-05,738197,869079.33,17.73,Performance Bonus
17,1139,2024-08-09,1200870,1366710.15,13.81,Market Adjustment
18,667,2025-06-03,1026325,1119104.78,9.04,Market Adjustment
19,2875,2024-04-10,1683503,1919530.12,14.02,Salary Revision
20,2601,2024-04-27,608903,682458.48,12.08,Promotion
21,670,2025-09-10,1219429,1334665.04,9.45,Salary Revision
22,900,2024-01-04,1685740,1829196.47,8.51,Annual Increment
23,939,2025-10-14,317319,370279.54,16.69,Performance Bonus
24,1097,2024-03-10,388807,414429.38,6.59,Salary Revision
25,2941,2024-06-09,909927,970073.17,6.61,Performance Bonus
26,1621,2024-04-22,1598158,1770759.06,10.8,Market Adjustment
27,572,2025-06-04,767215,887360.87,15.66,Salary Revision
28,1077,2024-12-27,1475965,1627694.2,10.28,Salary Revision
29,1636,2024-09-01,1009161,1077077.54,6.73,Promotion
30,2088,2025-05-26,1284977,1343443.45,4.55,Annual Increment
31,450,2025-08-18,570531,648522.59,13.67,Performance Bonus
32,2443,2024-10-11,383227,419786.86,9.54,Salary Revision
33,1918,2025-05-04,1359633,1458478.32,7.27,Salary Revision
34,48,2025-11-02,1676657,1932347.19,15.25,Salary Revision
35,1093,2025-03-23,1594194,1734164.23,8.78,Market Adjustment
36,1781,2024-03-20,581680,643977.93,10.71,Market Adjustment
37,2051,2024-11-27,624660,697307.96,11.63,Annual Increment
38,2562,2025-10-13,875884,1027499.52,17.31,Salary Revision
39,2495,2024-01-14,667146,704506.18,5.6,Promotion
40,2210,2025-01-21,1362232,1615743.38,18.61,Salary Revision
41,1328,2025-03-31,1274680,1317126.84,3.33,Market Adjustment
42,1260,2025-01-20,752167,782103.25,3.98,Salary Revision
43,323,2024-06-05,429628,495962.56,15.44,Annual Increment
44,2182,2024-11-26,513738,540349.63,5.18,Performance Bonus
45,2252,2024-09-26,596296,641077.83,7.51,Salary Revision
46,1734,2025-01-04,694173,824608.11,18.79,Promotion
47,2921,2024-03-24,903716,992099.42,9.78,Market Adjustment
48,1795,2025-09-24,1335435,1478059.46,10.68,Promotion
49,921,2024-02-03,384272,417895.8,8.75,Salary Revision
50,2269,2025-01-26,732585,827821.05,13.0,Annual Increment
51,291,2024-05-04,1734450,1972589.98,13.73,Promotion
52,277,2025-01-14,315877,371502.94,17.61,Annual Increment
53,2106,2025-08-16,749131,807038.83,7.73,Performance Bonus
54,878,2024-09-16,1380855,1453349.89,5.25,Salary Revision
55,2361,2025-11-17,1241262,1329763.98,7.13,Performance Bonus
56,1668,2024-07-03,649318,679186.63,4.6,Performance Bonus
57,1452,2024-11-15,1138308,1252024.97,9.99,Annual Increment
58,2759,2025-03-29,1620395,1940098.93,19.73,Annual Increment
59,249,2024-06-10,1094358,1262670.26,15.38,Annual Increment
60,1019,2025-04-22,651793,692399.7,6.23,Performance Bonus
61,575,2025-07-31,1134749,1204195.64,6.12,Performance Bonus
62,1024,2025-02-09,408093,451065.19,10.53,Salary Revision
63,402,2025-03-29,356091,406264.22,14.09,Salary Revision
64,61,2024-06-23,445586,529133.38,18.75,Promotion
65,682,2024-11-07,1102312,1226432.33,11.26,Promotion
66,1643,2024-06-16,372967,394599.09,5.8,Annual Increment
67,1600,2024-09-24,806171,957328.06,18.75,Performance Bonus
68,1169,2024-12-27,1137110,1305857.12,14.84,Salary Revision
69,2712,2025-07-07,1756611,1954581.06,11.27,Promotion
70,1216,2024-02-14,706551,844116.48,19.47,Salary Revision
71,2221,2024-05-15,377837,437232.98,15.72,Annual Increment
72,206,2025-05-25,1475109,1638993.61,11.11,Salary Revision
73,645,2025-12-03,369285,440667.79,19.33,Annual Increment
74,762,2025-07-23,393699,445352.31,13.12,Promotion
75,1654,2024-03-21,501420,596739.94,19.01,Salary Revision
76,1009,2024-01-17,1464081,1656022.02,13.11,Salary Revision
77,336,2024-02-17,1129178,1289295.44,14.18,Salary Revision
78,2142,2025-11-12,913475,1086030.43,18.89,Promotion
79,2744,2025-11-19,1751963,1898076.71,8.34,Market Adjustment
80,1622,2024-08-24,524471,600099.72,14.42,Market Adjustment
81,1873,2025-07-12,913071,1084637.04,18.79,Annual Increment
82,39,2024-07-31,1211094,1375318.35,13.56,Salary Revision
83,410,2025-05-21,403638,452639.65,12.14,Salary Revision
84,1087,2024-05-03,527781,627373.27,18.87,Annual Increment
85,1001,2025-06-23,1024954,1105310.39,7.84,Performance Bonus
86,2226,2025-03-17,1725430,1865880.0,8.14,Salary Revision
87,33,2024-12-23,1650610,1929398.03,16.89,Market Adjustment
88,2718,2025-09-01,467236,555823.95,18.96,Promotion
89,1084,2024-09-23,492071,581283.47,18.13,Salary Revision
90,637,2025-06-03,821155,885122.97,7.79,Promotion
91,2940,2024-09-13,969072,1031674.05,6.46,Market Adjustment
92,2071,2024-07-21,1274525,1367182.97,7.27,Annual Increment
93,379,2024-06-26,1580190,1741369.38,10.2,Market Adjustment
94,181,2024-03-01,257435,279754.61,8.67,Promotion
95,2610,2024-01-26,799360,845323.2,5.75,Performance Bonus
96,2260,2025-04-04,1729891,1907550.81,10.27,Annual Increment
97,459,2025-11-22,407797,485563.89,19.07,Promotion
98,2235,2024-07-04,325556,381519.08,17.19,Salary Revision
99,2264,2025-07-25,560575,618370.28,10.31,Annual Increment
100,1263,2024-09-27,1014729,1200221.46,18.28,Annual Increment
101,1466,2025-08-17,690562,791384.05,14.6,Annual Increment
102,1449,2024-12-25,1424160,1680936.05,18.03,Performance Bonus
103,2543,2025-06-09,574121,681711.28,18.74,Promotion
104,666,2025-05-22,621305,733015.64,17.98,Annual Increment
105,735,2025-06-02,1794687,2130652.41,18.72,Performance Bonus
106,2744,2024-01-28,1791527,2092145.23,16.78,Market Adjustment
107,653,2025-07-19,1720686,1803967.2,4.84,Annual Increment
108,1928,2024-09-29,716477,762259.88,6.39,Performance Bonus
109,1433,2025-11-03,890031,1040891.25,16.95,Promotion
110,914,2024-10-26,299627,342233.96,14.22,Performance Bonus
111,1345,2024-07-02,834272,981854.72,17.69,Market Adjustment
112,1439,2025-12-05,1595284,1781294.11,11.66,Salary Revision
113,1357,2024-03-25,307882,323152.95,4.96,Market Adjustment
114,732,2024-04-10,1467584,1751708.26,19.36,Market Adjustment
115,157,2024-04-06,477336,540057.95,13.14,Market Adjustment
116,2985,2025-03-09,907829,1002424.78,10.42,Salary Revision
117,474,2025-04-23,1057813,1251287.0,18.29,Promotion
118,1044,2025-06-01,343085,394719.29,15.05,Annual Increment
119,2130,2025-01-05,1379215,1581683.76,14.68,Promotion
120,1492,2024-07-04,1154496,1202869.38,4.19,Market Adjustment
121,2553,2024-04-28,908328,1038037.24,14.28,Annual Increment
122,2949,2025-01-28,879821,982056.2,11.62,Performance Bonus
123,1337,2025-09-24,1093894,1256337.26,14.85,Salary Revision
124,522,2024-12-30,652317,718527.18,10.15,Performance Bonus
125,2775,2024-09-10,614961,697734.75,13.46,Market Adjustment
126,1664,2025-07-10,1399107,1639333.67,17.17,Market Adjustment
127,1176,2024-05-27,690785,762004.93,10.31,Salary Revision
128,2485,2024-04-23,1623017,1760648.84,8.48,Performance Bonus
129,1812,2025-02-03,1666893,1777408.01,6.63,Performance Bonus
130,696,2024-07-20,1631710,1704157.92,4.44,Salary Revision
131,2720,2024-11-06,1577373,1790791.57,13.53,Annual Increment
132,963,2025-08-25,1660954,1798480.99,8.28,Promotion
133,604,2024-05-17,301223,312639.35,3.79,Performance Bonus
134,2504,2025-11-05,402731,445984.31,10.74,Salary Revision
135,797,2024-10-24,1756480,2017141.63,14.84,Performance Bonus
136,1637,2024-05-16,761672,803640.13,5.51,Annual Increment
137,437,2025-04-13,1141596,1218311.25,6.72,Salary Revision
138,1903,2025-08-02,355315,399658.31,12.48,Annual Increment
139,1870,2024-10-10,529632,617656.84,16.62,Salary Revision
140,2290,2025-07-04,1498754,1624499.46,8.39,Performance Bonus
141,2510,2024-01-13,1758426,2077756.16,18.16,Performance Bonus
142,2245,2024-08-07,1185148,1401437.51,18.25,Performance Bonus
143,1844,2024-09-09,793564,918788.4,15.78,Market Adjustment
144,2136,2024-01-13,1266273,1439119.26,13.65,Market Adjustment
145,1802,2024-02-01,412494,474904.34,15.13,Promotion
146,1113,2024-10-24,954323,1034867.86,8.44,Salary Revision
147,331,2024-06-19,540191,570225.62,5.56,Performance Bonus
148,2843,2025-09-20,570455,656080.3,15.01,Annual Increment
149,1700,2024-03-02,1104797,1200030.5,8.62,Performance Bonus
150,1704,2024-07-15,380580,405393.82,6.52,Performance Bonus
151,1596,2024-02-03,1474903,1756314.49,19.08,Annual Increment
152,2359,2024-07-12,1047716,1164117.25,11.11,Market Adjustment
153,1224,2024-11-27,1067861,1254843.46,17.51,Performance Bonus
154,2205,2025-02-18,1790639,2010529.47,12.28,Salary Revision
155,904,2025-05-18,1273891,1359623.86,6.73,Performance Bonus
156,1990,2025-09-30,310869,340743.51,9.61,Performance Bonus
157,2967,2024-01-04,596123,699192.67,17.29,Promotion
158,2549,2025-04-02,1370138,1417544.77,3.46,Performance Bonus
159,2425,2024-09-29,1433615,1638191.86,14.27,Annual Increment
160,2633,2025-03-11,1148866,1209870.78,5.31,Performance Bonus
161,745,2025-06-23,355454,381828.69,7.42,Market Adjustment
162,867,2024-01-06,1203573,1306598.85,8.56,Performance Bonus
163,1140,2024-06-13,1134085,1216759.8,7.29,Annual Increment
164,1927,2024-09-24,290649,336368.09,15.73,Annual Increment
165,1434,2024-08-07,720227,821418.89,14.05,Annual Increment
166,128,2024-12-25,768590,817702.9,6.39,Annual Increment
167,2545,2024-06-07,569568,609779.5,7.06,Performance Bonus
168,2743,2025-07-10,489892,551569.4,12.59,Promotion
169,1905,2024-12-26,1716884,1843246.66,7.36,Market Adjustment
170,688,2025-01-20,1520649,1723199.45,13.32,Annual Increment
171,671,2025-05-04,902295,945966.08,4.84,Annual Increment
172,1278,2025-06-14,1457533,1669021.04,14.51,Performance Bonus
173,1625,2024-08-21,1749494,1860936.77,6.37,Salary Revision
174,2829,2024-08-10,1565422,1677036.59,7.13,Market Adjustment
175,2803,2024-11-24,1509154,1761031.8,16.69,Salary Revision
176,169,2024-12-09,978139,1096102.56,12.06,Market Adjustment
177,283,2024-08-26,1311076,1494757.75,14.01,Annual Increment
178,1721,2024-09-19,1278027,1339244.49,4.79,Market Adjustment
179,2604,2024-07-09,1214143,1396507.28,15.02,Performance Bonus
180,722,2025-01-10,1788880,2001220.06,11.87,Market Adjustment
181,2523,2024-06-17,1378630,1601554.47,16.17,Performance Bonus
182,1785,2025-05-19,1783073,2016120.64,13.07,Market Adjustment
183,1006,2024-05-01,431745,465162.06,7.74,Performance Bonus
184,999,2025-11-03,1224564,1379961.17,12.69,Performance Bonus
185,1378,2024-05-11,310188,345549.43,11.4,Market Adjustment
186,745,2025-01-23,1272466,1356576.0,6.61,Market Adjustment
187,1395,2024-10-18,836486,986802.53,17.97,Market Adjustment
188,2277,2025-04-25,271288,303245.73,11.78,Promotion
189,351,2025-02-24,756160,871398.78,15.24,Performance Bonus
190,2275,2025-06-15,753995,865133.86,14.74,Performance Bonus
191,1836,2025-08-17,286161,299267.17,4.58,Promotion
192,1657,2024-03-10,1700782,1822217.83,7.14,Salary Revision
193,1512,2025-10-07,1242499,1396693.13,12.41,Market Adjustment
194,1743,2024-03-31,1404248,1525294.18,8.62,Performance Bonus
195,1110,2025-01-18,893035,957958.64,7.27,Annual Increment
196,2955,2025-02-06,653878,708542.2,8.36,Salary Revision
197,2827,2024-05-29,638287,678243.77,6.26,Performance Bonus
198,1133,2024-03-07,1769564,1999961.23,13.02,Salary Revision
199,2445,2024-09-03,843491,1009405.68,19.67,Promotion
200,1214,2025-09-06,727066,793447.13,9.13,Market Adjustment
201,58,2024-07-27,1734822,1944388.5,12.08,Market Adjustment
202,187,2024-03-18,364349,409564.71,12.41,Promotion
203,2613,2024-06-01,1279447,1340092.79,4.74,Annual Increment
204,2352,2025-06-25,846302,939225.96,10.98,Performance Bonus
205,1396,2025-07-15,636638,760209.44,19.41,Market Adjustment
206,1957,2024-08-17,489258,572334.01,16.98,Performance Bonus
207,2015,2025-12-07,405361,457287.74,12.81,Annual Increment
208,622,2024-09-15,562890,657399.23,16.79,Market Adjustment
209,349,2025-08-04,770494,809095.75,5.01,Performance Bonus
210,2484,2024-03-25,1500168,1746795.62,16.44,Promotion
211,2141,2024-10-05,1047710,1159395.89,10.66,Performance Bonus
212,1218,2025-12-18,1484226,1778548.02,19.83,Market Adjustment
213,2330,2024-09-14,1552388,1614794.0,4.02,Annual Increment
214,852,2024-10-27,1561800,1664722.62,6.59,Annual Increment
215,644,2025-01-02,753033,797838.46,5.95,Annual Increment
216,642,2024-09-13,255611,281018.73,9.94,Salary Revision
217,1925,2025-05-01,860815,891373.93,3.55,Market Adjustment
218,2896,2024-11-01,842903,968917.0,14.95,Performance Bonus
219,292,2024-10-08,1691550,1809451.04,6.97,Market Adjustment
220,2561,2025-09-08,1486878,1698609.43,14.24,Promotion
221,1742,2025-08-07,490703,550863.19,12.26,Promotion
222,1089,2024-11-27,548291,571374.05,4.21,Promotion
223,1260,2025-02-20,1497897,1733516.2,15.73,Salary Revision
224,1183,2025-11-10,1170971,1230807.62,5.11,Market Adjustment
225,2867,2024-03-31,1094121,1302332.23,19.03,Salary Revision
226,2212,2025-07-09,1285563,1419775.78,10.44,Salary Revision
227,164,2024-05-21,1156029,1335097.89,15.49,Salary Revision
228,1026,2024-06-15,304242,318085.01,4.55,Salary Revision
229,2405,2024-11-25,293506,352177.85,19.99,Market Adjustment
230,2361,2025-01-15,334371,387770.05,15.97,Promotion
231,1928,2024-10-20,1338346,1526785.12,14.08,Market Adjustment
232,744,2025-03-01,1477525,1631335.35,10.41,Performance Bonus
233,374,2025-07-12,1235683,1345905.92,8.92,Market Adjustment
234,1316,2024-12-30,1655371,1734497.73,4.78,Promotion
235,1351,2025-12-14,1113282,1277936.41,14.79,Market Adjustment
236,2714,2024-12-22,1089809,1273223.85,16.83,Salary Revision
237,151,2024-05-02,1203839,1258011.75,4.5,Market Adjustment
238,1325,2024-05-28,493105,589211.16,19.49,Performance Bonus
239,2108,2025-03-13,252413,288205.16,14.18,Salary Revision
240,1893,2025-03-10,1116642,1160414.37,3.92,Salary Revision
241,1482,2025-09-15,1555757,1802500.06,15.86,Performance Bonus
242,212,2024-09-26,676892,727929.66,7.54,Promotion
243,1180,2025-07-02,1168796,1378828.64,17.97,Performance Bonus
244,498,2025-04-04,310543,371223.1,19.54,Salary Revision
245,981,2025-02-17,1738522,1837443.9,5.69,Salary Revision
246,57,2024-04-27,1408155,1548125.61,9.94,Promotion
247,465,2025-06-18,1217726,1450311.67,19.1,Promotion
248,2042,2025-12-25,1752826,1892350.95,7.96,Market Adjustment
249,1702,2024-12-12,1261874,1509958.43,19.66,Promotion
250,1871,2025-04-14,1406086,1482858.3,5.46,Promotion
251,2456,2024-05-07,1315858,1522316.12,15.69,Promotion
252,286,2024-04-19,829332,963186.18,16.14,Performance Bonus
253,1393,2025-07-09,1314803,1413939.15,7.54,Annual Increment
254,1159,2025-09-06,1772639,1915868.23,8.08,Salary Revision
255,2376,2024-07-09,1633996,1818964.35,11.32,Promotion
256,1830,2024-08-24,1379485,1534401.17,11.23,Market Adjustment
257,2261,2024-05-12,1389655,1520421.54,9.41,Market Adjustment
258,773,2025-04-01,1712760,1833680.86,7.06,Performance Bonus
259,957,2025-09-13,1111457,1153025.49,3.74,Performance Bonus
260,2889,2024-12-26,1049499,1149831.1,9.56,Promotion
261,2029,2024-09-22,327635,344508.2,5.15,Salary Revision
262,1360,2025-10-08,460479,542720.55,17.86,Performance Bonus
263,409,2025-12-14,1352999,1603033.22,18.48,Annual Increment
264,2960,2024-05-22,552315,607380.81,9.97,Promotion
265,307,2025-05-03,1234593,1435708.2,16.29,Market Adjustment
266,1387,2025-02-16,1557069,1787203.8,14.78,Annual Increment
267,1346,2025-05-11,1664230,1957300.9,17.61,Performance Bonus
268,1298,2025-07-08,1564493,1802608.83,15.22,Performance Bonus
269,2217,2025-08-20,325285,369198.47,13.5,Promotion
270,2586,2024-12-16,1685289,1999763.93,18.66,Promotion
271,371,2024-08-20,1160104,1387832.42,19.63,Annual Increment
272,1818,2024-05-05,598892,687528.02,14.8,Annual Increment
273,189,2025-04-17,930262,1084034.31,16.53,Market Adjustment
274,1469,2024-03-21,1036098,1143023.31,10.32,Promotion
275,2176,2025-04-17,1114135,1254738.84,12.62,Promotion
276,697,2025-07-06,617147,643931.18,4.34,Performance Bonus
277,2539,2025-02-23,1682637,1801935.96,7.09,Salary Revision
278,587,2025-07-23,736934,816817.65,10.84,Market Adjustment
279,1883,2024-11-22,785458,898092.68,14.34,Performance Bonus
280,1179,2025-03-29,1671053,1876425.41,12.29,Annual Increment
281,1810,2024-12-10,974703,1167596.72,19.79,Market Adjustment
282,2618,2024-07-23,1139840,1307852.42,14.74,Performance Bonus
283,1238,2025-07-31,667788,801278.82,19.99,Performance Bonus
284,437,2025-01-23,747456,818314.83,9.48,Market Adjustment
285,2355,2024-05-01,870489,1043542.21,19.88,Market Adjustment
286,90,2025-02-11,1630407,1789045.6,9.73,Annual Increment
287,2319,2025-03-18,1688225,1962223.92,16.23,Annual Increment
288,2484,2025-07-23,1291712,1513369.78,17.16,Market Adjustment
289,943,2025-08-20,1523107,1776399.69,16.63,Promotion
290,2608,2025-04-09,648735,736703.47,13.56,Promotion
291,2574,2024-11-02,453767,537078.62,18.36,Annual Increment
292,1266,2024-11-01,1174473,1216401.69,3.57,Market Adjustment
293,3000,2025-04-17,525590,549399.23,4.53,Market Adjustment
294,1339,2025-03-12,1121373,1188543.24,5.99,Promotion
295,2210,2025-07-27,1017258,1139532.41,12.02,Market Adjustment
296,674,2024-05-23,788905,935167.99,18.54,Performance Bonus
297,1209,2024-03-23,960337,1120425.18,16.67,Performance Bonus
298,309,2025-10-04,545188,631436.74,15.82,Promotion
299,2771,2024-09-04,1768792,2024559.32,14.46,Performance Bonus
300,2283,2025-06-16,1017085,1063260.66,4.54,Performance Bonus
301,58,2024-10-07,804609,902127.61,12.12,Performance Bonus
302,1510,2024-02-03,1661023,1922301.92,15.73,Market Adjustment
303,2395,2025-04-17,1049068,1227199.75,16.98,Market Adjustment
304,444,2024-10-27,1665234,1781300.81,6.97,Annual Increment
305,2538,2025-03-01,1427356,1549823.14,8.58,Salary Revision
306,907,2025-05-28,1608225,1673679.76,4.07,Performance Bonus
307,2872,2025-10-13,883738,1007814.82,14.04,Annual Increment
308,573,2025-12-18,345099,410978.4,19.09,Market Adjustment
309,2018,2025-02-06,493522,516470.77,4.65,Salary Revision
310,556,2025-01-03,1065049,1179115.75,10.71,Salary Revision
311,1717,2024-01-17,1481741,1713188.94,15.62,Promotion
312,1700,2024-08-24,1623470,1699448.4,4.68,Performance Bonus
313,2522,2025-03-28,1105881,1315556.04,18.96,Market Adjustment
314,135,2025-10-16,1697623,1855501.94,9.3,Performance Bonus
315,1822,2025-09-23,745164,875865.77,17.54,Annual Increment
316,2809,2025-09-23,1020357,1145452.77,12.26,Market Adjustment
317,249,2025-07-05,1084959,1168392.35,7.69,Annual Increment
318,1863,2024-07-02,442253,505362.5,14.27,Salary Revision
319,88,2024-04-27,356070,414394.27,16.38,Promotion
320,516,2024-11-22,1434005,1527071.92,6.49,Salary Revision
321,849,2025-12-25,1479734,1578432.26,6.67,Promotion
322,1346,2025-08-31,559443,651247.6,16.41,Salary Revision
323,12,2024-10-19,831487,977745.56,17.59,Promotion
324,533,2025-11-24,1382913,1483312.48,7.26,Promotion
325,451,2025-02-12,1636338,1926460.73,17.73,Promotion
326,61,2025-10-27,1001288,1165799.62,16.43,Promotion
327,2412,2024-08-02,928997,959375.2,3.27,Market Adjustment
328,215,2024-04-02,515831,596352.22,15.61,Salary Revision
329,466,2024-06-12,383290,425835.19,11.1,Market Adjustment
330,2103,2024-04-21,1495007,1567514.84,4.85,Salary Revision
331,908,2025-07-12,1539972,1597566.95,3.74,Salary Revision
332,1236,2025-05-15,1210584,1379339.41,13.94,Annual Increment
333,250,2025-03-16,1254497,1472779.48,17.4,Performance Bonus
334,2811,2024-05-14,476412,530389.48,11.33,Performance Bonus
335,302,2025-10-07,419429,454996.58,8.48,Promotion
336,270,2025-04-01,514642,554166.51,7.68,Salary Revision
337,2247,2025-10-12,1743492,1892211.87,8.53,Salary Revision
338,2174,2024-01-08,868445,961455.46,10.71,Salary Revision
339,1763,2024-12-24,457992,533469.08,16.48,Annual Increment
340,2682,2025-08-17,1615071,1904491.72,17.92,Salary Revision
341,2953,2025-01-22,700936,773202.5,10.31,Promotion
342,1695,2024-02-17,960791,1124798.02,17.07,Performance Bonus
343,1704,2024-06-10,1780108,1862348.99,4.62,Performance Bonus
344,1281,2025-08-23,1644832,1765398.19,7.33,Promotion
345,2814,2024-06-19,1244611,1296137.9,4.14,Annual Increment
346,382,2025-07-04,1155710,1209334.94,4.64,Market Adjustment
347,533,2024-01-03,1416794,1473749.12,4.02,Salary Revision
348,2301,2025-10-03,941317,1076772.52,14.39,Performance Bonus
349,1449,2024-07-02,1645320,1957930.8,19.0,Performance Bonus
350,2954,2025-08-18,357890,427535.39,19.46,Salary Revision
351,1280,2024-07-12,987455,1034457.86,4.76,Salary Revision
352,872,2024-09-12,574492,655840.07,14.16,Promotion
353,444,2025-12-26,984242,1155204.84,17.37,Market Adjustment
354,471,2024-01-24,834199,940642.79,12.76,Performance Bonus
355,2298,2024-12-17,1553849,1762530.92,13.43,Salary Revision
356,108,2024-11-26,1527154,1814106.24,18.79,Market Adjustment
357,119,2024-02-22,628359,676428.46,7.65,Market Adjustment
358,1392,2025-02-18,986149,1016719.62,3.1,Promotion
359,2320,2024-07-27,1628551,1788311.85,9.81,Promotion
360,2594,2025-03-09,314292,328623.72,4.56,Salary Revision
361,882,2024-08-05,1038936,1144284.11,10.14,Market Adjustment
362,645,2024-02-08,1026057,1111219.73,8.3,Market Adjustment
363,2325,2024-05-06,1500371,1566987.47,4.44,Annual Increment
364,638,2025-12-28,580112,671943.73,15.83,Annual Increment
365,2761,2025-09-19,421088,453217.01,7.63,Performance Bonus
366,1990,2025-02-06,1523130,1683210.96,10.51,Market Adjustment
367,883,2025-05-27,1324468,1389764.27,4.93,Performance Bonus
368,455,2025-01-28,844010,966644.65,14.53,Salary Revision
369,1994,2024-07-13,1355060,1549375.6,14.34,Annual Increment
370,904,2025-11-01,1078927,1291907.19,19.74,Annual Increment
371,32,2025-12-07,678706,733816.93,8.12,Promotion
372,563,2024-11-01,785863,848103.35,7.92,Annual Increment
373,32,2025-05-28,1293092,1496107.44,15.7,Promotion
374,530,2025-01-03,1047352,1173557.92,12.05,Promotion
375,2050,2025-07-25,1421728,1665838.7,17.17,Market Adjustment
376,296,2024-05-05,1082718,1273817.73,17.65,Annual Increment
377,1787,2025-03-30,289303,320605.58,10.82,Annual Increment
378,1283,2024-08-26,1457454,1607571.76,10.3,Performance Bonus
379,2907,2024-01-01,1592474,1753313.87,10.1,Annual Increment
380,1660,2025-07-30,293739,350812.49,19.43,Promotion
381,2532,2025-10-30,1214893,1423125.66,17.14,Market Adjustment
382,361,2025-02-08,1165850,1368241.56,17.36,Promotion
383,1785,2024-11-10,1484952,1630625.79,9.81,Annual Increment
384,1622,2024-06-03,900692,1041920.51,15.68,Promotion
385,1365,2024-02-15,602599,628510.76,4.3,Annual Increment
386,2174,2025-01-27,1319446,1402571.1,6.3,Market Adjustment
387,1439,2024-05-18,1775424,2117903.29,19.29,Promotion
388,968,2025-08-22,465596,491157.22,5.49,Promotion
389,711,2024-06-30,1513322,1598068.03,5.6,Annual Increment
390,726,2025-05-09,1566904,1745531.06,11.4,Salary Revision
391,2374,2025-05-12,1191422,1365131.33,14.58,Salary Revision
392,2634,2024-07-04,1582317,1895141.07,19.77,Market Adjustment
393,2570,2025-09-09,912991,963844.6,5.57,Annual Increment
394,1921,2024-07-26,1177377,1339030.86,13.73,Market Adjustment
395,2423,2024-06-30,367801,400829.53,8.98,Annual Increment
396,1272,2024-10-05,1218344,1348463.14,10.68,Annual Increment
397,1511,2024-02-24,852044,888681.89,4.3,Annual Increment
398,2520,2025-03-26,1495875,1669695.68,11.62,Performance Bonus
399,2378,2024-08-10,1412485,1683964.62,19.22,Annual Increment
400,1843,2025-05-20,1448850,1652848.08,14.08,Market Adjustment
401,2479,2025-02-17,1247466,1391174.08,11.52,Annual Increment
402,1846,2025-03-01,467059,545478.21,16.79,Market Adjustment
403,2926,2025-03-09,426851,476280.35,11.58,Promotion
404,161,2024-05-04,769556,885220.27,15.03,Performance Bonus
405,2147,2025-01-27,1346282,1526279.9,13.37,Market Adjustment
406,1528,2024-03-28,843270,924139.59,9.59,Market Adjustment
407,2781,2024-04-06,1503857,1562357.04,3.89,Market Adjustment
408,270,2024-07-23,941411,984810.05,4.61,Performance Bonus
409,1164,2025-03-25,778473,897579.37,15.3,Salary Revision
410,616,2024-11-06,949110,990775.93,4.39,Promotion
411,1433,2025-07-25,900603,1075770.28,19.45,Performance Bonus
412,529,2025-10-15,1497891,1723323.6,15.05,Annual Increment
413,1269,2024-09-25,1422144,1555825.54,9.4,Market Adjustment
414,524,2024-05-09,1655335,1902807.58,14.95,Salary Revision
415,383,2024-08-07,1604812,1835904.93,14.4,Salary Revision
416,1483,2025-08-05,288232,314634.05,9.16,Promotion
417,878,2024-06-13,966664,1151393.49,19.11,Performance Bonus
418,787,2025-06-18,725095,870114.0,20.0,Promotion
419,317,2024-07-16,870320,1021407.55,17.36,Annual Increment
420,2080,2024-10-10,1381981,1619681.73,17.2,Salary Revision
421,155,2025-05-24,1638166,1781014.08,8.72,Salary Revision
422,537,2025-01-29,1502516,1643752.5,9.4,Promotion
423,741,2024-12-11,1703002,1977355.62,16.11,Promotion
424,2954,2025-06-13,1167867,1211545.23,3.74,Market Adjustment
425,2771,2024-03-27,1759080,1882919.23,7.04,Performance Bonus
426,2501,2025-01-27,847537,981363.09,15.79,Performance Bonus
427,959,2025-12-28,1369902,1466754.07,7.07,Performance Bonus
428,795,2024-07-10,1021418,1169830.04,14.53,Salary Revision
429,1805,2025-09-17,1218213,1414101.65,16.08,Performance Bonus
430,2060,2024-10-09,1356163,1493406.7,10.12,Promotion
431,818,2024-12-08,1518071,1599287.8,5.35,Market Adjustment
432,214,2025-03-01,1594649,1772771.29,11.17,Market Adjustment
433,2272,2025-05-15,465146,535336.53,15.09,Salary Revision
434,511,2025-08-21,847820,885378.43,4.43,Promotion
435,1118,2025-08-28,1192290,1411552.13,18.39,Promotion
436,1792,2024-04-07,442337,526779.13,19.09,Promotion
437,1848,2025-12-30,983133,1168158.63,18.82,Performance Bonus
438,219,2024-01-26,1081424,1206112.19,11.53,Promotion
439,1582,2024-05-29,421139,460599.72,9.37,Annual Increment
440,1306,2025-07-29,457792,536852.68,17.27,Market Adjustment
441,599,2025-09-22,538567,558224.7,3.65,Performance Bonus
442,2852,2025-08-17,541069,627098.97,15.9,Performance Bonus
443,1838,2025-01-31,1540478,1588078.77,3.09,Annual Increment
444,78,2024-06-24,786711,839184.62,6.67,Promotion
445,2248,2024-01-31,1775121,2012099.65,13.35,Performance Bonus
446,456,2024-04-28,854192,914327.12,7.04,Annual Increment
447,196,2025-06-24,750043,826097.36,10.14,Salary Revision
448,1873,2025-07-01,381716,400343.74,4.88,Performance Bonus
449,2445,2025-02-15,1374186,1419259.3,3.28,Salary Revision
450,2356,2025-11-30,757381,872654.39,15.22,Market Adjustment
451,1759,2024-06-21,253280,287346.16,13.45,Promotion
452,2338,2024-12-27,1123605,1193043.79,6.18,Annual Increment
453,2145,2025-08-18,1006240,1047998.96,4.15,Salary Revision
454,2229,2025-10-14,1313943,1529035.47,16.37,Salary Revision
455,2270,2025-01-07,292644,320854.88,9.64,Performance Bonus
456,179,2024-02-29,1583098,1734758.79,9.58,Market Adjustment
457,1039,2024-02-21,284062,309826.42,9.07,Annual Increment
458,1413,2024-04-29,755677,872504.66,15.46,Annual Increment
459,2384,2024-05-24,1791798,2075977.16,15.86,Promotion
460,182,2025-11-26,988824,1110251.59,12.28,Promotion
461,2805,2025-01-09,1224384,1465220.33,19.67,Performance Bonus
462,2588,2025-09-27,632264,738484.35,16.8,Annual Increment
463,2933,2025-02-11,1209823,1253739.57,3.63,Promotion
464,180,2025-08-25,668318,789016.23,18.06,Market Adjustment
465,1271,2024-01-18,1330837,1460859.77,9.77,Salary Revision
466,1940,2025-12-05,781237,809517.78,3.62,Promotion
467,1172,2024-12-27,998629,1174986.88,17.66,Annual Increment
468,2686,2025-10-01,946096,1018377.73,7.64,Market Adjustment
469,1790,2024-03-08,1088906,1259210.9,15.64,Performance Bonus
470,1389,2025-11-14,641784,715204.09,11.44,Performance Bonus
471,1505,2025-01-02,1339000,1439826.7,7.53,Annual Increment
472,2979,2024-07-21,1140240,1189726.42,4.34,Salary Revision
473,740,2025-11-22,1393942,1505317.97,7.99,Annual Increment
474,328,2024-04-15,937697,1071225.05,14.24,Market Adjustment
475,1827,2024-07-13,1513789,1743884.93,15.2,Promotion
476,2826,2025-10-17,1180943,1286991.68,8.98,Annual Increment
477,2978,2025-06-06,989370,1122440.27,13.45,Performance Bonus
478,1125,2025-12-17,1591064,1903867.18,19.66,Annual Increment
479,308,2025-06-09,1657574,1886982.24,13.84,Market Adjustment
480,2102,2025-05-11,1674827,1770627.1,5.72,Annual Increment
481,585,2024-11-12,1524172,1745634.19,14.53,Performance Bonus
482,143,2024-02-26,514723,536032.53,4.14,Market Adjustment
483,1484,2024-11-13,1052903,1254428.63,19.14,Annual Increment
484,2479,2024-05-08,571783,654920.25,14.54,Market Adjustment
485,1524,2024-01-26,1181008,1369614.98,15.97,Salary Revision
486,564,2024-02-01,1360357,1486053.99,9.24,Market Adjustment
487,2661,2025-03-20,834454,894868.47,7.24,Annual Increment
488,107,2025-08-11,1792822,1903259.84,6.16,Salary Revision
489,1586,2025-09-15,1427913,1499308.65,5.0,Market Adjustment
490,2884,2025-04-19,1185902,1264764.48,6.65,Salary Revision
491,1170,2025-06-19,1705382,2022241.98,18.58,Performance Bonus
492,820,2024-03-20,507189,534120.74,5.31,Annual Increment
493,1852,2025-03-10,612086,723975.32,18.28,Performance Bonus
494,360,2024-03-22,1680109,2006890.2,19.45,Market Adjustment
495,2736,2025-10-22,978603,1125980.61,15.06,Salary Revision
496,2221,2025-10-02,858933,1014829.34,18.15,Promotion
497,2916,2025-04-27,1738063,2064123.62,18.76,Promotion
498,1481,2024-07-30,1316938,1406621.48,6.81,Promotion
499,569,2025-09-06,746471,869190.83,16.44,Annual Increment
500,1479,2024-03-11,1411867,1591597.67,12.73,Performance Bonus
501,2260,2024-11-03,522149,592116.97,13.4,Annual Increment
502,270,2025-09-16,898629,986425.05,9.77,Performance Bonus
503,2154,2025-08-04,1111499,1290228.04,16.08,Salary Revision
504,303,2024-01-08,512829,612984.5,19.53,Annual Increment
505,1844,2025-12-21,1226923,1405562.99,14.56,Market Adjustment
506,526,2025-08-28,1406167,1601342.98,13.88,Promotion
507,529,2025-02-13,1157266,1290930.22,11.55,Annual Increment
508,509,2025-04-04,1336538,1411384.13,5.6,Promotion
509,664,2024-08-27,926668,1101715.59,18.89,Promotion
510,1418,2024-03-10,1338207,1581894.49,18.21,Annual Increment
511,1027,2024-03-22,661674,752985.01,13.8,Salary Revision
512,1125,2025-11-07,512501,582354.89,13.63,Salary Revision
513,2186,2024-07-29,445933,497393.67,11.54,Promotion
514,2425,2025-04-23,1467703,1550187.91,5.62,Salary Revision
515,2952,2025-06-01,1519068,1651834.54,8.74,Salary Revision
516,169,2025-08-27,309503,323059.23,4.38,Salary Revision
517,1085,2024-07-03,1615518,1721819.08,6.58,Salary Revision
518,1707,2025-11-01,1546267,1760579.61,13.86,Performance Bonus
519,2569,2024-10-07,1394158,1504575.31,7.92,Market Adjustment
520,1979,2025-05-14,763546,890905.47,16.68,Performance Bonus
521,1219,2024-03-27,1201150,1252078.76,4.24,Annual Increment
522,648,2025-01-01,1171919,1289931.24,10.07,Performance Bonus
523,836,2024-03-23,963435,1091668.2,13.31,Market Adjustment
524,2943,2024-09-14,919655,1062017.59,15.48,Market Adjustment
525,1634,2025-03-07,524236,607746.79,15.93,Salary Revision
526,2301,2025-11-11,472683,512482.91,8.42,Performance Bonus
527,502,2025-07-18,810928,897210.74,10.64,Promotion
528,397,2024-09-16,356126,384366.79,7.93,Performance Bonus
529,2521,2025-10-05,1126892,1208253.6,7.22,Promotion
530,1342,2024-05-04,1461497,1684521.44,15.26,Promotion
531,653,2024-10-15,1294938,1553019.14,19.93,Performance Bonus
532,2043,2025-03-12,897056,999858.62,11.46,Annual Increment
533,1611,2024-02-05,1309993,1451079.25,10.77,Promotion
534,882,2024-12-19,1473361,1605963.49,9.0,Annual Increment
535,1153,2025-07-22,1287868,1457351.43,13.16,Performance Bonus
536,1171,2024-07-15,1375522,1418713.39,3.14,Annual Increment
537,1766,2024-03-05,530881,626439.58,18.0,Market Adjustment
538,1652,2025-07-24,1017426,1055782.96,3.77,Annual Increment
539,2336,2024-05-12,1428215,1518335.37,6.31,Salary Revision
540,1183,2025-06-27,404207,442889.61,9.57,Performance Bonus
541,2253,2024-10-19,836616,979091.7,17.03,Salary Revision
542,2787,2024-03-06,1531450,1608328.79,5.02,Annual Increment
543,1614,2025-11-26,1032653,1203144.01,16.51,Market Adjustment
544,2285,2024-09-25,1016732,1177680.68,15.83,Promotion
545,2468,2025-01-08,1317707,1447105.83,9.82,Annual Increment
546,186,2024-03-01,331608,349282.71,5.33,Market Adjustment
547,1941,2025-10-12,1339119,1483342.12,10.77,Salary Revision
548,2112,2024-07-05,543141,589742.5,8.58,Salary Revision
549,1305,2025-08-02,590791,647979.57,9.68,Salary Revision
550,1226,2024-02-26,1495130,1625505.34,8.72,Salary Revision
551,2181,2024-01-22,1277282,1469512.94,15.05,Market Adjustment
552,1946,2025-10-03,284890,311270.81,9.26,Annual Increment
553,1707,2024-04-29,1474112,1595431.42,8.23,Annual Increment
554,2445,2025-12-21,1245287,1338808.05,7.51,Salary Revision
555,2366,2025-01-28,727192,838161.5,15.26,Salary Revision
556,1968,2024-07-05,607589,679952.85,11.91,Salary Revision
557,1558,2025-09-30,559908,654924.39,16.97,Promotion
558,130,2024-11-15,1450766,1728152.46,19.12,Annual Increment
559,782,2025-12-22,289714,320133.97,10.5,Performance Bonus
560,621,2025-01-31,1116040,1280544.3,14.74,Performance Bonus
561,2056,2025-05-09,1532362,1818147.51,18.65,Annual Increment
562,2891,2025-08-04,539579,603357.24,11.82,Salary Revision
563,1332,2024-06-04,1638790,1821187.33,11.13,Performance Bonus
564,1286,2024-08-14,613189,679474.73,10.81,Salary Revision
565,1403,2025-02-09,1395617,1521501.65,9.02,Market Adjustment
566,2499,2025-02-18,1265399,1344739.52,6.27,Promotion
567,1143,2025-03-10,1420392,1535017.63,8.07,Market Adjustment
568,1184,2024-11-09,1728284,1840968.12,6.52,Performance Bonus
569,1299,2024-06-21,1256220,1368400.45,8.93,Market Adjustment
570,1179,2025-07-15,505588,570050.47,12.75,Salary Revision
571,1556,2025-07-04,1077394,1259581.33,16.91,Promotion
572,1190,2024-02-02,338219,364904.48,7.89,Annual Increment
573,1419,2024-11-16,1177729,1344377.65,14.15,Performance Bonus
574,877,2024-01-07,673767,788846.4,17.08,Market Adjustment
575,2303,2025-01-23,1709977,1840277.25,7.62,Annual Increment
576,2522,2025-11-27,1480672,1585355.51,7.07,Annual Increment
577,2744,2025-06-29,1363674,1456949.3,6.84,Promotion
578,216,2025-08-09,460130,506281.04,10.03,Performance Bonus
579,412,2024-02-06,1678563,1948811.64,16.1,Annual Increment
580,2255,2025-07-26,581226,638883.62,9.92,Performance Bonus
581,1956,2024-11-22,1614278,1717430.36,6.39,Market Adjustment
582,1316,2024-10-06,848559,967187.55,13.98,Annual Increment
583,2672,2025-03-06,1454044,1555100.06,6.95,Annual Increment
584,718,2025-10-02,1126368,1329114.24,18.0,Promotion
585,149,2025-08-16,1082557,1260096.35,16.4,Promotion
586,1186,2024-07-12,328572,338954.88,3.16,Salary Revision
587,2469,2025-11-26,475025,564234.69,18.78,Market Adjustment
588,1166,2024-01-20,1202839,1441121.41,19.81,Salary Revision
589,2148,2025-01-09,1285809,1518797.59,18.12,Promotion
590,2066,2024-05-29,1231510,1325597.36,7.64,Annual Increment
591,1355,2024-11-04,590775,681931.58,15.43,Market Adjustment
592,2944,2025-09-12,640487,661238.78,3.24,Market Adjustment
593,1209,2025-04-28,1440723,1649051.55,14.46,Promotion
594,719,2025-08-02,1531264,1800000.83,17.55,Performance Bonus
595,1752,2025-10-05,1330621,1444655.22,8.57,Performance Bonus
596,2742,2024-12-20,450037,477669.27,6.14,Promotion
597,1956,2025-01-17,928641,1104247.01,18.91,Annual Increment
598,1069,2025-10-13,1054413,1128221.91,7.0,Market Adjustment
599,1351,2025-12-19,883226,997162.15,12.9,Salary Revision
600,47,2025-06-30,798516,911186.61,14.11,Promotion
601,255,2025-09-21,1650448,1733135.44,5.01,Market Adjustment
602,655,2025-09-04,1100220,1261512.25,14.66,Market Adjustment
603,2828,2024-09-17,496238,565016.59,13.86,Market Adjustment
604,1506,2025-08-07,1538962,1642841.93,6.75,Promotion
605,1959,2024-09-14,571253,632548.45,10.73,Salary Revision
606,1531,2024-08-26,1122091,1289619.19,14.93,Performance Bonus
607,2202,2025-07-24,1642706,1922623.1,17.04,Promotion
608,2787,2025-12-08,1499513,1767026.12,17.84,Annual Increment
609,2153,2025-07-22,1186898,1329088.38,11.98,Market Adjustment
610,320,2025-04-22,1433147,1503514.52,4.91,Salary Revision
611,2071,2025-10-15,673953,759814.61,12.74,Promotion
612,674,2025-02-12,938112,1102563.03,17.53,Performance Bonus
613,477,2024-07-19,1676682,1785498.66,6.49,Salary Revision
614,2003,2024-05-12,440718,521281.25,18.28,Performance Bonus
615,228,2025-09-10,1200916,1263844.0,5.24,Performance Bonus
616,1872,2024-10-16,1432607,1489624.76,3.98,Performance Bonus
617,2756,2024-06-06,896278,1033408.53,15.3,Performance Bonus
618,1043,2024-01-24,256323,296514.45,15.68,Salary Revision
619,300,2025-11-30,344979,380166.86,10.2,Annual Increment
620,2217,2024-12-16,376365,447460.35,18.89,Annual Increment
621,1934,2024-06-14,316552,341496.3,7.88,Promotion
622,555,2025-02-12,1595375,1908547.11,19.63,Performance Bonus
623,1534,2025-12-19,1052117,1163957.04,10.63,Performance Bonus
624,1539,2025-02-25,418296,479409.05,14.61,Salary Revision
625,545,2025-09-03,1620560,1906102.67,17.62,Annual Increment
626,732,2025-02-23,1376712,1509977.72,9.68,Promotion
627,2982,2024-09-25,717015,840269.88,17.19,Annual Increment
628,1223,2025-11-03,1220989,1397421.91,14.45,Salary Revision
629,1738,2024-02-29,1365545,1494589.0,9.45,Promotion
630,1014,2025-09-10,1216001,1323981.89,8.88,Market Adjustment
631,773,2025-03-19,1770485,2053939.65,16.01,Annual Increment
632,2705,2025-08-26,1129211,1281089.88,13.45,Annual Increment
633,986,2025-03-08,682184,710426.42,4.14,Salary Revision
634,138,2025-10-22,1186254,1342365.03,13.16,Annual Increment
635,1003,2024-02-02,342771,376499.67,9.84,Promotion
636,2211,2024-05-19,705646,817279.2,15.82,Annual Increment
637,574,2025-05-08,1306746,1566657.78,19.89,Promotion
638,2997,2025-07-12,1458190,1580969.6,8.42,Salary Revision
639,2755,2024-11-30,922483,987333.55,7.03,Promotion
640,2705,2025-07-23,1343142,1433938.4,6.76,Market Adjustment
641,1128,2025-10-18,377837,424915.49,12.46,Salary Revision
642,718,2024-08-21,1562802,1790033.41,14.54,Salary Revision
643,2031,2025-05-27,348323,416350.48,19.53,Performance Bonus
644,2149,2025-05-28,918434,1054729.61,14.84,Performance Bonus
645,612,2025-09-22,878911,961528.63,9.4,Salary Revision
646,1940,2024-06-13,755346,887078.34,17.44,Market Adjustment
647,2899,2024-10-26,552727,645032.41,16.7,Annual Increment
648,2304,2025-07-27,1115447,1332401.44,19.45,Salary Revision
649,2171,2025-10-12,531212,582208.35,9.6,Market Adjustment
650,833,2025-10-22,942611,1074482.28,13.99,Performance Bonus
651,1520,2024-02-13,443911,497668.62,12.11,Promotion
652,212,2025-01-09,813004,889507.68,9.41,Salary Revision
653,2470,2025-07-02,332937,392366.25,17.85,Promotion
654,2407,2024-11-24,1768978,2023887.73,14.41,Promotion
655,1964,2024-10-21,688072,810411.2,17.78,Market Adjustment
656,1242,2025-07-24,282157,300779.36,6.6,Promotion
657,481,2024-07-13,1254369,1487054.45,18.55,Salary Revision
658,2883,2024-04-11,678895,745019.37,9.74,Promotion
659,2262,2024-12-20,924475,1074055.05,16.18,Performance Bonus
660,1910,2025-05-03,1369145,1561236.04,14.03,Market Adjustment
661,1072,2025-01-05,1004229,1121924.64,11.72,Performance Bonus
662,1909,2024-01-07,456796,532852.53,16.65,Performance Bonus
663,1312,2024-01-04,675989,738855.98,9.3,Performance Bonus
664,188,2024-02-23,1429699,1682612.75,17.69,Promotion
665,67,2025-06-30,796882,895775.06,12.41,Salary Revision
666,2373,2025-01-22,1759974,1937731.37,10.1,Promotion
667,804,2025-10-18,941777,1006853.79,6.91,Salary Revision
668,1007,2024-10-17,1297111,1457433.92,12.36,Market Adjustment
669,1055,2025-02-15,1274712,1522388.54,19.43,Performance Bonus
670,1888,2024-07-19,602811,696005.58,15.46,Market Adjustment
671,694,2024-01-08,543514,626399.89,15.25,Performance Bonus
672,754,2025-09-12,1386943,1662112.49,19.84,Annual Increment
673,2147,2025-08-20,320933,376326.04,17.26,Annual Increment
674,2738,2024-08-30,351742,407985.55,15.99,Performance Bonus
675,564,2024-10-05,1572677,1681663.52,6.93,Promotion
676,38,2025-09-23,708688,790895.81,11.6,Market Adjustment
677,248,2025-07-09,1545694,1759618.05,13.84,Salary Revision
678,1980,2025-05-20,1632619,1816941.69,11.29,Annual Increment
679,2180,2025-12-15,1406880,1547427.31,9.99,Annual Increment
680,2169,2024-11-18,1764547,1899887.75,7.67,Market Adjustment
681,71,2025-03-10,1303223,1522425.11,16.82,Performance Bonus
682,735,2025-03-28,474429,562720.24,18.61,Salary Revision
683,610,2024-12-13,755348,802632.78,6.26,Salary Revision
684,1034,2024-10-05,993316,1068212.03,7.54,Performance Bonus
685,324,2025-04-04,1032345,1231690.82,19.31,Performance Bonus
686,2315,2024-02-28,760043,910759.53,19.83,Promotion
687,1229,2025-02-23,1684539,1972258.26,17.08,Annual Increment
688,2678,2025-04-25,1612927,1869543.69,15.91,Annual Increment
689,1661,2024-10-12,1045374,1143743.69,9.41,Performance Bonus
690,230,2024-11-28,1585357,1635454.28,3.16,Promotion
691,339,2024-08-01,1298279,1523790.06,17.37,Market Adjustment
692,2318,2024-12-02,449988,531930.81,18.21,Annual Increment
693,942,2024-11-04,693373,820398.93,18.32,Salary Revision
694,1948,2025-01-12,818527,849549.17,3.79,Annual Increment
695,2804,2025-06-16,837984,991251.27,18.29,Salary Revision
696,2696,2025-02-14,319000,338299.5,6.05,Market Adjustment
697,65,2025-08-01,684442,773282.57,12.98,Performance Bonus
698,316,2024-07-20,877629,928180.43,5.76,Promotion
699,2322,2025-09-14,1066120,1220814.01,14.51,Salary Revision
700,1359,2024-03-27,1054983,1222197.81,15.85,Promotion
701,2824,2024-12-29,1768681,1845264.89,4.33,Market Adjustment
702,220,2024-03-02,454861,502303.0,10.43,Annual Increment
703,1396,2025-09-22,1519130,1763254.19,16.07,Salary Revision
704,1625,2024-02-02,934461,967167.13,3.5,Market Adjustment
705,1846,2024-11-15,1278870,1366856.26,6.88,Salary Revision
706,1538,2024-08-10,1155650,1226838.04,6.16,Salary Revision
707,2707,2025-02-05,1047070,1093769.32,4.46,Salary Revision
708,1210,2024-10-12,766842,882788.51,15.12,Annual Increment
709,1098,2025-05-18,573424,627669.91,9.46,Promotion
710,1596,2024-05-14,914122,997581.34,9.13,Annual Increment
711,22,2025-03-13,896483,991151.6,10.56,Market Adjustment
712,419,2024-05-06,527887,551536.34,4.48,Performance Bonus
713,1839,2024-03-26,1418082,1594349.59,12.43,Performance Bonus
714,424,2024-08-13,305075,318864.39,4.52,Salary Revision
715,382,2024-05-23,1501841,1699633.46,13.17,Market Adjustment
716,1578,2025-11-15,275880,297840.05,7.96,Performance Bonus
717,347,2024-10-10,1770107,2094390.6,18.32,Promotion
718,2343,2024-05-29,1342835,1421793.7,5.88,Performance Bonus
719,695,2024-10-22,541168,582134.42,7.57,Market Adjustment
720,2020,2024-11-08,556047,578733.72,4.08,Performance Bonus
721,1131,2024-01-15,1133115,1224897.31,8.1,Annual Increment
722,1480,2025-09-14,777852,926032.81,19.05,Performance Bonus
723,2433,2024-07-05,1543248,1640781.27,6.32,Annual Increment
724,555,2024-10-14,888914,916648.12,3.12,Performance Bonus
725,1361,2024-12-04,1550637,1697327.26,9.46,Market Adjustment
726,1804,2024-09-10,951992,1050237.57,10.32,Salary Revision
727,558,2024-11-04,880058,954422.9,8.45,Promotion
728,1963,2024-02-04,908890,963605.18,6.02,Performance Bonus
729,1308,2024-08-19,861211,994612.58,15.49,Performance Bonus
730,2359,2025-02-27,758400,823167.36,8.54,Market Adjustment
731,1610,2024-12-15,1015493,1065658.35,4.94,Salary Revision
732,819,2025-01-21,1491990,1789642.01,19.95,Promotion
733,2793,2024-01-05,1403641,1452206.98,3.46,Performance Bonus
734,2902,2024-09-29,689664,761733.89,10.45,Market Adjustment
735,2838,2024-12-12,395036,461876.09,16.92,Performance Bonus
736,2757,2024-06-20,1297114,1366769.02,5.37,Market Adjustment
737,992,2024-08-24,779911,890658.36,14.2,Performance Bonus
738,1545,2025-10-08,405116,448179.83,10.63,Salary Revision
739,1963,2025-05-05,1471054,1615364.4,9.81,Salary Revision
740,2834,2025-09-21,1127240,1265214.18,12.24,Market Adjustment
741,2874,2025-12-23,1375973,1556087.87,13.09,Annual Increment
742,448,2024-05-26,770578,879845.96,14.18,Market Adjustment
743,682,2025-12-28,1606857,1822497.21,13.42,Salary Revision
744,2643,2025-07-24,1670761,1904500.46,13.99,Market Adjustment
745,1764,2024-09-03,472181,487196.36,3.18,Market Adjustment
746,910,2024-07-14,1320965,1528356.51,15.7,Salary Revision
747,2378,2025-12-16,1692136,1908390.98,12.78,Performance Bonus
748,1533,2025-08-26,1070267,1186605.02,10.87,Salary Revision
749,2829,2025-11-18,1299552,1371807.09,5.56,Annual Increment
750,1978,2024-10-07,469255,506889.25,8.02,Annual Increment
751,476,2024-05-12,1781237,1877601.92,5.41,Market Adjustment
752,1406,2024-02-24,1204901,1401661.33,16.33,Salary Revision
753,1979,2025-10-03,980438,1089168.57,11.09,Performance Bonus
754,2958,2025-04-07,1711218,1894147.2,10.69,Annual Increment
755,1230,2025-08-16,343707,401346.66,16.77,Annual Increment
756,93,2024-09-06,969486,1105407.94,14.02,Promotion
757,1000,2024-12-17,1332117,1411644.38,5.97,Promotion
758,1356,2024-09-14,1424088,1570057.02,10.25,Performance Bonus
759,950,2025-09-02,1099446,1250180.05,13.71,Promotion
760,2624,2024-04-12,1628474,1797021.06,10.35,Annual Increment
761,2516,2025-12-24,663819,734449.34,10.64,Performance Bonus
762,1593,2025-09-08,259332,298179.93,14.98,Promotion
763,1141,2024-09-17,1725891,2014977.74,16.75,Annual Increment
764,2365,2024-05-13,463389,540265.24,16.59,Salary Revision
765,766,2024-09-18,1017123,1103985.3,8.54,Performance Bonus
766,467,2025-01-16,800194,915421.94,14.4,Performance Bonus
767,2162,2024-05-19,1590307,1722779.57,8.33,Performance Bonus
768,2504,2024-12-02,1073224,1212528.48,12.98,Market Adjustment
769,1442,2025-11-27,1210203,1373580.41,13.5,Market Adjustment
770,2517,2024-09-26,1487672,1553724.64,4.44,Promotion
771,1283,2024-12-01,497173,532273.41,7.06,Annual Increment
772,750,2025-07-10,1032879,1185641.8,14.79,Salary Revision
773,1592,2025-02-21,1127110,1275212.25,13.14,Salary Revision
774,1572,2024-04-21,1137176,1207226.04,6.16,Salary Revision
775,2841,2025-01-03,1603208,1904931.75,18.82,Promotion
776,2273,2024-05-29,599942,667855.43,11.32,Promotion
777,767,2024-01-01,909722,1067194.88,17.31,Salary Revision
778,220,2024-09-20,1002959,1195326.54,19.18,Performance Bonus
779,560,2025-08-30,659214,770357.48,16.86,Salary Revision
780,2071,2024-09-27,1619586,1804380.76,11.41,Performance Bonus
781,1703,2025-07-24,1739276,2039822.89,17.28,Performance Bonus
782,686,2024-10-16,423372,476759.21,12.61,Promotion
783,1197,2024-03-03,318566,343000.01,7.67,Salary Revision
784,1183,2025-05-26,602759,700827.89,16.27,Salary Revision
785,2029,2024-04-01,1402859,1566712.93,11.68,Salary Revision
786,468,2024-08-15,811803,943152.73,16.18,Market Adjustment
787,2221,2025-01-08,337263,390955.27,15.92,Performance Bonus
788,2238,2024-10-11,708315,848773.86,19.83,Annual Increment
789,2678,2024-12-17,769111,831101.35,8.06,Annual Increment
790,1843,2024-11-29,801163,872706.86,8.93,Annual Increment
791,1799,2025-09-09,496176,576506.89,16.19,Promotion
792,860,2025-08-07,1796886,2030301.49,12.99,Market Adjustment
793,2912,2025-06-10,1529811,1740312.99,13.76,Promotion
794,2524,2025-04-02,541996,630558.15,16.34,Promotion
795,244,2024-08-06,1445532,1575051.67,8.96,Market Adjustment
796,2445,2024-11-21,1379879,1460739.91,5.86,Market Adjustment
797,1186,2024-11-07,1451113,1560526.92,7.54,Salary Revision
798,2783,2025-01-01,449701,473580.12,5.31,Performance Bonus
799,243,2025-05-29,831589,979112.89,17.74,Promotion
800,2874,2024-06-20,528272,566518.89,7.24,Market Adjustment
801,1014,2025-05-14,1668166,1829644.47,9.68,Promotion
802,2366,2024-06-18,1576243,1695564.6,7.57,Performance Bonus
803,1537,2024-01-20,1197895,1249164.91,4.28,Annual Increment
804,1651,2024-10-31,1331319,1541001.74,15.75,Market Adjustment
805,1863,2025-04-02,1273503,1382514.86,8.56,Annual Increment
806,382,2024-08-19,1782875,2131070.49,19.53,Market Adjustment
807,260,2025-07-09,1370769,1504556.05,9.76,Performance Bonus
808,868,2025-01-09,1287492,1384955.14,7.57,Market Adjustment
809,1384,2025-08-26,1397793,1576990.06,12.82,Salary Revision
810,1988,2025-05-21,970874,1147573.07,18.2,Annual Increment
811,189,2025-09-17,458823,521452.34,13.65,Performance Bonus
812,67,2024-09-08,510544,606526.27,18.8,Promotion
813,1808,2025-04-03,1207387,1243729.35,3.01,Performance Bonus
814,829,2025-10-01,1694081,2006808.35,18.46,Market Adjustment
815,652,2024-01-23,824660,862511.89,4.59,Market Adjustment
816,1026,2025-03-25,422848,462257.43,9.32,Promotion
817,213,2024-05-30,1081188,1228662.04,13.64,Promotion
818,1759,2025-03-14,1624652,1698573.67,4.55,Annual Increment
819,5,2024-04-27,697576,775076.69,11.11,Promotion
820,2432,2024-12-08,724356,810047.31,11.83,Performance Bonus
821,39,2025-10-17,266908,306490.46,14.83,Annual Increment
822,1730,2024-01-03,1705488,1795026.12,5.25,Annual Increment
823,938,2024-11-19,1053355,1100966.65,4.52,Annual Increment
824,423,2025-01-30,907145,991055.91,9.25,Market Adjustment
825,562,2024-06-27,1052624,1222622.78,16.15,Promotion
826,2628,2024-05-15,1670059,1760743.2,5.43,Salary Revision
827,2308,2025-03-17,267772,303599.89,13.38,Promotion
828,1803,2024-08-17,986494,1137230.28,15.28,Promotion
829,1687,2024-01-08,1542005,1768217.13,14.67,Promotion
830,356,2024-03-08,460690,485475.12,5.38,Annual Increment
831,2415,2025-09-16,1780940,1950663.58,9.53,Performance Bonus
832,1289,2025-06-28,543245,582412.96,7.21,Annual Increment
833,1017,2025-02-04,1410556,1597031.5,13.22,Salary Revision
834,1168,2024-08-09,1698033,1756784.94,3.46,Market Adjustment
835,842,2025-09-26,1335798,1513726.29,13.32,Promotion
836,1605,2024-09-28,869796,991393.48,13.98,Promotion
837,2028,2024-09-24,1059260,1111375.59,4.92,Performance Bonus
838,2614,2025-08-25,1495561,1558524.12,4.21,Annual Increment
839,1480,2025-03-31,913691,961568.41,5.24,Salary Revision
840,1724,2025-04-30,1016325,1141231.34,12.29,Promotion
841,1930,2025-04-19,403074,416294.83,3.28,Annual Increment
842,57,2025-07-05,799842,853191.46,6.67,Annual Increment
843,1631,2025-09-26,1312439,1415727.95,7.87,Salary Revision
844,1702,2025-01-27,1138301,1308249.34,14.93,Annual Increment
845,2624,2025-08-23,1375257,1542213.2,12.14,Promotion
846,1137,2024-09-29,425315,460488.55,8.27,Salary Revision
847,833,2024-05-19,575849,645641.9,12.12,Performance Bonus
848,2403,2025-12-04,1580211,1832570.7,15.97,Annual Increment
849,1271,2024-01-04,1715229,1894298.91,10.44,Promotion
850,238,2025-08-24,762711,796804.18,4.47,Performance Bonus
851,476,2025-12-30,1200789,1361814.8,13.41,Annual Increment
852,1267,2025-10-13,1646870,1903946.41,15.61,Promotion
853,490,2025-07-22,276560,318126.97,15.03,Annual Increment
854,672,2025-06-11,1291053,1538935.18,19.2,Salary Revision
855,2119,2025-06-08,1761554,1892085.15,7.41,Market Adjustment
856,520,2024-11-05,813639,939427.59,15.46,Annual Increment
857,121,2024-05-28,952569,1111838.54,16.72,Market Adjustment
858,2146,2024-11-27,383949,412629.99,7.47,Salary Revision
859,2571,2025-10-11,411627,458675.97,11.43,Salary Revision
860,1476,2025-06-19,366264,408347.73,11.49,Salary Revision
861,684,2024-02-21,1021097,1078993.2,5.67,Annual Increment
862,2351,2025-10-05,1663733,1918117.78,15.29,Promotion
863,2085,2024-03-27,255386,264962.98,3.75,Annual Increment
864,1002,2024-03-13,346430,384606.59,11.02,Performance Bonus
865,615,2024-08-31,625308,743053.5,18.83,Annual Increment
866,2265,2024-04-19,1747410,2019831.22,15.59,Performance Bonus
867,920,2025-12-02,924867,991642.4,7.22,Market Adjustment
868,1112,2024-05-31,413341,465917.98,12.72,Annual Increment
869,2057,2024-12-10,1662066,1966722.7,18.33,Promotion
870,915,2025-08-27,1331656,1593725.9,19.68,Performance Bonus
871,283,2025-03-24,1225373,1442509.1,17.72,Market Adjustment
872,1341,2025-05-23,431163,484627.21,12.4,Annual Increment
873,1512,2025-03-21,670837,724235.63,7.96,Market Adjustment
874,2551,2024-03-11,758735,841361.24,10.89,Salary Revision
875,2021,2024-12-12,659830,761773.74,15.45,Salary Revision
876,1005,2025-11-16,565760,583355.14,3.11,Performance Bonus
877,98,2024-07-23,738631,828817.85,12.21,Annual Increment
878,1373,2025-04-13,253066,293303.49,15.9,Performance Bonus
879,2979,2025-12-03,894896,937582.54,4.77,Salary Revision
880,976,2025-01-10,1130417,1258832.37,11.36,Annual Increment
881,584,2025-10-31,1742443,1877656.58,7.76,Annual Increment
882,949,2025-11-04,1340014,1474283.4,10.02,Market Adjustment
883,1878,2025-01-06,428053,483143.42,12.87,Salary Revision
884,547,2025-01-21,1586338,1855063.66,16.94,Annual Increment
885,2425,2024-03-01,1440806,1499302.72,4.06,Promotion
886,970,2024-10-06,861688,925797.59,7.44,Market Adjustment
887,1610,2024-06-23,1719528,2014255.1,17.14,Market Adjustment
888,1303,2025-10-10,1199502,1290904.05,7.62,Annual Increment
889,831,2025-09-17,535447,622510.68,16.26,Salary Revision
890,447,2024-03-27,575919,603563.11,4.8,Performance Bonus
891,1909,2025-12-15,908575,998614.78,9.91,Salary Revision
892,1468,2025-01-27,685444,758649.42,10.68,Performance Bonus
893,1086,2024-12-29,501476,524243.01,4.54,Market Adjustment
894,2887,2025-01-09,1711459,1938398.46,13.26,Promotion
895,1343,2025-10-23,561057,586585.09,4.55,Promotion
896,1458,2025-11-06,1080984,1207783.42,11.73,Market Adjustment
897,1066,2025-03-09,614627,636323.33,3.53,Performance Bonus
898,1853,2025-06-27,1415919,1638501.47,15.72,Promotion
899,388,2024-11-06,1218974,1276631.47,4.73,Promotion
900,498,2025-08-23,275075,286215.54,4.05,Promotion
901,536,2025-10-10,665515,778652.55,17.0,Market Adjustment
902,2812,2024-09-21,1571829,1869533.41,18.94,Annual Increment
903,2386,2024-02-04,1479180,1588639.32,7.4,Annual Increment
904,90,2024-03-15,385207,409706.17,6.36,Performance Bonus
905,528,2024-06-04,442893,524341.02,18.39,Market Adjustment
906,502,2025-07-22,339540,404120.51,19.02,Annual Increment
907,689,2025-06-03,1453522,1604106.88,10.36,Performance Bonus
908,2033,2024-11-24,311828,341482.84,9.51,Performance Bonus
909,708,2025-11-04,992272,1058258.09,6.65,Promotion
910,1127,2024-12-25,836897,925440.7,10.58,Promotion
911,142,2024-02-09,1537874,1745948.35,13.53,Promotion
912,2652,2025-11-25,868880,968627.42,11.48,Salary Revision
913,1963,2025-08-14,377882,394848.9,4.49,Performance Bonus
914,563,2025-08-22,1129199,1201354.82,6.39,Salary Revision
915,1021,2025-12-08,1572787,1885771.61,19.9,Salary Revision
916,80,2025-12-04,1052156,1223552.21,16.29,Market Adjustment
917,1965,2025-12-25,1391936,1618543.18,16.28,Market Adjustment
918,2317,2025-01-29,1303595,1414009.5,8.47,Market Adjustment
919,737,2024-12-07,304658,330310.2,8.42,Promotion
920,121,2025-12-27,839158,872724.32,4.0,Performance Bonus
921,2169,2025-12-10,999591,1159925.4,16.04,Promotion
922,654,2025-02-03,459996,493161.71,7.21,Promotion
923,1092,2025-09-02,1369228,1600353.69,16.88,Annual Increment
924,899,2024-12-26,1457313,1710739.73,17.39,Performance Bonus
925,1454,2024-09-03,614300,651096.57,5.99,Salary Revision
926,1303,2025-09-09,1797918,2065088.61,14.86,Salary Revision
927,116,2024-10-03,1725247,1982481.33,14.91,Salary Revision
928,2309,2025-07-03,548010,616894.86,12.57,Promotion
929,2017,2024-03-05,1386917,1501337.65,8.25,Performance Bonus
930,156,2024-08-06,439283,456634.68,3.95,Salary Revision
931,897,2025-08-01,291792,326661.14,11.95,Annual Increment
932,1359,2024-10-28,1537933,1636668.3,6.42,Promotion
933,1396,2024-04-01,1753527,1859089.33,6.02,Market Adjustment
934,244,2025-10-24,295954,312261.07,5.51,Promotion
935,455,2024-03-21,1353720,1592380.84,17.63,Annual Increment
936,1531,2024-01-05,1727523,2055925.12,19.01,Performance Bonus
937,2401,2024-08-19,461879,502154.85,8.72,Market Adjustment
938,559,2024-06-16,580309,669966.74,15.45,Performance Bonus
939,2619,2025-01-12,1271732,1450283.17,14.04,Promotion
940,2897,2025-02-20,1428551,1639833.69,14.79,Salary Revision
941,1462,2025-02-02,718162,820930.98,14.31,Promotion
942,1550,2025-03-02,893454,1031760.68,15.48,Market Adjustment
943,522,2025-08-05,622681,718511.61,15.39,Salary Revision
944,1604,2024-12-12,1440097,1491220.44,3.55,Salary Revision
945,1304,2024-02-22,1532159,1635732.95,6.76,Salary Revision
946,427,2024-10-15,1290575,1360136.99,5.39,Annual Increment
947,975,2024-04-01,977313,1169843.66,19.7,Promotion
948,2606,2024-07-19,436071,510072.25,16.97,Market Adjustment
949,1830,2025-04-26,273898,294467.74,7.51,Promotion
950,2840,2024-01-01,392175,427313.88,8.96,Annual Increment
951,2951,2024-01-10,252686,262338.61,3.82,Performance Bonus
952,1719,2025-07-27,598836,706866.01,18.04,Performance Bonus
953,1552,2024-06-24,986585,1107737.64,12.28,Annual Increment
954,1964,2024-01-09,1462270,1668011.39,14.07,Promotion
955,667,2024-09-29,1196418,1247265.76,4.25,Annual Increment
956,1208,2025-11-14,292106,316701.33,8.42,Annual Increment
957,304,2024-04-28,966823,1023768.87,5.89,Performance Bonus
958,660,2025-01-16,1785083,1861484.55,4.28,Annual Increment
959,1385,2024-04-07,1495772,1791186.97,19.75,Performance Bonus
960,2886,2025-02-22,314997,347536.19,10.33,Promotion
961,2488,2024-04-11,1160584,1226389.11,5.67,Annual Increment
962,1357,2025-03-07,681070,814287.29,19.56,Performance Bonus
963,2856,2025-09-11,1412057,1627678.1,15.27,Salary Revision
964,1087,2025-11-23,1635374,1762769.63,7.79,Promotion
965,393,2024-07-28,354093,388369.2,9.68,Salary Revision
966,2011,2024-08-02,572101,594584.57,3.93,Annual Increment
967,1752,2025-02-14,433769,468513.9,8.01,Salary Revision
968,1968,2025-09-04,668748,699844.78,4.65,Promotion
969,700,2025-06-08,1588382,1714817.21,7.96,Annual Increment
970,1940,2024-07-27,492239,532799.49,8.24,Performance Bonus
971,1929,2025-04-04,1275710,1508016.79,18.21,Market Adjustment
972,374,2025-03-07,1596091,1791612.15,12.25,Promotion
973,1520,2024-03-28,1049948,1147383.17,9.28,Performance Bonus
974,183,2024-03-05,802171,886238.52,10.48,Market Adjustment
975,927,2024-06-23,813215,915598.77,12.59,Promotion
976,2853,2024-02-19,1649782,1726331.88,4.64,Market Adjustment
977,2218,2024-01-14,1118192,1336239.44,19.5,Salary Revision
978,932,2025-07-24,1410987,1467990.87,4.04,Performance Bonus
979,2141,2025-05-19,1127935,1346979.98,19.42,Performance Bonus
980,2346,2025-08-02,744177,826780.65,11.1,Annual Increment
981,1618,2025-04-21,1748007,1810760.45,3.59,Salary Revision
982,2117,2024-11-14,1448491,1658811.89,14.52,Salary Revision
983,604,2025-03-16,502249,598379.46,19.14,Performance Bonus
984,709,2025-12-27,600569,717860.13,19.53,Promotion
985,517,2025-10-07,339497,374125.69,10.2,Performance Bonus
986,828,2025-04-12,1565388,1651640.88,5.51,Salary Revision
987,1057,2025-09-15,920563,1090683.04,18.48,Annual Increment
988,357,2024-12-15,1063902,1196464.19,12.46,Salary Revision
989,1336,2025-08-20,829235,927333.5,11.83,Annual Increment
990,2869,2024-12-15,1556647,1758855.45,12.99,Performance Bonus
991,461,2025-02-02,1119148,1181148.8,5.54,Salary Revision
992,2409,2024-07-17,1471962,1705856.76,15.89,Annual Increment
993,433,2024-06-08,1430033,1662413.36,16.25,Market Adjustment
994,2194,2024-10-08,971145,1145174.18,17.92,Market Adjustment
995,1569,2025-11-21,1623189,1805797.76,11.25,Salary Revision
996,1938,2024-04-26,328571,348055.26,5.93,Performance Bonus
997,590,2024-10-25,1546552,1753016.69,13.35,Performance Bonus
998,159,2024-05-24,1080037,1275739.7,18.12,Market Adjustment
999,2829,2025-04-23,748239,776971.38,3.84,Performance Bonus
1000,1101,2025-12-01,1031064,1065501.54,3.34,Market Adjustment
1001,1274,2025-05-03,837929,983142.1,17.33,Annual Increment
1002,934,2025-12-26,531826,574957.09,8.11,Performance Bonus
1003,1315,2025-06-17,815014,940444.65,15.39,Salary Revision
1004,2645,2024-09-03,437248,464313.65,6.19,Promotion
1005,1668,2024-07-10,1265986,1467404.37,15.91,Market Adjustment
1006,231,2024-09-22,1330598,1549614.43,16.46,Annual Increment
1007,1275,2025-09-17,1738074,1940038.2,11.62,Promotion
1008,2148,2024-04-23,1442592,1492938.46,3.49,Promotion
1009,823,2025-05-11,370853,397702.76,7.24,Performance Bonus
1010,208,2025-04-24,1005761,1156424.0,14.98,Market Adjustment
1011,1509,2025-04-16,1223536,1365343.82,11.59,Annual Increment
1012,2791,2024-07-16,314095,336427.15,7.11,Performance Bonus
1013,2434,2024-04-06,1185546,1256915.87,6.02,Performance Bonus
1014,2404,2024-03-26,1406230,1532087.58,8.95,Promotion
1015,1060,2024-12-07,1694624,1771559.93,4.54,Annual Increment
1016,1584,2024-07-22,354125,374558.01,5.77,Salary Revision
1017,878,2024-04-26,714206,814266.26,14.01,Promotion
1018,1103,2025-11-25,1616477,1777478.11,9.96,Annual Increment
1019,2795,2024-12-09,268660,298373.8,11.06,Promotion
1020,2652,2024-05-11,613228,694296.74,13.22,Annual Increment
1021,917,2025-08-15,779301,883259.75,13.34,Market Adjustment
1022,2920,2025-03-14,1737652,1979706.92,13.93,Performance Bonus
1023,1543,2025-02-07,981296,1087275.97,10.8,Promotion
1024,1912,2025-06-07,883644,1011860.74,14.51,Salary Revision
1025,1627,2025-01-31,1475758,1545708.93,4.74,Salary Revision
1026,2714,2025-07-09,1034816,1164581.93,12.54,Salary Revision
1027,2495,2025-11-25,842816,910831.25,8.07,Annual Increment
1028,1974,2024-12-17,383876,417349.99,8.72,Market Adjustment
1029,2624,2025-04-06,931861,1096334.47,17.65,Market Adjustment
1030,2688,2024-05-15,1741271,2075420.9,19.19,Market Adjustment
1031,772,2024-05-08,564424,630969.59,11.79,Promotion
1032,233,2025-05-17,1508361,1657236.23,9.87,Market Adjustment
1033,2789,2024-04-05,543453,626383.93,15.26,Performance Bonus
1034,1211,2024-08-22,794056,940321.12,18.42,Performance Bonus
1035,1591,2025-09-23,1795039,1859660.4,3.6,Salary Revision
1036,778,2024-05-08,969673,1118517.81,15.35,Promotion
1037,2812,2024-02-17,1371211,1561123.72,13.85,Performance Bonus
1038,2752,2024-04-10,1001822,1118233.72,11.62,Promotion
1039,2694,2024-03-29,1420731,1507111.44,6.08,Annual Increment
1040,1929,2025-11-01,518318,599175.61,15.6,Salary Revision
1041,750,2025-11-17,1675460,1981901.63,18.29,Annual Increment
1042,911,2024-03-17,995083,1062748.64,6.8,Market Adjustment
1043,1723,2025-04-07,944822,1032879.41,9.32,Salary Revision
1044,1205,2025-03-25,1222576,1436160.03,17.47,Performance Bonus
1045,220,2025-12-24,1580426,1784617.04,12.92,Salary Revision
1046,292,2024-07-29,1240316,1465061.26,18.12,Salary Revision
1047,491,2024-04-01,1677526,1836723.22,9.49,Market Adjustment
1048,1693,2025-05-20,363376,428056.93,17.8,Promotion
1049,563,2024-09-28,670052,729217.59,8.83,Salary Revision
1050,1875,2025-06-05,550362,596482.34,8.38,Promotion
1051,332,2024-01-23,1272531,1382604.93,8.65,Promotion
1052,1284,2025-03-29,1580640,1643707.54,3.99,Performance Bonus
1053,1121,2024-07-08,689106,798949.5,15.94,Promotion
1054,2361,2024-08-07,582262,648174.06,11.32,Annual Increment
1055,531,2024-01-15,1538657,1698215.73,10.37,Performance Bonus
1056,1653,2025-09-20,1149731,1372893.79,19.41,Performance Bonus
1057,20,2024-05-21,329115,368839.18,12.07,Market Adjustment
1058,58,2025-09-02,925729,1072642.19,15.87,Salary Revision
1059,781,2024-11-08,287572,329269.94,14.5,Promotion
1060,927,2024-12-27,1704426,2009688.7,17.91,Market Adjustment
1061,529,2025-07-28,465394,509699.51,9.52,Salary Revision
1062,1254,2025-07-06,600266,624936.93,4.11,Annual Increment
1063,1222,2025-05-16,859910,952350.32,10.75,Salary Revision
1064,2443,2025-12-08,1349154,1467070.06,8.74,Promotion
1065,1404,2025-12-27,1277979,1394402.89,9.11,Promotion
1066,676,2024-06-14,1095973,1132468.9,3.33,Promotion
1067,2979,2025-06-05,525158,559765.91,6.59,Annual Increment
1068,2416,2025-06-22,1308293,1385089.8,5.87,Market Adjustment
1069,2913,2024-10-30,1614282,1880154.25,16.47,Performance Bonus
1070,2623,2025-04-15,786428,913121.55,16.11,Salary Revision
1071,200,2025-10-25,1495549,1793312.81,19.91,Annual Increment
1072,2678,2024-11-27,291401,302532.52,3.82,Annual Increment
1073,1708,2024-02-17,1181794,1293591.71,9.46,Salary Revision
1074,1036,2025-09-21,1244881,1430741.73,14.93,Promotion
1075,2848,2025-06-28,1688101,1919708.46,13.72,Market Adjustment
1076,1724,2024-07-28,1637611,1714906.24,4.72,Salary Revision
1077,1106,2025-07-12,1556101,1763062.43,13.3,Promotion
1078,1716,2024-10-05,470021,525013.46,11.7,Salary Revision
1079,483,2024-05-19,842879,884517.22,4.94,Annual Increment
1080,2039,2024-09-05,666592,755582.03,13.35,Market Adjustment
1081,2143,2024-12-22,672939,734041.86,9.08,Performance Bonus
1082,1210,2025-04-05,586327,607845.2,3.67,Performance Bonus
1083,851,2025-07-19,1693268,2012618.34,18.86,Market Adjustment
1084,961,2025-09-17,255742,263976.89,3.22,Annual Increment
1085,453,2025-11-30,1454085,1663037.01,14.37,Promotion
1086,369,2024-03-24,1323123,1379752.66,4.28,Annual Increment
1087,1049,2025-02-12,1601272,1712240.15,6.93,Market Adjustment
1088,1082,2024-10-10,1223660,1270770.91,3.85,Promotion
1089,162,2024-12-31,859363,937736.91,9.12,Market Adjustment
1090,1745,2025-02-08,1798831,1888232.9,4.97,Annual Increment
1091,40,2024-01-11,540234,617379.42,14.28,Promotion
1092,1347,2024-01-17,999789,1181850.58,18.21,Salary Revision
1093,1099,2024-09-18,1787354,1869214.81,4.58,Market Adjustment
1094,750,2025-09-27,488723,536666.73,9.81,Performance Bonus
1095,1114,2025-05-19,1058904,1214880.56,14.73,Performance Bonus
1096,1728,2024-05-27,1610729,1901626.66,18.06,Promotion
1097,464,2024-11-23,527896,606182.98,14.83,Annual Increment
1098,653,2024-09-18,467502,514579.45,10.07,Salary Revision
1099,1978,2025-08-24,1443160,1652851.15,14.53,Promotion
1100,2504,2024-01-28,1046395,1216434.19,16.25,Salary Revision
1101,119,2025-12-20,1685425,1988127.33,17.96,Promotion
1102,1979,2025-06-21,1273667,1336331.42,4.92,Performance Bonus
1103,1806,2024-10-12,346410,360543.53,4.08,Market Adjustment
1104,51,2025-09-30,1727586,2034405.27,17.76,Salary Revision
1105,2362,2024-07-16,1767863,1990790.52,12.61,Market Adjustment
1106,2127,2024-12-28,1347026,1545038.82,14.7,Salary Revision
1107,391,2025-12-30,1157747,1322725.95,14.25,Promotion
1108,1974,2024-01-02,975089,1114331.71,14.28,Performance Bonus
1109,609,2025-11-06,1420932,1679115.34,18.17,Salary Revision
1110,224,2024-03-01,274421,312675.29,13.94,Promotion
1111,2071,2024-03-01,1234170,1449902.92,17.48,Promotion
1112,307,2024-10-20,1281060,1389309.57,8.45,Market Adjustment
1113,1140,2025-12-11,355593,396912.91,11.62,Salary Revision
1114,2636,2024-04-14,1044060,1147004.32,9.86,Promotion
1115,323,2024-12-13,1212791,1340740.45,10.55,Salary Revision
1116,1836,2025-05-26,434591,510905.18,17.56,Performance Bonus
1117,1295,2024-07-05,498946,597088.68,19.67,Annual Increment
1118,421,2024-12-28,1096074,1205791.01,10.01,Salary Revision
1119,2250,2024-12-14,250355,293015.49,17.04,Salary Revision
1120,2536,2025-11-29,1587014,1716831.75,8.18,Salary Revision
1121,2304,2024-08-24,683798,780418.66,14.13,Performance Bonus
1122,1397,2024-04-13,1011984,1184324.88,17.03,Promotion
1123,1862,2025-05-01,946197,1064660.86,12.52,Salary Revision
1124,2458,2024-05-16,1242233,1430803.97,15.18,Market Adjustment
1125,2933,2025-04-20,1199029,1258261.03,4.94,Promotion
1126,9,2025-08-04,965877,1053192.28,9.04,Market Adjustment
1127,2244,2024-07-27,1344682,1470544.24,9.36,Annual Increment
1128,188,2025-07-11,594258,661825.13,11.37,Performance Bonus
1129,439,2024-08-04,783283,888086.27,13.38,Promotion
1130,495,2024-12-31,1073963,1145596.33,6.67,Promotion
1131,2936,2024-09-04,958698,1005003.11,4.83,Performance Bonus
1132,191,2025-01-14,1578001,1850048.37,17.24,Salary Revision
1133,505,2024-07-31,1194776,1323572.85,10.78,Salary Revision
1134,2066,2025-01-19,532352,635575.05,19.39,Annual Increment
1135,2173,2025-08-22,1793952,1862660.36,3.83,Performance Bonus
1136,2397,2024-07-28,1262781,1499047.33,18.71,Promotion
1137,2834,2024-04-17,1463316,1550383.3,5.95,Promotion
1138,425,2024-12-23,1062448,1213103.13,14.18,Salary Revision
1139,1319,2025-05-29,1307195,1542228.66,17.98,Performance Bonus
1140,2495,2025-05-13,1702310,1973998.68,15.96,Market Adjustment
1141,1630,2025-10-15,969027,1157987.27,19.5,Performance Bonus
1142,547,2024-02-29,539784,593870.36,10.02,Salary Revision
1143,1225,2025-11-14,1721140,1933012.33,12.31,Market Adjustment
1144,2916,2024-05-03,1795220,2134516.58,18.9,Promotion
1145,823,2025-08-22,689799,783680.64,13.61,Market Adjustment
1146,2813,2025-06-17,974133,1155906.22,18.66,Promotion
1147,2910,2024-03-18,1613329,1929218.82,19.58,Promotion
1148,2064,2024-07-11,1387687,1593064.68,14.8,Market Adjustment
1149,2910,2025-01-06,492022,570401.1,15.93,Salary Revision
1150,1968,2024-09-12,1472233,1659206.59,12.7,Performance Bonus
1151,2762,2025-08-13,1369675,1477331.46,7.86,Performance Bonus
1152,53,2025-08-11,1346244,1410998.34,4.81,Performance Bonus
1153,596,2025-08-05,361285,413273.91,14.39,Promotion
1154,1094,2024-06-03,587505,703360.99,19.72,Market Adjustment
1155,600,2024-01-01,380092,436117.56,14.74,Market Adjustment
1156,836,2024-02-11,1384920,1434084.66,3.55,Performance Bonus
1157,420,2025-06-02,1542073,1815945.16,17.76,Salary Revision
1158,919,2025-08-02,1607107,1808638.22,12.54,Promotion
1159,2093,2025-08-01,1709887,1844797.08,7.89,Annual Increment
1160,1563,2024-08-29,1062761,1169887.31,10.08,Market Adjustment
1161,2262,2024-10-09,362831,374514.16,3.22,Market Adjustment
1162,832,2025-01-26,1551412,1827097.91,17.77,Performance Bonus
1163,924,2024-03-03,1579150,1815706.67,14.98,Market Adjustment
1164,2411,2024-06-11,1396335,1613465.09,15.55,Promotion
1165,2970,2024-05-25,655794,708257.52,8.0,Promotion
1166,2797,2025-03-07,406172,431273.43,6.18,Promotion
1167,2105,2025-07-26,500303,547381.51,9.41,Performance Bonus
1168,1144,2024-03-01,1417271,1523424.6,7.49,Promotion
1169,2393,2024-11-23,784807,809136.02,3.1,Performance Bonus
1170,2907,2024-03-12,574651,595798.16,3.68,Market Adjustment
1171,2445,2025-12-01,356651,414250.14,16.15,Salary Revision
1172,2712,2024-11-28,881567,981536.7,11.34,Salary Revision
1173,2254,2024-02-19,1000959,1043399.66,4.24,Market Adjustment
1174,2153,2024-07-10,711293,848359.16,19.27,Salary Revision
1175,280,2024-02-13,1309356,1384120.23,5.71,Salary Revision
1176,2200,2024-12-06,1096026,1146004.79,4.56,Promotion
1177,874,2024-07-25,1641113,1782905.16,8.64,Market Adjustment
1178,1203,2024-08-26,708112,843786.26,19.16,Salary Revision
1179,2173,2024-04-24,1245847,1494268.89,19.94,Annual Increment
1180,470,2024-07-03,1652865,1799639.41,8.88,Promotion
1181,2631,2025-07-09,1537024,1823217.87,18.62,Promotion
1182,164,2024-01-05,1681413,1985076.19,18.06,Performance Bonus
1183,465,2024-01-12,1059240,1137200.06,7.36,Market Adjustment
1184,102,2024-08-23,1333950,1560454.71,16.98,Market Adjustment
1185,2107,2025-06-20,1316895,1456090.8,10.57,Annual Increment
1186,1215,2024-12-28,1616353,1717698.33,6.27,Salary Revision
1187,338,2024-07-18,451235,477632.25,5.85,Salary Revision
1188,2185,2025-10-22,265373,301622.95,13.66,Promotion
1189,2746,2025-04-11,1570187,1823772.2,16.15,Performance Bonus
1190,426,2024-08-13,681131,763820.3,12.14,Performance Bonus
1191,2649,2025-06-24,401247,464242.78,15.7,Promotion
1192,98,2024-02-07,1213065,1397329.57,15.19,Annual Increment
1193,359,2024-05-01,403612,419433.59,3.92,Market Adjustment
1194,2286,2024-01-19,397727,448516.74,12.77,Promotion
1195,1060,2025-03-01,1104867,1210934.23,9.6,Performance Bonus
1196,1774,2024-08-23,913547,943602.7,3.29,Annual Increment
1197,2191,2024-11-14,262370,298839.43,13.9,Salary Revision
1198,260,2024-03-17,1478109,1533833.71,3.77,Annual Increment
1199,1466,2024-03-10,1304525,1367142.2,4.8,Market Adjustment
1200,2485,2024-02-26,431414,465021.15,7.79,Performance Bonus
1201,1563,2025-08-24,1078612,1261760.32,16.98,Annual Increment
1202,1942,2025-07-26,577834,647578.56,12.07,Promotion
1203,1602,2025-04-30,1394467,1506163.81,8.01,Promotion
1204,1221,2024-01-24,1670378,1972382.34,18.08,Market Adjustment
1205,46,2024-03-10,1410824,1662938.25,17.87,Promotion
1206,505,2025-02-13,337604,348035.96,3.09,Salary Revision
1207,1615,2025-01-28,1376489,1545934.8,12.31,Annual Increment
1208,1249,2024-10-01,690512,799060.49,15.72,Market Adjustment
1209,868,2024-08-16,1115399,1320632.42,18.4,Salary Revision
1210,584,2025-06-07,587545,623561.51,6.13,Salary Revision
1211,1036,2025-12-08,657531,690078.78,4.95,Salary Revision
1212,223,2024-04-12,1401024,1552895.0,10.84,Salary Revision
1213,300,2024-10-06,859542,983487.96,14.42,Market Adjustment
1214,403,2024-10-17,664014,765873.75,15.34,Performance Bonus
1215,1356,2025-05-15,998973,1050719.8,5.18,Promotion
1216,410,2025-06-10,847975,962706.02,13.53,Promotion
1217,1302,2024-03-16,1268924,1404191.3,10.66,Salary Revision
1218,2701,2024-10-23,891047,1022832.85,14.79,Promotion
1219,2317,2024-03-08,1438795,1571164.14,9.2,Market Adjustment
1220,1755,2024-02-24,603662,622254.79,3.08,Promotion
1221,908,2024-10-05,1743589,2015240.17,15.58,Performance Bonus
1222,1134,2025-06-02,1003896,1056901.71,5.28,Market Adjustment
1223,1966,2024-06-14,1220663,1349687.08,10.57,Market Adjustment
1224,1995,2025-07-01,1406939,1475175.54,4.85,Salary Revision
1225,336,2025-04-13,838494,986068.94,17.6,Promotion
1226,2207,2025-07-29,661947,711394.44,7.47,Annual Increment
1227,2980,2024-04-19,408125,482281.31,18.17,Salary Revision
1228,2588,2025-02-07,315419,368440.93,16.81,Salary Revision
1229,1660,2024-05-27,1487395,1585860.55,6.62,Annual Increment
1230,2260,2025-11-11,796552,894049.96,12.24,Salary Revision
1231,1934,2025-08-08,1621344,1883677.46,16.18,Market Adjustment
1232,1608,2024-04-18,718307,848679.72,18.15,Salary Revision
1233,1192,2025-01-20,530769,588622.82,10.9,Salary Revision
1234,371,2024-05-25,1082118,1181564.64,9.19,Annual Increment
1235,2715,2024-07-06,750969,881787.8,17.42,Salary Revision
1236,2803,2025-07-27,597799,692669.7,15.87,Promotion
1237,1828,2025-04-14,583913,619239.74,6.05,Salary Revision
1238,2701,2025-07-30,556601,642929.82,15.51,Performance Bonus
1239,1470,2025-12-29,334766,357262.28,6.72,Performance Bonus
1240,950,2025-01-21,381829,410427.99,7.49,Promotion
1241,176,2024-07-28,1652125,1759843.55,6.52,Market Adjustment
1242,1590,2024-11-18,1234978,1464683.91,18.6,Annual Increment
1243,164,2025-11-21,1610054,1747069.6,8.51,Salary Revision
1244,2596,2024-12-23,823561,965131.14,17.19,Market Adjustment
1245,2371,2024-03-05,1391584,1568176.01,12.69,Performance Bonus
1246,2678,2025-11-04,1043810,1139944.9,9.21,Annual Increment
1247,2117,2025-12-26,777614,850709.72,9.4,Promotion
1248,2116,2025-12-26,1101112,1200212.08,9.0,Market Adjustment
1249,1995,2024-02-28,1261058,1489057.29,18.08,Annual Increment
1250,2056,2024-02-25,541437,598179.6,10.48,Promotion
1251,316,2024-02-16,1329071,1514343.5,13.94,Promotion
1252,616,2025-02-13,641969,678432.84,5.68,Salary Revision
1253,2939,2024-11-06,498156,569093.41,14.24,Performance Bonus
1254,1353,2024-03-21,1760485,1847276.91,4.93,Performance Bonus
1255,1963,2024-01-19,691878,782098.89,13.04,Performance Bonus
1256,92,2025-01-13,761013,789398.78,3.73,Salary Revision
1257,2427,2025-11-15,587912,619012.54,5.29,Salary Revision
1258,161,2025-03-26,1450135,1529892.42,5.5,Promotion
1259,1058,2025-03-29,627566,701493.27,11.78,Performance Bonus
1260,2455,2024-08-25,1431964,1630147.82,13.84,Market Adjustment
1261,352,2025-06-03,704229,779158.97,10.64,Performance Bonus
1262,1973,2025-07-14,607704,648602.48,6.73,Performance Bonus
1263,2462,2025-07-01,549289,639976.61,16.51,Promotion
1264,2553,2024-11-30,1633383,1824162.13,11.68,Promotion
1265,2967,2024-08-06,1687788,1836819.68,8.83,Performance Bonus
1266,2444,2024-04-21,1488569,1550642.33,4.17,Performance Bonus
1267,1579,2024-02-11,527271,552843.64,4.85,Promotion
1268,2142,2025-01-15,1307718,1499037.14,14.63,Promotion
1269,2481,2025-05-29,451952,479159.51,6.02,Salary Revision
1270,2457,2024-07-03,331865,391335.21,17.92,Salary Revision
1271,2062,2024-09-17,496449,519186.36,4.58,Promotion
1272,2472,2025-04-30,1380964,1616694.55,17.07,Performance Bonus
1273,2139,2024-08-16,1132238,1237536.13,9.3,Annual Increment
1274,2858,2024-02-10,1361105,1501162.7,10.29,Performance Bonus
1275,1562,2024-11-08,985089,1113249.08,13.01,Salary Revision
1276,401,2025-08-09,1142315,1202629.23,5.28,Performance Bonus
1277,953,2024-06-19,425778,459073.84,7.82,Salary Revision
1278,1674,2025-07-28,790656,839755.74,6.21,Annual Increment
1279,2368,2024-11-21,1345847,1413139.35,5.0,Annual Increment
1280,1537,2024-10-11,1622682,1727994.06,6.49,Market Adjustment
1281,1675,2024-10-23,1009734,1058302.21,4.81,Performance Bonus
1282,2669,2024-10-02,1477610,1585623.29,7.31,Salary Revision
1283,1735,2025-04-10,1434199,1566432.15,9.22,Market Adjustment
1284,2788,2025-10-24,1083521,1255042.37,15.83,Performance Bonus
1285,2262,2025-06-23,1419293,1578253.82,11.2,Market Adjustment
1286,2291,2025-08-01,1413733,1572353.84,11.22,Market Adjustment
1287,2367,2025-05-21,972167,1129269.19,16.16,Performance Bonus
1288,566,2025-01-05,1632616,1714573.32,5.02,Promotion
1289,1830,2024-07-26,1716562,2045111.97,19.14,Annual Increment
1290,879,2024-05-02,1316073,1445179.76,9.81,Market Adjustment
1291,2256,2025-08-27,1537704,1766053.04,14.85,Annual Increment
1292,659,2024-05-05,1066009,1272814.75,19.4,Annual Increment
1293,374,2024-03-18,554775,615911.21,11.02,Salary Revision
1294,1784,2024-04-09,434844,452629.12,4.09,Promotion
1295,1519,2024-05-15,417855,473638.64,13.35,Performance Bonus
1296,1642,2025-05-04,1537579,1755146.43,14.15,Market Adjustment
1297,2915,2024-01-17,1502990,1562809.0,3.98,Promotion
1298,2623,2024-08-23,1286765,1421360.62,10.46,Promotion
1299,2691,2025-02-09,1336646,1441706.38,7.86,Annual Increment
1300,2456,2025-03-30,1320696,1476141.92,11.77,Promotion
1301,2520,2025-12-09,605431,692976.32,14.46,Market Adjustment
1302,980,2024-08-22,1623674,1672384.22,3.0,Promotion
1303,356,2024-06-30,828681,963341.66,16.25,Market Adjustment
1304,2743,2025-12-22,1078675,1185355.96,9.89,Promotion
1305,2121,2024-07-28,282225,326054.54,15.53,Annual Increment
1306,370,2025-07-14,1402579,1512541.19,7.84,Salary Revision
1307,2388,2025-04-21,980008,1067326.71,8.91,Market Adjustment
1308,927,2025-12-02,1521636,1816376.89,19.37,Performance Bonus
1309,1655,2025-12-28,1455666,1500500.51,3.08,Promotion
1310,1668,2024-04-17,1311658,1374748.75,4.81,Annual Increment
1311,2061,2024-04-10,867090,943220.5,8.78,Annual Increment
1312,2103,2024-05-17,790422,931828.5,17.89,Salary Revision
1313,1025,2024-04-12,1705825,1885448.37,10.53,Performance Bonus
1314,2307,2025-12-11,1264245,1467662.02,16.09,Market Adjustment
1315,1880,2024-09-20,1679407,1861286.78,10.83,Salary Revision
1316,113,2024-12-08,1260764,1323550.05,4.98,Annual Increment
1317,1568,2024-08-04,1578885,1837980.03,16.41,Promotion
1318,2773,2024-01-26,1720472,1839356.62,6.91,Market Adjustment
1319,1690,2024-02-13,990496,1107176.43,11.78,Annual Increment
1320,2871,2025-01-29,802284,860208.9,7.22,Annual Increment
1321,1635,2024-02-04,1662846,1924411.68,15.73,Market Adjustment
1322,312,2024-01-05,1412978,1679041.76,18.83,Performance Bonus
1323,1286,2025-09-21,991422,1058045.56,6.72,Salary Revision
1324,1103,2025-08-15,633326,754291.27,19.1,Promotion
1325,2044,2025-10-16,1795836,1910589.92,6.39,Promotion
1326,1088,2024-12-20,683646,730817.57,6.9,Promotion
1327,2534,2024-10-18,996643,1052953.33,5.65,Annual Increment
1328,492,2025-04-21,414600,474675.54,14.49,Performance Bonus
1329,2515,2024-04-26,263890,306086.01,15.99,Salary Revision
1330,174,2024-08-13,1261439,1378878.97,9.31,Market Adjustment
1331,2017,2024-01-12,1454854,1713381.56,17.77,Performance Bonus
1332,750,2024-02-15,1321924,1424505.3,7.76,Promotion
1333,2363,2025-10-02,518951,539293.88,3.92,Performance Bonus
1334,1960,2024-03-14,1384072,1433206.56,3.55,Market Adjustment
1335,1613,2024-10-14,1689356,1962862.74,16.19,Performance Bonus
1336,494,2025-02-12,1714324,1916785.66,11.81,Market Adjustment
1337,2824,2024-08-10,267655,276219.96,3.2,Promotion
1338,1555,2024-05-22,1468462,1537626.56,4.71,Market Adjustment
1339,2510,2025-10-30,794631,843739.2,6.18,Market Adjustment
1340,972,2025-07-23,814990,904720.4,11.01,Salary Revision
1341,1406,2024-07-04,1017398,1079764.5,6.13,Performance Bonus
1342,863,2024-05-08,1128901,1297220.14,14.91,Market Adjustment
1343,1496,2024-05-10,1090103,1174585.98,7.75,Promotion
1344,2341,2024-05-08,525018,628184.04,19.65,Promotion
1345,410,2025-06-11,1761659,1895368.92,7.59,Promotion
1346,2275,2025-12-18,1156428,1359496.76,17.56,Promotion
1347,598,2025-08-10,1798834,1898489.4,5.54,Annual Increment
1348,724,2024-09-21,1133992,1264287.68,11.49,Salary Revision
1349,2188,2025-11-24,1761124,1908530.08,8.37,Performance Bonus
1350,1229,2024-03-19,776330,873837.05,12.56,Salary Revision
1351,196,2024-10-06,1085509,1136310.82,4.68,Promotion
1352,246,2025-02-09,701867,819991.22,16.83,Performance Bonus
1353,2580,2025-12-16,451959,500092.63,10.65,Market Adjustment
1354,1065,2025-01-09,1006992,1098930.37,9.13,Salary Revision
1355,1056,2025-01-31,971714,1004169.25,3.34,Annual Increment
1356,1439,2025-04-06,1675194,1999679.08,19.37,Promotion
1357,2363,2024-03-28,1457738,1662550.19,14.05,Salary Revision
1358,715,2025-12-12,846867,923423.78,9.04,Salary Revision
1359,1997,2024-08-01,1794607,1984835.34,10.6,Annual Increment
1360,1561,2024-03-09,1536946,1657903.65,7.87,Promotion
1361,687,2024-05-14,1593394,1859968.82,16.73,Market Adjustment
1362,1728,2025-09-12,1573876,1784932.77,13.41,Performance Bonus
1363,293,2025-10-02,415909,439823.77,5.75,Promotion
1364,1285,2025-01-01,914541,1043491.28,14.1,Market Adjustment
1365,2480,2025-03-04,1601917,1757623.33,9.72,Performance Bonus
1366,1488,2025-05-22,1480859,1656488.88,11.86,Performance Bonus
1367,1696,2024-01-05,600891,637725.62,6.13,Annual Increment
1368,513,2025-10-19,1776249,1900408.81,6.99,Market Adjustment
1369,2871,2024-03-02,417907,445405.28,6.58,Performance Bonus
1370,422,2025-07-13,450390,468765.91,4.08,Performance Bonus
1371,2247,2025-08-06,362880,375399.36,3.45,Performance Bonus
1372,2147,2025-12-05,424590,444842.94,4.77,Salary Revision
1373,637,2025-12-06,426813,487121.68,14.13,Performance Bonus
1374,1268,2024-09-12,730994,783698.67,7.21,Market Adjustment
1375,1816,2025-04-11,1563825,1644361.99,5.15,Salary Revision
1376,699,2025-01-02,309918,321075.05,3.6,Market Adjustment
1377,1333,2025-02-10,1248568,1385161.34,10.94,Salary Revision
1378,1116,2025-03-24,1400382,1548262.34,10.56,Salary Revision
1379,726,2025-11-20,1489062,1685022.56,13.16,Salary Revision
1380,1782,2025-05-06,1347774,1534845.03,13.88,Salary Revision
1381,1269,2025-07-22,978064,1087509.36,11.19,Promotion
1382,367,2024-09-16,1176648,1273486.13,8.23,Performance Bonus
1383,1065,2024-02-25,576563,623610.54,8.16,Annual Increment
1384,2144,2024-01-02,535842,583264.02,8.85,Performance Bonus
1385,2192,2024-10-05,267442,306729.23,14.69,Performance Bonus
1386,1955,2025-04-04,878328,906083.16,3.16,Performance Bonus
1387,1200,2024-05-29,1502007,1606096.09,6.93,Annual Increment
1388,2246,2025-04-05,1033588,1097773.81,6.21,Salary Revision
1389,1791,2025-01-11,1077855,1155999.49,7.25,Performance Bonus
1390,1550,2025-01-03,712615,765847.34,7.47,Performance Bonus
1391,2562,2025-02-22,752397,841029.37,11.78,Salary Revision
1392,2843,2025-12-03,1685794,1814251.5,7.62,Salary Revision
1393,1102,2024-06-22,1115922,1185109.16,6.2,Annual Increment
1394,748,2025-03-09,536521,579013.46,7.92,Performance Bonus
1395,2531,2024-12-13,1199521,1291044.45,7.63,Salary Revision
1396,2016,2024-03-29,643823,698226.04,8.45,Promotion
1397,204,2025-08-26,1371914,1418284.69,3.38,Annual Increment
1398,1156,2024-06-01,814543,856329.06,5.13,Performance Bonus
1399,2979,2024-07-15,267205,285802.47,6.96,Promotion
1400,61,2024-12-13,1285111,1371084.93,6.69,Performance Bonus
1401,1277,2024-10-08,1295211,1553864.64,19.97,Performance Bonus
1402,2855,2025-06-11,316557,343812.56,8.61,Promotion
1403,230,2025-10-28,808898,939858.59,16.19,Annual Increment
1404,2225,2024-12-15,1235969,1311239.51,6.09,Market Adjustment
1405,1563,2024-06-12,276456,290472.32,5.07,Promotion
1406,1577,2025-02-09,1178956,1263840.83,7.2,Annual Increment
1407,816,2025-09-01,1216440,1404988.2,15.5,Annual Increment
1408,2135,2024-02-19,1646719,1971122.64,19.7,Performance Bonus
1409,1594,2025-10-01,1679088,2003823.62,19.34,Market Adjustment
1410,650,2024-09-03,1569453,1810834.87,15.38,Salary Revision
1411,2134,2025-01-15,506149,543148.49,7.31,Market Adjustment
1412,814,2025-11-17,1005869,1187830.7,18.09,Promotion
1413,463,2024-03-29,744856,847348.19,13.76,Market Adjustment
1414,62,2025-08-20,600980,700141.7,16.5,Salary Revision
1415,491,2025-09-03,1080070,1257417.49,16.42,Annual Increment
1416,173,2024-03-12,1468606,1708282.5,16.32,Performance Bonus
1417,2820,2025-11-15,1500347,1584816.54,5.63,Annual Increment
1418,1019,2025-07-07,580717,647499.45,11.5,Salary Revision
1419,1387,2025-10-28,1560997,1623749.08,4.02,Market Adjustment
1420,2641,2025-04-14,572790,658250.27,14.92,Annual Increment
1421,516,2025-02-10,1273080,1361686.37,6.96,Salary Revision
1422,2641,2024-11-07,978378,1141669.29,16.69,Performance Bonus
1423,791,2024-01-19,294780,338171.62,14.72,Market Adjustment
1424,2968,2024-07-25,532553,571216.35,7.26,Annual Increment
1425,1988,2024-03-15,1731902,1912712.57,10.44,Market Adjustment
1426,2224,2024-01-26,1711794,1905740.26,11.33,Salary Revision
1427,765,2025-10-28,1390054,1513907.81,8.91,Performance Bonus
1428,1128,2025-11-09,1505522,1784796.33,18.55,Salary Revision
1429,657,2024-02-18,394444,441895.61,12.03,Performance Bonus
1430,1212,2025-12-21,802283,900241.75,12.21,Performance Bonus
1431,3,2024-06-07,1588037,1772249.29,11.6,Promotion
1432,77,2024-01-20,1549677,1821955.25,17.57,Salary Revision
1433,979,2024-09-14,922544,1063324.21,15.26,Salary Revision
1434,1588,2024-05-02,648185,725383.83,11.91,Performance Bonus
1435,2259,2025-07-19,573237,650165.41,13.42,Market Adjustment
1436,1679,2025-03-20,1594072,1729089.9,8.47,Annual Increment
1437,2144,2024-01-24,1631794,1699187.09,4.13,Promotion
1438,732,2024-05-04,315585,335908.67,6.44,Performance Bonus
1439,785,2024-11-02,457101,473282.38,3.54,Performance Bonus
1440,2695,2024-08-05,1277414,1429937.23,11.94,Salary Revision
1441,1049,2025-02-19,352940,385516.36,9.23,Salary Revision
1442,2941,2024-09-21,398633,411468.98,3.22,Promotion
1443,2686,2024-04-13,1280552,1521039.67,18.78,Annual Increment
1444,1918,2025-06-08,1589905,1653978.17,4.03,Salary Revision
1445,1704,2025-05-03,1023993,1192951.84,16.5,Annual Increment
1446,2527,2024-02-07,807455,904268.85,11.99,Annual Increment
1447,1245,2025-05-18,413442,492244.05,19.06,Salary Revision
1448,398,2024-06-20,462284,533152.14,15.33,Salary Revision
1449,1579,2024-03-31,647327,687979.14,6.28,Promotion
1450,2335,2024-12-24,1561401,1859784.73,19.11,Salary Revision
1451,2287,2025-10-23,1120705,1296431.54,15.68,Salary Revision
1452,1467,2025-04-28,1664513,1844280.4,10.8,Performance Bonus
1453,427,2024-08-14,599824,698615.01,16.47,Salary Revision
1454,1645,2025-12-06,1308417,1422772.65,8.74,Promotion
1455,2187,2024-09-18,1508114,1666918.4,10.53,Market Adjustment
1456,1291,2024-11-27,1403604,1682219.39,19.85,Market Adjustment
1457,1523,2025-04-18,1114746,1292993.89,15.99,Performance Bonus
1458,2974,2024-10-19,928325,1052163.55,13.34,Salary Revision
1459,2235,2025-10-27,698639,764171.34,9.38,Salary Revision
1460,1041,2024-07-26,1004992,1199457.95,19.35,Performance Bonus
1461,1627,2024-12-07,250410,288847.93,15.35,Market Adjustment
1462,2441,2025-10-20,284188,317722.18,11.8,Market Adjustment
1463,27,2024-09-14,879845,1053438.42,19.73,Promotion
1464,1290,2025-02-23,295511,343147.37,16.12,Market Adjustment
1465,2268,2025-02-25,1322214,1486961.86,12.46,Salary Revision
1466,634,2024-04-28,447734,464031.52,3.64,Market Adjustment
1467,640,2024-05-16,540263,580782.72,7.5,Salary Revision
1468,1024,2024-08-10,738624,792986.73,7.36,Market Adjustment
1469,377,2025-11-18,1446398,1588145.0,9.8,Promotion
1470,317,2025-08-14,1767458,1918045.42,8.52,Performance Bonus
1471,709,2025-06-25,1273989,1491076.73,17.04,Salary Revision
1472,391,2024-05-14,1498290,1706851.97,13.92,Annual Increment
1473,2994,2024-04-04,1458554,1596970.77,9.49,Annual Increment
1474,1370,2025-11-17,979662,1155609.3,17.96,Performance Bonus
1475,1707,2024-12-05,502791,592237.52,17.79,Promotion
1476,2674,2025-12-21,1513118,1797432.87,18.79,Performance Bonus
1477,222,2024-08-23,889177,995077.98,11.91,Market Adjustment
1478,2212,2025-07-13,1434708,1514190.82,5.54,Salary Revision
1479,2859,2025-04-30,713045,752975.52,5.6,Performance Bonus
1480,1826,2025-04-04,1498082,1689536.88,12.78,Annual Increment
1481,910,2025-05-10,1155834,1247491.64,7.93,Performance Bonus
1482,607,2024-08-27,527220,573140.86,8.71,Performance Bonus
1483,2341,2025-01-11,353412,396952.36,12.32,Market Adjustment
1484,349,2024-09-08,1085771,1210960.4,11.53,Promotion
1485,553,2024-12-22,1258567,1416013.73,12.51,Performance Bonus
1486,1620,2024-05-17,1617864,1823494.51,12.71,Salary Revision
1487,2524,2024-05-13,1792807,2006330.31,11.91,Promotion
1488,294,2024-05-26,808381,939419.56,16.21,Market Adjustment
1489,2805,2025-07-08,1457997,1523898.46,4.52,Performance Bonus
1490,1735,2024-05-29,1016021,1106650.07,8.92,Market Adjustment
1491,1412,2025-07-06,1495450,1706906.63,14.14,Market Adjustment
1492,694,2024-07-28,983408,1115971.4,13.48,Performance Bonus
1493,2553,2025-11-18,555803,614106.73,10.49,Promotion
1494,818,2025-02-28,1687302,1845064.74,9.35,Annual Increment
1495,461,2025-06-29,364374,390353.87,7.13,Salary Revision
1496,605,2025-01-24,853319,880881.2,3.23,Annual Increment
1497,1250,2025-11-03,1193847,1325289.55,11.01,Market Adjustment
1498,857,2024-11-08,1378279,1469245.41,6.6,Salary Revision
1499,2144,2025-06-24,792445,890153.47,12.33,Salary Revision
1500,2990,2024-09-21,546427,627407.48,14.82,Annual Increment
1501,1543,2024-11-16,1472649,1743616.42,18.4,Salary Revision
1502,179,2025-08-08,785730,832088.07,5.9,Market Adjustment
1503,823,2024-03-14,1710722,1941840.54,13.51,Annual Increment
1504,1905,2025-09-25,1623126,1932656.13,19.07,Annual Increment
1505,1592,2025-06-20,1634902,1759318.04,7.61,Market Adjustment
1506,442,2024-03-12,290010,313123.8,7.97,Performance Bonus
1507,947,2024-03-03,1048388,1170525.2,11.65,Annual Increment
1508,1293,2025-05-10,1266410,1491071.13,17.74,Salary Revision
1509,361,2024-07-07,640945,681837.29,6.38,Performance Bonus
1510,2297,2025-08-12,1744156,1802934.06,3.37,Promotion
1511,2169,2024-12-11,889479,966596.83,8.67,Performance Bonus
1512,644,2024-02-12,288529,314208.08,8.9,Market Adjustment
1513,1456,2024-08-21,1561204,1688286.01,8.14,Salary Revision
1514,1130,2024-04-25,380043,431880.87,13.64,Performance Bonus
1515,121,2025-07-06,1413792,1684250.41,19.13,Promotion
1516,622,2024-05-24,966777,1143213.8,18.25,Promotion
1517,360,2024-02-03,1780689,1949854.45,9.5,Salary Revision
1518,2563,2024-07-02,1689743,1805828.34,6.87,Promotion
1519,2347,2024-12-18,570338,628797.65,10.25,Market Adjustment
1520,2480,2025-12-28,940560,1040635.58,10.64,Promotion
1521,847,2024-04-07,1618334,1705076.7,5.36,Salary Revision
1522,2802,2025-05-23,674275,793351.97,17.66,Market Adjustment
1523,2821,2024-04-13,1728778,2044798.62,18.28,Promotion
1524,1762,2025-04-13,554406,632909.89,14.16,Salary Revision
1525,648,2025-08-27,915837,953844.24,4.15,Salary Revision
1526,2947,2024-07-03,498276,528820.32,6.13,Promotion
1527,2979,2024-01-01,311831,361755.14,16.01,Performance Bonus
1528,1685,2025-10-15,886167,979480.39,10.53,Market Adjustment
1529,623,2024-09-04,644125,675171.83,4.82,Promotion
1530,108,2025-04-25,1533418,1740276.09,13.49,Salary Revision
1531,2323,2024-02-15,1534216,1640537.17,6.93,Promotion
1532,946,2025-01-19,1691535,1749723.8,3.44,Annual Increment
1533,2819,2024-06-15,1249507,1315480.97,5.28,Salary Revision
1534,1921,2025-03-03,1743212,1987958.96,14.04,Promotion
1535,1588,2025-08-04,1280636,1422274.34,11.06,Promotion
1536,792,2024-10-19,724529,750249.78,3.55,Annual Increment
1537,1106,2024-01-16,1116216,1191895.44,6.78,Promotion
1538,838,2025-02-17,388697,412057.69,6.01,Performance Bonus
1539,2528,2024-10-25,1277484,1465146.4,14.69,Performance Bonus
1540,1011,2025-07-03,1146649,1259937.92,9.88,Annual Increment
1541,2491,2024-12-11,1792102,2096938.55,17.01,Market Adjustment
1542,1615,2024-11-10,1532418,1823117.69,18.97,Salary Revision
1543,2433,2025-12-30,1374407,1538373.76,11.93,Annual Increment
1544,2133,2024-07-17,479252,530436.11,10.68,Annual Increment
1545,1007,2024-05-14,1337798,1500206.68,12.14,Annual Increment
1546,2285,2024-12-13,1062432,1187480.25,11.77,Annual Increment
1547,778,2025-02-28,860647,950756.74,10.47,Market Adjustment
1548,1172,2025-04-08,1217515,1288496.12,5.83,Market Adjustment
1549,2512,2025-04-04,364392,418066.94,14.73,Promotion
1550,1899,2025-03-20,1604973,1776384.12,10.68,Salary Revision
1551,464,2025-03-09,627007,728832.94,16.24,Salary Revision
1552,555,2024-07-05,1074320,1182074.3,10.03,Performance Bonus
1553,103,2025-05-11,625135,692086.96,10.71,Promotion
1554,1863,2025-04-04,439120,470956.2,7.25,Promotion
1555,2943,2024-12-09,1787762,1878937.86,5.1,Annual Increment
1556,2893,2024-08-16,1192456,1356776.44,13.78,Annual Increment
1557,2146,2025-07-23,1733271,1898451.73,9.53,Salary Revision
1558,2508,2025-11-12,585333,640588.44,9.44,Performance Bonus
1559,180,2025-08-21,608371,720980.47,18.51,Salary Revision
1560,2702,2024-12-24,564760,597290.18,5.76,Promotion
1561,733,2024-11-03,1743271,1810735.59,3.87,Market Adjustment
1562,1268,2024-07-19,1781260,2067508.48,16.07,Performance Bonus
1563,1183,2024-04-17,1563766,1658686.6,6.07,Promotion
1564,831,2024-02-20,257409,292365.14,13.58,Market Adjustment
1565,51,2024-12-22,1211843,1350720.21,11.46,Performance Bonus
1566,2227,2025-07-13,262059,297017.67,13.34,Performance Bonus
1567,975,2025-07-18,704817,796513.69,13.01,Performance Bonus
1568,1859,2024-09-15,1110149,1226825.66,10.51,Salary Revision
1569,2459,2025-04-22,263784,282670.93,7.16,Salary Revision
1570,1140,2024-05-22,1549743,1761902.82,13.69,Promotion
1571,201,2025-03-06,637637,672834.56,5.52,Market Adjustment
1572,151,2024-04-13,554872,652085.57,17.52,Salary Revision
1573,2472,2025-08-14,875877,951465.19,8.63,Annual Increment
1574,201,2025-03-31,478353,526618.82,10.09,Promotion
1575,661,2024-04-18,1659475,1789411.89,7.83,Salary Revision
1576,2345,2025-08-06,1428971,1514995.05,6.02,Performance Bonus
1577,2372,2024-02-12,1005370,1194781.71,18.84,Annual Increment
1578,1226,2025-04-20,927006,1012939.46,9.27,Performance Bonus
1579,278,2024-04-22,1146163,1344907.66,17.34,Annual Increment
1580,1200,2025-11-29,1237374,1302831.08,5.29,Market Adjustment
1581,1349,2024-01-27,1355309,1491246.49,10.03,Promotion
1582,2851,2024-08-17,688411,780658.07,13.4,Annual Increment
1583,2341,2025-03-11,1780351,2130189.97,19.65,Salary Revision
1584,360,2025-09-01,1264314,1457880.47,15.31,Salary Revision
1585,2896,2024-07-21,852275,939718.42,10.26,Market Adjustment
1586,1064,2025-12-28,1351825,1524588.23,12.78,Salary Revision
1587,1450,2024-10-20,522028,592188.56,13.44,Performance Bonus
1588,2129,2024-02-16,1779211,2023674.59,13.74,Performance Bonus
1589,737,2024-02-22,1528016,1634365.91,6.96,Market Adjustment
1590,793,2025-08-29,253315,266006.08,5.01,Performance Bonus
1591,2562,2024-04-22,497308,574589.66,15.54,Promotion
1592,2521,2025-07-18,1119546,1231948.42,10.04,Market Adjustment
1593,1433,2024-08-08,1425276,1663297.09,16.7,Promotion
1594,47,2025-05-26,1593473,1695773.97,6.42,Market Adjustment
1595,1043,2025-11-26,392262,424545.16,8.23,Salary Revision
1596,2253,2025-05-30,929317,1078379.45,16.04,Annual Increment
1597,2810,2024-09-17,948944,1032451.07,8.8,Salary Revision
1598,2524,2025-02-15,311063,364379.2,17.14,Promotion
1599,1354,2025-01-01,958704,1137789.91,18.68,Performance Bonus
1600,1944,2025-01-11,324571,369946.03,13.98,Performance Bonus
1601,637,2025-06-06,1565334,1734859.67,10.83,Salary Revision
1602,1373,2024-10-22,1219870,1419074.77,16.33,Performance Bonus
1603,230,2024-09-27,1342769,1451399.01,8.09,Market Adjustment
1604,2275,2025-11-17,1373833,1419444.26,3.32,Salary Revision
1605,2808,2025-01-07,945665,1102550.82,16.59,Market Adjustment
1606,272,2025-05-15,563115,606869.04,7.77,Annual Increment
1607,1390,2024-05-30,1036936,1178477.76,13.65,Promotion
1608,2339,2024-08-16,1520222,1666467.36,9.62,Salary Revision
1609,479,2025-02-03,896512,1030899.15,14.99,Market Adjustment
1610,2908,2025-05-29,316329,340433.27,7.62,Annual Increment
1611,2036,2024-02-09,748371,818119.18,9.32,Market Adjustment
1612,886,2024-02-24,1351215,1461203.9,8.14,Annual Increment
1613,1533,2025-02-16,328423,381693.21,16.22,Annual Increment
1614,1818,2025-01-14,1311147,1355988.23,3.42,Performance Bonus
1615,2049,2024-09-15,573124,608829.63,6.23,Performance Bonus
1616,2145,2024-07-21,900869,1046629.6,16.18,Promotion
1617,403,2024-05-15,1332437,1525640.36,14.5,Promotion
1618,841,2024-11-24,1769534,1833591.13,3.62,Performance Bonus
1619,2924,2024-06-04,1345436,1412304.17,4.97,Market Adjustment
1620,181,2025-06-09,1690853,1985399.59,17.42,Annual Increment
1621,1366,2025-01-17,1229109,1451823.55,18.12,Annual Increment
1622,2133,2025-05-20,1631990,1887722.83,15.67,Annual Increment
1623,2366,2025-02-25,904611,1029990.08,13.86,Promotion
1624,1315,2024-06-30,670595,712641.31,6.27,Market Adjustment
1625,2181,2024-07-03,919305,1067680.83,16.14,Annual Increment
1626,1117,2025-03-26,563148,595134.81,5.68,Annual Increment
1627,63,2024-03-09,1556410,1751116.89,12.51,Annual Increment
1628,847,2024-03-25,1387765,1512108.74,8.96,Market Adjustment
1629,1111,2025-07-15,546866,650989.29,19.04,Market Adjustment
1630,2352,2025-09-20,763435,808554.01,5.91,Market Adjustment
1631,2512,2024-01-22,960386,1077457.05,12.19,Annual Increment
1632,533,2024-12-02,310802,344990.22,11.0,Annual Increment
1633,434,2025-07-20,1054466,1095695.62,3.91,Performance Bonus
1634,1606,2024-11-02,625354,719032.03,14.98,Salary Revision
1635,2579,2025-03-30,1697296,1950023.37,14.89,Salary Revision
1636,1457,2025-08-09,905235,983537.83,8.65,Promotion
1637,2921,2024-07-18,1656916,1934615.12,16.76,Annual Increment
1638,1908,2024-03-07,1440740,1516234.78,5.24,Performance Bonus
1639,399,2024-03-17,1205429,1305238.52,8.28,Performance Bonus
1640,1928,2024-09-30,735897,876526.92,19.11,Promotion
1641,2527,2025-12-26,791175,937700.61,18.52,Performance Bonus
1642,752,2024-08-01,1717198,2036425.11,18.59,Market Adjustment
1643,1331,2025-03-18,1200603,1336151.08,11.29,Annual Increment
1644,1947,2025-10-12,486741,530401.67,8.97,Performance Bonus
1645,700,2025-06-06,841936,977150.92,16.06,Salary Revision
1646,2354,2025-01-07,517164,577361.89,11.64,Performance Bonus
1647,2926,2024-03-25,474356,514866.0,8.54,Annual Increment
1648,1238,2025-08-19,1367248,1515457.68,10.84,Salary Revision
1649,1694,2025-01-21,750328,851997.44,13.55,Salary Revision
1650,652,2024-02-15,1261612,1381717.46,9.52,Market Adjustment
1651,853,2024-04-02,1705549,1928123.14,13.05,Performance Bonus
1652,2324,2025-03-27,967647,1086280.52,12.26,Promotion
1653,709,2025-08-09,1639598,1875372.19,14.38,Salary Revision
1654,1994,2025-05-18,489752,553762.59,13.07,Performance Bonus
1655,1333,2025-06-04,1414103,1480000.2,4.66,Performance Bonus
1656,722,2024-06-13,895997,1068476.42,19.25,Annual Increment
1657,2451,2024-08-27,478054,548088.91,14.65,Salary Revision
1658,1553,2024-04-09,936624,1043399.14,11.4,Annual Increment
1659,371,2025-07-04,706364,825668.88,16.89,Salary Revision
1660,2606,2024-07-30,250386,290122.26,15.87,Promotion
1661,1856,2024-10-22,1364124,1472708.27,7.96,Salary Revision
1662,2368,2024-08-04,1187762,1262947.33,6.33,Market Adjustment
1663,1228,2025-08-19,1445956,1684538.74,16.5,Market Adjustment
1664,1781,2024-06-09,1755317,2101114.45,19.7,Market Adjustment
1665,366,2025-03-21,1472067,1518289.9,3.14,Salary Revision
1666,1656,2024-02-18,517503,608014.27,17.49,Annual Increment
1667,1513,2024-10-25,1401095,1673607.98,19.45,Annual Increment
1668,2881,2025-07-22,1424468,1665915.33,16.95,Market Adjustment
1669,450,2024-10-02,841835,991008.16,17.72,Promotion
1670,1769,2024-06-13,1722666,1947129.38,13.03,Market Adjustment
1671,2916,2024-10-23,1052768,1156992.03,9.9,Performance Bonus
1672,2233,2024-07-31,692952,791766.96,14.26,Performance Bonus
1673,570,2025-11-25,644740,724945.66,12.44,Market Adjustment
1674,1709,2024-07-18,573521,618829.16,7.9,Promotion
1675,551,2025-03-12,274332,285908.81,4.22,Annual Increment
1676,590,2024-12-10,1762758,2080759.54,18.04,Performance Bonus
1677,557,2025-12-06,427552,450340.52,5.33,Performance Bonus
1678,1868,2024-08-23,1708339,1935206.42,13.28,Performance Bonus
1679,2553,2025-07-14,627062,694283.05,10.72,Performance Bonus
1680,2262,2025-04-22,1193814,1307703.86,9.54,Promotion
1681,762,2024-06-18,1140811,1292310.7,13.28,Salary Revision
1682,2041,2024-10-25,1782836,1907991.09,7.02,Salary Revision
1683,1103,2025-02-25,1111589,1320011.94,18.75,Salary Revision
1684,1504,2025-03-01,320174,383024.16,19.63,Salary Revision
1685,1980,2024-12-16,1728245,1888453.31,9.27,Salary Revision
1686,1973,2024-08-25,1698077,1772113.16,4.36,Salary Revision
1687,1145,2025-10-13,1225042,1369474.45,11.79,Salary Revision
1688,2499,2025-02-02,435485,466709.27,7.17,Annual Increment
1689,2802,2025-05-21,1578939,1771095.88,12.17,Salary Revision
1690,1280,2025-04-16,1535636,1595525.8,3.9,Market Adjustment
1691,2192,2025-08-15,272614,302519.76,10.97,Salary Revision
1692,1922,2024-04-02,1453692,1678578.15,15.47,Performance Bonus
1693,1446,2024-03-01,867858,936592.35,7.92,Annual Increment
1694,2847,2025-02-02,1503334,1739958.77,15.74,Salary Revision
1695,1067,2024-03-07,378802,430697.87,13.7,Salary Revision
1696,693,2025-11-22,1451374,1507687.31,3.88,Market Adjustment
1697,2558,2025-01-13,307248,331459.14,7.88,Annual Increment
1698,520,2025-10-16,1310311,1366785.4,4.31,Market Adjustment
1699,1033,2025-12-30,527953,599068.27,13.47,Market Adjustment
1700,1053,2024-08-11,279785,323431.46,15.6,Salary Revision
1701,716,2024-06-18,1491031,1723035.42,15.56,Performance Bonus
1702,1515,2024-03-15,617839,663806.22,7.44,Promotion
1703,1987,2025-03-30,629184,733565.63,16.59,Annual Increment
1704,1405,2025-05-19,427002,510011.19,19.44,Salary Revision
1705,632,2025-10-16,1290078,1493910.32,15.8,Performance Bonus
1706,1570,2024-01-28,749011,855595.27,14.23,Promotion
1707,864,2024-01-28,1461645,1687907.65,15.48,Market Adjustment
1708,223,2025-05-18,1596919,1716528.23,7.49,Annual Increment
1709,216,2025-03-31,601483,666984.5,10.89,Performance Bonus
1710,1235,2025-04-21,1248802,1444614.15,15.68,Salary Revision
1711,958,2025-10-10,1046499,1199497.15,14.62,Performance Bonus
1712,1944,2025-04-09,800764,844565.79,5.47,Performance Bonus
1713,49,2025-02-16,855641,1016159.25,18.76,Performance Bonus
1714,1565,2024-06-01,1672903,1812924.98,8.37,Salary Revision
1715,2798,2025-07-28,336020,351678.53,4.66,Salary Revision
1716,2611,2025-08-03,992031,1183096.17,19.26,Performance Bonus
1717,2501,2025-05-19,1617481,1901995.91,17.59,Market Adjustment
1718,1108,2025-05-23,810123,944927.47,16.64,Market Adjustment
1719,2681,2024-08-26,1475107,1617454.83,9.65,Promotion
1720,2753,2024-02-14,1484644,1723671.68,16.1,Salary Revision
1721,1383,2024-07-03,1671277,1917456.1,14.73,Promotion
1722,1284,2024-12-14,1398426,1442895.95,3.18,Annual Increment
1723,279,2025-08-24,275084,302564.89,9.99,Salary Revision
1724,426,2024-01-07,1687596,1866143.66,10.58,Promotion
1725,2971,2025-02-14,844116,905567.64,7.28,Annual Increment
1726,98,2024-07-26,1548970,1619603.03,4.56,Salary Revision
1727,2690,2025-02-05,704714,839737.2,19.16,Annual Increment
1728,2901,2025-02-11,501610,524031.97,4.47,Salary Revision
1729,533,2025-08-23,1038441,1185484.25,14.16,Salary Revision
1730,757,2024-04-01,482458,554006.52,14.83,Market Adjustment
1731,1207,2025-06-27,1229276,1404201.97,14.23,Annual Increment
1732,2617,2025-10-27,1200940,1425395.69,18.69,Market Adjustment
1733,1749,2024-01-16,1701693,2014123.83,18.36,Market Adjustment
1734,1055,2025-06-22,589667,685605.82,16.27,Market Adjustment
1735,256,2025-12-04,1052787,1153959.83,9.61,Annual Increment
1736,1058,2024-08-23,805042,853505.53,6.02,Annual Increment
1737,2015,2025-06-30,670833,760590.46,13.38,Promotion
1738,2644,2024-10-24,1281918,1343962.83,4.84,Salary Revision
1739,1767,2025-01-20,707989,803142.72,13.44,Annual Increment
1740,1809,2025-06-13,1750303,1879825.42,7.4,Annual Increment
1741,299,2024-04-04,397665,448208.22,12.71,Market Adjustment
1742,1827,2024-11-18,289352,342129.8,18.24,Promotion
1743,2675,2024-08-14,1592880,1640825.69,3.01,Annual Increment
1744,2723,2024-01-21,1068903,1149391.4,7.53,Market Adjustment
1745,1603,2024-07-07,1455107,1499633.27,3.06,Performance Bonus
1746,1959,2025-09-17,1164479,1279413.08,9.87,Annual Increment
1747,2213,2024-04-12,723635,745778.23,3.06,Performance Bonus
1748,497,2024-07-22,1439596,1613787.12,12.1,Market Adjustment
1749,1366,2024-07-12,1679913,1816825.91,8.15,Annual Increment
1750,2590,2025-07-29,1607013,1679971.39,4.54,Salary Revision
1751,1393,2024-01-04,418730,491170.29,17.3,Market Adjustment
1752,2654,2025-12-14,675974,716532.44,6.0,Annual Increment
1753,1574,2024-04-10,1635659,1737887.69,6.25,Performance Bonus
1754,438,2024-04-18,1572499,1803813.6,14.71,Performance Bonus
1755,348,2025-04-05,1577059,1741861.67,10.45,Promotion
1756,574,2024-01-24,324864,345265.46,6.28,Salary Revision
1757,977,2024-05-08,1275995,1398618.12,9.61,Salary Revision
1758,2636,2025-08-08,895358,998234.63,11.49,Performance Bonus
1759,68,2024-09-12,327684,356421.89,8.77,Market Adjustment
1760,2954,2024-11-12,339788,373393.03,9.89,Promotion
1761,2679,2025-04-28,1649463,1845584.15,11.89,Salary Revision
1762,611,2024-11-04,1464976,1566938.33,6.96,Annual Increment
1763,152,2025-06-02,1792370,1889337.22,5.41,Annual Increment
1764,1931,2024-04-16,1546820,1605289.8,3.78,Promotion
1765,59,2024-07-17,611232,695337.52,13.76,Market Adjustment
1766,399,2024-08-30,1206688,1368263.52,13.39,Salary Revision
1767,262,2025-05-07,472992,496357.8,4.94,Salary Revision
1768,2522,2025-10-30,712574,741575.76,4.07,Promotion
1769,1746,2024-03-22,957459,1118312.11,16.8,Performance Bonus
1770,1329,2025-09-29,503341,601945.5,19.59,Salary Revision
1771,2236,2025-06-14,538000,583568.6,8.47,Promotion
1772,187,2025-08-28,1493789,1582669.45,5.95,Annual Increment
1773,495,2024-01-21,824396,868913.38,5.4,Performance Bonus
1774,689,2024-01-22,1710238,1869119.11,9.29,Promotion
1775,1797,2025-01-20,760959,903562.72,18.74,Annual Increment
1776,547,2024-11-07,459647,535258.93,16.45,Salary Revision
1777,1541,2025-07-27,580833,599826.24,3.27,Performance Bonus
1778,331,2024-06-11,263316,271531.46,3.12,Annual Increment
1779,2895,2024-11-01,1616830,1828473.05,13.09,Market Adjustment
1780,1705,2025-08-20,1704382,1989525.11,16.73,Performance Bonus
1781,2836,2024-05-15,516112,549659.28,6.5,Market Adjustment
1782,2143,2025-05-03,1194597,1314056.7,10.0,Promotion
1783,2501,2025-03-16,1700544,1762443.8,3.64,Promotion
1784,2938,2024-12-16,1298340,1472317.56,13.4,Annual Increment
1785,2569,2025-11-07,881661,960217.0,8.91,Annual Increment
1786,2285,2025-12-08,744170,790755.04,6.26,Salary Revision
1787,392,2024-06-24,1547971,1689610.35,9.15,Salary Revision
1788,2079,2024-09-13,709855,787158.21,10.89,Promotion
1789,1133,2025-04-30,361293,384018.33,6.29,Promotion
1790,2807,2025-12-22,1244915,1387582.26,11.46,Promotion
1791,2745,2024-10-08,340419,353763.42,3.92,Market Adjustment
1792,1168,2024-03-07,689541,761184.31,10.39,Market Adjustment
1793,2527,2024-04-15,1200319,1245210.93,3.74,Annual Increment
1794,2202,2025-06-07,618863,654076.3,5.69,Annual Increment
1795,1987,2024-12-15,1329831,1395923.6,4.97,Promotion
1796,2955,2025-02-16,1182857,1337574.7,13.08,Market Adjustment
1797,1717,2025-01-12,666811,771500.33,15.7,Market Adjustment
1798,943,2024-10-31,480965,522039.41,8.54,Annual Increment
1799,972,2025-06-08,1797169,1977065.62,10.01,Promotion
1800,1539,2024-08-11,712763,743055.43,4.25,Salary Revision
1801,1985,2024-11-18,363957,429978.8,18.14,Promotion
1802,886,2024-04-06,1528074,1692036.34,10.73,Performance Bonus
1803,1530,2024-05-16,536061,593848.38,10.78,Promotion
1804,2589,2025-06-19,1002018,1198213.12,19.58,Promotion
1805,1376,2024-02-16,516782,535127.76,3.55,Salary Revision
1806,245,2025-01-22,838469,883075.55,5.32,Performance Bonus
1807,1879,2025-05-11,1127078,1193688.31,5.91,Market Adjustment
1808,901,2024-01-15,868998,984227.13,13.26,Salary Revision
1809,697,2024-10-02,1462408,1747431.32,19.49,Promotion
1810,355,2025-01-07,1113389,1309011.45,17.57,Performance Bonus
1811,887,2024-10-04,1490635,1655350.17,11.05,Performance Bonus
1812,1144,2025-10-05,280416,323628.11,15.41,Promotion
1813,1016,2025-02-13,936389,1033586.18,10.38,Promotion
1814,2424,2025-08-03,562412,666626.94,18.53,Annual Increment
1815,1712,2025-06-29,342744,355356.98,3.68,Performance Bonus
1816,2066,2025-02-06,320507,353326.92,10.24,Performance Bonus
1817,1964,2025-10-14,1710988,2001171.56,16.96,Performance Bonus
1818,2029,2025-01-26,754389,787657.55,4.41,Annual Increment
1819,2840,2024-05-10,1784667,1961527.5,9.91,Promotion
1820,544,2025-04-20,1001631,1082061.97,8.03,Annual Increment
1821,66,2024-03-18,1256177,1436689.63,14.37,Promotion
1822,2881,2025-10-28,1213185,1426462.92,17.58,Salary Revision
1823,100,2024-08-13,1203870,1334851.06,10.88,Promotion
1824,2881,2024-02-12,1100102,1167648.26,6.14,Market Adjustment
1825,2568,2024-04-10,1223698,1406885.59,14.97,Annual Increment
1826,2570,2024-04-09,398265,436259.48,9.54,Market Adjustment
1827,2175,2025-02-02,318606,344221.92,8.04,Market Adjustment
1828,2860,2024-03-22,1534508,1722024.88,12.22,Promotion
1829,2805,2024-05-25,419783,476663.6,13.55,Market Adjustment
1830,225,2025-12-08,1329480,1583011.84,19.07,Market Adjustment
1831,212,2024-04-24,482713,528619.01,9.51,Performance Bonus
1832,2536,2025-07-31,335719,366638.72,9.21,Promotion
1833,2655,2025-04-08,1421868,1634863.83,14.98,Salary Revision
1834,2906,2025-04-27,679313,715656.25,5.35,Market Adjustment
1835,978,2024-04-15,1381694,1449811.51,4.93,Performance Bonus
1836,2377,2025-07-26,1723969,1837233.76,6.57,Promotion
1837,1313,2024-12-18,989689,1170406.21,18.26,Salary Revision
1838,2787,2025-01-19,1136946,1224604.54,7.71,Annual Increment
1839,1528,2025-09-16,973992,1078111.74,10.69,Salary Revision
1840,2158,2025-11-02,507340,563096.67,10.99,Salary Revision
1841,2779,2025-11-26,1367478,1617589.73,18.29,Performance Bonus
1842,2544,2025-02-24,1022057,1191718.46,16.6,Annual Increment
1843,772,2025-12-07,1210231,1264449.35,4.48,Performance Bonus
1844,733,2025-03-27,854761,1019644.4,19.29,Annual Increment
1845,448,2024-12-16,595539,641335.95,7.69,Promotion
1846,2033,2025-02-23,565617,666692.76,17.87,Salary Revision
1847,2570,2024-11-21,297584,321331.2,7.98,Salary Revision
1848,541,2024-11-26,1243850,1354428.26,8.89,Performance Bonus
1849,2641,2024-03-19,295051,318537.06,7.96,Annual Increment
1850,91,2024-05-20,737227,863956.32,17.19,Salary Revision
1851,2641,2025-10-30,954385,1049823.5,10.0,Market Adjustment
1852,2686,2025-08-26,1604867,1867744.21,16.38,Performance Bonus
1853,2431,2025-10-01,1646399,1890889.25,14.85,Salary Revision
1854,1824,2024-09-24,1210510,1309408.67,8.17,Promotion
1855,1256,2025-04-03,610158,710345.94,16.42,Promotion
1856,1984,2025-11-14,1029935,1230772.32,19.5,Annual Increment
1857,608,2025-06-22,990548,1068107.91,7.83,Promotion
1858,2534,2025-06-01,587200,675867.2,15.1,Market Adjustment
1859,747,2025-08-03,617755,724441.29,17.27,Promotion
1860,661,2025-10-15,748923,786294.26,4.99,Market Adjustment
1861,2354,2025-09-29,515234,569333.57,10.5,Market Adjustment
1862,756,2025-08-13,680241,765679.27,12.56,Annual Increment
1863,2727,2024-04-26,914679,1094230.49,19.63,Promotion
1864,1528,2025-02-28,1190423,1335416.52,12.18,Promotion
1865,2186,2025-09-30,882416,927154.49,5.07,Annual Increment
1866,1658,2025-11-06,1297353,1505707.89,16.06,Performance Bonus
1867,1312,2025-03-06,577267,594989.1,3.07,Salary Revision
1868,2079,2024-01-03,944745,1077009.3,14.0,Market Adjustment
1869,1942,2024-12-27,857811,1024912.58,19.48,Salary Revision
1870,2732,2025-12-14,558456,651103.85,16.59,Performance Bonus
1871,1388,2024-12-30,1695245,1778481.53,4.91,Performance Bonus
1872,165,2024-11-10,542391,621200.41,14.53,Annual Increment
1873,1262,2025-11-13,302000,331686.6,9.83,Promotion
1874,1827,2025-08-13,999508,1045185.52,4.57,Annual Increment
1875,2491,2024-05-30,1594930,1695729.58,6.32,Salary Revision
1876,910,2024-12-12,832855,885574.72,6.33,Annual Increment
1877,2206,2024-05-07,1184193,1356019.4,14.51,Annual Increment
1878,2097,2024-12-21,1077166,1145135.17,6.31,Market Adjustment
1879,2471,2024-03-25,1518940,1696655.98,11.7,Annual Increment
1880,2732,2025-11-11,1007207,1105510.4,9.76,Performance Bonus
1881,1515,2024-05-01,1059736,1158715.34,9.34,Market Adjustment
1882,1413,2024-03-27,986844,1068159.95,8.24,Performance Bonus
1883,2298,2025-08-31,433707,462635.26,6.67,Performance Bonus
1884,1703,2024-04-09,1177998,1271177.64,7.91,Performance Bonus
1885,2985,2024-09-06,1118627,1178697.27,5.37,Salary Revision
1886,2450,2025-04-25,430518,453938.18,5.44,Market Adjustment
1887,1945,2024-07-18,1351636,1618854.44,19.77,Annual Increment
1888,2420,2024-11-15,1038051,1084763.29,4.5,Performance Bonus
1889,2617,2024-02-13,823212,905944.81,10.05,Salary Revision
1890,1893,2024-04-09,1739495,1959541.12,12.65,Promotion
1891,817,2024-01-17,640083,749857.23,17.15,Market Adjustment
1892,2269,2024-11-19,1278832,1326404.55,3.72,Market Adjustment
1893,2398,2024-08-16,887354,988512.36,11.4,Performance Bonus
1894,920,2024-10-14,306287,356671.21,16.45,Promotion
1895,1076,2024-05-12,879500,1048803.75,19.25,Performance Bonus
1896,509,2025-04-11,1621145,1853292.96,14.32,Market Adjustment
1897,1709,2024-08-21,626170,697302.91,11.36,Promotion
1898,117,2025-11-07,500304,580352.64,16.0,Performance Bonus
1899,274,2024-01-02,1505966,1741950.87,15.67,Salary Revision
1900,1969,2025-11-21,1436095,1585592.49,10.41,Market Adjustment
1901,2573,2025-06-24,1688463,1875713.55,11.09,Annual Increment
1902,1529,2025-06-06,1324844,1529664.88,15.46,Annual Increment
1903,1064,2025-06-22,591515,667761.28,12.89,Promotion
1904,1310,2025-08-15,1216879,1435065.4,17.93,Promotion
1905,1464,2024-06-26,592483,615589.84,3.9,Market Adjustment
1906,1719,2024-05-28,1584306,1877561.04,18.51,Market Adjustment
1907,200,2024-07-28,857872,926158.61,7.96,Annual Increment
1908,2105,2025-11-03,656459,761689.38,16.03,Promotion
1909,388,2024-09-27,1505695,1743444.24,15.79,Salary Revision
1910,1322,2024-06-14,913141,1068922.85,17.06,Market Adjustment
1911,1112,2024-11-12,1687479,1938407.13,14.87,Market Adjustment
1912,393,2024-09-29,1370760,1547039.74,12.86,Promotion
1913,53,2025-11-05,537203,600646.67,11.81,Market Adjustment
1914,1987,2025-08-05,1114015,1211936.92,8.79,Promotion
1915,420,2025-12-13,706919,746718.54,5.63,Promotion
1916,772,2025-10-14,1421584,1612502.73,13.43,Salary Revision
1917,2180,2024-03-06,1744319,1960091.26,12.37,Annual Increment
1918,1710,2024-10-13,1215720,1441479.2,18.57,Annual Increment
1919,538,2025-10-14,286447,318385.84,11.15,Market Adjustment
1920,2831,2025-04-03,1010361,1064516.35,5.36,Performance Bonus
1921,2448,2025-11-28,1347064,1562324.83,15.98,Market Adjustment
1922,706,2024-02-19,1738757,1880987.32,8.18,Annual Increment
1923,911,2024-04-25,519933,611285.23,17.57,Promotion
1924,2819,2024-05-02,725161,784841.75,8.23,Promotion
1925,534,2024-10-18,414846,457243.26,10.22,Annual Increment
1926,319,2025-02-09,289439,336241.29,16.17,Performance Bonus
1927,175,2025-01-26,661777,693740.83,4.83,Salary Revision
1928,2430,2024-02-22,374288,415347.39,10.97,Market Adjustment
1929,178,2024-07-04,388930,420550.01,8.13,Annual Increment
1930,396,2024-11-20,509613,604604.86,18.64,Promotion
1931,2407,2025-08-13,669481,710587.13,6.14,Market Adjustment
1932,120,2024-10-06,440378,464466.68,5.47,Market Adjustment
1933,2375,2024-08-26,979466,1067519.99,8.99,Salary Revision
1934,2985,2024-08-13,1535462,1644633.35,7.11,Salary Revision
1935,280,2024-02-13,457839,535351.14,16.93,Annual Increment
1936,2167,2025-09-05,705077,812037.18,15.17,Market Adjustment
1937,704,2024-02-09,1376435,1418691.55,3.07,Annual Increment
1938,877,2025-06-01,1307374,1535772.24,17.47,Performance Bonus
1939,1502,2025-03-25,1714090,1937264.52,13.02,Performance Bonus
1940,2759,2025-03-05,475075,503912.05,6.07,Market Adjustment
1941,1555,2025-05-22,1139385,1215040.16,6.64,Promotion
1942,1670,2024-08-08,486654,564226.65,15.94,Market Adjustment
1943,507,2025-11-16,1227066,1286946.82,4.88,Promotion
1944,2031,2025-01-20,1007597,1158535.03,14.98,Salary Revision
1945,2958,2025-08-05,335162,349909.13,4.4,Performance Bonus
1946,474,2024-11-16,1056944,1139597.02,7.82,Salary Revision
1947,1278,2025-03-05,1690841,2022245.84,19.6,Performance Bonus
1948,926,2025-01-21,1411645,1551680.18,9.92,Performance Bonus
1949,774,2025-07-20,395980,468087.96,18.21,Performance Bonus
1950,2782,2024-06-20,1020580,1082325.09,6.05,Performance Bonus
1951,2753,2025-10-23,470561,516393.64,9.74,Salary Revision
1952,2698,2025-08-23,1668762,1743021.91,4.45,Promotion
1953,1618,2024-03-09,1090170,1251733.19,14.82,Annual Increment
1954,692,2025-07-12,385707,421114.9,9.18,Promotion
1955,1388,2024-02-22,669982,757816.64,13.11,Performance Bonus
1956,503,2024-07-11,738363,865730.62,17.25,Performance Bonus
1957,1141,2025-01-12,1746304,2026061.9,16.02,Salary Revision
1958,1119,2025-10-25,1600211,1904731.15,19.03,Market Adjustment
1959,1949,2024-12-16,1648123,1866499.3,13.25,Performance Bonus
1960,1985,2025-01-02,1322513,1424875.51,7.74,Performance Bonus
1961,443,2024-06-15,506251,543004.82,7.26,Performance Bonus
1962,946,2024-07-23,1567789,1865982.47,19.02,Annual Increment
1963,408,2024-06-27,1797275,1867368.72,3.9,Annual Increment
1964,2041,2024-03-11,1672094,1729781.24,3.45,Promotion
1965,1568,2024-11-09,1517904,1738759.03,14.55,Promotion
1966,1241,2024-06-07,1554358,1765595.25,13.59,Annual Increment
1967,2708,2025-03-30,1340411,1555546.97,16.05,Performance Bonus
1968,828,2025-02-17,865646,989087.12,14.26,Performance Bonus
1969,2068,2024-12-26,798751,896358.37,12.22,Salary Revision
1970,2239,2024-03-04,287057,342143.24,19.19,Annual Increment
1971,1763,2025-05-24,499842,547426.96,9.52,Market Adjustment
1972,1542,2025-07-03,1178107,1305460.37,10.81,Annual Increment
1973,725,2025-03-24,1417414,1618828.53,14.21,Market Adjustment
1974,2893,2024-04-11,594235,661740.1,11.36,Promotion
1975,1280,2025-03-16,1750980,1919249.18,9.61,Annual Increment
1976,2331,2024-09-26,1665629,1854511.33,11.34,Salary Revision
1977,2808,2024-04-22,1381187,1557012.11,12.73,Performance Bonus
1978,2303,2025-06-17,577807,644890.39,11.61,Performance Bonus
1979,1079,2025-03-30,1287442,1455453.18,13.05,Performance Bonus
1980,2527,2025-04-14,1668697,1818879.73,9.0,Market Adjustment
1981,1313,2024-08-18,378815,391997.76,3.48,Annual Increment
1982,526,2024-12-15,1018417,1109361.64,8.93,Salary Revision
1983,111,2025-07-03,1561040,1698411.52,8.8,Annual Increment
1984,1754,2025-08-04,973817,1167217.06,19.86,Performance Bonus
1985,1439,2025-05-27,368382,420839.6,14.24,Promotion
1986,962,2024-04-26,1609128,1742846.54,8.31,Annual Increment
1987,2819,2025-07-02,387363,456197.41,17.77,Annual Increment
1988,1383,2025-09-27,606052,626294.14,3.34,Market Adjustment
1989,154,2025-03-13,1216597,1389110.45,14.18,Performance Bonus
1990,2327,2024-04-02,1329529,1573098.71,18.32,Market Adjustment
1991,84,2024-10-05,1709530,1897236.39,10.98,Annual Increment
1992,1297,2025-06-08,1042173,1174528.97,12.7,Market Adjustment
1993,2346,2024-02-29,454945,531102.79,16.74,Annual Increment
1994,2830,2025-02-17,1665811,1774088.71,6.5,Performance Bonus
1995,2060,2024-04-25,1649613,1794284.06,8.77,Salary Revision
1996,1227,2025-09-22,1011967,1209098.17,19.48,Promotion
1997,2036,2024-03-10,1582623,1857999.4,17.4,Annual Increment
1998,2195,2024-08-24,698958,754105.79,7.89,Annual Increment
1999,1218,2025-09-24,1452760,1595566.31,9.83,Promotion
2000,2559,2025-01-10,442849,510162.05,15.2,Salary Revision
2001,389,2025-06-18,1491230,1621414.38,8.73,Annual Increment
2002,2321,2024-06-10,1363721,1514821.29,11.08,Promotion
2003,1423,2024-11-22,410771,468607.56,14.08,Market Adjustment
2004,2068,2024-10-09,878954,970013.63,10.36,Salary Revision
2005,1284,2025-03-28,669591,736817.94,10.04,Market Adjustment
2006,2560,2024-08-01,1330807,1473203.35,10.7,Salary Revision
2007,740,2025-10-06,289013,328521.08,13.67,Salary Revision
2008,765,2024-12-22,1459728,1627450.75,11.49,Performance Bonus
2009,1098,2024-07-03,1587828,1779320.06,12.06,Salary Revision
2010,1777,2024-03-07,1437232,1657847.11,15.35,Annual Increment
2011,2140,2024-12-07,670789,732434.51,9.19,Promotion
2012,985,2025-07-22,565564,654300.99,15.69,Market Adjustment
2013,1784,2025-08-18,1110378,1203871.83,8.42,Annual Increment
2014,2597,2024-11-19,676892,794535.83,17.38,Market Adjustment
2015,1176,2025-01-22,1604849,1696806.85,5.73,Salary Revision
2016,968,2025-08-25,1101162,1178793.92,7.05,Promotion
2017,787,2024-10-28,308099,330189.7,7.17,Market Adjustment
2018,1902,2024-08-15,1267920,1426663.58,12.52,Performance Bonus
2019,1729,2024-05-05,1606693,1902324.51,18.4,Promotion
2020,653,2025-01-28,821918,865644.04,5.32,Market Adjustment
2021,1138,2025-04-13,1631332,1832964.64,12.36,Annual Increment
2022,2960,2024-12-08,1268884,1475712.09,16.3,Annual Increment
2023,344,2025-07-07,908306,1028474.88,13.23,Annual Increment
2024,1668,2024-08-27,1012176,1158131.78,14.42,Annual Increment
2025,1626,2024-04-28,1768829,2075367.07,17.33,Promotion
2026,459,2024-02-23,1447417,1671621.89,15.49,Annual Increment
2027,2138,2024-01-31,1642964,1923746.55,17.09,Salary Revision
2028,1032,2024-08-23,1291133,1524053.39,18.04,Promotion
2029,2457,2024-09-12,506433,588171.29,16.14,Market Adjustment
2030,1349,2025-05-10,1475420,1704552.73,15.53,Promotion
2031,1733,2024-09-30,707196,745738.18,5.45,Promotion
2032,877,2024-03-07,825767,912224.8,10.47,Market Adjustment
2033,2415,2024-04-01,367284,408934.01,11.34,Market Adjustment
2034,2866,2025-03-23,486897,527698.97,8.38,Performance Bonus
2035,1946,2025-07-01,1681806,1802727.85,7.19,Market Adjustment
2036,594,2024-05-04,1011262,1123309.83,11.08,Market Adjustment
2037,1263,2025-05-12,294195,335294.04,13.97,Salary Revision
2038,143,2024-11-29,1638783,1910493.22,16.58,Annual Increment
2039,2830,2024-11-08,1658444,1775695.99,7.07,Salary Revision
2040,1576,2025-07-26,898583,1023126.6,13.86,Market Adjustment
2041,2807,2024-10-28,505965,567136.17,12.09,Promotion
2042,1813,2024-01-07,1064682,1098006.55,3.13,Performance Bonus
2043,1047,2025-08-24,881008,920917.66,4.53,Promotion
2044,1219,2024-04-25,691212,812934.43,17.61,Promotion
2045,1798,2024-11-26,1574042,1706104.12,8.39,Performance Bonus
2046,139,2024-06-02,824696,970914.6,17.73,Performance Bonus
2047,1930,2025-06-13,1795479,1975386.0,10.02,Market Adjustment
2048,2939,2024-03-17,1135765,1339066.94,17.9,Annual Increment
2049,657,2025-08-23,1714823,1842405.83,7.44,Annual Increment
2050,1442,2024-10-09,1132629,1282589.08,13.24,Salary Revision
2051,1339,2025-06-25,1200558,1378480.7,14.82,Annual Increment
2052,2628,2024-11-04,1595517,1693162.64,6.12,Performance Bonus
2053,2626,2024-11-29,535406,551735.88,3.05,Promotion
2054,2574,2024-03-24,890779,964980.89,8.33,Annual Increment
2055,454,2025-09-11,580977,623039.73,7.24,Promotion
2056,2434,2025-06-11,1688129,1856604.27,9.98,Market Adjustment
2057,1850,2024-05-14,1253205,1476902.09,17.85,Promotion
2058,1068,2024-10-21,613811,703979.84,14.69,Market Adjustment
2059,1155,2025-07-09,666628,696159.62,4.43,Market Adjustment
2060,746,2024-05-21,1075217,1267680.84,17.9,Salary Revision
2061,920,2024-09-15,293483,349596.95,19.12,Salary Revision
2062,2651,2024-07-30,1533463,1742780.7,13.65,Annual Increment
2063,1895,2024-11-04,665794,715395.65,7.45,Promotion
2064,204,2024-03-10,1091031,1238429.29,13.51,Salary Revision
2065,1066,2025-08-21,563002,588393.39,4.51,Market Adjustment
2066,697,2024-03-14,1439594,1511429.74,4.99,Salary Revision
2067,1783,2024-07-09,1201494,1406468.88,17.06,Performance Bonus
2068,486,2024-06-20,720776,829829.41,15.13,Promotion
2069,1091,2025-11-02,853900,987876.91,15.69,Performance Bonus
2070,534,2025-06-15,1154519,1357252.54,17.56,Salary Revision
2071,883,2024-02-13,843425,972890.74,15.35,Promotion
2072,1714,2024-10-06,628263,690712.34,9.94,Promotion
2073,118,2024-09-30,858578,1026773.43,19.59,Promotion
2074,2531,2025-10-23,1195766,1416026.1,18.42,Market Adjustment
2075,2388,2024-09-06,1685012,1920913.68,14.0,Annual Increment
2076,43,2025-08-28,1233316,1298188.42,5.26,Market Adjustment
2077,2839,2025-07-14,1083732,1242823.86,14.68,Performance Bonus
2078,2902,2025-02-01,1137705,1314163.05,15.51,Market Adjustment
2079,300,2024-12-22,449815,505906.93,12.47,Annual Increment
2080,1364,2025-07-31,742498,824247.03,11.01,Market Adjustment
2081,2484,2024-09-08,1656751,1978823.39,19.44,Salary Revision
2082,2907,2024-01-14,345445,356119.25,3.09,Salary Revision
2083,2539,2024-07-28,1048884,1134263.16,8.14,Performance Bonus
2084,2750,2024-08-06,1027836,1081797.39,5.25,Salary Revision
2085,169,2025-06-12,1467369,1556144.82,6.05,Promotion
2086,2064,2024-07-22,1283560,1525125.99,18.82,Performance Bonus
2087,541,2024-05-28,438005,474753.62,8.39,Salary Revision
2088,1774,2025-03-31,547367,588036.37,7.43,Market Adjustment
2089,181,2025-11-06,518165,577702.16,11.49,Market Adjustment
2090,1477,2025-09-17,1151955,1241922.69,7.81,Market Adjustment
2091,2511,2025-08-13,803140,897830.21,11.79,Performance Bonus
2092,676,2024-05-13,911741,1053334.38,15.53,Performance Bonus
2093,620,2025-06-30,1415334,1663017.45,17.5,Performance Bonus
2094,218,2025-05-21,646193,681927.47,5.53,Promotion
2095,751,2025-12-24,325208,360948.36,10.99,Promotion
2096,2892,2024-02-02,1229648,1357777.32,10.42,Performance Bonus
2097,168,2025-05-28,1175933,1282472.53,9.06,Salary Revision
2098,1988,2025-10-02,1209991,1347687.98,11.38,Promotion
2099,507,2025-03-15,983173,1028300.64,4.59,Market Adjustment
2100,740,2024-05-03,602940,697903.05,15.75,Market Adjustment
2101,2308,2024-11-18,1640700,1853334.72,12.96,Salary Revision
2102,17,2024-02-27,1353134,1570176.69,16.04,Promotion
2103,1706,2025-10-27,411135,440654.49,7.18,Performance Bonus
2104,2773,2024-09-10,447772,528773.95,18.09,Annual Increment
2105,1165,2025-11-22,1678815,2009205.79,19.68,Annual Increment
2106,1615,2024-04-20,1033408,1168164.4,13.04,Annual Increment
2107,1326,2024-11-30,572490,592469.9,3.49,Performance Bonus
2108,2899,2025-10-20,1633154,1815413.99,11.16,Market Adjustment
2109,2434,2024-09-11,1629939,1680467.11,3.1,Annual Increment
2110,2688,2025-11-09,1555193,1853323.5,19.17,Market Adjustment
2111,2997,2025-02-19,1789979,2119693.13,18.42,Salary Revision
2112,530,2025-08-29,693268,815837.78,17.68,Market Adjustment
2113,1324,2024-08-31,366465,423780.13,15.64,Salary Revision
2114,2467,2024-11-12,1049834,1097811.41,4.57,Market Adjustment
2115,730,2024-12-23,753484,899735.24,19.41,Performance Bonus
2116,366,2024-12-24,293016,344264.5,17.49,Promotion
2117,1592,2025-06-30,1093886,1179646.66,7.84,Promotion
2118,494,2025-06-20,876097,975446.4,11.34,Performance Bonus
2119,1271,2024-04-05,1686469,1910094.79,13.26,Market Adjustment
2120,2726,2024-06-07,451560,528957.38,17.14,Salary Revision
2121,819,2024-11-13,1276813,1411772.13,10.57,Performance Bonus
2122,1952,2024-06-17,813042,915241.38,12.57,Performance Bonus
2123,370,2024-12-10,1136122,1326876.88,16.79,Salary Revision
2124,764,2025-06-11,1160386,1319590.96,13.72,Annual Increment
2125,166,2025-03-02,1326555,1443424.5,8.81,Performance Bonus
2126,2771,2025-03-08,720244,821150.18,14.01,Promotion
2127,2029,2024-04-06,1355783,1541525.27,13.7,Salary Revision
2128,344,2025-11-08,859648,953865.42,10.96,Annual Increment
2129,1957,2024-04-29,879970,928632.34,5.53,Promotion
2130,2803,2024-08-23,880002,1032330.35,17.31,Salary Revision
2131,1752,2024-05-09,869669,979856.06,12.67,Salary Revision
2132,314,2025-02-26,344570,384988.06,11.73,Salary Revision
2133,1741,2025-02-06,1116164,1167619.16,4.61,Salary Revision
2134,1038,2024-04-02,995448,1068414.34,7.33,Annual Increment
2135,2063,2024-04-13,284117,298152.38,4.94,Performance Bonus
2136,736,2024-04-29,632118,741664.05,17.33,Annual Increment
2137,342,2024-04-28,1122942,1323948.62,17.9,Market Adjustment
2138,1286,2025-09-19,1481465,1708277.29,15.31,Performance Bonus
2139,2556,2025-08-17,805901,876820.29,8.8,Promotion
2140,865,2024-06-04,638156,665788.15,4.33,Salary Revision
2141,1063,2024-08-08,1662240,1742193.74,4.81,Salary Revision
2142,74,2025-02-08,262262,287727.64,9.71,Annual Increment
2143,704,2024-12-23,1625314,1805886.39,11.11,Performance Bonus
2144,2695,2024-09-07,1512249,1744228.0,15.34,Market Adjustment
2145,2534,2025-01-31,1543407,1684320.06,9.13,Performance Bonus
2146,1240,2025-11-23,433784,456037.12,5.13,Annual Increment
2147,782,2025-09-19,484697,566465.38,16.87,Promotion
2148,110,2025-03-02,688786,765792.27,11.18,Promotion
2149,2662,2025-04-13,757049,835857.8,10.41,Salary Revision
2150,782,2025-05-01,430551,465511.74,8.12,Performance Bonus
2151,607,2024-03-20,1244027,1370544.55,10.17,Annual Increment
2152,681,2025-05-13,569652,658289.85,15.56,Performance Bonus
2153,1987,2025-07-17,1238784,1280035.51,3.33,Performance Bonus
2154,2398,2025-01-20,758831,807547.95,6.42,Salary Revision
2155,1605,2025-03-13,356791,387760.46,8.68,Annual Increment
2156,2583,2025-05-20,1745464,1925944.98,10.34,Performance Bonus
2157,2031,2025-10-23,1795765,2026341.23,12.84,Salary Revision
2158,1192,2024-04-17,327630,364619.43,11.29,Performance Bonus
2159,2103,2024-10-20,1489499,1717690.25,15.32,Performance Bonus
2160,950,2024-12-04,1747975,1818418.39,4.03,Annual Increment
2161,1729,2024-09-28,1458805,1580906.98,8.37,Annual Increment
2162,1098,2025-09-15,1609584,1771991.03,10.09,Performance Bonus
2163,479,2024-06-26,1287647,1462638.23,13.59,Market Adjustment
2164,1837,2025-12-20,1712793,1891266.03,10.42,Promotion
2165,1180,2024-03-24,1772970,1884135.22,6.27,Market Adjustment
2166,1795,2024-09-25,736755,822439.61,11.63,Salary Revision
2167,2806,2025-03-22,961255,1140721.31,18.67,Performance Bonus
2168,538,2025-08-18,865291,997593.99,15.29,Performance Bonus
2169,1708,2024-01-30,1661608,1895728.57,14.09,Market Adjustment
2170,1935,2025-02-15,589792,669826.77,13.57,Market Adjustment
2171,2830,2025-11-10,430757,492527.55,14.34,Promotion
2172,710,2025-01-05,668348,706176.5,5.66,Performance Bonus
2173,414,2025-03-27,1122382,1335971.29,19.03,Performance Bonus
2174,1244,2025-03-01,742241,790932.01,6.56,Annual Increment
2175,75,2025-08-08,1002430,1182666.91,17.98,Market Adjustment
2176,2773,2024-02-01,582619,617401.35,5.97,Salary Revision
2177,131,2025-08-27,383516,417035.3,8.74,Annual Increment
2178,2530,2024-12-20,725403,762035.85,5.05,Promotion
2179,1993,2024-03-17,790692,947960.64,19.89,Market Adjustment
2180,192,2025-05-20,1418160,1525231.08,7.55,Promotion
2181,2827,2024-02-06,1330845,1507448.13,13.27,Annual Increment
2182,2894,2024-03-11,355742,422443.62,18.75,Performance Bonus
2183,1873,2024-10-08,482638,577090.26,19.57,Salary Revision
2184,2498,2025-09-16,463632,542449.44,17.0,Annual Increment
2185,2078,2025-03-25,471063,498573.08,5.84,Annual Increment
2186,842,2025-03-23,1008410,1065586.85,5.67,Market Adjustment
2187,2901,2024-07-22,1175930,1363490.83,15.95,Performance Bonus
2188,407,2025-08-30,573581,653882.34,14.0,Market Adjustment
2189,565,2025-03-07,507915,596444.58,17.43,Performance Bonus
2190,1703,2025-09-01,263815,282730.54,7.17,Performance Bonus
2191,1399,2025-12-06,851375,950049.36,11.59,Annual Increment
2192,1090,2025-12-18,1031055,1187362.94,15.16,Performance Bonus
2193,1478,2024-06-05,1570032,1794546.58,14.3,Promotion
2194,2170,2024-12-16,1134415,1320232.18,16.38,Promotion
2195,1757,2025-02-25,1116982,1324852.35,18.61,Performance Bonus
2196,2115,2024-11-12,1680674,1834455.67,9.15,Annual Increment
2197,1813,2025-12-16,555312,644661.7,16.09,Salary Revision
2198,286,2024-12-01,427792,465223.8,8.75,Performance Bonus
2199,674,2025-12-24,1160315,1207191.73,4.04,Annual Increment
2200,2705,2025-12-04,1595251,1684106.48,5.57,Salary Revision
2201,237,2025-05-16,1574577,1884138.84,19.66,Salary Revision
2202,1212,2024-09-10,1129346,1240360.71,9.83,Salary Revision
2203,1247,2024-04-04,1763202,2038790.47,15.63,Market Adjustment
2204,33,2025-06-15,836742,989865.79,18.3,Salary Revision
2205,602,2025-11-24,1718625,1888253.29,9.87,Promotion
2206,2230,2024-10-02,1559377,1815114.83,16.4,Performance Bonus
2207,2857,2024-08-08,974043,1150247.38,18.09,Performance Bonus
2208,809,2025-06-24,882357,921445.42,4.43,Salary Revision
2209,1371,2024-03-16,1067875,1231580.24,15.33,Promotion
2210,2132,2025-04-17,1384119,1492495.52,7.83,Annual Increment
2211,2096,2025-03-12,1407178,1524114.49,8.31,Market Adjustment
2212,2604,2024-03-29,585601,605511.43,3.4,Salary Revision
2213,2427,2025-05-18,792512,848780.35,7.1,Market Adjustment
2214,2976,2024-08-12,1136562,1361373.96,19.78,Annual Increment
2215,2999,2025-09-17,375715,440751.27,17.31,Market Adjustment
2216,2569,2024-05-21,1314303,1432984.56,9.03,Annual Increment
2217,2667,2025-01-15,511619,566004.1,10.63,Salary Revision
2218,22,2024-11-06,1200318,1305465.86,8.76,Promotion
2219,2383,2025-05-09,1436143,1653718.66,15.15,Salary Revision
2220,2440,2024-10-14,740393,806732.21,8.96,Market Adjustment
2221,2732,2025-06-21,1749158,1972000.73,12.74,Promotion
2222,2926,2024-09-01,1042022,1165293.2,11.83,Promotion
2223,432,2025-04-01,937544,1047986.68,11.78,Promotion
2224,1480,2024-11-03,1202756,1258924.71,4.67,Performance Bonus
2225,1688,2025-08-27,421855,441133.77,4.57,Performance Bonus
2226,533,2024-11-21,1248775,1331818.54,6.65,Annual Increment
2227,1513,2025-09-03,1669399,1868892.18,11.95,Salary Revision
2228,2290,2024-06-30,1338306,1555646.89,16.24,Market Adjustment
2229,2394,2025-07-14,1296116,1475239.23,13.82,Performance Bonus
2230,2823,2024-08-04,1276642,1473755.52,15.44,Performance Bonus
2231,668,2025-01-07,552715,616829.94,11.6,Performance Bonus
2232,2913,2024-11-05,1209893,1272807.44,5.2,Salary Revision
2233,2168,2025-01-27,497585,571277.34,14.81,Performance Bonus
2234,1939,2024-05-24,318382,368336.14,15.69,Salary Revision
2235,1513,2024-01-07,499070,565096.96,13.23,Performance Bonus
2236,452,2025-11-06,503475,550197.48,9.28,Market Adjustment
2237,165,2024-11-14,1346343,1421872.84,5.61,Market Adjustment
2238,1249,2025-05-10,1035299,1119779.4,8.16,Performance Bonus
2239,115,2024-03-20,549618,579407.3,5.42,Salary Revision
2240,1728,2024-01-13,352028,418666.9,18.93,Market Adjustment
2241,1162,2024-11-25,702107,745005.74,6.11,Performance Bonus
2242,9,2025-01-28,506540,568895.07,12.31,Annual Increment
2243,184,2024-05-18,1125718,1251573.27,11.18,Market Adjustment
2244,2318,2025-09-14,1198697,1418058.55,18.3,Performance Bonus
2245,1947,2025-07-23,1760019,2062214.26,17.17,Promotion
2246,568,2024-08-14,1308566,1489409.82,13.82,Performance Bonus
2247,2733,2024-06-30,1191777,1257682.27,5.53,Market Adjustment
2248,366,2024-07-22,1560238,1783352.03,14.3,Performance Bonus
2249,1587,2025-04-04,738263,873365.13,18.3,Market Adjustment
2250,2216,2025-07-20,346090,412850.76,19.29,Performance Bonus
2251,1137,2025-12-07,1604585,1676951.78,4.51,Promotion
2252,2897,2024-06-16,302017,340433.56,12.72,Market Adjustment
2253,2299,2024-04-10,1602997,1684749.85,5.1,Salary Revision
2254,349,2025-07-30,653548,779290.64,19.24,Salary Revision
2255,2363,2025-09-15,360885,430427.54,19.27,Salary Revision
2256,776,2024-03-20,1247899,1391906.54,11.54,Annual Increment
2257,493,2025-09-20,1630459,1938941.84,18.92,Promotion
2258,78,2025-06-23,826638,961958.64,16.37,Promotion
2259,2891,2025-04-26,1465410,1620010.75,10.55,Salary Revision
2260,2486,2025-09-28,921992,1012623.81,9.83,Annual Increment
2261,2014,2025-08-08,298786,325019.41,8.78,Promotion
2262,1700,2025-11-30,300451,353360.42,17.61,Market Adjustment
2263,1565,2024-06-18,789340,825254.97,4.55,Annual Increment
2264,2220,2025-01-22,602648,649955.87,7.85,Promotion
2265,1047,2024-02-28,437964,462577.58,5.62,Performance Bonus
2266,2780,2024-03-09,604819,629011.76,4.0,Market Adjustment
2267,744,2024-04-27,306982,353428.38,15.13,Market Adjustment
2268,1598,2025-12-30,457081,495658.64,8.44,Performance Bonus
2269,1328,2025-10-24,790927,865115.95,9.38,Annual Increment
2270,213,2024-09-28,674797,722505.15,7.07,Salary Revision
2271,2401,2025-03-11,745957,830846.91,11.38,Salary Revision
2272,1578,2025-03-09,491343,528586.8,7.58,Market Adjustment
2273,1904,2025-11-18,1409978,1549847.82,9.92,Performance Bonus
2274,119,2024-06-24,1104576,1256676.12,13.77,Annual Increment
2275,1103,2025-03-08,1411980,1685621.72,19.38,Annual Increment
2276,1009,2025-08-15,1413305,1612298.34,14.08,Promotion
2277,1248,2025-06-12,1441697,1584569.17,9.91,Annual Increment
2278,2605,2024-11-04,1299482,1383428.54,6.46,Promotion
2279,1530,2024-09-13,1383384,1656602.34,19.75,Promotion
2280,2202,2024-08-05,1138673,1358892.36,19.34,Salary Revision
2281,1851,2024-03-03,337644,347840.85,3.02,Performance Bonus
2282,2543,2025-10-24,856600,977380.6,14.1,Promotion
2283,3,2025-09-27,376196,447184.19,18.87,Performance Bonus
2284,1120,2024-02-05,1503819,1613146.64,7.27,Performance Bonus
2285,1440,2024-04-17,1575834,1680154.21,6.62,Salary Revision
2286,1153,2025-07-07,345388,365213.27,5.74,Salary Revision
2287,2307,2025-04-11,396664,428833.45,8.11,Performance Bonus
2288,2861,2025-10-04,507901,594853.65,17.12,Salary Revision
2289,1145,2024-04-27,1155890,1231947.56,6.58,Salary Revision
2290,1304,2024-07-16,1680469,2000934.44,19.07,Market Adjustment
2291,2899,2024-07-27,1199418,1291053.54,7.64,Market Adjustment
2292,1400,2024-05-19,691710,766553.02,10.82,Salary Revision
2293,1346,2024-02-28,283291,335813.15,18.54,Promotion
2294,2648,2024-09-30,254293,288241.12,13.35,Annual Increment
2295,40,2025-06-08,1660767,1759582.64,5.95,Salary Revision
2296,2853,2025-01-09,1724926,1920015.13,11.31,Performance Bonus
2297,2205,2025-11-02,420181,489006.65,16.38,Annual Increment
2298,2207,2025-03-04,314901,372118.51,18.17,Performance Bonus
2299,2754,2024-12-14,508821,554614.89,9.0,Performance Bonus
2300,2463,2024-04-08,1000708,1096475.76,9.57,Annual Increment
2301,512,2024-10-02,1220336,1333827.25,9.3,Promotion
2302,1821,2024-11-20,269636,287890.36,6.77,Annual Increment
2303,1152,2025-01-02,1677225,1990195.18,18.66,Market Adjustment
2304,785,2025-12-26,438673,512721.0,16.88,Market Adjustment
2305,2941,2024-04-30,713780,763601.84,6.98,Performance Bonus
2306,1487,2025-04-05,327166,352586.8,7.77,Salary Revision
2307,857,2025-08-14,264964,281736.22,6.33,Performance Bonus
2308,455,2025-12-22,831639,937007.66,12.67,Performance Bonus
2309,699,2025-10-03,1407177,1495688.43,6.29,Salary Revision
2310,2754,2024-11-30,1681062,1903802.72,13.25,Promotion
2311,268,2024-03-07,1483470,1560313.75,5.18,Annual Increment
2312,522,2025-08-10,794471,944387.68,18.87,Promotion
2313,2143,2024-12-11,1778611,2068524.59,16.3,Promotion
2314,2778,2025-01-08,298480,357758.13,19.86,Salary Revision
2315,2517,2024-08-03,780413,894119.17,14.57,Performance Bonus
2316,9,2025-07-24,1145723,1304978.5,13.9,Annual Increment
2317,1324,2024-05-23,1157119,1357879.15,17.35,Performance Bonus
2318,1123,2025-05-16,505260,578825.86,14.56,Performance Bonus
2319,2030,2025-04-15,1008061,1126911.39,11.79,Annual Increment
2320,2955,2025-02-17,720911,748305.62,3.8,Performance Bonus
2321,2181,2024-12-26,1191330,1291163.45,8.38,Performance Bonus
2322,798,2025-11-01,951928,993717.64,4.39,Salary Revision
2323,104,2024-07-03,1796532,1919414.79,6.84,Performance Bonus
2324,305,2025-05-13,774254,823419.13,6.35,Market Adjustment
2325,1274,2025-05-31,381793,433869.57,13.64,Annual Increment
2326,115,2024-08-19,1256562,1386490.51,10.34,Annual Increment
2327,2428,2025-04-28,1563440,1858930.16,18.9,Market Adjustment
2328,1013,2024-06-20,476158,528773.46,11.05,Market Adjustment
2329,223,2024-04-30,949585,1061920.91,11.83,Promotion
2330,299,2024-06-22,1508217,1712278.76,13.53,Annual Increment
2331,2562,2025-03-04,1186286,1338605.12,12.84,Annual Increment
2332,249,2024-07-25,319926,350063.03,9.42,Annual Increment
2333,523,2025-06-29,380028,450789.21,18.62,Performance Bonus
2334,225,2024-01-19,882230,1000272.37,13.38,Performance Bonus
2335,270,2024-10-08,463547,530854.02,14.52,Salary Revision
2336,214,2025-04-24,868485,1020035.63,17.45,Performance Bonus
2337,393,2025-10-08,1544576,1788310.09,15.78,Promotion
2338,2456,2024-07-19,1633541,1855865.93,13.61,Performance Bonus
2339,1573,2024-07-16,1223517,1425642.01,16.52,Salary Revision
2340,2537,2025-07-19,462395,502947.04,8.77,Annual Increment
2341,1860,2025-07-23,1334674,1449189.03,8.58,Promotion
2342,443,2025-08-11,465355,480292.9,3.21,Annual Increment
2343,2429,2025-05-18,656039,776553.36,18.37,Promotion
2344,2611,2025-06-04,1317236,1414184.57,7.36,Performance Bonus
2345,1972,2025-07-19,1769644,2009430.76,13.55,Promotion
2346,996,2024-08-12,538720,627878.16,16.55,Annual Increment
2347,523,2024-03-11,903612,1020539.39,12.94,Salary Revision
2348,2670,2025-10-03,1000242,1083162.06,8.29,Salary Revision
2349,597,2024-01-27,559139,620532.46,10.98,Salary Revision
2350,1405,2025-02-18,860405,940164.54,9.27,Annual Increment
2351,2121,2024-09-25,1479853,1689696.16,14.18,Promotion
2352,235,2024-10-25,747837,834735.66,11.62,Salary Revision
2353,224,2024-06-18,1135126,1235471.14,8.84,Promotion
2354,2624,2025-11-20,672075,781959.26,16.35,Market Adjustment
2355,776,2024-04-12,1650604,1833655.98,11.09,Performance Bonus
2356,2457,2025-04-02,1702097,1848987.97,8.63,Salary Revision
2357,2319,2025-06-11,953931,1082425.51,13.47,Performance Bonus
2358,1347,2025-08-21,590325,618542.54,4.78,Annual Increment
2359,2032,2024-10-19,710127,842494.67,18.64,Promotion
2360,2840,2025-07-14,732919,813027.05,10.93,Promotion
2361,980,2025-03-28,1258197,1453091.72,15.49,Market Adjustment
2362,1540,2024-04-20,680579,747343.8,9.81,Annual Increment
2363,1487,2025-06-09,270745,282251.66,4.25,Annual Increment
2364,2273,2024-03-03,491569,518212.04,5.42,Performance Bonus
2365,797,2025-10-02,1574004,1777994.92,12.96,Market Adjustment
2366,180,2024-04-12,312255,332208.09,6.39,Market Adjustment
2367,714,2025-08-15,709161,837164.56,18.05,Promotion
2368,1392,2025-06-21,1412881,1514325.86,7.18,Promotion
2369,89,2024-05-26,619261,726578.93,17.33,Annual Increment
2370,86,2024-02-08,1670720,1759769.38,5.33,Annual Increment
2371,1387,2024-06-13,690899,747483.63,8.19,Promotion
2372,1515,2024-07-17,1030875,1177671.6,14.24,Salary Revision
2373,2553,2024-10-22,1159572,1367483.26,17.93,Annual Increment
2374,486,2025-07-11,552896,652472.57,18.01,Promotion
2375,777,2024-10-15,651984,730548.07,12.05,Market Adjustment
2376,1303,2024-06-17,1507345,1662601.53,10.3,Promotion
2377,190,2025-02-14,1541904,1742043.14,12.98,Salary Revision
2378,1205,2025-08-24,561567,609693.29,8.57,Annual Increment
2379,2579,2025-03-06,837356,986740.31,17.84,Salary Revision
2380,2393,2024-01-03,1275487,1359158.95,6.56,Annual Increment
2381,1928,2024-08-19,1641464,1862240.91,13.45,Promotion
2382,2084,2024-07-03,1063937,1231719.86,15.77,Salary Revision
2383,1533,2024-07-21,1295614,1448755.57,11.82,Promotion
2384,1319,2024-08-07,1744193,1907449.46,9.36,Performance Bonus
2385,2932,2024-03-09,1287654,1429939.77,11.05,Salary Revision
2386,1643,2025-02-23,1588204,1884562.87,18.66,Salary Revision
2387,2662,2025-09-18,326765,348070.08,6.52,Promotion
2388,1852,2024-02-19,741540,813691.84,9.73,Market Adjustment
2389,1741,2024-10-05,1040800,1173085.68,12.71,Market Adjustment
2390,1043,2024-12-05,1404591,1466954.84,4.44,Annual Increment
2391,1209,2025-06-11,1182195,1321930.45,11.82,Promotion
2392,2392,2024-10-13,336282,372970.37,10.91,Salary Revision
2393,1378,2025-11-14,1143601,1265623.23,10.67,Performance Bonus
2394,1676,2025-08-12,1020728,1190985.43,16.68,Market Adjustment
2395,1119,2025-06-07,1051889,1087863.6,3.42,Performance Bonus
2396,958,2024-09-05,807055,919800.58,13.97,Market Adjustment
2397,338,2025-05-19,867648,1017924.63,17.32,Salary Revision
2398,2240,2024-11-22,1599841,1669114.12,4.33,Market Adjustment
2399,933,2025-02-08,456378,479288.18,5.02,Market Adjustment
2400,157,2024-01-16,1395099,1484524.85,6.41,Promotion
2401,2766,2024-11-23,940469,1008653.0,7.25,Market Adjustment
2402,781,2024-11-25,1729839,1959388.64,13.27,Promotion
2403,2934,2024-01-22,1389017,1646124.05,18.51,Annual Increment
2404,1227,2025-07-08,841072,983886.03,16.98,Performance Bonus
2405,1662,2024-10-22,1466251,1699091.66,15.88,Annual Increment
2406,1934,2025-10-25,1621728,1811632.35,11.71,Promotion
2407,1629,2024-11-01,727266,777156.45,6.86,Promotion
2408,1944,2024-03-15,740153,827269.01,11.77,Salary Revision
2409,1920,2024-07-05,1765214,2062476.04,16.84,Market Adjustment
2410,352,2024-05-17,906565,1064126.0,17.38,Performance Bonus
2411,2859,2025-08-14,1125954,1199816.58,6.56,Performance Bonus
2412,2288,2024-05-31,313132,342472.47,9.37,Salary Revision
2413,526,2024-04-02,890830,1060444.03,19.04,Annual Increment
2414,2048,2025-06-12,1631704,1912030.75,17.18,Market Adjustment
2415,924,2025-01-09,1129015,1244626.14,10.24,Performance Bonus
2416,2829,2025-05-31,1377437,1488871.65,8.09,Salary Revision
2417,96,2025-10-02,1440296,1675784.4,16.35,Promotion
2418,630,2025-04-22,942585,1061916.26,12.66,Salary Revision
2419,2490,2024-11-16,1453510,1711362.67,17.74,Performance Bonus
2420,837,2024-07-09,1069223,1112847.3,4.08,Performance Bonus
2421,772,2024-02-08,1245680,1306095.48,4.85,Salary Revision
2422,1850,2025-03-10,1590087,1879641.84,18.21,Annual Increment
2423,703,2024-07-14,468760,536589.57,14.47,Promotion
2424,132,2024-01-21,1694989,1919744.54,13.26,Annual Increment
2425,765,2025-04-10,667330,695224.39,4.18,Performance Bonus
2426,1163,2025-10-11,681787,729239.38,6.96,Salary Revision
2427,287,2024-08-08,1203498,1251397.22,3.98,Salary Revision
2428,46,2024-01-12,610344,662589.45,8.56,Performance Bonus
2429,1602,2024-07-21,579327,694149.61,19.82,Promotion
2430,2198,2025-08-19,1127476,1252964.08,11.13,Annual Increment
2431,1594,2025-01-01,683019,718604.29,5.21,Promotion
2432,1269,2024-10-13,1156390,1351819.91,16.9,Performance Bonus
2433,651,2024-04-12,1516070,1709823.75,12.78,Market Adjustment
2434,2407,2024-09-05,675664,753635.63,11.54,Performance Bonus
2435,1129,2024-03-10,673001,694065.93,3.13,Promotion
2436,1826,2024-09-17,384154,449537.01,17.02,Salary Revision
2437,1012,2025-09-13,1352801,1469006.61,8.59,Salary Revision
2438,2011,2025-02-26,1215118,1347201.33,10.87,Annual Increment
2439,374,2024-09-16,853794,973239.78,13.99,Performance Bonus
2440,1421,2024-03-02,1718670,2016343.64,17.32,Market Adjustment
2441,1602,2024-07-21,1535611,1796664.87,17.0,Promotion
2442,1701,2024-01-25,772473,819207.62,6.05,Salary Revision
2443,1770,2024-08-04,1210135,1325581.88,9.54,Promotion
2444,2862,2025-03-09,1442472,1509114.21,4.62,Annual Increment
2445,982,2024-09-09,581207,625669.34,7.65,Salary Revision
2446,1196,2025-01-07,1648080,1954293.26,18.58,Promotion
2447,2022,2024-02-19,1112512,1333568.13,19.87,Salary Revision
2448,497,2025-12-13,1023287,1067288.34,4.3,Annual Increment
2449,2067,2024-04-04,933699,1026788.79,9.97,Promotion
2450,1036,2024-06-13,684890,764337.24,11.6,Performance Bonus
2451,110,2025-10-08,403502,459427.38,13.86,Performance Bonus
2452,1562,2025-01-15,970702,1122908.07,15.68,Promotion
2453,1625,2025-03-16,329219,339688.16,3.18,Annual Increment
2454,2905,2024-09-12,536220,582120.43,8.56,Performance Bonus
2455,1986,2024-09-13,1217535,1268184.46,4.16,Salary Revision
2456,2692,2024-06-15,758126,872830.46,15.13,Performance Bonus
2457,575,2024-01-06,1237313,1447037.55,16.95,Promotion
2458,699,2024-12-20,287887,326233.55,13.32,Promotion
2459,1205,2024-05-03,510364,572067.01,12.09,Performance Bonus
2460,690,2025-03-27,412708,472179.22,14.41,Annual Increment
2461,2775,2025-06-23,823051,869224.16,5.61,Market Adjustment
2462,729,2024-06-28,704395,811110.84,15.15,Salary Revision
2463,886,2025-10-22,1177063,1351739.15,14.84,Salary Revision
2464,2626,2025-11-04,1639446,1888313.9,15.18,Annual Increment
2465,1600,2025-12-12,1697761,1837656.51,8.24,Annual Increment
2466,2451,2024-11-14,259784,269733.73,3.83,Performance Bonus
2467,827,2025-01-14,773658,846149.75,9.37,Promotion
2468,820,2024-06-22,441651,456092.99,3.27,Annual Increment
2469,60,2025-03-12,956984,1119192.79,16.95,Annual Increment
2470,904,2024-06-19,452591,527494.81,16.55,Promotion
2471,2966,2024-12-22,600323,622835.11,3.75,Salary Revision
2472,442,2025-03-05,936065,1015536.92,8.49,Promotion
2473,2559,2024-04-12,684360,813567.17,18.88,Performance Bonus
2474,1753,2025-08-10,503344,538326.41,6.95,Annual Increment
2475,1461,2025-03-25,928151,983375.98,5.95,Performance Bonus
2476,2679,2025-03-29,913203,942425.5,3.2,Promotion
2477,1880,2025-01-22,711575,740891.89,4.12,Market Adjustment
2478,2663,2025-09-18,1558432,1702898.65,9.27,Annual Increment
2479,896,2024-06-10,1112132,1202548.33,8.13,Salary Revision
2480,2047,2025-03-06,463518,533555.57,15.11,Salary Revision
2481,703,2024-06-28,778356,928578.71,19.3,Salary Revision
2482,1329,2025-01-01,1573038,1806476.84,14.84,Promotion
2483,1361,2025-12-14,617695,702936.91,13.8,Market Adjustment
2484,2730,2025-04-30,1261100,1313435.65,4.15,Annual Increment
2485,2493,2024-07-30,1476911,1633906.64,10.63,Salary Revision
2486,2624,2024-08-09,737431,822678.02,11.56,Annual Increment
2487,953,2025-08-27,294487,334183.85,13.48,Annual Increment
2488,1266,2024-10-10,745759,861649.95,15.54,Promotion
2489,2539,2025-11-02,416492,433234.98,4.02,Market Adjustment
2490,2043,2024-08-13,872046,928118.56,6.43,Performance Bonus
2491,838,2024-01-12,1596453,1654563.89,3.64,Salary Revision
2492,1818,2024-05-23,939312,988907.67,5.28,Market Adjustment
2493,2637,2025-11-27,333062,372529.85,11.85,Performance Bonus
2494,2655,2025-09-16,854934,989671.6,15.76,Promotion
2495,1357,2024-03-26,968753,1037728.21,7.12,Salary Revision
2496,222,2025-06-17,1644618,1970252.36,19.8,Promotion
2497,2491,2025-04-22,1050033,1174671.92,11.87,Promotion
2498,1812,2024-08-03,1570749,1619442.22,3.1,Performance Bonus
2499,287,2024-04-06,653629,679055.17,3.89,Promotion
2500,837,2025-01-06,513320,536727.39,4.56,Salary Revision
2501,2249,2024-12-16,678601,726238.79,7.02,Annual Increment
2502,1746,2025-06-04,1770412,1964095.07,10.94,Promotion
2503,2956,2024-06-01,664263,711824.23,7.16,Promotion
2504,2482,2024-07-17,772126,835054.27,8.15,Salary Revision
2505,1837,2025-02-02,1582957,1684582.84,6.42,Performance Bonus
2506,328,2024-03-11,1004097,1102197.28,9.77,Promotion
2507,1929,2025-12-28,1175632,1295428.9,10.19,Salary Revision
2508,1776,2024-03-21,576900,674569.17,16.93,Performance Bonus
2509,82,2025-02-08,1049894,1157718.11,10.27,Annual Increment
2510,1230,2025-05-06,1498189,1679919.33,12.13,Salary Revision
2511,2977,2025-01-07,618468,664049.09,7.37,Performance Bonus
2512,1253,2024-01-09,1201274,1295093.5,7.81,Salary Revision
2513,2483,2024-05-21,1258403,1311507.61,4.22,Promotion
2514,2929,2025-01-14,1234106,1312224.91,6.33,Promotion
2515,18,2025-08-19,276915,325790.5,17.65,Market Adjustment
2516,2013,2025-11-19,1098413,1304255.6,18.74,Performance Bonus
2517,1529,2025-11-10,1055384,1174853.47,11.32,Salary Revision
2518,292,2025-03-03,1107289,1307043.94,18.04,Annual Increment
2519,1577,2025-01-12,1436167,1518890.22,5.76,Performance Bonus
2520,1046,2024-06-14,1764658,1922241.96,8.93,Performance Bonus
2521,2601,2024-11-27,1693866,1850717.99,9.26,Annual Increment
2522,2667,2025-08-22,1058102,1256496.12,18.75,Promotion
2523,993,2024-11-05,1251863,1296804.88,3.59,Market Adjustment
2524,2585,2024-12-22,1731761,1982866.34,14.5,Promotion
2525,1071,2025-09-09,1519690,1682904.71,10.74,Promotion
2526,1042,2025-08-20,768866,870663.86,13.24,Promotion
2527,51,2024-07-18,494801,574513.44,16.11,Performance Bonus
2528,1629,2024-01-18,1730735,1955038.26,12.96,Annual Increment
2529,2124,2025-09-09,645991,761558.79,17.89,Promotion
2530,1749,2025-02-26,780309,895482.61,14.76,Salary Revision
2531,2184,2025-02-10,1630945,1925656.76,18.07,Salary Revision
2532,1262,2025-02-11,1789169,1968085.9,10.0,Annual Increment
2533,448,2024-03-24,1584166,1785830.33,12.73,Market Adjustment
2534,585,2025-08-27,814178,942248.2,15.73,Performance Bonus
2535,2864,2024-01-29,896133,924002.74,3.11,Promotion
2536,2015,2025-03-26,253310,265088.91,4.65,Performance Bonus
2537,2151,2024-04-14,1124181,1283027.78,14.13,Performance Bonus
2538,699,2025-01-04,619940,678028.38,9.37,Promotion
2539,812,2025-11-12,1270204,1347559.42,6.09,Annual Increment
2540,1846,2025-01-06,1439278,1681652.42,16.84,Promotion
2541,824,2024-12-10,373694,432550.8,15.75,Promotion
2542,1063,2024-09-10,1107299,1223454.67,10.49,Salary Revision
2543,448,2025-09-14,1584698,1676927.42,5.82,Market Adjustment
2544,352,2024-08-07,1042154,1095512.28,5.12,Annual Increment
2545,1402,2025-02-16,312215,352678.06,12.96,Performance Bonus
2546,1988,2025-05-18,1660973,1925566.0,15.93,Annual Increment
2547,251,2025-04-16,808011,935515.14,15.78,Annual Increment
2548,2726,2025-04-17,1471476,1713092.36,16.42,Annual Increment
2549,397,2024-12-02,692642,774927.87,11.88,Annual Increment
2550,1539,2025-02-03,1514550,1693872.72,11.84,Market Adjustment
2551,1991,2025-05-02,1242438,1439612.91,15.87,Salary Revision
2552,1760,2025-09-15,955796,1044685.03,9.3,Market Adjustment
2553,1292,2025-02-27,752471,895440.49,19.0,Performance Bonus
2554,1551,2025-11-21,1530959,1591738.07,3.97,Market Adjustment
2555,1353,2024-06-21,460087,474119.65,3.05,Performance Bonus
2556,2971,2024-12-03,541216,559833.83,3.44,Annual Increment
2557,2174,2025-08-14,836085,996362.49,19.17,Promotion
2558,1510,2024-10-28,1197740,1359554.67,13.51,Performance Bonus
2559,2110,2025-03-29,1116389,1275139.52,14.22,Annual Increment
2560,2614,2024-03-25,925667,956028.88,3.28,Market Adjustment
2561,188,2025-01-17,1793111,1946063.37,8.53,Performance Bonus
2562,957,2025-10-09,1522474,1693600.08,11.24,Salary Revision
2563,334,2025-01-04,980509,1081207.27,10.27,Performance Bonus
2564,2697,2025-03-27,1716957,2032705.39,18.39,Performance Bonus
2565,1204,2025-05-15,1523335,1619609.77,6.32,Promotion
2566,2131,2025-08-27,1449345,1686167.97,16.34,Salary Revision
2567,131,2025-02-25,518144,577523.3,11.46,Annual Increment
2568,1235,2024-04-20,1661513,1992818.69,19.94,Performance Bonus
2569,689,2025-06-23,1185931,1414104.12,19.24,Performance Bonus
2570,2715,2024-01-15,1383862,1482116.2,7.1,Promotion
2571,699,2025-05-16,1633585,1876989.17,14.9,Annual Increment
2572,1782,2024-08-05,1751068,1812355.38,3.5,Market Adjustment
2573,1571,2025-12-18,837953,894514.83,6.75,Market Adjustment
2574,2728,2025-08-31,1248878,1488412.8,19.18,Annual Increment
2575,2726,2024-05-20,534701,634636.62,18.69,Performance Bonus
2576,371,2025-09-12,1700777,1848064.29,8.66,Promotion
2577,2360,2025-07-01,1509716,1571614.36,4.1,Market Adjustment
2578,1545,2025-02-10,1754586,2028827.79,15.63,Performance Bonus
2579,2679,2024-11-18,1596585,1857626.65,16.35,Performance Bonus
2580,956,2024-01-28,718820,772012.68,7.4,Market Adjustment
2581,360,2024-02-12,483586,505444.09,4.52,Salary Revision
2582,771,2025-03-01,493492,556362.88,12.74,Promotion
2583,1284,2024-10-20,1047326,1181488.46,12.81,Annual Increment
2584,1274,2024-01-04,379782,429267.59,13.03,Promotion
2585,1590,2025-05-17,1138560,1234540.61,8.43,Market Adjustment
2586,2783,2024-06-13,514885,575847.38,11.84,Salary Revision
2587,2420,2024-07-02,715864,750297.06,4.81,Annual Increment
2588,2205,2025-01-07,1215954,1317729.35,8.37,Market Adjustment
2589,897,2024-02-12,1298225,1487246.56,14.56,Promotion
2590,2464,2025-12-29,844317,890585.57,5.48,Annual Increment
2591,2454,2024-10-02,921380,997393.85,8.25,Annual Increment
2592,1121,2024-03-10,1731684,1952646.88,12.76,Promotion
2593,2028,2025-11-19,861309,990246.96,14.97,Performance Bonus
2594,241,2024-03-11,948654,1001778.62,5.6,Promotion
2595,922,2025-09-23,1718860,1985455.19,15.51,Promotion
2596,1997,2025-06-29,1775458,1946967.24,9.66,Promotion
2597,89,2025-08-03,1399119,1534413.81,9.67,Performance Bonus
2598,2777,2025-09-12,1242837,1489415.86,19.84,Performance Bonus
2599,1602,2025-12-21,400624,448578.69,11.97,Market Adjustment
2600,1157,2025-04-23,1710406,2030080.88,18.69,Salary Revision
2601,1613,2025-08-07,454093,477842.06,5.23,Salary Revision
2602,222,2024-09-25,1738112,1880115.75,8.17,Promotion
2603,2365,2025-06-26,538486,595080.88,10.51,Performance Bonus
2604,1193,2025-11-11,553715,590094.08,6.57,Promotion
2605,2668,2025-09-03,269152,293806.32,9.16,Salary Revision
2606,418,2024-11-06,1672535,1945994.47,16.35,Promotion
2607,1543,2025-09-13,1145716,1312417.68,14.55,Promotion
2608,231,2025-03-01,451426,492234.91,9.04,Performance Bonus
2609,736,2025-12-09,360042,378008.1,4.99,Salary Revision
2610,2663,2025-11-08,959856,1085501.15,13.09,Promotion
2611,2569,2025-04-14,1765298,1939532.91,9.87,Annual Increment
2612,487,2024-12-09,755110,828657.71,9.74,Market Adjustment
2613,2818,2024-09-08,1500228,1788721.84,19.23,Performance Bonus
2614,2834,2025-09-11,1656635,1891711.51,14.19,Performance Bonus
2615,2664,2025-08-21,1051323,1132064.61,7.68,Performance Bonus
2616,1505,2024-02-28,274332,288158.33,5.04,Annual Increment
2617,500,2025-08-31,1275965,1453324.14,13.9,Salary Revision
2618,922,2025-09-26,298290,337008.04,12.98,Salary Revision
2619,1965,2024-10-04,824042,945917.81,14.79,Annual Increment
2620,2429,2024-10-05,629787,689805.7,9.53,Performance Bonus
2621,1223,2025-02-18,1448361,1522661.92,5.13,Market Adjustment
2622,261,2024-03-04,1746880,2069179.36,18.45,Salary Revision
2623,758,2025-10-08,1100039,1285065.56,16.82,Annual Increment
2624,1613,2024-06-19,1416142,1655470.0,16.9,Salary Revision
2625,2002,2025-12-01,384074,429471.55,11.82,Salary Revision
2626,2208,2024-08-22,1746840,2042405.33,16.92,Annual Increment
2627,850,2024-05-06,1631147,1928994.44,18.26,Promotion
2628,2454,2024-06-11,1707973,1811476.16,6.06,Salary Revision
2629,1832,2025-08-06,909126,955400.51,5.09,Promotion
2630,2356,2024-11-04,682495,778658.55,14.09,Annual Increment
2631,2304,2025-06-08,788465,926209.84,17.47,Annual Increment
2632,347,2024-11-21,511550,570889.8,11.6,Market Adjustment
2633,2230,2025-03-23,609877,672023.47,10.19,Annual Increment
2634,1018,2025-02-10,880403,913682.23,3.78,Salary Revision
2635,1202,2025-03-21,1632353,1829541.24,12.08,Promotion
2636,2364,2024-12-02,1278533,1468011.59,14.82,Salary Revision
2637,1443,2024-06-26,1521235,1706065.05,12.15,Promotion
2638,2818,2025-09-29,457637,522896.04,14.26,Annual Increment
2639,972,2024-09-28,327036,347312.23,6.2,Market Adjustment
2640,882,2024-06-18,531454,601818.51,13.24,Promotion
2641,2424,2025-10-02,1003014,1080446.68,7.72,Salary Revision
2642,1729,2024-04-11,405943,456076.96,12.35,Market Adjustment
2643,1564,2025-08-19,1612664,1908749.11,18.36,Performance Bonus
2644,1869,2024-10-26,424596,505524.0,19.06,Performance Bonus
2645,2845,2025-11-06,550404,617057.92,12.11,Annual Increment
2646,2579,2024-10-25,1786530,1921948.97,7.58,Promotion
2647,2927,2024-05-04,1030438,1160067.1,12.58,Salary Revision
2648,2478,2025-11-30,594023,654197.53,10.13,Promotion
2649,1296,2025-08-23,1159382,1268827.66,9.44,Salary Revision
2650,1014,2025-05-17,412580,443894.82,7.59,Salary Revision
2651,451,2025-12-02,1684408,1891927.07,12.32,Annual Increment
2652,1350,2024-12-26,1592549,1664372.96,4.51,Market Adjustment
2653,1120,2024-09-15,556875,655831.69,17.77,Promotion
2654,1121,2024-03-11,270684,283324.94,4.67,Promotion
2655,1551,2025-09-08,470206,546896.6,16.31,Annual Increment
2656,720,2024-04-20,1354099,1562359.43,15.38,Market Adjustment
2657,2412,2024-08-07,1276804,1335792.34,4.62,Market Adjustment
2658,2870,2024-02-16,1449902,1706679.64,17.71,Salary Revision
2659,1111,2025-04-17,1523950,1595270.86,4.68,Annual Increment
2660,700,2025-09-20,916886,1091919.54,19.09,Performance Bonus
2661,741,2024-05-20,973880,1136517.96,16.7,Salary Revision
2662,2260,2024-06-23,1497002,1766312.66,17.99,Performance Bonus
2663,1954,2024-06-10,1492164,1569308.88,5.17,Annual Increment
2664,2813,2025-08-04,1327024,1527670.03,15.12,Promotion
2665,585,2025-08-16,1044402,1176518.85,12.65,Market Adjustment
2666,217,2025-01-11,1771314,2016995.25,13.87,Market Adjustment
2667,2898,2025-04-25,772424,884657.21,14.53,Performance Bonus
2668,2895,2025-08-15,1210048,1283981.93,6.11,Market Adjustment
2669,1920,2025-02-02,1303251,1405947.18,7.88,Performance Bonus
2670,2133,2024-02-03,1756734,2072594.77,17.98,Promotion
2671,1251,2025-03-11,1583023,1861318.44,17.58,Market Adjustment
2672,1666,2024-09-17,905856,1063203.19,17.37,Annual Increment
2673,315,2025-06-14,1780822,1906904.2,7.08,Annual Increment
2674,677,2025-11-30,1456526,1514495.73,3.98,Market Adjustment
2675,2270,2025-04-03,1283582,1498453.63,16.74,Annual Increment
2676,1737,2025-08-20,1669841,1864377.48,11.65,Promotion
2677,1965,2025-11-01,1293973,1446144.22,11.76,Salary Revision
2678,2859,2025-03-21,511497,562084.05,9.89,Salary Revision
2679,779,2025-01-28,265288,305452.6,15.14,Salary Revision
2680,1414,2025-09-07,762179,913852.62,19.9,Salary Revision
2681,2802,2025-09-02,1527571,1584396.64,3.72,Performance Bonus
2682,691,2025-04-13,1664575,1977681.56,18.81,Salary Revision
2683,922,2025-11-13,616611,643001.95,4.28,Promotion
2684,2105,2024-09-09,990906,1181060.86,19.19,Performance Bonus
2685,2030,2025-01-26,1045019,1106675.12,5.9,Annual Increment
2686,1385,2025-11-19,1674098,1795470.1,7.25,Salary Revision
2687,483,2024-03-01,858309,927746.2,8.09,Market Adjustment
2688,1085,2024-10-21,696831,718014.66,3.04,Salary Revision
2689,1613,2025-06-28,706053,838014.31,18.69,Salary Revision
2690,146,2025-03-31,1221100,1442973.87,18.17,Performance Bonus
2691,236,2024-03-30,996049,1026926.52,3.1,Performance Bonus
2692,1346,2024-06-24,875686,954672.88,9.02,Annual Increment
2693,1433,2025-09-13,1765053,1873780.26,6.16,Market Adjustment
2694,37,2024-03-13,462520,510252.06,10.32,Promotion
2695,348,2024-10-12,1359595,1519211.45,11.74,Promotion
2696,1683,2025-10-24,509716,604115.4,18.52,Annual Increment
2697,638,2024-08-31,1627060,1745021.85,7.25,Performance Bonus
2698,1620,2024-06-27,1034983,1118713.12,8.09,Performance Bonus
2699,747,2025-08-12,1374969,1605963.79,16.8,Annual Increment
2700,1797,2025-03-06,1626318,1907183.12,17.27,Promotion
2701,573,2025-02-27,991841,1147560.04,15.7,Annual Increment
2702,1472,2025-12-09,1737340,1848008.56,6.37,Promotion
2703,1167,2024-12-19,334423,352047.09,5.27,Performance Bonus
2704,1357,2025-09-14,316283,334406.02,5.73,Promotion
2705,1964,2025-10-12,1645115,1969367.17,19.71,Annual Increment
2706,1725,2025-06-25,1275649,1433191.65,12.35,Promotion
2707,1331,2025-07-20,1088600,1214115.58,11.53,Performance Bonus
2708,539,2025-03-18,480126,572694.29,19.28,Annual Increment
2709,517,2024-11-15,576195,627188.26,8.85,Annual Increment
2710,2804,2024-02-17,745986,774930.26,3.88,Market Adjustment
2711,1760,2024-07-30,1502181,1735619.93,15.54,Performance Bonus
2712,1967,2024-09-30,857055,923905.29,7.8,Annual Increment
2713,1757,2024-11-01,769563,873454.01,13.5,Salary Revision
2714,766,2024-07-09,773169,833321.55,7.78,Annual Increment
2715,1080,2024-10-05,1720010,1844022.72,7.21,Performance Bonus
2716,813,2025-06-04,1243825,1430523.13,15.01,Annual Increment
2717,2872,2024-05-19,1781878,1987506.72,11.54,Promotion
2718,773,2025-09-09,1489828,1693785.45,13.69,Promotion
2719,940,2025-05-11,502625,529012.81,5.25,Annual Increment
2720,1122,2024-05-19,653025,775728.4,18.79,Performance Bonus
2721,73,2025-05-23,1542825,1641411.52,6.39,Annual Increment
2722,1558,2025-12-30,1104164,1235780.35,11.92,Promotion
2723,909,2025-11-18,955016,1052809.64,10.24,Annual Increment
2724,2089,2024-02-15,1145636,1305452.22,13.95,Market Adjustment
2725,451,2024-01-10,814649,889433.78,9.18,Market Adjustment
2726,2915,2024-03-06,1126765,1207892.08,7.2,Annual Increment
2727,745,2024-05-17,335750,345856.08,3.01,Market Adjustment
2728,869,2025-11-26,848353,941841.5,11.02,Salary Revision
2729,413,2024-06-14,1153678,1224513.83,6.14,Performance Bonus
2730,1490,2025-04-11,951040,1028739.97,8.17,Annual Increment
2731,2741,2025-02-25,278650,319360.77,14.61,Promotion
2732,1357,2025-07-31,1006167,1163129.05,15.6,Market Adjustment
2733,2413,2024-05-26,1359104,1539593.01,13.28,Promotion
2734,2664,2025-06-03,828702,883147.72,6.57,Performance Bonus
2735,358,2025-09-10,473064,497757.94,5.22,Salary Revision
2736,493,2025-11-24,336064,379651.5,12.97,Promotion
2737,791,2025-02-25,1727779,1910578.02,10.58,Annual Increment
2738,307,2024-03-14,1396259,1585033.22,13.52,Market Adjustment
2739,2972,2024-10-20,1244466,1491119.16,19.82,Promotion
2740,2186,2024-10-26,1761563,1860386.68,5.61,Promotion
2741,786,2024-10-22,1127055,1266359.0,12.36,Market Adjustment
2742,2296,2024-10-24,978423,1156593.83,18.21,Performance Bonus
2743,2580,2025-01-07,1754341,1842058.05,5.0,Performance Bonus
2744,278,2024-08-23,1262548,1390317.86,10.12,Salary Revision
2745,90,2024-03-17,600088,679239.61,13.19,Promotion
2746,1187,2025-07-06,345305,411776.21,19.25,Annual Increment
2747,2842,2025-06-20,648859,750016.12,15.59,Performance Bonus
2748,2028,2024-11-08,1685907,1889058.79,12.05,Salary Revision
2749,308,2025-11-17,597116,659454.91,10.44,Salary Revision
2750,1574,2024-01-28,1429645,1661962.31,16.25,Performance Bonus
2751,2488,2025-03-18,819364,872786.53,6.52,Annual Increment
2752,656,2025-12-09,1449356,1546462.85,6.7,Annual Increment
2753,2101,2024-01-06,1205128,1344440.8,11.56,Salary Revision
2754,1061,2024-11-30,886297,1041310.35,17.49,Market Adjustment
2755,2902,2024-11-23,813116,913861.07,12.39,Promotion
2756,918,2024-02-06,345656,387376.68,12.07,Market Adjustment
2757,161,2025-01-01,1591370,1679213.62,5.52,Market Adjustment
2758,545,2024-10-24,817142,963001.85,17.85,Annual Increment
2759,2632,2025-09-21,772207,925258.43,19.82,Promotion
2760,2190,2024-09-28,493657,508565.44,3.02,Market Adjustment
2761,2592,2025-05-06,1519111,1815793.38,19.53,Market Adjustment
2762,341,2025-11-20,1729460,2041281.64,18.03,Market Adjustment
2763,2958,2024-10-19,530203,582905.18,9.94,Salary Revision
2764,1208,2024-08-08,930809,1114643.78,19.75,Annual Increment
2765,1457,2025-02-16,709862,819322.72,15.42,Market Adjustment
2766,724,2024-10-11,786844,940435.95,19.52,Salary Revision
2767,2693,2025-08-29,1473187,1544047.29,4.81,Performance Bonus
2768,2679,2024-01-16,789691,930177.03,17.79,Salary Revision
2769,2257,2025-08-08,682346,797594.24,16.89,Promotion
2770,1329,2025-03-01,813700,866346.39,6.47,Performance Bonus
2771,638,2024-07-02,1185447,1267717.02,6.94,Performance Bonus
2772,1510,2025-01-09,561079,663980.89,18.34,Annual Increment
2773,2032,2024-02-06,630661,698835.45,10.81,Promotion
2774,774,2025-08-28,1444659,1608483.33,11.34,Promotion
2775,2653,2025-03-11,841489,869763.03,3.36,Promotion
2776,728,2025-08-01,1076691,1234856.91,14.69,Promotion
2777,285,2024-10-05,550988,574239.69,4.22,Promotion
2778,1864,2024-07-05,1602912,1915479.84,19.5,Annual Increment
2779,2967,2025-07-03,1354734,1426941.32,5.33,Annual Increment
2780,2472,2025-06-07,459148,502399.74,9.42,Annual Increment
2781,451,2024-11-23,278420,322911.52,15.98,Annual Increment
2782,542,2024-03-31,770812,894835.65,16.09,Market Adjustment
2783,585,2024-10-10,1565720,1772238.47,13.19,Annual Increment
2784,436,2024-01-26,1387432,1602622.7,15.51,Market Adjustment
2785,2898,2024-09-27,428184,455759.05,6.44,Performance Bonus
2786,2306,2025-08-05,1181819,1381073.68,16.86,Market Adjustment
2787,1359,2025-06-05,1254343,1324962.51,5.63,Annual Increment
2788,2227,2025-04-24,1701315,1829764.28,7.55,Salary Revision
2789,505,2024-01-18,294476,344595.82,17.02,Annual Increment
2790,2231,2024-09-01,872305,913652.26,4.74,Performance Bonus
2791,581,2025-12-22,252538,299282.78,18.51,Annual Increment
2792,929,2024-08-17,1145767,1255187.75,9.55,Market Adjustment
2793,2685,2025-03-11,851560,909806.7,6.84,Performance Bonus
2794,2813,2024-03-13,1749151,2046331.75,16.99,Annual Increment
2795,2015,2025-05-17,605591,725740.25,19.84,Promotion
2796,417,2025-04-22,841007,917286.33,9.07,Salary Revision
2797,1367,2025-04-19,498199,543684.57,9.13,Annual Increment
2798,178,2025-06-08,1517741,1602279.17,5.57,Performance Bonus
2799,2173,2024-12-16,952218,1077815.55,13.19,Performance Bonus
2800,616,2025-02-06,1649373,1891500.96,14.68,Salary Revision
2801,1176,2025-12-29,980617,1155951.32,17.88,Market Adjustment
2802,2045,2024-03-03,1637751,1789570.52,9.27,Market Adjustment
2803,2914,2024-03-30,410158,477464.93,16.41,Promotion
2804,2687,2025-08-07,557419,604465.16,8.44,Performance Bonus
2805,1830,2025-07-15,1762766,2054503.77,16.55,Performance Bonus
2806,276,2024-01-21,487322,549796.68,12.82,Market Adjustment
2807,593,2024-09-04,439681,477009.92,8.49,Promotion
2808,745,2025-08-02,1057440,1152503.86,8.99,Performance Bonus
2809,1737,2024-10-09,1259335,1445590.65,14.79,Performance Bonus
2810,2465,2024-04-17,1585055,1722479.27,8.67,Promotion
2811,1570,2025-10-21,1127992,1267186.21,12.34,Salary Revision
2812,2187,2025-08-19,1283060,1437668.73,12.05,Promotion
2813,1576,2025-11-30,425359,480145.24,12.88,Performance Bonus
2814,2159,2024-01-04,1461894,1698720.83,16.2,Promotion
2815,2880,2025-01-29,432976,463284.32,7.0,Annual Increment
2816,833,2024-07-02,285975,312170.31,9.16,Performance Bonus
2817,548,2024-01-16,481014,500302.66,4.01,Market Adjustment
2818,1479,2025-09-19,542236,585669.1,8.01,Promotion
2819,2259,2024-07-03,1133062,1213736.01,7.12,Promotion
2820,229,2024-08-07,538990,565885.6,4.99,Promotion
2821,1547,2024-10-22,1787383,1849047.71,3.45,Performance Bonus
2822,1523,2024-04-04,363420,417642.26,14.92,Salary Revision
2823,303,2025-01-06,1249977,1465473.03,17.24,Promotion
2824,124,2024-10-18,558043,609438.76,9.21,Annual Increment
2825,1004,2024-10-15,411617,424829.91,3.21,Performance Bonus
2826,614,2025-08-13,632571,702090.55,10.99,Promotion
2827,2161,2025-03-02,1714994,2043072.35,19.13,Performance Bonus
2828,1686,2025-06-11,1765312,1919423.74,8.73,Annual Increment
2829,1175,2024-09-17,483343,510651.88,5.65,Annual Increment
2830,2475,2025-04-06,614024,685005.17,11.56,Annual Increment
2831,1624,2025-07-01,1138397,1304147.6,14.56,Performance Bonus
2832,2270,2024-01-14,1741928,2039797.69,17.1,Salary Revision
2833,2056,2025-01-10,891799,1026103.93,15.06,Performance Bonus
2834,643,2025-07-02,820063,980303.31,19.54,Salary Revision
2835,1547,2025-03-06,512423,592514.71,15.63,Performance Bonus
2836,2536,2024-06-13,367433,392124.5,6.72,Promotion
2837,2291,2024-09-18,1518951,1781881.42,17.31,Performance Bonus
2838,1956,2024-11-21,906806,1034665.65,14.1,Performance Bonus
2839,1559,2025-10-03,595661,619070.48,3.93,Market Adjustment
2840,2649,2025-02-09,1139657,1211569.36,6.31,Annual Increment
2841,428,2024-08-27,413176,451064.24,9.17,Market Adjustment
2842,115,2025-06-06,752330,811011.74,7.8,Salary Revision
2843,437,2025-09-18,386984,412524.94,6.6,Annual Increment
2844,1267,2024-06-15,643727,723420.4,12.38,Annual Increment
2845,985,2025-08-23,814486,850730.63,4.45,Salary Revision
2846,2314,2025-04-30,344108,387396.79,12.58,Performance Bonus
2847,188,2024-06-18,350765,380053.88,8.35,Market Adjustment
2848,35,2024-03-02,997947,1155423.04,15.78,Performance Bonus
2849,2049,2025-10-05,658700,713701.45,8.35,Performance Bonus
2850,2973,2025-12-01,996244,1191109.33,19.56,Annual Increment
2851,1358,2024-10-15,1104141,1305536.32,18.24,Salary Revision
2852,414,2024-01-02,1303141,1521156.49,16.73,Promotion
2853,98,2024-08-27,1481396,1726270.76,16.53,Performance Bonus
2854,2402,2024-08-30,328450,354496.08,7.93,Promotion
2855,2796,2024-03-16,1221204,1274204.25,4.34,Annual Increment
2856,2943,2024-02-10,735637,868272.35,18.03,Promotion
2857,2944,2024-04-06,587740,704641.49,19.89,Salary Revision
2858,2115,2024-11-16,1778237,2015631.64,13.35,Salary Revision
2859,1399,2024-09-02,1188434,1382742.96,16.35,Market Adjustment
2860,1192,2024-11-17,1005638,1142404.77,13.6,Performance Bonus
2861,164,2025-07-19,1744771,2026725.99,16.16,Performance Bonus
2862,980,2025-12-06,687928,825169.64,19.95,Salary Revision
2863,308,2024-04-20,569608,641606.45,12.64,Performance Bonus
2864,399,2024-11-12,281335,296583.36,5.42,Market Adjustment
2865,2242,2024-12-10,432803,482488.78,11.48,Performance Bonus
2866,1285,2024-08-09,605923,720321.26,18.88,Promotion
2867,280,2024-12-24,837448,944641.34,12.8,Market Adjustment
2868,366,2024-06-11,399178,423328.27,6.05,Performance Bonus
2869,1057,2025-11-18,1242500,1486402.75,19.63,Performance Bonus
2870,2664,2024-08-28,544539,647892.5,18.98,Salary Revision
2871,2000,2024-12-05,333031,363603.25,9.18,Market Adjustment
2872,1643,2025-07-10,1107804,1302445.16,17.57,Promotion
2873,1806,2024-07-09,1019093,1138428.79,11.71,Salary Revision
2874,1285,2025-08-31,1033670,1079358.21,4.42,Performance Bonus
2875,2073,2024-05-07,1193911,1283096.15,7.47,Annual Increment
2876,2543,2025-02-15,1600286,1663817.35,3.97,Promotion
2877,2867,2025-03-16,1426083,1470862.01,3.14,Annual Increment
2878,1191,2024-01-24,1038155,1097226.02,5.69,Performance Bonus
2879,299,2025-04-15,717772,786678.11,9.6,Performance Bonus
2880,2741,2024-03-09,446090,485925.84,8.93,Performance Bonus
2881,2632,2025-12-07,1372219,1623335.08,18.3,Performance Bonus
2882,447,2024-01-06,429982,456038.91,6.06,Annual Increment
2883,1626,2024-01-14,1158306,1232321.75,6.39,Market Adjustment
2884,265,2024-12-05,915394,996131.75,8.82,Salary Revision
2885,1992,2024-06-04,695928,799899.64,14.94,Performance Bonus
2886,469,2025-11-02,833794,923260.1,10.73,Salary Revision
2887,638,2025-12-04,1235593,1303179.94,5.47,Promotion
2888,1312,2024-08-15,1441615,1492504.01,3.53,Salary Revision
2889,1558,2024-07-25,380862,452921.09,18.92,Market Adjustment
2890,1762,2024-01-26,1242811,1325209.37,6.63,Promotion
2891,94,2024-03-02,1683762,1855337.35,10.19,Market Adjustment
2892,2604,2025-03-12,619320,646693.94,4.42,Annual Increment
2893,1122,2025-09-08,1099490,1147757.61,4.39,Performance Bonus
2894,1720,2024-05-21,1350539,1440214.79,6.64,Market Adjustment
2895,754,2024-11-17,362705,379280.62,4.57,Performance Bonus
2896,1401,2024-02-21,872654,923267.93,5.8,Market Adjustment
2897,1717,2024-04-30,1260041,1399653.54,11.08,Promotion
2898,2854,2025-08-27,1166002,1271291.98,9.03,Salary Revision
2899,1594,2024-10-11,270827,304788.71,12.54,Salary Revision
2900,814,2025-04-13,413176,476350.61,15.29,Salary Revision
2901,2526,2024-10-05,553284,600313.14,8.5,Market Adjustment
2902,59,2025-02-12,565634,668805.64,18.24,Promotion
2903,2046,2025-07-30,913555,958593.26,4.93,Performance Bonus
2904,1077,2024-01-02,1341969,1547021.86,15.28,Performance Bonus
2905,515,2024-05-15,1580208,1748342.13,10.64,Salary Revision
2906,400,2024-06-04,326516,348457.88,6.72,Promotion
2907,1722,2024-11-07,1710553,1920608.91,12.28,Promotion
2908,2462,2024-06-09,1041793,1111280.59,6.67,Promotion
2909,783,2024-01-09,1675283,1889886.75,12.81,Annual Increment
2910,1517,2024-12-04,1012932,1046156.17,3.28,Market Adjustment
2911,2057,2024-12-23,511609,587787.58,14.89,Performance Bonus
2912,1696,2024-05-25,1110643,1210378.74,8.98,Salary Revision
2913,1745,2025-05-12,1347166,1610671.67,19.56,Market Adjustment
2914,465,2025-12-14,618708,685528.46,10.8,Market Adjustment
2915,725,2025-09-27,1409208,1593955.17,13.11,Salary Revision
2916,1786,2024-01-27,1050196,1132636.39,7.85,Performance Bonus
2917,2598,2025-11-09,844014,970109.69,14.94,Annual Increment
2918,359,2024-05-06,467709,488849.45,4.52,Annual Increment
2919,2525,2025-09-15,1112515,1165470.71,4.76,Salary Revision
2920,2232,2024-09-16,459090,522306.69,13.77,Salary Revision
2921,2381,2025-02-13,318441,364137.28,14.35,Performance Bonus
2922,868,2025-06-08,717411,833703.32,16.21,Salary Revision
2923,1561,2025-07-05,490126,521101.96,6.32,Performance Bonus
2924,510,2025-09-02,985290,1176928.91,19.45,Performance Bonus
2925,1692,2024-11-06,1602368,1842242.49,14.97,Performance Bonus
2926,32,2025-12-21,1035684,1204500.49,16.3,Salary Revision
2927,1162,2025-05-13,811217,956830.45,17.95,Market Adjustment
2928,1260,2024-10-30,1119723,1281522.97,14.45,Annual Increment
2929,1699,2025-09-29,318523,328906.85,3.26,Promotion
2930,1534,2024-10-20,1338344,1565059.47,16.94,Salary Revision
2931,1301,2024-12-24,952734,1008945.31,5.9,Salary Revision
2932,1762,2025-03-07,757156,851421.92,12.45,Performance Bonus
2933,790,2024-12-26,1542407,1757727.02,13.96,Annual Increment
2934,2367,2025-09-28,1149893,1209572.45,5.19,Performance Bonus
2935,2983,2025-05-02,614311,674820.63,9.85,Market Adjustment
2936,2119,2024-01-15,582280,643070.03,10.44,Annual Increment
2937,2909,2025-03-12,514933,574510.75,11.57,Salary Revision
2938,1606,2025-10-22,1565581,1856465.95,18.58,Salary Revision
2939,652,2024-05-26,926131,985959.06,6.46,Annual Increment
2940,106,2025-06-03,1167338,1204692.82,3.2,Salary Revision
2941,627,2025-10-30,308339,349995.6,13.51,Salary Revision
2942,323,2025-01-15,1449138,1586806.11,9.5,Promotion
2943,1859,2025-02-13,1580565,1797734.63,13.74,Market Adjustment
2944,765,2024-06-24,752733,858793.08,14.09,Promotion
2945,1217,2025-08-08,656488,735923.05,12.1,Promotion
2946,2975,2025-11-30,1042947,1210861.47,16.1,Annual Increment
2947,1127,2024-05-17,423986,504076.96,18.89,Annual Increment
2948,2615,2024-03-12,1464994,1724883.94,17.74,Annual Increment
2949,1881,2024-08-29,1499681,1576014.76,5.09,Promotion
2950,1157,2024-11-28,799442,945020.39,18.21,Annual Increment
2951,317,2025-03-03,1286506,1509843.44,17.36,Promotion
2952,1601,2025-09-06,461123,513460.46,11.35,Annual Increment
2953,1695,2024-03-06,404299,449863.5,11.27,Annual Increment
2954,862,2024-10-06,1691448,1862960.83,10.14,Market Adjustment
2955,2596,2025-04-26,1195560,1395816.3,16.75,Promotion
2956,1224,2025-02-24,271265,321069.25,18.36,Salary Revision
2957,2586,2024-11-21,1522247,1789096.9,17.53,Annual Increment
2958,1405,2024-10-29,977258,1087004.07,11.23,Salary Revision
2959,2458,2025-12-10,1396057,1439195.16,3.09,Salary Revision
2960,1043,2025-06-03,505000,536714.0,6.28,Annual Increment
2961,2196,2024-03-25,298314,333544.88,11.81,Promotion
2962,886,2025-11-03,1015231,1065484.93,4.95,Promotion
2963,121,2024-04-16,936900,987117.84,5.36,Annual Increment
2964,2981,2025-07-29,1700393,2023127.59,18.98,Market Adjustment
2965,1121,2024-08-18,1259935,1340444.85,6.39,Annual Increment
2966,1428,2025-01-12,1734958,1949745.8,12.38,Market Adjustment
2967,1914,2025-04-23,1289771,1424036.16,10.41,Performance Bonus
2968,791,2025-07-21,774483,820487.29,5.94,Market Adjustment
2969,1610,2024-06-12,465785,525964.42,12.92,Salary Revision
2970,1277,2025-05-07,597399,695969.84,16.5,Performance Bonus
2971,1776,2024-02-03,1185660,1306597.32,10.2,Market Adjustment
2972,1306,2024-03-31,1556338,1631509.13,4.83,Performance Bonus
2973,1759,2025-02-02,668844,753385.88,12.64,Market Adjustment
2974,2592,2024-02-03,384776,425716.17,10.64,Annual Increment
2975,2095,2025-09-21,780712,882048.42,12.98,Market Adjustment
2976,2474,2024-06-16,1602868,1909977.51,19.16,Salary Revision
2977,1443,2024-07-30,1085309,1123403.35,3.51,Promotion
2978,1322,2024-06-10,1150489,1339744.44,16.45,Market Adjustment
2979,1005,2024-05-28,402337,429132.64,6.66,Market Adjustment
2980,1524,2025-07-15,554170,644222.62,16.25,Annual Increment
2981,40,2024-08-08,918129,1053093.96,14.7,Market Adjustment
2982,876,2024-11-05,1225965,1381049.57,12.65,Market Adjustment
2983,953,2024-06-16,1427845,1486815.0,4.13,Market Adjustment
2984,2465,2024-05-16,694963,778080.57,11.96,Annual Increment
2985,2298,2025-03-31,833109,959574.95,15.18,Annual Increment
2986,2351,2024-01-20,1605326,1768587.65,10.17,Performance Bonus
2987,1302,2024-01-07,921343,980032.55,6.37,Annual Increment
2988,2024,2024-12-16,1295746,1344984.35,3.8,Market Adjustment
2989,1726,2024-08-20,500104,525659.31,5.11,Promotion
2990,2464,2025-11-30,935506,1057589.53,13.05,Promotion
2991,2361,2024-01-23,294603,317729.34,7.85,Salary Revision
2992,20,2024-07-29,1218405,1313806.11,7.83,Performance Bonus
2993,152,2024-09-01,1368761,1623487.42,18.61,Annual Increment
2994,1382,2025-04-03,1602192,1654743.9,3.28,Performance Bonus
2995,390,2024-01-25,1120483,1291916.9,15.3,Market Adjustment
2996,1300,2024-07-17,975246,1070917.63,9.81,Salary Revision
2997,1283,2024-04-16,1285612,1458012.57,13.41,Performance Bonus
2998,1223,2024-03-31,1710576,2048072.64,19.73,Performance Bonus
2999,2626,2025-07-22,504621,592071.82,17.33,Salary Revision
3000,421,2025-06-15,311421,332628.77,6.81,Annual Increment
3001,569,2024-12-23,470485,564064.47,19.89,Performance Bonus
3002,928,2025-05-21,606917,634228.27,4.5,Market Adjustment
3003,2202,2025-01-02,260362,309518.35,18.88,Annual Increment
3004,1064,2025-02-02,340337,356945.45,4.88,Market Adjustment
3005,308,2025-10-15,803075,872139.45,8.6,Salary Revision
3006,1555,2025-10-22,816046,937473.64,14.88,Promotion
3007,2390,2025-10-09,1216144,1277437.66,5.04,Market Adjustment
3008,607,2025-04-20,1475010,1741839.31,18.09,Performance Bonus
3009,2609,2024-10-06,1186965,1357413.17,14.36,Salary Revision
3010,2162,2025-07-12,754414,851129.87,12.82,Performance Bonus
3011,1150,2025-01-04,925097,1074315.15,16.13,Performance Bonus
3012,926,2025-12-17,442517,475617.27,7.48,Market Adjustment
3013,2914,2025-05-08,423632,461758.88,9.0,Promotion
3014,2702,2024-09-05,1607138,1856244.39,15.5,Promotion
3015,2847,2025-01-13,413612,431314.59,4.28,Performance Bonus
3016,247,2024-05-03,695593,717991.09,3.22,Promotion
3017,1918,2024-07-30,1057529,1122990.05,6.19,Annual Increment
3018,1395,2025-03-10,687594,803384.83,16.84,Salary Revision
3019,2106,2024-10-27,907161,1051671.75,15.93,Market Adjustment
3020,2903,2025-11-06,1202153,1372137.43,14.14,Salary Revision
3021,433,2024-05-27,522756,557885.2,6.72,Market Adjustment
3022,1580,2025-05-02,1198818,1411608.2,17.75,Salary Revision
3023,832,2024-08-17,1089290,1156825.98,6.2,Market Adjustment
3024,1733,2025-06-10,594344,681534.26,14.67,Salary Revision
3025,2656,2024-01-06,464044,489566.42,5.5,Annual Increment
3026,452,2025-01-04,754496,779243.47,3.28,Performance Bonus
3027,767,2025-01-23,809429,837678.07,3.49,Salary Revision
3028,1855,2025-02-19,988106,1062312.76,7.51,Salary Revision
3029,345,2024-11-18,993286,1095991.77,10.34,Promotion
3030,1626,2024-04-27,1303169,1437656.04,10.32,Market Adjustment
3031,218,2024-05-09,1175558,1265253.08,7.63,Annual Increment
3032,202,2024-02-23,1610258,1763232.51,9.5,Performance Bonus
3033,795,2025-09-23,866575,920475.97,6.22,Promotion
3034,2434,2025-05-12,828658,928096.96,12.0,Performance Bonus
3035,2125,2024-06-06,1159252,1215591.65,4.86,Annual Increment
3036,2648,2025-09-19,772073,921083.09,19.3,Promotion
3037,472,2025-09-22,361437,427290.82,18.22,Salary Revision
3038,1091,2024-12-13,750730,781660.08,4.12,Annual Increment
3039,1129,2025-10-13,724931,855418.58,18.0,Performance Bonus
3040,1606,2025-01-22,1073940,1124629.97,4.72,Market Adjustment
3041,2029,2024-05-05,681395,721665.44,5.91,Promotion
3042,1424,2025-03-28,1585674,1710942.25,7.9,Salary Revision
3043,1180,2025-02-04,1789062,1843628.39,3.05,Promotion
3044,2062,2024-05-10,1718994,1952433.39,13.58,Market Adjustment
3045,2818,2024-03-05,750421,794620.8,5.89,Annual Increment
3046,683,2025-06-13,642889,698498.9,8.65,Performance Bonus
3047,581,2025-12-09,276706,316330.3,14.32,Performance Bonus
3048,1369,2024-01-02,293677,311356.36,6.02,Market Adjustment
3049,316,2024-02-02,608036,696505.24,14.55,Annual Increment
3050,2434,2024-01-30,988498,1181057.41,19.48,Salary Revision
3051,5,2025-05-26,1274054,1501345.23,17.84,Performance Bonus
3052,449,2024-12-11,344742,403072.35,16.92,Salary Revision
3053,2786,2024-02-02,859555,1007398.46,17.2,Salary Revision
3054,2061,2025-08-25,600863,695979.61,15.83,Annual Increment
3055,410,2025-09-18,888797,1036959.46,16.67,Market Adjustment
3056,1854,2025-07-23,1278992,1477107.86,15.49,Salary Revision
3057,1055,2024-04-19,1641268,1826238.9,11.27,Market Adjustment
3058,1880,2024-07-15,278439,325968.54,17.07,Market Adjustment
3059,2909,2024-09-24,949901,1122308.03,18.15,Salary Revision
3060,1984,2024-03-13,486477,523400.6,7.59,Salary Revision
3061,2983,2024-04-20,1591758,1645081.89,3.35,Performance Bonus
3062,903,2024-09-24,1632792,1957717.61,19.9,Market Adjustment
3063,2040,2025-07-02,314811,337319.99,7.15,Performance Bonus
3064,1473,2025-10-22,682658,789493.98,15.65,Promotion
3065,1548,2024-11-13,1589521,1666294.86,4.83,Market Adjustment
3066,2568,2024-01-27,1673549,1878726.11,12.26,Performance Bonus
3067,2159,2024-09-09,616901,663230.27,7.51,Market Adjustment
3068,1357,2025-03-04,1070041,1209360.34,13.02,Market Adjustment
3069,1267,2025-11-28,649659,673696.38,3.7,Salary Revision
3070,2875,2025-06-06,969898,1136526.48,17.18,Annual Increment
3071,1776,2025-10-05,1204262,1356360.29,12.63,Market Adjustment
3072,1182,2025-04-10,481086,574801.55,19.48,Performance Bonus
3073,2808,2025-09-20,558556,619606.17,10.93,Promotion
3074,2143,2025-02-24,857716,974365.38,13.6,Promotion
3075,1244,2024-10-27,1270945,1371349.66,7.9,Market Adjustment
3076,64,2024-06-29,1201809,1246275.93,3.7,Market Adjustment
3077,2430,2025-05-03,508863,528708.66,3.9,Market Adjustment
3078,21,2024-06-25,1152452,1256057.43,8.99,Annual Increment
3079,205,2024-04-21,777294,818801.5,5.34,Market Adjustment
3080,2057,2024-12-25,1645289,1962665.25,19.29,Salary Revision
3081,636,2025-04-03,430362,495432.73,15.12,Promotion
3082,806,2025-07-03,1156076,1305787.84,12.95,Annual Increment
3083,1192,2024-05-14,708978,734146.72,3.55,Market Adjustment
3084,1019,2024-03-07,1672918,1904282.56,13.83,Performance Bonus
3085,1635,2024-11-17,455811,538677.44,18.18,Market Adjustment
3086,2446,2025-02-16,901660,955308.77,5.95,Performance Bonus
3087,2781,2024-02-12,926289,1080701.38,16.67,Promotion
3088,2799,2024-04-24,668395,716853.64,7.25,Performance Bonus
3089,2271,2024-06-24,668430,722706.52,8.12,Annual Increment
3090,1218,2024-12-26,1438382,1708222.46,18.76,Performance Bonus
3091,2236,2025-01-30,634559,694144.09,9.39,Performance Bonus
3092,394,2024-09-27,540685,605296.86,11.95,Market Adjustment
3093,2064,2025-12-01,1686891,1941780.23,15.11,Performance Bonus
3094,1451,2024-10-02,1146887,1272241.75,10.93,Performance Bonus
3095,1890,2025-12-11,308034,365051.09,18.51,Annual Increment
3096,1725,2024-12-22,435449,504467.67,15.85,Salary Revision
3097,1239,2024-03-17,758864,856529.8,12.87,Market Adjustment
3098,522,2025-08-27,1552100,1742077.04,12.24,Salary Revision
3099,1202,2025-02-27,362273,419657.04,15.84,Performance Bonus
3100,516,2025-01-19,1095030,1252604.82,14.39,Performance Bonus
3101,2122,2024-09-14,1215152,1425008.75,17.27,Annual Increment
3102,225,2025-05-30,816597,956316.75,17.11,Annual Increment
3103,1366,2025-07-20,1496420,1566153.17,4.66,Market Adjustment
3104,2317,2024-07-15,1259711,1445392.4,14.74,Annual Increment
3105,498,2025-12-13,1476031,1689612.69,14.47,Annual Increment
3106,2874,2024-11-24,680051,760161.01,11.78,Salary Revision
3107,2029,2024-03-04,536057,572508.88,6.8,Promotion
3108,1233,2025-10-08,1567513,1697459.83,8.29,Annual Increment
3109,1987,2024-07-17,1557918,1786776.15,14.69,Annual Increment
3110,276,2024-11-10,250074,264078.14,5.6,Annual Increment
3111,2130,2024-06-16,453137,485762.86,7.2,Annual Increment
3112,1941,2025-11-29,301708,353481.09,17.16,Performance Bonus
3113,1601,2024-07-20,366713,435435.02,18.74,Market Adjustment
3114,1658,2024-03-16,1264433,1513652.74,19.71,Promotion
3115,2240,2025-12-20,795828,930880.01,16.97,Performance Bonus
3116,2696,2024-12-31,1544275,1622878.6,5.09,Promotion
3117,2606,2025-01-11,295419,313557.73,6.14,Promotion
3118,700,2025-03-03,1322724,1529201.22,15.61,Salary Revision
3119,821,2025-02-01,1248576,1388041.94,11.17,Market Adjustment
3120,2735,2025-03-09,459756,548488.91,19.3,Performance Bonus
3121,1505,2025-06-25,1650267,1777007.51,7.68,Performance Bonus
3122,2858,2025-06-11,475099,526837.28,10.89,Performance Bonus
3123,607,2025-01-16,308658,332795.06,7.82,Annual Increment
3124,2312,2025-03-11,1066692,1100719.47,3.19,Market Adjustment
3125,140,2025-09-16,1602891,1828257.47,14.06,Salary Revision
3126,1821,2024-01-15,339405,401991.28,18.44,Market Adjustment
3127,571,2024-01-21,1231272,1452900.96,18.0,Performance Bonus
3128,1135,2025-10-05,269126,322116.91,19.69,Market Adjustment
3129,2051,2025-11-15,1305298,1391186.61,6.58,Salary Revision
3130,1600,2025-02-07,1325933,1379898.47,4.07,Promotion
3131,1442,2024-02-10,1625592,1873169.66,15.23,Market Adjustment
3132,1883,2025-06-14,1749846,2057818.9,17.6,Promotion
3133,1141,2024-09-23,1630857,1763771.85,8.15,Performance Bonus
3134,280,2025-05-27,1602944,1782794.32,11.22,Performance Bonus
3135,2482,2024-09-01,1631964,1731024.21,6.07,Salary Revision
3136,2699,2024-07-10,1351914,1452090.83,7.41,Market Adjustment
3137,2412,2024-08-24,1467868,1598801.83,8.92,Salary Revision
3138,1654,2025-12-19,391704,406432.07,3.76,Promotion
3139,950,2025-07-25,452459,517205.88,14.31,Performance Bonus
3140,2783,2025-03-22,1249110,1355284.35,8.5,Promotion
3141,970,2024-06-23,471106,557318.4,18.3,Promotion
3142,2983,2024-12-29,1055481,1222774.74,15.85,Performance Bonus
3143,264,2025-03-22,379869,430771.45,13.4,Annual Increment
3144,154,2025-10-29,402843,445181.8,10.51,Market Adjustment
3145,2485,2025-03-20,1573919,1846049.6,17.29,Promotion
3146,1316,2024-05-20,475781,546577.21,14.88,Performance Bonus
3147,546,2024-04-25,1586715,1789021.16,12.75,Promotion
3148,802,2024-05-22,779520,867995.52,11.35,Market Adjustment
3149,924,2025-06-07,671931,776886.62,15.62,Performance Bonus
3150,2165,2025-02-21,653273,682408.98,4.46,Annual Increment
3151,2577,2024-02-14,1652277,1728942.65,4.64,Annual Increment
3152,576,2024-05-14,260981,284756.37,9.11,Performance Bonus
3153,2328,2025-02-27,1396263,1643401.55,17.7,Market Adjustment
3154,760,2025-10-13,1681015,1940059.41,15.41,Salary Revision
3155,2033,2024-01-09,648745,760004.77,17.15,Salary Revision
3156,1941,2025-07-23,1300359,1417261.27,8.99,Salary Revision
3157,2289,2024-06-28,539141,628800.15,16.63,Performance Bonus
3158,1752,2025-09-22,1561707,1708351.29,9.39,Annual Increment
3159,2332,2025-01-08,413879,435235.16,5.16,Salary Revision
3160,1222,2025-11-03,461629,484710.45,5.0,Promotion
3161,211,2024-06-27,1511415,1695656.49,12.19,Annual Increment
3162,918,2024-10-11,857956,1018222.18,18.68,Market Adjustment
3163,1600,2025-02-01,1724871,1881489.29,9.08,Promotion
3164,1180,2024-11-15,406818,456002.3,12.09,Promotion
3165,2121,2025-04-28,1531878,1708043.97,11.5,Performance Bonus
3166,2534,2025-11-28,368799,414087.52,12.28,Annual Increment
3167,2388,2025-06-13,1237713,1472012.07,18.93,Market Adjustment
3168,2676,2024-10-28,312868,323974.81,3.55,Performance Bonus
3169,1069,2025-03-31,670502,728768.62,8.69,Annual Increment
3170,571,2024-12-07,678308,761739.88,12.3,Market Adjustment
3171,2718,2024-07-05,380712,407399.91,7.01,Annual Increment
3172,2310,2025-05-18,1529266,1757891.27,14.95,Annual Increment
3173,1417,2024-07-26,398400,474693.6,19.15,Salary Revision
3174,2509,2024-04-30,419016,494815.99,18.09,Performance Bonus
3175,531,2025-08-23,817297,942343.44,15.3,Annual Increment
3176,146,2024-03-31,1291438,1441632.24,11.63,Market Adjustment
3177,1768,2025-09-27,1251584,1353713.25,8.16,Promotion
3178,88,2024-09-11,366091,378721.14,3.45,Promotion
3179,2189,2024-04-10,1525359,1794279.79,17.63,Annual Increment
3180,2264,2024-02-04,1261190,1310250.29,3.89,Performance Bonus
3181,2849,2024-08-16,512641,565494.29,10.31,Performance Bonus
3182,2251,2025-06-08,538925,565655.68,4.96,Annual Increment
3183,2522,2024-11-01,1021140,1112838.37,8.98,Market Adjustment
3184,1789,2024-02-12,371472,397660.78,7.05,Annual Increment
3185,2411,2025-12-14,271075,289670.74,6.86,Salary Revision
3186,2327,2025-03-19,346007,414689.39,19.85,Annual Increment
3187,2949,2025-04-11,774125,904255.41,16.81,Annual Increment
3188,233,2025-01-24,515742,569688.61,10.46,Market Adjustment
3189,180,2024-04-29,908769,990012.95,8.94,Promotion
3190,1198,2024-03-13,522034,591464.52,13.3,Performance Bonus
3191,2694,2025-06-14,506641,578381.37,14.16,Annual Increment
3192,1025,2025-01-05,1390108,1480465.02,6.5,Market Adjustment
3193,903,2024-12-26,1180174,1358616.31,15.12,Market Adjustment
3194,2259,2024-06-24,863801,1017298.44,17.77,Promotion
3195,2158,2024-11-15,811062,879353.42,8.42,Salary Revision
3196,2063,2024-04-05,468896,487276.72,3.92,Performance Bonus
3197,2890,2024-07-30,1554159,1729312.72,11.27,Annual Increment
3198,834,2024-06-02,537585,630587.21,17.3,Salary Revision
3199,945,2024-09-06,889503,1028354.42,15.61,Promotion
3200,503,2024-03-23,1030958,1188900.77,15.32,Promotion
3201,147,2024-01-13,743051,853542.68,14.87,Performance Bonus
3202,468,2025-09-21,294647,328472.48,11.48,Annual Increment
3203,1108,2024-11-01,832939,941221.07,13.0,Market Adjustment
3204,347,2024-07-18,375242,404285.73,7.74,Salary Revision
3205,1573,2024-03-03,1288839,1331628.45,3.32,Performance Bonus
3206,1576,2024-04-15,1181176,1225588.22,3.76,Promotion
3207,1554,2024-12-23,636771,727319.84,14.22,Salary Revision
3208,215,2025-01-06,1634964,1768867.55,8.19,Salary Revision
3209,1425,2025-09-12,304509,360751.81,18.47,Market Adjustment
3210,1076,2024-09-03,1489330,1588817.24,6.68,Annual Increment
3211,1397,2024-12-30,1772084,2075110.36,17.1,Performance Bonus
3212,1752,2024-11-08,1779298,2113628.09,18.79,Annual Increment
3213,448,2024-06-20,1410341,1545733.74,9.6,Market Adjustment
3214,2191,2024-06-06,1222035,1346804.77,10.21,Salary Revision
3215,2126,2024-06-02,795470,841289.07,5.76,Performance Bonus
3216,1915,2024-05-08,749598,788876.94,5.24,Annual Increment
3217,1150,2025-09-10,1681513,2003859.04,19.17,Annual Increment
3218,1024,2024-11-17,1388343,1499826.94,8.03,Salary Revision
3219,1617,2025-06-05,330963,375510.62,13.46,Market Adjustment
3220,1101,2024-12-28,1632505,1751024.86,7.26,Salary Revision
3221,51,2024-08-31,510689,552667.64,8.22,Market Adjustment
3222,1084,2025-05-06,624938,690806.47,10.54,Annual Increment
3223,1802,2024-10-16,268603,297961.31,10.93,Market Adjustment
3224,1967,2024-07-03,1587444,1862865.53,17.35,Promotion
3225,1674,2025-01-14,372861,420773.64,12.85,Annual Increment
3226,1133,2025-02-26,1529951,1719205.94,12.37,Annual Increment
3227,1805,2025-09-11,627076,673416.92,7.39,Market Adjustment
3228,1064,2024-08-20,1287941,1354398.76,5.16,Promotion
3229,602,2025-07-21,1545933,1764682.52,14.15,Promotion
3230,469,2024-06-29,1622797,1682029.09,3.65,Salary Revision
3231,1804,2024-03-28,1466118,1589125.3,8.39,Salary Revision
3232,2939,2024-04-06,728050,757390.42,4.03,Market Adjustment
3233,1055,2024-06-08,283802,325038.43,14.53,Market Adjustment
3234,2214,2024-07-08,1756424,1822465.54,3.76,Promotion
3235,1433,2025-07-15,478932,499621.86,4.32,Performance Bonus
3236,464,2024-07-02,1321719,1378817.26,4.32,Promotion
3237,1335,2024-06-21,1446143,1580778.91,9.31,Performance Bonus
3238,293,2024-09-06,1596134,1759737.74,10.25,Market Adjustment
3239,587,2025-07-17,301788,327590.87,8.55,Market Adjustment
3240,1373,2024-01-28,1105926,1307868.09,18.26,Market Adjustment
3241,1928,2025-09-04,866694,984304.38,13.57,Promotion
3242,1509,2025-04-08,343555,370833.27,7.94,Promotion
3243,2422,2025-12-07,303551,318151.8,4.81,Promotion
3244,1283,2024-07-29,1321217,1521645.62,15.17,Salary Revision
3245,2382,2024-12-04,1744934,1899360.66,8.85,Promotion
3246,1552,2025-08-19,1471981,1524236.33,3.55,Promotion
3247,1561,2024-12-18,1611496,1681273.78,4.33,Annual Increment
3248,920,2025-06-06,1435734,1601704.85,11.56,Salary Revision
3249,2582,2024-03-22,1399727,1616404.74,15.48,Salary Revision
3250,497,2025-01-16,1356785,1581604.27,16.57,Salary Revision
3251,1935,2024-09-10,1632437,1827023.49,11.92,Performance Bonus
3252,1299,2024-02-24,814517,865994.47,6.32,Salary Revision
3253,1201,2025-08-05,761765,827200.61,8.59,Market Adjustment
3254,946,2025-04-20,1205926,1306620.82,8.35,Annual Increment
3255,2839,2025-01-12,755511,835368.51,10.57,Performance Bonus
3256,1483,2025-03-14,417122,454579.56,8.98,Salary Revision
3257,314,2024-09-19,1009791,1152272.51,14.11,Salary Revision
3258,944,2024-04-15,1191554,1386611.39,16.37,Promotion
3259,2333,2025-02-13,512733,608819.16,18.74,Promotion
3260,1670,2024-01-08,1663700,1878982.78,12.94,Promotion
3261,2481,2025-05-07,795844,927397.01,16.53,Market Adjustment
3262,1286,2024-07-05,497388,519223.33,4.39,Performance Bonus
3263,2069,2025-12-13,561214,632993.27,12.79,Promotion
3264,737,2025-11-22,1202252,1241445.42,3.26,Annual Increment
3265,1715,2024-11-18,802339,930793.47,16.01,Performance Bonus
3266,414,2024-09-02,515075,606655.33,17.78,Performance Bonus
3267,99,2025-06-14,1697132,1796244.51,5.84,Annual Increment
3268,543,2024-01-09,1329817,1565726.54,17.74,Performance Bonus
3269,1730,2024-11-20,993163,1044509.53,5.17,Salary Revision
3270,989,2024-12-11,1743137,1882413.65,7.99,Market Adjustment
3271,1379,2025-03-31,1490419,1689389.94,13.35,Annual Increment
3272,2959,2024-12-14,344870,359526.97,4.25,Market Adjustment
3273,1839,2024-06-14,1107472,1259417.16,13.72,Performance Bonus
3274,1185,2024-01-02,1250563,1436896.89,14.9,Promotion
3275,2965,2024-05-25,1486393,1762564.82,18.58,Salary Revision
3276,344,2024-05-16,569304,673088.12,18.23,Salary Revision
3277,2430,2024-02-02,1025681,1173994.47,14.46,Performance Bonus
3278,1554,2024-07-14,922004,1018445.62,10.46,Salary Revision
3279,2960,2025-02-04,1483294,1598249.28,7.75,Annual Increment
3280,952,2025-08-02,873585,973086.33,11.39,Annual Increment
3281,2311,2025-10-06,1335648,1579403.76,18.25,Salary Revision
3282,2082,2024-07-12,1144832,1234701.31,7.85,Performance Bonus
3283,1305,2025-06-21,624165,744067.1,19.21,Annual Increment
3284,2995,2025-05-30,691829,763225.75,10.32,Market Adjustment
3285,2356,2025-01-10,1540749,1669247.47,8.34,Market Adjustment
3286,1167,2025-11-15,597272,627255.05,5.02,Market Adjustment
3287,1994,2024-09-02,1170475,1250067.3,6.8,Promotion
3288,1182,2024-07-11,794062,951365.68,19.81,Annual Increment
3289,949,2024-08-26,1647612,1775137.17,7.74,Annual Increment
3290,848,2024-06-12,1407970,1650985.62,17.26,Promotion
3291,113,2024-01-02,1504918,1780919.96,18.34,Salary Revision
3292,2204,2025-02-06,659222,679723.8,3.11,Annual Increment
3293,1514,2025-02-01,676017,728678.72,7.79,Salary Revision
3294,1747,2024-09-14,1785302,1973829.89,10.56,Promotion
3295,1859,2025-06-25,868537,1030171.74,18.61,Annual Increment
3296,1821,2025-01-30,1156527,1288255.43,11.39,Annual Increment
3297,561,2024-05-22,833958,962721.12,15.44,Annual Increment
3298,1449,2024-10-25,415815,480890.05,15.65,Promotion
3299,2980,2025-09-12,405923,440670.01,8.56,Salary Revision
3300,1374,2024-05-07,829040,917830.18,10.71,Salary Revision
3301,2753,2025-01-05,405374,466261.17,15.02,Market Adjustment
3302,158,2024-04-11,1158858,1213440.21,4.71,Salary Revision
3303,1301,2024-11-26,649294,761621.86,17.3,Annual Increment
3304,2599,2025-08-26,1565512,1614669.08,3.14,Promotion
3305,2402,2025-02-18,1038967,1224214.82,17.83,Promotion
3306,2759,2025-09-19,660367,709960.56,7.51,Promotion
3307,1985,2025-12-30,642387,741764.27,15.47,Market Adjustment
3308,540,2024-03-04,666437,758338.66,13.79,Annual Increment
3309,2115,2024-05-24,1766835,2044934.83,15.74,Annual Increment
3310,1779,2025-12-01,391057,435402.86,11.34,Salary Revision
3311,855,2024-12-01,1738958,1843817.17,6.03,Performance Bonus
3312,2818,2024-09-19,801705,909373.98,13.43,Salary Revision
3313,962,2024-04-07,1587384,1729137.39,8.93,Salary Revision
3314,2691,2025-11-25,627622,740091.86,17.92,Promotion
3315,1197,2025-06-24,1650846,1836566.18,11.25,Performance Bonus
3316,2449,2025-07-28,998951,1121222.6,12.24,Market Adjustment
3317,396,2025-05-17,709130,743948.28,4.91,Market Adjustment
3318,1719,2025-03-24,1187789,1289107.4,8.53,Performance Bonus
3319,475,2024-11-01,619506,687032.15,10.9,Market Adjustment
3320,2706,2024-07-31,488102,531591.89,8.91,Performance Bonus
3321,2887,2025-09-23,518556,602302.79,16.15,Performance Bonus
3322,2004,2025-10-10,1510511,1661562.1,10.0,Promotion
3323,119,2025-04-06,860124,925063.36,7.55,Promotion
3324,1676,2024-08-24,377513,424928.63,12.56,Market Adjustment
3325,1072,2024-03-07,1665554,1805460.54,8.4,Performance Bonus
3326,1811,2024-05-26,1141707,1253365.94,9.78,Annual Increment
3327,1100,2025-06-22,1268178,1463223.78,15.38,Market Adjustment
3328,2607,2024-03-13,345689,374173.77,8.24,Performance Bonus
3329,907,2025-06-27,1450631,1710148.89,17.89,Salary Revision
3330,845,2025-08-22,1561320,1637512.42,4.88,Salary Revision
3331,2502,2024-01-31,941397,990349.64,5.2,Salary Revision
3332,82,2025-07-30,1764623,1823914.33,3.36,Performance Bonus
3333,370,2024-08-18,1727927,1877738.27,8.67,Market Adjustment
3334,2265,2025-06-02,383095,437226.32,14.13,Salary Revision
3335,863,2024-02-12,1009374,1131508.25,12.1,Promotion
3336,2195,2024-02-19,1079478,1269682.02,17.62,Promotion
3337,1189,2025-11-07,588489,697241.77,18.48,Market Adjustment
3338,1694,2025-07-17,702177,789246.95,12.4,Promotion
3339,56,2024-08-19,325654,382220.1,17.37,Salary Revision
3340,420,2025-07-29,1301720,1428767.87,9.76,Performance Bonus
3341,174,2024-08-17,579138,624368.68,7.81,Annual Increment
3342,943,2024-09-02,1574467,1828428.53,16.13,Promotion
3343,139,2024-11-28,821386,950754.29,15.75,Performance Bonus
3344,2685,2025-04-02,1090435,1147464.75,5.23,Market Adjustment
3345,348,2025-07-19,410488,427974.79,4.26,Performance Bonus
3346,83,2025-03-20,280915,324822.01,15.63,Salary Revision
3347,2478,2025-10-28,568447,594709.25,4.62,Salary Revision
3348,1603,2024-03-23,657443,770128.73,17.14,Market Adjustment
3349,1326,2025-05-06,1141609,1275291.41,11.71,Annual Increment
3350,1238,2025-12-02,824723,913793.08,10.8,Annual Increment
3351,1083,2025-03-04,1625838,1833945.26,12.8,Performance Bonus
3352,1193,2024-11-05,1150799,1203505.59,4.58,Performance Bonus
3353,2298,2024-07-25,834178,927772.77,11.22,Salary Revision
3354,2076,2024-12-28,762992,835476.24,9.5,Performance Bonus
3355,2981,2025-05-22,1075533,1281712.68,19.17,Salary Revision
3356,2927,2025-11-22,477130,528135.2,10.69,Salary Revision
3357,102,2024-06-18,1083300,1257819.63,16.11,Performance Bonus
3358,1515,2024-09-02,1249935,1407051.83,12.57,Market Adjustment
3359,1362,2025-09-02,551510,643943.08,16.76,Annual Increment
3360,391,2024-09-17,1426261,1510125.15,5.88,Performance Bonus
3361,2431,2024-11-29,774223,808521.08,4.43,Performance Bonus
3362,2526,2025-07-10,1243032,1390952.81,11.9,Salary Revision
3363,953,2025-01-26,373591,433552.36,16.05,Market Adjustment
3364,1687,2024-01-01,903168,1043971.89,15.59,Promotion
3365,150,2024-03-10,924114,1060051.17,14.71,Salary Revision
3366,1666,2025-11-26,261684,281467.31,7.56,Promotion
3367,2304,2025-07-06,1274934,1431495.9,12.28,Market Adjustment
3368,2671,2024-12-11,744381,807430.07,8.47,Performance Bonus
3369,2108,2025-05-27,1413515,1662293.64,17.6,Annual Increment
3370,431,2024-05-31,1142761,1312918.11,14.89,Performance Bonus
3371,522,2024-09-06,278572,294617.75,5.76,Annual Increment
3372,681,2025-07-29,663909,733221.1,10.44,Annual Increment
3373,160,2025-02-13,1139574,1269713.35,11.42,Salary Revision
3374,1996,2025-06-25,543318,628781.92,15.73,Salary Revision
3375,1713,2025-08-29,1087614,1121982.6,3.16,Annual Increment
3376,1784,2025-10-15,867031,999166.52,15.24,Market Adjustment
3377,2141,2024-10-03,926092,1050743.98,13.46,Market Adjustment
3378,2310,2024-12-13,1613611,1707523.16,5.82,Market Adjustment
3379,2144,2024-04-14,1686599,1795890.62,6.48,Salary Revision
3380,2927,2025-06-03,1028574,1150254.3,11.83,Market Adjustment
3381,1934,2024-10-30,1220730,1301054.03,6.58,Market Adjustment
3382,2950,2024-02-07,533826,564734.53,5.79,Performance Bonus
3383,41,2025-10-12,916240,1008596.99,10.08,Promotion
3384,1928,2025-09-09,390609,468301.13,19.89,Annual Increment
3385,1278,2025-11-27,1721077,1827611.67,6.19,Annual Increment
3386,2203,2025-08-19,1211740,1316313.16,8.63,Annual Increment
3387,2560,2025-11-19,1232922,1394558.07,13.11,Annual Increment
3388,1436,2024-12-24,1584509,1782731.08,12.51,Promotion
3389,1413,2025-09-14,1568734,1619560.98,3.24,Promotion
3390,1125,2024-01-20,845984,989378.29,16.95,Performance Bonus
3391,2394,2025-10-21,1779501,1925420.08,8.2,Salary Revision
3392,1652,2024-09-18,784248,882592.7,12.54,Promotion
3393,318,2024-02-10,1492854,1576304.54,5.59,Promotion
3394,1147,2025-11-10,623975,670585.93,7.47,Annual Increment
3395,519,2025-04-22,1345379,1520009.19,12.98,Performance Bonus
3396,1353,2025-09-24,1457237,1692143.6,16.12,Salary Revision
3397,2478,2025-11-12,831409,992951.77,19.43,Salary Revision
3398,2739,2025-07-26,1242806,1324334.07,6.56,Annual Increment
3399,950,2024-03-09,703914,735942.09,4.55,Salary Revision
3400,601,2025-01-22,550591,582525.28,5.8,Annual Increment
3401,1325,2025-07-08,413132,488445.96,18.23,Annual Increment
3402,562,2025-07-10,1323123,1544349.17,16.72,Performance Bonus
3403,2724,2024-02-29,1239203,1345278.78,8.56,Salary Revision
3404,481,2025-04-02,754937,849455.11,12.52,Performance Bonus
3405,1580,2025-05-07,1731102,1922734.99,11.07,Market Adjustment
3406,2139,2025-09-16,914738,1024689.51,12.02,Salary Revision
3407,877,2025-10-16,598371,712480.35,19.07,Market Adjustment
3408,2914,2024-06-17,549649,644628.35,17.28,Salary Revision
3409,1809,2025-07-15,1277800,1467169.96,14.82,Market Adjustment
3410,2808,2024-11-22,502161,564830.69,12.48,Performance Bonus
3411,2671,2025-04-12,980187,1039292.28,6.03,Market Adjustment
3412,1910,2025-08-29,1655173,1802152.36,8.88,Performance Bonus
3413,876,2024-04-01,1543888,1737182.78,12.52,Promotion
3414,1567,2024-05-10,1034766,1097265.87,6.04,Annual Increment
3415,803,2024-05-14,1177110,1284697.85,9.14,Promotion
3416,23,2025-06-15,1479326,1601814.19,8.28,Annual Increment
3417,1511,2025-01-04,782173,872513.98,11.55,Annual Increment
3418,2486,2024-07-26,822580,851946.11,3.57,Market Adjustment
3419,2629,2024-02-19,1253979,1376492.75,9.77,Market Adjustment
3420,1124,2025-08-22,1561287,1623270.09,3.97,Salary Revision
3421,125,2024-01-12,1755817,2085383.85,18.77,Salary Revision
3422,2590,2024-12-28,1203115,1339548.24,11.34,Performance Bonus
3423,2653,2024-07-17,1394179,1627425.15,16.73,Annual Increment
3424,1514,2025-12-07,310475,352140.74,13.42,Promotion
3425,2891,2024-04-25,1793915,1901729.29,6.01,Promotion
3426,340,2025-04-17,1129907,1324025.02,17.18,Annual Increment
3427,230,2024-09-12,1179831,1343119.61,13.84,Annual Increment
3428,1288,2024-12-17,454420,534307.04,17.58,Market Adjustment
3429,796,2025-11-29,1623855,1842101.11,13.44,Annual Increment
3430,1363,2025-01-12,1659267,1948311.31,17.42,Market Adjustment
3431,2906,2024-11-28,604866,716161.34,18.4,Salary Revision
3432,2958,2024-10-06,1018095,1138026.59,11.78,Performance Bonus
3433,1706,2025-08-29,1650315,1887630.3,14.38,Annual Increment
3434,791,2025-12-08,1301775,1373502.8,5.51,Market Adjustment
3435,344,2025-08-20,611937,676435.16,10.54,Market Adjustment
3436,2493,2024-07-21,666669,764736.01,14.71,Performance Bonus
3437,709,2025-11-18,1582320,1830744.24,15.7,Annual Increment
3438,1275,2025-03-29,824122,927384.49,12.53,Annual Increment
3439,1399,2025-08-07,1227801,1383240.61,12.66,Annual Increment
3440,2320,2024-09-17,1220992,1275936.64,4.5,Annual Increment
3441,748,2025-04-12,1779978,1859543.02,4.47,Market Adjustment
3442,2422,2025-12-12,1564127,1867880.46,19.42,Promotion
3443,43,2025-12-06,706184,803990.48,13.85,Performance Bonus
3444,333,2025-10-05,1768918,2105719.99,19.04,Market Adjustment
3445,2789,2024-03-16,1597037,1900953.14,19.03,Promotion
3446,544,2025-03-21,901138,936372.5,3.91,Market Adjustment
3447,730,2025-05-19,835028,880036.01,5.39,Market Adjustment
3448,1696,2025-07-18,723873,848379.16,17.2,Market Adjustment
3449,817,2024-03-19,621430,743540.99,19.65,Market Adjustment
3450,2858,2025-11-26,1171904,1259796.8,7.5,Performance Bonus
3451,1455,2025-02-12,1463613,1597972.67,9.18,Salary Revision
3452,1842,2024-02-02,1573358,1804326.95,14.68,Promotion
3453,151,2025-07-11,1477301,1618530.98,9.56,Salary Revision
3454,2330,2024-09-09,691791,829388.23,19.89,Performance Bonus
3455,1421,2025-01-26,1604776,1874217.89,16.79,Market Adjustment
3456,850,2025-07-26,967605,1111681.38,14.89,Salary Revision
3457,2260,2024-06-14,814029,850985.92,4.54,Promotion
3458,1058,2024-07-25,707713,785207.57,10.95,Annual Increment
3459,473,2025-02-07,1334290,1523625.75,14.19,Promotion
3460,1947,2025-10-21,543213,602640.5,10.94,Market Adjustment
3461,1525,2025-12-08,1432310,1567233.6,9.42,Salary Revision
3462,139,2024-12-23,926063,1064231.6,14.92,Market Adjustment
3463,33,2025-06-09,582923,642147.98,10.16,Market Adjustment
3464,1380,2025-10-18,1608705,1903902.37,18.35,Promotion
3465,1467,2024-07-03,892306,943792.06,5.77,Salary Revision
3466,763,2024-08-02,295612,326533.02,10.46,Salary Revision
3467,1870,2025-06-30,1494816,1686002.97,12.79,Performance Bonus
3468,2994,2024-09-06,1087463,1207627.66,11.05,Promotion
3469,1035,2024-12-01,1767021,1932060.76,9.34,Market Adjustment
3470,1977,2024-09-07,1673034,1837325.94,9.82,Annual Increment
3471,960,2024-07-19,1313173,1376599.26,4.83,Performance Bonus
3472,1104,2025-11-11,1461080,1604411.95,9.81,Annual Increment
3473,672,2024-05-16,1324170,1401369.11,5.83,Market Adjustment
3474,2445,2024-07-18,1713039,2039030.32,19.03,Promotion
3475,2327,2025-07-10,542655,570927.33,5.21,Market Adjustment
3476,221,2025-05-18,439579,475888.23,8.26,Promotion
3477,1418,2025-06-11,1211991,1329917.72,9.73,Performance Bonus
3478,4,2025-11-27,1631202,1721081.23,5.51,Promotion
3479,1235,2024-12-29,894930,934038.44,4.37,Promotion
3480,833,2025-10-31,1165509,1218306.56,4.53,Promotion
3481,632,2024-09-23,1685948,1895679.93,12.44,Market Adjustment
3482,21,2025-10-27,1251063,1322498.7,5.71,Annual Increment
3483,1929,2024-12-05,1403075,1609046.41,14.68,Promotion
3484,1935,2025-09-21,1651813,1807083.42,9.4,Performance Bonus
3485,2893,2025-03-04,759066,880288.84,15.97,Annual Increment
3486,1588,2024-08-18,519489,563178.02,8.41,Promotion
3487,1638,2025-02-23,936003,1107010.75,18.27,Performance Bonus
3488,2446,2025-07-10,1075964,1205940.45,12.08,Market Adjustment
3489,2001,2025-12-21,1654833,1912821.46,15.59,Salary Revision
3490,111,2025-05-24,714926,843970.14,18.05,Promotion
3491,964,2025-02-04,1024127,1117937.03,9.16,Salary Revision
3492,7,2025-06-11,1530450,1732316.35,13.19,Performance Bonus
3493,317,2025-06-29,1603873,1714700.62,6.91,Performance Bonus
3494,770,2024-06-21,342794,365384.12,6.59,Performance Bonus
3495,381,2025-10-24,962164,1053858.23,9.53,Promotion
3496,1744,2025-05-26,566140,610525.38,7.84,Performance Bonus
3497,2766,2024-05-21,1258000,1303162.2,3.59,Performance Bonus
3498,736,2024-03-06,592974,650907.56,9.77,Salary Revision
3499,436,2025-03-06,1225013,1429712.67,16.71,Market Adjustment
3500,2811,2024-10-17,1786521,1870844.79,4.72,Performance Bonus
3501,51,2024-07-20,587397,636855.83,8.42,Salary Revision
3502,2077,2024-08-11,1055285,1210095.31,14.67,Annual Increment
3503,1992,2025-11-12,1621154,1934360.95,19.32,Performance Bonus
3504,1731,2025-04-10,364318,394009.92,8.15,Market Adjustment
3505,2598,2025-09-15,493182,558577.93,13.26,Performance Bonus
3506,2057,2024-10-02,1031871,1199859.6,16.28,Market Adjustment
3507,2192,2025-03-02,1015170,1064913.33,4.9,Promotion
3508,1737,2025-07-26,1365080,1582264.23,15.91,Annual Increment
3509,616,2024-12-25,264589,287687.62,8.73,Salary Revision
3510,1057,2025-07-15,664424,742493.82,11.75,Salary Revision
3511,2981,2025-11-29,1204181,1329295.41,10.39,Performance Bonus
3512,1154,2025-12-11,333559,350470.44,5.07,Performance Bonus
3513,1886,2025-11-26,1019873,1059138.11,3.85,Salary Revision
3514,2812,2025-12-05,1024470,1099153.86,7.29,Market Adjustment
3515,2765,2025-10-23,871059,1010776.86,16.04,Annual Increment
3516,2224,2024-07-27,810433,859383.15,6.04,Market Adjustment
3517,1709,2024-10-27,286739,317133.33,10.6,Market Adjustment
3518,2605,2024-11-29,324690,367321.8,13.13,Market Adjustment
3519,2998,2024-11-12,326781,366092.75,12.03,Performance Bonus
3520,1019,2024-12-23,617491,644845.85,4.43,Annual Increment
3521,517,2025-12-06,1774183,1871053.39,5.46,Performance Bonus
3522,1766,2024-08-02,826079,899352.21,8.87,Performance Bonus
3523,2823,2025-12-14,1544448,1654876.03,7.15,Salary Revision
3524,2331,2024-11-28,1211375,1256074.74,3.69,Market Adjustment
3525,1527,2024-01-30,330294,348427.14,5.49,Annual Increment
3526,1565,2024-01-21,1325067,1585575.17,19.66,Annual Increment
3527,1384,2024-08-08,1585342,1834874.83,15.74,Performance Bonus
3528,1642,2024-11-06,296941,315143.48,6.13,Market Adjustment
3529,2956,2025-10-20,1619220,1872304.09,15.63,Annual Increment
3530,1776,2025-12-27,494161,575648.15,16.49,Salary Revision
3531,1069,2025-01-26,885859,1005095.62,13.46,Salary Revision
3532,999,2025-02-10,1705962,1988810.5,16.58,Market Adjustment
3533,2349,2024-05-28,1241781,1324483.61,6.66,Performance Bonus
3534,1126,2024-04-30,1694651,1969692.86,16.23,Market Adjustment
3535,2055,2024-04-07,1658110,1720786.56,3.78,Performance Bonus
3536,743,2024-07-27,1672305,1803413.71,7.84,Annual Increment
3537,1668,2025-04-09,684396,707117.95,3.32,Performance Bonus
3538,2692,2025-01-05,522141,562189.21,7.67,Performance Bonus
3539,2454,2025-11-01,1581390,1714384.9,8.41,Promotion
3540,921,2024-08-04,287901,331230.1,15.05,Promotion
3541,262,2024-11-04,1532169,1653057.13,7.89,Salary Revision
3542,1887,2025-01-22,1482945,1633463.92,10.15,Salary Revision
3543,1347,2024-10-04,1385519,1518667.38,9.61,Salary Revision
3544,52,2025-08-15,969219,1054413.35,8.79,Market Adjustment
3545,1821,2024-10-05,568302,629962.77,10.85,Performance Bonus
3546,863,2024-10-23,1366188,1569203.54,14.86,Performance Bonus
3547,1048,2025-12-01,1095022,1133895.28,3.55,Salary Revision
3548,322,2025-05-29,1574108,1751509.97,11.27,Market Adjustment
3549,341,2024-03-10,685266,792989.82,15.72,Salary Revision
3550,1513,2025-08-05,887602,958255.12,7.96,Market Adjustment
3551,1850,2024-06-03,1664531,1846797.14,10.95,Promotion
3552,2560,2025-06-18,1476701,1562792.67,5.83,Market Adjustment
3553,2314,2025-12-22,1154985,1271176.49,10.06,Annual Increment
3554,1163,2025-10-19,1416938,1638688.8,15.65,Promotion
3555,1538,2025-07-15,1377413,1449589.44,5.24,Salary Revision
3556,506,2025-12-17,453381,497494.97,9.73,Promotion
3557,454,2025-11-25,1446939,1561536.57,7.92,Promotion
3558,1643,2024-02-08,1403581,1543096.95,9.94,Promotion
3559,1713,2024-03-17,1506715,1623334.74,7.74,Market Adjustment
3560,2582,2024-06-09,471540,538923.07,14.29,Market Adjustment
3561,2058,2024-08-26,1373291,1538772.57,12.05,Promotion
3562,1655,2024-05-22,1287740,1492104.34,15.87,Market Adjustment
3563,1841,2025-05-28,579185,687550.51,18.71,Promotion
3564,1639,2025-07-11,854835,880992.95,3.06,Market Adjustment
3565,1901,2024-10-10,1626131,1722560.57,5.93,Annual Increment
3566,1571,2025-01-19,1466679,1673480.74,14.1,Performance Bonus
3567,1681,2025-08-04,646099,735389.88,13.82,Salary Revision
3568,919,2024-07-07,540606,612885.02,13.37,Salary Revision
3569,330,2025-06-17,1507385,1698822.9,12.7,Performance Bonus
3570,94,2024-10-14,931616,1056173.06,13.37,Promotion
3571,2332,2025-01-18,1561758,1733863.73,11.02,Annual Increment
3572,1517,2025-07-07,297646,344168.07,15.63,Performance Bonus
3573,2262,2024-10-13,1322348,1556139.13,17.68,Promotion
3574,1876,2024-07-26,1023983,1180550.0,15.29,Promotion
3575,718,2024-05-02,1240209,1474980.56,18.93,Promotion
3576,1322,2025-08-10,528187,570336.32,7.98,Annual Increment
3577,848,2025-04-12,1461319,1619725.98,10.84,Promotion
3578,2801,2025-07-08,1515104,1674795.96,10.54,Promotion
3579,725,2024-08-17,1217638,1357666.37,11.5,Annual Increment
3580,2475,2025-09-03,944700,1113140.01,17.83,Promotion
3581,1003,2024-12-11,1219329,1405520.54,15.27,Annual Increment
3582,29,2025-10-05,317785,364149.83,14.59,Performance Bonus
3583,2129,2024-08-26,1236100,1454395.26,17.66,Annual Increment
3584,1709,2024-12-15,795320,938636.66,18.02,Salary Revision
3585,496,2024-11-04,1751130,2034813.06,16.2,Salary Revision
3586,2928,2025-09-04,299744,331067.25,10.45,Annual Increment
3587,1200,2024-08-28,1085498,1270901.06,17.08,Annual Increment
3588,1489,2024-03-13,1087664,1252771.4,15.18,Salary Revision
3589,2578,2024-09-07,1612372,1781348.59,10.48,Annual Increment
3590,425,2024-07-08,556150,652920.1,17.4,Salary Revision
3591,458,2025-12-30,1764131,1867685.49,5.87,Performance Bonus
3592,2690,2024-06-19,962684,1014765.2,5.41,Promotion
3593,1977,2025-05-05,690580,742373.5,7.5,Market Adjustment
3594,2630,2024-05-09,1704828,1777453.67,4.26,Performance Bonus
3595,1003,2025-08-14,795258,865399.76,8.82,Performance Bonus
3596,1355,2024-11-13,1194507,1372369.09,14.89,Salary Revision
3597,1128,2024-05-05,1496606,1550633.48,3.61,Promotion
3598,607,2024-08-28,1344250,1450445.75,7.9,Promotion
3599,1520,2024-02-22,1431827,1563125.54,9.17,Market Adjustment
3600,1257,2024-10-02,1751218,1850862.3,5.69,Market Adjustment
3601,1947,2025-05-10,1745434,1928355.48,10.48,Market Adjustment
3602,633,2025-03-22,1707693,1796322.27,5.19,Salary Revision
3603,1198,2024-03-26,1055781,1133592.06,7.37,Promotion
3604,115,2025-02-20,693887,783467.81,12.91,Promotion
3605,2394,2025-09-30,275305,295705.1,7.41,Salary Revision
3606,2117,2025-02-24,1101117,1223451.1,11.11,Promotion
3607,1410,2025-02-26,1600254,1690668.35,5.65,Salary Revision
3608,1288,2025-09-26,1347518,1473645.68,9.36,Performance Bonus
3609,2656,2025-10-26,604672,712303.62,17.8,Performance Bonus
3610,719,2025-11-28,1265018,1495883.79,18.25,Annual Increment
3611,2740,2024-08-10,385796,419823.21,8.82,Market Adjustment
3612,846,2025-06-04,720412,760394.87,5.55,Salary Revision
3613,2986,2024-08-12,500801,571163.54,14.05,Market Adjustment
3614,2044,2025-05-02,1213267,1367109.26,12.68,Annual Increment
3615,2147,2025-07-18,728929,842641.92,15.6,Market Adjustment
3616,2721,2024-01-31,318871,350024.7,9.77,Annual Increment
3617,1350,2025-04-10,1314129,1368533.94,4.14,Salary Revision
3618,2191,2025-09-14,1377699,1623342.73,17.83,Annual Increment
3619,1830,2024-07-24,1438460,1609492.89,11.89,Promotion
3620,1049,2025-02-12,633117,726311.82,14.72,Promotion
3621,936,2025-06-04,1696274,1954107.65,15.2,Promotion
3622,165,2025-05-16,1527454,1642318.54,7.52,Market Adjustment
3623,375,2025-03-04,648488,748809.09,15.47,Annual Increment
3624,543,2025-04-16,1345882,1455571.38,8.15,Promotion
3625,933,2025-02-01,761580,860280.77,12.96,Salary Revision
3626,1955,2024-07-26,1223647,1280791.31,4.67,Annual Increment
3627,1307,2024-07-31,1579396,1646362.39,4.24,Performance Bonus
3628,477,2025-08-29,1176727,1228738.33,4.42,Promotion
3629,410,2024-03-10,1387429,1568072.26,13.02,Salary Revision
3630,1996,2024-02-07,879063,990528.19,12.68,Salary Revision
3631,1761,2024-05-24,483882,557625.62,15.24,Performance Bonus
3632,2633,2025-03-30,658522,744195.71,13.01,Salary Revision
3633,1869,2025-03-29,251038,269313.57,7.28,Performance Bonus
3634,2464,2024-01-19,817789,910771.61,11.37,Promotion
3635,1347,2024-03-21,1313870,1461286.21,11.22,Market Adjustment
3636,2644,2024-06-04,878384,944174.96,7.49,Salary Revision
3637,1020,2024-06-19,965427,1039571.79,7.68,Salary Revision
3638,2061,2025-05-12,897608,1020041.73,13.64,Annual Increment
3639,747,2024-08-04,1272530,1312105.68,3.11,Salary Revision
3640,1928,2025-08-27,1289742,1364160.11,5.77,Annual Increment
3641,1770,2024-01-27,1661333,1797230.04,8.18,Performance Bonus
3642,1403,2025-03-18,1587737,1820816.79,14.68,Promotion
3643,793,2024-12-20,477984,554318.04,15.97,Promotion
3644,1259,2024-11-27,1302308,1408967.03,8.19,Salary Revision
3645,1933,2024-09-13,465832,534029.8,14.64,Salary Revision
3646,862,2025-07-02,1447491,1656219.2,14.42,Market Adjustment
3647,641,2024-12-15,652451,757038.9,16.03,Promotion
3648,647,2024-08-26,1529521,1747630.69,14.26,Market Adjustment
3649,2116,2024-07-31,1243578,1419046.86,14.11,Performance Bonus
3650,2976,2025-04-22,814937,871086.16,6.89,Market Adjustment
3651,1934,2024-08-18,886733,969199.17,9.3,Market Adjustment
3652,1367,2025-03-12,1774020,1934036.6,9.02,Market Adjustment
3653,1843,2024-06-23,895958,987614.5,10.23,Performance Bonus
3654,1709,2025-07-17,261896,303694.6,15.96,Performance Bonus
3655,227,2025-09-11,1107290,1207056.83,9.01,Promotion
3656,1872,2025-01-16,825054,852528.3,3.33,Promotion
3657,855,2024-03-06,1638429,1887142.52,15.18,Market Adjustment
3658,1530,2025-10-06,299658,325039.03,8.47,Performance Bonus
3659,1335,2024-09-03,1420353,1598181.2,12.52,Promotion
3660,881,2024-07-05,1545108,1723567.97,11.55,Market Adjustment
3661,438,2024-12-08,406084,435037.79,7.13,Market Adjustment
3662,2961,2024-11-13,1255967,1494726.33,19.01,Salary Revision
3663,1925,2025-10-30,346468,402872.99,16.28,Performance Bonus
3664,2818,2024-03-06,1731614,1926940.06,11.28,Market Adjustment
3665,2486,2024-03-01,1479170,1617916.15,9.38,Annual Increment
3666,230,2024-02-05,1591398,1731918.44,8.83,Salary Revision
3667,1514,2025-05-28,1168813,1387381.03,18.7,Annual Increment
3668,1933,2024-05-04,531615,627146.22,17.97,Annual Increment
3669,1330,2025-08-26,1786056,1965197.42,10.03,Promotion
3670,617,2025-12-27,1486917,1607059.89,8.08,Promotion
3671,2302,2024-03-17,434560,479971.52,10.45,Market Adjustment
3672,2346,2025-09-09,1396272,1619256.64,15.97,Market Adjustment
3673,2281,2024-12-27,1363645,1593964.64,16.89,Annual Increment
3674,576,2024-10-20,392614,462499.29,17.8,Market Adjustment
3675,1480,2025-09-12,1184995,1371039.22,15.7,Promotion
3676,755,2024-04-01,923746,1024988.56,10.96,Performance Bonus
3677,1484,2025-06-13,948376,1008882.39,6.38,Market Adjustment
3678,1046,2025-12-26,1515876,1754020.12,15.71,Annual Increment
3679,575,2025-06-14,499960,569554.43,13.92,Performance Bonus
3680,1624,2024-02-09,1269965,1480398.2,16.57,Salary Revision
3681,247,2025-12-17,1324290,1448111.11,9.35,Salary Revision
3682,1791,2024-09-01,317285,378584.46,19.32,Market Adjustment
3683,2207,2025-11-13,1281818,1381799.8,7.8,Market Adjustment
3684,2599,2025-06-26,390738,451263.32,15.49,Salary Revision
3685,378,2025-04-21,1420820,1651987.41,16.27,Salary Revision
3686,649,2025-06-20,1326888,1557633.82,17.39,Annual Increment
3687,2351,2024-03-10,1232404,1397176.41,13.37,Promotion
3688,300,2024-01-31,1684353,1858346.66,10.33,Market Adjustment
3689,1908,2025-05-26,1196420,1413211.3,18.12,Promotion
3690,2665,2025-11-28,942960,982941.5,4.24,Salary Revision
3691,1392,2024-06-08,1202205,1346108.94,11.97,Performance Bonus
3692,88,2025-12-14,1091935,1231375.1,12.77,Annual Increment
3693,2555,2024-02-16,1067779,1103229.26,3.32,Promotion
3694,1321,2025-06-06,1145797,1209503.31,5.56,Promotion
3695,2394,2025-03-07,1664609,1931778.74,16.05,Salary Revision
3696,1875,2025-07-26,1620725,1852650.75,14.31,Salary Revision
3697,1453,2025-11-01,1749263,2059582.26,17.74,Promotion
3698,774,2025-06-24,560973,597436.24,6.5,Promotion
3699,414,2024-03-04,304996,341809.02,12.07,Annual Increment
3700,522,2025-12-27,1382621,1505950.79,8.92,Annual Increment
3701,1342,2025-03-25,911308,1082451.64,18.78,Promotion
3702,827,2024-09-04,885289,936458.7,5.78,Market Adjustment
3703,955,2024-09-25,705576,819385.41,16.13,Annual Increment
3704,563,2025-03-13,1171993,1231647.44,5.09,Performance Bonus
3705,105,2025-05-17,1181035,1390668.71,17.75,Promotion
3706,1559,2024-11-25,353209,390649.15,10.6,Performance Bonus
3707,814,2024-07-13,681242,790990.09,16.11,Salary Revision
3708,511,2025-03-07,444724,531356.24,19.48,Salary Revision
3709,2369,2025-09-23,1769425,1977863.26,11.78,Promotion
3710,859,2025-05-16,502409,597816.47,18.99,Salary Revision
3711,1468,2025-11-28,914544,1006547.13,10.06,Promotion
3712,372,2025-07-31,1313067,1432818.71,9.12,Market Adjustment
3713,2084,2025-07-21,484864,577279.08,19.06,Annual Increment
3714,30,2025-10-23,1046978,1221404.53,16.66,Performance Bonus
3715,410,2024-02-29,993820,1084555.77,9.13,Market Adjustment
3716,268,2024-10-28,1160476,1381894.82,19.08,Market Adjustment
3717,940,2025-08-12,1720552,1796944.51,4.44,Performance Bonus
3718,1931,2025-04-10,283239,337535.92,19.17,Market Adjustment
3719,2989,2024-12-08,1607611,1901000.01,18.25,Annual Increment
3720,577,2024-11-09,772186,818671.6,6.02,Annual Increment
3721,525,2024-05-20,1337629,1413205.04,5.65,Performance Bonus
3722,160,2024-10-16,378306,428015.41,13.14,Promotion
3723,2708,2025-04-01,864642,945226.63,9.32,Performance Bonus
3724,646,2025-06-26,1129208,1196170.03,5.93,Salary Revision
3725,621,2024-05-25,1652298,1752922.95,6.09,Annual Increment
3726,666,2025-01-28,312872,348727.13,11.46,Market Adjustment
3727,1654,2024-01-07,1561375,1707207.42,9.34,Market Adjustment
3728,2548,2025-04-21,923338,955470.16,3.48,Annual Increment
3729,1359,2025-11-01,309762,365859.9,18.11,Annual Increment
3730,592,2024-04-09,1104913,1146789.2,3.79,Performance Bonus
3731,2452,2024-04-20,1765239,1975832.01,11.93,Promotion
3732,411,2024-09-25,281328,306450.59,8.93,Promotion
3733,378,2024-04-12,1130558,1354408.48,19.8,Annual Increment
3734,1949,2024-10-03,1223987,1465357.24,19.72,Salary Revision
3735,1804,2024-08-30,531868,625317.21,17.57,Annual Increment
3736,1276,2025-03-25,1248754,1385867.19,10.98,Market Adjustment
3737,526,2024-06-10,927121,1058401.33,14.16,Market Adjustment
3738,2514,2025-01-30,1651803,1902546.7,15.18,Performance Bonus
3739,2019,2025-05-01,1447976,1539777.68,6.34,Promotion
3740,2109,2025-11-02,522226,609385.52,16.69,Promotion
3741,924,2024-11-10,1632463,1704291.37,4.4,Annual Increment
3742,2938,2024-09-15,1096910,1182468.98,7.8,Salary Revision
3743,432,2024-11-22,773824,826830.94,6.85,Promotion
3744,2991,2024-05-30,1632797,1765380.12,8.12,Performance Bonus
3745,2738,2024-08-31,1488965,1665258.46,11.84,Salary Revision
3746,1093,2025-01-11,526209,571357.73,8.58,Market Adjustment
3747,2709,2024-12-29,554550,625809.68,12.85,Annual Increment
3748,1578,2025-09-29,1575148,1635318.65,3.82,Promotion
3749,747,2025-12-25,280034,295239.85,5.43,Annual Increment
3750,975,2024-02-16,589497,646914.01,9.74,Annual Increment
3751,2344,2024-07-17,1258261,1399563.71,11.23,Market Adjustment
3752,770,2024-10-12,1568506,1847386.37,17.78,Salary Revision
3753,1662,2024-05-26,1198131,1436319.44,19.88,Performance Bonus
3754,2545,2024-02-17,801141,899521.11,12.28,Annual Increment
3755,1145,2024-09-17,1624600,1885510.76,16.06,Market Adjustment
3756,1382,2025-11-07,640740,687770.32,7.34,Performance Bonus
3757,2249,2025-06-08,1206964,1379318.46,14.28,Market Adjustment
3758,2127,2025-10-12,801264,833875.44,4.07,Market Adjustment
3759,1748,2024-01-04,1596985,1651761.59,3.43,Salary Revision
3760,518,2024-05-05,448356,479113.22,6.86,Performance Bonus
3761,456,2025-01-30,502240,564316.86,12.36,Market Adjustment
3762,518,2024-11-20,979020,1059495.44,8.22,Performance Bonus
3763,2267,2025-05-14,423994,506376.03,19.43,Salary Revision
3764,748,2024-11-01,1083739,1267324.39,16.94,Salary Revision
3765,799,2024-10-22,547184,641737.4,17.28,Promotion
3766,69,2025-03-04,666656,769787.68,15.47,Market Adjustment
3767,2153,2025-12-25,1510254,1755821.3,16.26,Salary Revision
3768,2174,2024-03-08,1351099,1402440.76,3.8,Salary Revision
3769,1486,2024-03-13,1381323,1476910.55,6.92,Salary Revision
3770,684,2025-08-28,1035324,1094337.47,5.7,Promotion
3771,2601,2025-06-07,1580249,1858372.82,17.6,Promotion
3772,2934,2025-12-05,568874,638219.74,12.19,Salary Revision
3773,1737,2025-05-09,674036,726138.98,7.73,Performance Bonus
3774,1215,2025-05-18,1067411,1262960.7,18.32,Performance Bonus
3775,1952,2025-04-01,1231475,1335780.93,8.47,Market Adjustment
3776,2,2024-07-16,407014,436603.92,7.27,Salary Revision
3777,2737,2025-02-11,903483,962661.14,6.55,Salary Revision
3778,2433,2025-05-20,390120,405763.81,4.01,Performance Bonus
3779,575,2025-07-13,551552,613215.51,11.18,Promotion
3780,994,2025-07-25,1070486,1245724.56,16.37,Performance Bonus
3781,1602,2025-10-10,1490290,1584029.24,6.29,Market Adjustment
3782,289,2025-03-12,724596,865022.7,19.38,Market Adjustment
3783,576,2024-12-24,1091881,1147566.93,5.1,Salary Revision
3784,2754,2024-10-26,568444,605392.86,6.5,Promotion
3785,2754,2025-06-11,827703,959556.09,15.93,Annual Increment
3786,2609,2025-08-20,495979,554752.51,11.85,Salary Revision
3787,421,2024-08-02,1568155,1774681.01,13.17,Promotion
3788,2706,2025-02-08,1169122,1263587.06,8.08,Annual Increment
3789,2217,2025-01-05,1529337,1693281.93,10.72,Annual Increment
3790,2950,2024-07-01,965919,1138625.32,17.88,Annual Increment
3791,1563,2024-03-12,785722,824379.52,4.92,Performance Bonus
3792,1745,2024-05-31,1476788,1563327.78,5.86,Performance Bonus
3793,1193,2025-10-12,721090,806827.6,11.89,Annual Increment
3794,2998,2024-10-12,1515245,1807990.33,19.32,Market Adjustment
3795,989,2025-12-07,1644418,1832046.09,11.41,Performance Bonus
3796,1728,2025-01-11,368808,419887.91,13.85,Market Adjustment
3797,2966,2025-06-24,1786043,1923389.71,7.69,Market Adjustment
3798,2623,2024-11-16,1314983,1427940.04,8.59,Market Adjustment
3799,1461,2025-08-08,424259,437920.14,3.22,Performance Bonus
3800,995,2024-06-27,1478478,1647172.34,11.41,Salary Revision
3801,1777,2025-03-19,1645924,1769697.48,7.52,Performance Bonus
3802,2297,2024-05-22,1522217,1784647.21,17.24,Performance Bonus
3803,2485,2025-07-09,1338352,1576578.66,17.8,Performance Bonus
3804,173,2024-08-21,1511777,1584795.83,4.83,Annual Increment
3805,2358,2024-03-06,449048,471500.4,5.0,Promotion
3806,1478,2024-02-12,1466604,1678234.96,14.43,Salary Revision
3807,1728,2024-07-29,1075743,1239363.51,15.21,Annual Increment
3808,1423,2025-09-28,1607042,1870596.89,16.4,Performance Bonus
3809,2349,2024-04-08,1346318,1395189.34,3.63,Performance Bonus
3810,2573,2024-05-07,1155544,1321595.67,14.37,Annual Increment
3811,885,2025-03-02,1438938,1526281.54,6.07,Market Adjustment
3812,405,2025-06-08,862948,1023887.8,18.65,Annual Increment
3813,2987,2024-03-31,1207608,1418214.84,17.44,Market Adjustment
3814,1469,2025-03-25,1682379,1831269.54,8.85,Promotion
3815,1134,2024-01-13,1185344,1378792.14,16.32,Market Adjustment
3816,1877,2024-10-11,1716128,2056779.41,19.85,Market Adjustment
3817,658,2025-10-20,689103,775171.96,12.49,Salary Revision
3818,2656,2024-09-22,925033,1069245.64,15.59,Market Adjustment
3819,705,2024-11-14,1298232,1526201.54,17.56,Market Adjustment
3820,1441,2025-03-09,1542690,1730126.83,12.15,Promotion
3821,1297,2024-03-31,891382,933455.23,4.72,Annual Increment
3822,2620,2025-01-16,1101580,1193231.46,8.32,Performance Bonus
3823,2620,2025-10-04,640473,742052.02,15.86,Promotion
3824,1085,2025-12-24,1733517,1928537.66,11.25,Market Adjustment
3825,1794,2024-03-29,1008043,1167616.21,15.83,Promotion
3826,1323,2025-05-17,283402,297288.7,4.9,Salary Revision
3827,1272,2025-07-23,1311409,1506808.94,14.9,Salary Revision
3828,1214,2025-03-28,1424239,1597284.04,12.15,Performance Bonus
3829,2534,2024-04-30,1708854,1782163.84,4.29,Annual Increment
3830,371,2025-06-05,1742470,1971953.3,13.17,Performance Bonus
3831,1079,2025-07-03,555692,639990.48,15.17,Salary Revision
3832,1450,2025-03-08,1082059,1138975.3,5.26,Performance Bonus
3833,425,2025-03-30,1794096,2096401.18,16.85,Market Adjustment
3834,2513,2024-08-07,1445600,1727492.0,19.5,Market Adjustment
3835,921,2024-12-18,1178065,1378807.28,17.04,Promotion
3836,2245,2025-05-12,575083,657607.41,14.35,Market Adjustment
3837,108,2025-11-12,1287026,1374801.17,6.82,Promotion
3838,1005,2024-10-16,723605,799511.16,10.49,Promotion
3839,596,2024-11-18,276043,298264.46,8.05,Annual Increment
3840,2508,2025-01-10,1263497,1481323.88,17.24,Performance Bonus
3841,2279,2024-11-02,1406005,1686784.2,19.97,Promotion
3842,1689,2025-11-01,640191,751648.25,17.41,Salary Revision
3843,1637,2024-09-22,1565449,1765513.38,12.78,Performance Bonus
3844,1072,2025-11-07,1732153,2018824.32,16.55,Market Adjustment
3845,1080,2024-03-12,1154532,1261788.02,9.29,Promotion
3846,1312,2024-05-23,1383236,1508695.51,9.07,Promotion
3847,1318,2025-04-28,1723112,1847176.06,7.2,Salary Revision
3848,2372,2025-08-02,520039,544168.81,4.64,Salary Revision
3849,2902,2024-09-19,1247694,1398664.97,12.1,Annual Increment
3850,2475,2025-04-25,727782,838695.98,15.24,Salary Revision
3851,918,2024-03-19,1225776,1318689.82,7.58,Annual Increment
3852,1886,2025-07-06,1547730,1709313.01,10.44,Salary Revision
3853,1787,2025-01-28,385597,459631.62,19.2,Promotion
3854,91,2024-09-03,1424318,1575580.57,10.62,Annual Increment
3855,1424,2025-07-23,1249558,1471354.54,17.75,Promotion
3856,262,2024-01-02,1680272,1832000.56,9.03,Market Adjustment
3857,2334,2025-11-24,778507,927201.84,19.1,Annual Increment
3858,2923,2025-08-25,1503548,1674050.34,11.34,Promotion
3859,1624,2025-09-15,701315,801252.39,14.25,Market Adjustment
3860,2206,2025-10-03,1712146,1959893.53,14.47,Market Adjustment
3861,953,2024-04-30,1445077,1684526.26,16.57,Salary Revision
3862,1668,2024-11-19,552478,641040.22,16.03,Salary Revision
3863,1289,2025-10-16,264208,315754.98,19.51,Annual Increment
3864,2917,2024-07-23,1001513,1131609.54,12.99,Annual Increment
3865,2515,2025-03-29,383439,429490.02,12.01,Promotion
3866,798,2025-02-21,771770,923499.98,19.66,Promotion
3867,743,2025-06-29,311839,355621.2,14.04,Performance Bonus
3868,2985,2024-04-17,500609,543861.62,8.64,Annual Increment
3869,1653,2025-06-08,1453771,1670673.63,14.92,Performance Bonus
3870,1670,2024-05-28,1049624,1205388.2,14.84,Promotion
3871,1407,2024-06-21,633757,663099.95,4.63,Market Adjustment
3872,727,2024-02-10,1733237,1912107.06,10.32,Market Adjustment
3873,2047,2025-02-10,440284,467317.44,6.14,Performance Bonus
3874,822,2024-03-08,725298,790357.23,8.97,Annual Increment
3875,1392,2024-04-11,1197341,1386281.41,15.78,Salary Revision
3876,1056,2024-12-28,292783,345337.55,17.95,Annual Increment
3877,2282,2025-02-23,374038,428684.95,14.61,Annual Increment
3878,691,2025-10-17,253625,302777.52,19.38,Salary Revision
3879,52,2025-04-07,259774,282010.65,8.56,Market Adjustment
3880,114,2024-12-08,1441347,1622668.45,12.58,Annual Increment
3881,707,2024-09-05,645275,734452.0,13.82,Performance Bonus
3882,745,2024-05-31,1372425,1464514.72,6.71,Market Adjustment
3883,398,2025-07-29,1682734,1994208.06,18.51,Salary Revision
3884,1533,2024-02-29,1453733,1541102.35,6.01,Performance Bonus
3885,2894,2025-07-27,622227,694529.78,11.62,Performance Bonus
3886,125,2025-12-25,1554601,1611499.4,3.66,Salary Revision
3887,493,2024-11-28,903609,1074391.1,18.9,Annual Increment
3888,1430,2024-06-23,1682422,1784545.02,6.07,Salary Revision
3889,686,2024-06-22,459131,511747.41,11.46,Salary Revision
3890,636,2024-01-16,1535956,1822258.2,18.64,Performance Bonus
3891,2698,2025-09-18,1399198,1639020.54,17.14,Performance Bonus
3892,477,2024-01-15,1652376,1857766.34,12.43,Market Adjustment
3893,1009,2024-05-29,1016914,1071827.36,5.4,Performance Bonus
3894,772,2025-11-12,1097846,1138576.09,3.71,Annual Increment
3895,1968,2024-07-10,1633407,1878908.07,15.03,Salary Revision
3896,405,2024-10-14,1340191,1401169.69,4.55,Market Adjustment
3897,2160,2025-06-30,1430689,1613531.05,12.78,Salary Revision
3898,2137,2025-09-22,1076665,1247531.74,15.87,Promotion
3899,1158,2025-08-27,921752,970604.86,5.3,Promotion
3900,1200,2025-01-07,1563528,1723789.62,10.25,Performance Bonus
3901,1545,2024-03-23,422782,470725.48,11.34,Performance Bonus
3902,428,2024-09-09,924264,1040166.71,12.54,Salary Revision
3903,1593,2025-01-06,891513,993680.39,11.46,Market Adjustment
3904,2802,2025-05-07,1715703,1783301.7,3.94,Annual Increment
3905,771,2025-06-01,437039,472963.61,8.22,Salary Revision
3906,2340,2025-06-30,1388306,1470910.21,5.95,Market Adjustment
3907,197,2024-04-08,1370491,1418184.09,3.48,Market Adjustment
3908,1577,2025-07-14,644765,702664.9,8.98,Salary Revision
3909,215,2025-02-08,1684798,1985534.44,17.85,Salary Revision
3910,2147,2025-04-03,623901,696585.47,11.65,Annual Increment
3911,879,2024-03-24,456885,506091.51,10.77,Promotion
3912,908,2025-10-05,1744033,1891403.79,8.45,Promotion
3913,2029,2025-06-06,683558,770438.22,12.71,Salary Revision
3914,64,2024-01-06,344862,409282.22,18.68,Promotion
3915,2824,2024-05-30,493963,586383.48,18.71,Annual Increment
3916,985,2025-11-19,1633269,1908148.17,16.83,Market Adjustment
3917,726,2025-06-26,1067712,1249756.9,17.05,Market Adjustment
3918,1647,2024-05-02,343861,363289.15,5.65,Salary Revision
3919,1009,2024-11-30,1553933,1777233.17,14.37,Performance Bonus
3920,2787,2025-03-18,1446508,1664496.76,15.07,Market Adjustment
3921,840,2024-07-07,1620145,1871591.5,15.52,Market Adjustment
3922,1677,2024-02-17,1697624,1751438.68,3.17,Performance Bonus
3923,1545,2024-01-13,833190,977498.51,17.32,Promotion
3924,2000,2024-07-12,781471,884625.17,13.2,Performance Bonus
3925,172,2025-04-11,1709621,1983844.21,16.04,Promotion
3926,2716,2024-10-30,1695984,1811141.31,6.79,Annual Increment
3927,473,2025-02-04,583287,690261.84,18.34,Performance Bonus
3928,273,2025-03-02,634530,711498.49,12.13,Promotion
3929,1051,2025-02-16,1677962,1932341.04,15.16,Performance Bonus
3930,1167,2024-07-05,1374618,1482800.44,7.87,Salary Revision
3931,1072,2025-09-24,477524,553641.33,15.94,Performance Bonus
3932,828,2025-05-12,431410,485034.26,12.43,Performance Bonus
3933,823,2024-12-02,516579,577586.98,11.81,Annual Increment
3934,1921,2024-11-21,1254157,1315109.03,4.86,Promotion
3935,156,2025-02-27,1063828,1129147.04,6.14,Annual Increment
3936,991,2024-09-16,1164250,1320958.05,13.46,Performance Bonus
3937,585,2025-12-04,1176991,1331765.32,13.15,Annual Increment
3938,2716,2025-09-06,1306166,1515675.03,16.04,Promotion
3939,862,2024-06-24,1770246,1918946.66,8.4,Salary Revision
3940,59,2024-12-01,570257,620439.62,8.8,Market Adjustment
3941,719,2025-09-22,984249,1091040.02,10.85,Annual Increment
3942,1603,2024-07-29,1046989,1105620.38,5.6,Market Adjustment
3943,2071,2024-06-23,383482,409673.82,6.83,Promotion
3944,1376,2024-02-07,1629951,1878681.52,15.26,Annual Increment
3945,1805,2024-08-12,395506,464086.74,17.34,Salary Revision
3946,2165,2024-07-14,853574,960014.68,12.47,Promotion
3947,2242,2025-03-30,915958,952229.94,3.96,Annual Increment
3948,1680,2024-07-04,1336423,1497862.9,12.08,Salary Revision
3949,2952,2025-02-10,606338,699168.35,15.31,Market Adjustment
3950,1518,2025-11-01,330593,348577.26,5.44,Annual Increment
3951,2803,2024-01-08,740024,762964.74,3.1,Annual Increment
3952,2305,2024-05-16,372510,435203.43,16.83,Salary Revision
3953,491,2024-10-10,720848,835895.34,15.96,Annual Increment
3954,2309,2025-08-27,1394169,1453560.6,4.26,Performance Bonus
3955,2341,2025-07-15,1602222,1755394.42,9.56,Salary Revision
3956,1585,2025-01-08,1193028,1413380.27,18.47,Promotion
3957,2798,2024-05-01,1278783,1450267.8,13.41,Market Adjustment
3958,2608,2024-10-05,1204171,1338436.07,11.15,Promotion
3959,1861,2024-12-07,1375026,1621843.17,17.95,Promotion
3960,592,2025-03-16,851596,969371.73,13.83,Promotion
3961,1592,2025-01-27,789410,931424.86,17.99,Market Adjustment
3962,86,2024-02-21,1155417,1348256.1,16.69,Promotion
3963,175,2025-04-26,1214547,1335758.79,9.98,Salary Revision
3964,930,2024-10-13,1093539,1149637.55,5.13,Market Adjustment
3965,853,2024-05-02,1101008,1212870.41,10.16,Performance Bonus
3966,1887,2025-04-10,1788154,1979307.66,10.69,Performance Bonus
3967,1899,2025-02-16,1012441,1100928.34,8.74,Performance Bonus
3968,546,2025-06-23,1766886,1979089.01,12.01,Promotion
3969,889,2025-01-11,1744409,1853434.56,6.25,Promotion
3970,2988,2025-04-10,1632706,1899326.89,16.33,Market Adjustment
3971,1898,2024-10-14,1399670,1646851.72,17.66,Performance Bonus
3972,1536,2024-09-18,1600565,1732131.44,8.22,Performance Bonus
3973,579,2024-12-20,1236148,1296101.18,4.85,Performance Bonus
3974,1231,2025-11-25,1557775,1713708.28,10.01,Promotion
3975,890,2025-05-30,958172,1076793.69,12.38,Promotion
3976,2702,2025-01-12,1055915,1255799.71,18.93,Performance Bonus
3977,739,2025-01-27,1178997,1219200.8,3.41,Promotion
3978,1581,2024-10-08,1439909,1646391.95,14.34,Market Adjustment
3979,2788,2025-01-04,1431459,1661637.61,16.08,Performance Bonus
3980,2356,2024-05-04,664837,701801.94,5.56,Market Adjustment
3981,1920,2025-05-10,765267,901178.42,17.76,Promotion
3982,1994,2025-09-05,913150,1035329.47,13.38,Salary Revision
3983,2174,2025-06-12,1792072,2037227.45,13.68,Annual Increment
3984,2770,2025-11-03,453559,527851.96,16.38,Annual Increment
3985,88,2024-10-30,268179,318167.57,18.64,Annual Increment
3986,1358,2024-07-05,438632,475170.05,8.33,Market Adjustment
3987,832,2024-02-20,565837,674986.96,19.29,Market Adjustment
3988,271,2025-11-24,1011140,1148553.93,13.59,Market Adjustment
3989,2390,2024-03-18,1186623,1318100.83,11.08,Promotion
3990,1187,2025-01-21,885941,927846.01,4.73,Salary Revision
3991,655,2024-06-13,568802,601678.76,5.78,Annual Increment
3992,2181,2024-08-14,1546645,1700690.84,9.96,Salary Revision
3993,2263,2025-02-03,1568442,1740656.93,10.98,Market Adjustment
3994,2827,2025-04-06,773008,924440.27,19.59,Promotion
3995,1823,2024-01-22,453568,525458.53,15.85,Promotion
3996,1561,2024-01-08,1241560,1358887.42,9.45,Promotion
3997,82,2024-08-06,1479298,1696754.81,14.7,Market Adjustment
3998,1807,2024-09-04,1476605,1664429.16,12.72,Performance Bonus
3999,82,2025-10-25,1281310,1525912.08,19.09,Salary Revision
4000,1409,2025-03-27,962563,1153054.22,19.79,Market Adjustment
4001,283,2024-11-07,621689,654576.35,5.29,Market Adjustment
4002,2775,2024-04-18,1075472,1275294.7,18.58,Annual Increment
4003,2740,2025-05-04,663415,791785.8,19.35,Market Adjustment
4004,1198,2025-06-17,1741931,2029001.23,16.48,Annual Increment
4005,1453,2024-12-31,1514189,1812787.07,19.72,Performance Bonus
4006,66,2024-11-21,1554139,1836215.23,18.15,Performance Bonus
4007,693,2024-10-18,1015913,1193393.0,17.47,Promotion
4008,2103,2024-05-29,837718,1002664.67,19.69,Annual Increment
4009,2006,2025-05-25,918084,1087011.46,18.4,Annual Increment
4010,2660,2025-11-30,750808,862753.47,14.91,Market Adjustment
4011,1839,2024-10-30,1157961,1259166.79,8.74,Market Adjustment
4012,2690,2024-12-09,1210679,1382716.49,14.21,Market Adjustment
4013,2259,2025-03-30,315795,332279.5,5.22,Salary Revision
4014,44,2024-01-01,1790654,2018962.39,12.75,Market Adjustment
4015,1560,2025-01-30,668680,791583.38,18.38,Performance Bonus
4016,1591,2024-09-09,325462,373695.47,14.82,Market Adjustment
4017,2855,2025-07-06,1036729,1127028.1,8.71,Salary Revision
4018,1739,2024-12-28,1103949,1269762.14,15.02,Promotion
4019,1419,2024-07-25,1758097,1889075.23,7.45,Promotion
4020,2003,2025-01-15,840644,903944.49,7.53,Performance Bonus
4021,2752,2025-12-30,427828,499232.49,16.69,Market Adjustment
4022,2085,2024-06-06,488079,504624.88,3.39,Promotion
4023,439,2025-02-15,759526,791957.76,4.27,Market Adjustment
4024,267,2024-05-31,572974,645856.29,12.72,Promotion
4025,358,2024-04-05,408149,421046.51,3.16,Annual Increment
4026,1398,2024-07-16,1544908,1609794.14,4.2,Salary Revision
4027,2565,2024-05-25,1216290,1383286.62,13.73,Market Adjustment
4028,2724,2025-09-09,471947,535235.09,13.41,Annual Increment
4029,2885,2025-07-07,540906,575469.89,6.39,Annual Increment
4030,761,2025-11-26,442316,509592.26,15.21,Annual Increment
4031,16,2025-05-19,1158002,1348609.13,16.46,Promotion
4032,862,2024-03-31,354854,408756.32,15.19,Performance Bonus
4033,1313,2025-12-29,1561667,1749067.04,12.0,Performance Bonus
4034,809,2025-09-13,1735281,2078693.11,19.79,Salary Revision
4035,2893,2025-05-03,640206,710500.62,10.98,Salary Revision
4036,251,2024-04-20,1178024,1250354.67,6.14,Annual Increment
4037,326,2024-09-02,618786,739820.54,19.56,Market Adjustment
4038,590,2024-12-05,1386653,1563867.25,12.78,Promotion
4039,2868,2024-08-24,510068,586323.17,14.95,Annual Increment
4040,771,2025-02-18,642268,754215.31,17.43,Promotion
4041,666,2024-08-11,1077678,1226397.56,13.8,Salary Revision
4042,1216,2024-05-23,1511550,1662856.16,10.01,Market Adjustment
4043,894,2024-07-04,1144484,1227687.99,7.27,Market Adjustment
4044,987,2024-08-06,1362645,1405159.52,3.12,Market Adjustment
4045,1153,2025-11-03,588195,612310.99,4.1,Annual Increment
4046,2024,2025-05-27,971888,1150229.45,18.35,Annual Increment
4047,2539,2025-03-21,1151974,1202200.07,4.36,Performance Bonus
4048,50,2025-07-17,1664531,1739434.89,4.5,Salary Revision
4049,1481,2025-07-29,1713971,1963867.97,14.58,Annual Increment
4050,2332,2024-01-22,800370,923306.83,15.36,Market Adjustment
4051,1847,2024-06-02,1001016,1157374.7,15.62,Performance Bonus
4052,1518,2024-04-20,1297936,1403068.82,8.1,Performance Bonus
4053,1284,2024-09-02,1394870,1673565.03,19.98,Promotion
4054,935,2025-10-13,1481508,1568916.97,5.9,Market Adjustment
4055,1679,2024-03-14,1225059,1445079.6,17.96,Market Adjustment
4056,1652,2024-08-31,1222289,1439489.76,17.77,Performance Bonus
4057,1853,2024-07-18,570203,601108.0,5.42,Performance Bonus
4058,1719,2024-07-01,301337,355125.65,17.85,Market Adjustment
4059,1563,2025-04-13,1575804,1663103.54,5.54,Market Adjustment
4060,58,2024-07-13,1160963,1351941.41,16.45,Promotion
4061,619,2025-01-16,1493479,1778434.79,19.08,Promotion
4062,389,2024-08-18,284370,311811.71,9.65,Promotion
4063,1110,2024-08-02,957401,1018291.7,6.36,Performance Bonus
4064,1607,2024-10-21,582013,629505.26,8.16,Salary Revision
4065,1138,2025-04-24,727603,772932.67,6.23,Salary Revision
4066,2965,2025-12-25,1296765,1431109.85,10.36,Promotion
4067,1997,2024-09-27,1646261,1712440.69,4.02,Annual Increment
4068,275,2025-03-02,927972,1067167.8,15.0,Salary Revision
4069,1186,2024-02-24,546700,584969.0,7.0,Performance Bonus
4070,887,2024-05-14,1123139,1250502.96,11.34,Market Adjustment
4071,2587,2024-07-25,582613,633649.9,8.76,Market Adjustment
4072,2802,2025-03-02,1547046,1706237.03,10.29,Annual Increment
4073,2454,2024-06-20,521430,584001.6,12.0,Market Adjustment
4074,2969,2024-06-08,1032981,1205695.42,16.72,Promotion
4075,1514,2025-12-25,1435578,1715515.71,19.5,Annual Increment
4076,73,2024-07-17,1187590,1297917.11,9.29,Promotion
4077,858,2025-12-24,934092,1071403.52,14.7,Market Adjustment
4078,2597,2024-06-20,1248637,1453163.74,16.38,Salary Revision
4079,1396,2025-12-18,1460517,1701356.25,16.49,Promotion
4080,521,2025-01-31,924932,1075603.42,16.29,Salary Revision
4081,938,2025-10-02,1735003,1961941.39,13.08,Promotion
4082,1021,2025-07-26,1274643,1434993.09,12.58,Annual Increment
4083,1284,2025-01-01,1321561,1559045.51,17.97,Performance Bonus
4084,608,2024-06-03,1557798,1689743.49,8.47,Salary Revision
4085,2011,2024-01-26,1220329,1381900.56,13.24,Market Adjustment
4086,275,2025-08-19,1192638,1307369.78,9.62,Promotion
4087,1132,2025-08-15,1742978,1837621.71,5.43,Annual Increment
4088,1941,2025-07-31,767127,819291.64,6.8,Annual Increment
4089,1341,2025-12-29,996940,1166619.19,17.02,Performance Bonus
4090,2302,2025-02-18,556436,647246.36,16.32,Market Adjustment
4091,1986,2024-08-23,908858,1029554.34,13.28,Salary Revision
4092,820,2024-06-28,1604427,1703901.47,6.2,Salary Revision
4093,2479,2024-06-06,502418,542762.17,8.03,Annual Increment
4094,799,2025-08-15,1347863,1571338.69,16.58,Market Adjustment
4095,1017,2025-08-26,1038547,1144374.94,10.19,Annual Increment
4096,1222,2025-02-15,797331,848918.32,6.47,Market Adjustment
4097,104,2024-03-24,310442,354152.23,14.08,Performance Bonus
4098,323,2024-12-08,1023076,1134591.28,10.9,Promotion
4099,1830,2025-12-24,1562586,1710875.41,9.49,Promotion
4100,2433,2024-01-12,1181427,1369155.75,15.89,Annual Increment
4101,1121,2024-03-20,1206182,1298937.4,7.69,Salary Revision
4102,1857,2024-08-17,847190,896072.86,5.77,Promotion
4103,1323,2025-02-09,285559,300151.06,5.11,Market Adjustment
4104,2264,2024-11-19,1250554,1366480.36,9.27,Market Adjustment
4105,2952,2024-09-06,1036492,1164498.76,12.35,Performance Bonus
4106,2648,2024-10-27,929234,1019555.54,9.72,Market Adjustment
4107,2512,2025-07-30,322423,367368.77,13.94,Market Adjustment
4108,2317,2024-10-29,1442293,1495225.15,3.67,Salary Revision
4109,229,2024-03-04,1765772,2033992.77,15.19,Promotion
4110,2035,2025-11-03,383961,455992.08,18.76,Promotion
4111,621,2024-05-10,464440,519661.92,11.89,Promotion
4112,377,2024-08-30,1005639,1202040.3,19.53,Market Adjustment
4113,333,2024-06-26,1115372,1213970.88,8.84,Annual Increment
4114,2018,2024-10-04,1090034,1223781.17,12.27,Salary Revision
4115,1706,2025-03-02,1595991,1858212.32,16.43,Promotion
4116,2246,2025-08-01,437639,511337.41,16.84,Performance Bonus
4117,652,2024-01-17,491694,570217.53,15.97,Market Adjustment
4118,932,2024-06-22,751775,781545.29,3.96,Salary Revision
4119,100,2025-09-03,360065,410222.05,13.93,Promotion
4120,1961,2025-04-13,338908,351515.38,3.72,Promotion
4121,626,2024-08-15,538721,600727.79,11.51,Market Adjustment
4122,1588,2024-07-04,1580287,1807690.3,14.39,Annual Increment
4123,2090,2024-07-25,857417,954905.31,11.37,Performance Bonus
4124,2253,2025-01-07,392525,406969.92,3.68,Salary Revision
4125,148,2025-01-22,687962,735431.38,6.9,Performance Bonus
4126,30,2025-05-11,982706,1129424.01,14.93,Salary Revision
4127,1508,2025-07-18,1317762,1558648.89,18.28,Promotion
4128,1627,2024-03-17,696228,735147.15,5.59,Annual Increment
4129,2571,2025-12-25,1556089,1677152.72,7.78,Salary Revision
4130,1534,2024-07-15,1321392,1448245.63,9.6,Promotion
4131,2489,2025-01-03,787454,855883.75,8.69,Market Adjustment
4132,1067,2025-03-17,1073409,1127401.47,5.03,Market Adjustment
4133,1850,2025-07-10,310434,343246.87,10.57,Salary Revision
4134,1662,2025-03-12,679056,720750.04,6.14,Annual Increment
4135,1588,2024-10-28,473828,547887.32,15.63,Promotion
4136,820,2025-04-04,1445810,1670055.13,15.51,Market Adjustment
4137,2826,2024-01-17,1663913,1774396.82,6.64,Salary Revision
4138,1243,2024-08-26,1006942,1116497.29,10.88,Promotion
4139,2322,2025-06-09,779179,831306.08,6.69,Annual Increment
4140,1270,2025-03-06,275921,294352.52,6.68,Promotion
4141,1368,2025-01-02,682752,761200.2,11.49,Performance Bonus
4142,2949,2024-08-09,936521,1037477.96,10.78,Performance Bonus
4143,2466,2024-09-17,596569,707829.12,18.65,Performance Bonus
4144,2298,2024-10-13,1501455,1619319.22,7.85,Promotion
4145,319,2024-04-02,1542622,1616976.38,4.82,Annual Increment
4146,128,2024-05-05,1548717,1608342.6,3.85,Annual Increment
4147,1124,2024-10-05,250019,270420.55,8.16,Performance Bonus
4148,2985,2025-06-08,1441414,1720183.47,19.34,Annual Increment
4149,220,2024-01-14,1021856,1089911.61,6.66,Promotion
4150,1734,2024-12-14,1031862,1076128.88,4.29,Performance Bonus
4151,2678,2024-08-27,296964,320899.3,8.06,Annual Increment
4152,492,2025-04-27,883445,931239.37,5.41,Performance Bonus
4153,839,2025-02-25,502339,595924.76,18.63,Annual Increment
4154,1952,2025-05-08,616123,636085.39,3.24,Annual Increment
4155,2969,2024-04-02,742417,822152.59,10.74,Salary Revision
4156,2847,2025-01-21,1419046,1527461.11,7.64,Annual Increment
4157,2879,2025-08-07,1431180,1590899.69,11.16,Promotion
4158,883,2025-04-03,386645,424381.55,9.76,Performance Bonus
4159,123,2024-06-01,327932,365513.01,11.46,Performance Bonus
4160,1690,2024-02-26,617049,737620.37,19.54,Salary Revision
4161,181,2024-08-12,1627011,1693230.35,4.07,Market Adjustment
4162,2908,2024-10-03,840492,968414.88,15.22,Promotion
4163,1095,2025-08-02,301197,344599.49,14.41,Promotion
4164,962,2025-04-13,1696353,1876505.69,10.62,Annual Increment
4165,2664,2024-03-18,342532,403673.96,17.85,Performance Bonus
4166,2290,2025-06-06,1724186,1919019.02,11.3,Promotion
4167,2931,2025-05-11,349183,376663.7,7.87,Annual Increment
4168,2450,2025-07-05,1020277,1130058.81,10.76,Performance Bonus
4169,2231,2025-09-19,593712,649224.07,9.35,Market Adjustment
4170,2975,2025-10-29,1405581,1576921.32,12.19,Market Adjustment
4171,2619,2024-03-25,977266,1074210.79,9.92,Salary Revision
4172,1646,2025-02-19,1030371,1143196.62,10.95,Market Adjustment
4173,1198,2024-07-19,559609,653847.16,16.84,Performance Bonus
4174,2768,2025-02-03,1387219,1524969.85,9.93,Performance Bonus
4175,355,2024-04-21,1512804,1623238.69,7.3,Promotion
4176,1364,2025-08-14,1002182,1142186.83,13.97,Performance Bonus
4177,2209,2024-01-02,1676771,1773856.04,5.79,Annual Increment
4178,1407,2024-10-30,1311898,1556042.22,18.61,Promotion
4179,2453,2024-01-15,966491,1084209.6,12.18,Promotion
4180,2350,2024-09-25,542597,649000.27,19.61,Promotion
4181,2840,2024-09-15,1081206,1128670.94,4.39,Performance Bonus
4182,459,2024-09-28,1301477,1460907.93,12.25,Salary Revision
4183,426,2024-11-14,1456836,1501560.87,3.07,Salary Revision
4184,2723,2025-11-08,595404,688167.94,15.58,Market Adjustment
4185,2004,2025-06-02,495201,537441.65,8.53,Market Adjustment
4186,2247,2024-12-13,1078292,1206500.92,11.89,Performance Bonus
4187,898,2025-04-27,1460097,1591067.7,8.97,Performance Bonus
4188,2818,2024-03-10,473192,505558.33,6.84,Performance Bonus
4189,638,2025-05-24,1705303,2016009.21,18.22,Promotion
4190,2934,2025-04-18,251250,296927.25,18.18,Salary Revision
4191,442,2025-03-06,1288515,1358739.07,5.45,Annual Increment
4192,2847,2025-09-19,892894,956378.76,7.11,Performance Bonus
4193,1241,2024-12-28,688816,772920.43,12.21,Annual Increment
4194,783,2025-02-28,299294,309110.84,3.28,Market Adjustment
4195,496,2024-03-12,684293,726445.45,6.16,Annual Increment
4196,275,2025-01-01,781489,865030.17,10.69,Annual Increment
4197,1729,2025-12-26,999761,1142226.94,14.25,Annual Increment
4198,2859,2024-07-26,1503175,1624932.18,8.1,Performance Bonus
4199,1536,2024-12-10,687147,743218.2,8.16,Salary Revision
4200,2416,2025-06-19,1253360,1426323.68,13.8,Salary Revision
4201,172,2025-11-03,1674212,1864235.06,11.35,Annual Increment
4202,2048,2024-04-11,920316,1002960.38,8.98,Market Adjustment
4203,2870,2024-07-30,1243205,1462506.36,17.64,Performance Bonus
4204,2208,2024-06-04,455535,501954.02,10.19,Salary Revision
4205,2541,2025-07-06,986215,1174976.55,19.14,Performance Bonus
4206,112,2024-12-21,1046849,1085163.67,3.66,Performance Bonus
4207,356,2025-02-27,1245878,1336702.51,7.29,Annual Increment
4208,340,2025-03-14,764619,881682.17,15.31,Annual Increment
4209,1863,2024-07-06,1046605,1211235.97,15.73,Promotion
4210,2473,2024-03-28,1234150,1278332.57,3.58,Market Adjustment
4211,2264,2024-05-03,1726479,2029130.77,17.53,Promotion
4212,2514,2024-12-15,1111105,1162326.94,4.61,Promotion
4213,2431,2025-06-07,1666086,1937158.19,16.27,Salary Revision
4214,1821,2025-03-23,394912,440484.84,11.54,Performance Bonus
4215,1126,2025-07-01,1711989,1927870.81,12.61,Salary Revision
4216,2678,2024-09-15,1769032,1836785.93,3.83,Salary Revision
4217,482,2024-03-23,1714266,1916206.53,11.78,Promotion
4218,1851,2024-04-30,865282,1016792.88,17.51,Annual Increment
4219,1190,2024-01-11,1510640,1641008.23,8.63,Annual Increment
4220,2814,2025-03-22,574631,686511.66,19.47,Annual Increment
4221,816,2024-03-09,1261133,1403262.69,11.27,Annual Increment
4222,1587,2025-09-22,1621267,1919418.0,18.39,Performance Bonus
4223,180,2025-07-28,883920,937927.51,6.11,Market Adjustment
4224,2798,2024-11-06,1473834,1729838.97,17.37,Promotion
4225,2924,2025-06-25,1182533,1380489.02,16.74,Annual Increment
4226,416,2024-08-10,594841,626783.96,5.37,Salary Revision
4227,2306,2025-04-09,299656,330970.05,10.45,Market Adjustment
4228,2863,2024-07-21,1151719,1190301.59,3.35,Salary Revision
4229,2842,2024-02-22,1022356,1163338.89,13.79,Annual Increment
4230,1715,2024-11-06,1243332,1287718.95,3.57,Performance Bonus
4231,2283,2025-03-18,1722300,1897630.14,10.18,Annual Increment
4232,358,2025-12-25,801080,944633.54,17.92,Market Adjustment
4233,1945,2025-12-19,1091643,1218491.92,11.62,Promotion
4234,564,2025-12-28,503778,520956.83,3.41,Annual Increment
4235,2337,2024-06-05,641728,733495.1,14.3,Performance Bonus
4236,2703,2024-01-04,1394874,1525294.72,9.35,Market Adjustment
4237,1958,2024-05-27,390129,466204.16,19.5,Promotion
4238,2385,2025-06-23,1116660,1172158.0,4.97,Annual Increment
4239,952,2024-11-29,674562,711730.37,5.51,Promotion
4240,2874,2024-02-15,1069377,1103490.13,3.19,Annual Increment
4241,2090,2024-01-18,275512,289067.19,4.92,Market Adjustment
4242,2399,2025-03-28,1362579,1405500.24,3.15,Promotion
4243,1309,2024-06-20,761025,895193.71,17.63,Promotion
4244,773,2025-07-22,1642585,1824419.16,11.07,Performance Bonus
4245,878,2025-03-30,457716,484858.56,5.93,Salary Revision
4246,2595,2024-06-28,1564976,1755903.07,12.2,Annual Increment
4247,599,2025-03-26,1648973,1734060.01,5.16,Salary Revision
4248,596,2025-08-12,392593,436249.34,11.12,Annual Increment
4249,2319,2024-06-17,595469,638342.77,7.2,Performance Bonus
4250,2563,2024-12-31,1008587,1199613.38,18.94,Market Adjustment
4251,1665,2024-02-01,375143,434378.08,15.79,Annual Increment
4252,1313,2025-09-24,1077596,1114988.58,3.47,Market Adjustment
4253,1601,2024-09-07,1193358,1352193.95,13.31,Promotion
4254,522,2025-12-10,1255302,1424140.12,13.45,Salary Revision
4255,1666,2024-09-07,1604846,1890829.56,17.82,Promotion
4256,989,2025-03-18,1506149,1684778.27,11.86,Performance Bonus
4257,308,2024-04-10,1157524,1310317.17,13.2,Performance Bonus
4258,272,2025-09-07,1427942,1491342.62,4.44,Promotion
4259,2628,2025-10-31,333778,364752.6,9.28,Performance Bonus
4260,1151,2025-05-01,1224141,1396132.81,14.05,Market Adjustment
4261,1244,2024-10-12,1372586,1555002.68,13.29,Market Adjustment
4262,1925,2024-11-25,1322567,1471884.81,11.29,Salary Revision
4263,2848,2025-07-01,1424798,1691235.23,18.7,Salary Revision
4264,2455,2025-07-26,1636235,1903923.05,16.36,Promotion
4265,1923,2024-03-23,956898,1000436.86,4.55,Performance Bonus
4266,1403,2024-04-17,1367234,1528430.89,11.79,Annual Increment
4267,1031,2025-01-03,1569363,1688006.84,7.56,Market Adjustment
4268,1184,2025-08-23,1496618,1672171.29,11.73,Market Adjustment
4269,1328,2024-03-14,752089,847002.63,12.62,Market Adjustment
4270,1255,2024-12-05,652331,763488.2,17.04,Salary Revision
4271,2770,2024-03-02,1113060,1199099.54,7.73,Salary Revision
4272,1737,2024-03-17,1654430,1889359.06,14.2,Salary Revision
4273,571,2025-08-21,1693537,1829358.67,8.02,Market Adjustment
4274,2919,2024-01-25,1388283,1560430.09,12.4,Promotion
4275,1896,2025-07-16,1470016,1644065.89,11.84,Annual Increment
4276,2968,2024-03-03,1765700,2081583.73,17.89,Promotion
4277,843,2024-03-22,1504372,1751540.32,16.43,Market Adjustment
4278,750,2025-09-16,1607858,1877335.0,16.76,Market Adjustment
4279,1007,2025-01-28,1071308,1191615.89,11.23,Market Adjustment
4280,2328,2024-07-13,1212758,1359986.82,12.14,Promotion
4281,1044,2024-12-21,1520840,1585019.45,4.22,Annual Increment
4282,1543,2024-04-23,1404866,1682046.06,19.73,Annual Increment
4283,273,2024-04-21,646210,754773.28,16.8,Market Adjustment
4284,2028,2025-09-12,1203702,1431081.31,18.89,Salary Revision
4285,2391,2024-07-14,831103,928258.94,11.69,Performance Bonus
4286,816,2024-11-24,807215,838454.22,3.87,Performance Bonus
4287,2573,2024-04-06,1276680,1444180.42,13.12,Performance Bonus
4288,1791,2025-07-09,1061356,1149660.82,8.32,Promotion
4289,742,2025-10-24,507774,554184.54,9.14,Annual Increment
4290,169,2025-11-07,397387,428065.28,7.72,Salary Revision
4291,2193,2025-04-24,812905,854932.19,5.17,Annual Increment
4292,2813,2024-06-16,1137648,1211367.59,6.48,Salary Revision
4293,246,2025-11-04,270669,283904.71,4.89,Salary Revision
4294,2948,2024-07-18,831275,896363.83,7.83,Promotion
4295,945,2025-02-17,712291,808521.51,13.51,Salary Revision
4296,1093,2025-12-10,1408919,1535862.6,9.01,Promotion
4297,622,2024-04-15,298138,335136.93,12.41,Market Adjustment
4298,901,2025-08-10,610379,712312.29,16.7,Performance Bonus
4299,833,2025-05-25,1386050,1572889.54,13.48,Promotion
4300,374,2024-10-04,1447977,1673716.61,15.59,Market Adjustment
4301,1992,2024-04-16,511228,534897.86,4.63,Performance Bonus
4302,906,2025-05-13,757562,839454.45,10.81,Promotion
4303,711,2024-09-06,712089,767275.9,7.75,Annual Increment
4304,979,2025-12-02,1657527,1794107.22,8.24,Salary Revision
4305,2457,2025-11-25,1060975,1173226.15,10.58,Promotion
4306,412,2025-08-07,421960,463945.02,9.95,Performance Bonus
4307,1813,2025-07-28,565381,653410.82,15.57,Performance Bonus
4308,2520,2025-01-09,1047258,1082760.05,3.39,Market Adjustment
4309,841,2025-06-16,1662035,1850842.18,11.36,Salary Revision
4310,1403,2024-10-09,925450,956452.58,3.35,Salary Revision
4311,2522,2025-01-15,1063486,1246937.33,17.25,Salary Revision
4312,842,2025-11-30,1032156,1088511.72,5.46,Annual Increment
4313,2462,2024-11-01,1715760,1966604.11,14.62,Promotion
4314,1655,2025-10-28,684385,730238.79,6.7,Market Adjustment
4315,1660,2024-10-04,824916,884557.43,7.23,Market Adjustment
4316,946,2025-08-29,1045751,1183894.71,13.21,Performance Bonus
4317,100,2024-01-25,1689678,2009027.14,18.9,Promotion
4318,2644,2024-10-25,1712933,1783163.25,4.1,Annual Increment
4319,1593,2024-08-19,1448850,1577363.0,8.87,Performance Bonus
4320,84,2025-10-27,1279612,1412947.57,10.42,Performance Bonus
4321,1738,2024-02-03,437613,483299.8,10.44,Market Adjustment
4322,937,2024-08-29,814388,889556.01,9.23,Market Adjustment
4323,1961,2025-07-07,581555,615692.28,5.87,Salary Revision
4324,2642,2024-08-13,1334583,1510481.04,13.18,Promotion
4325,149,2025-01-24,1049946,1146541.03,9.2,Promotion
4326,369,2025-09-19,1732905,2054705.46,18.57,Annual Increment
4327,2521,2025-09-29,1708176,1919989.82,12.4,Market Adjustment
4328,325,2025-08-14,1351537,1606166.57,18.84,Performance Bonus
4329,611,2025-10-12,864786,911570.92,5.41,Performance Bonus
4330,1141,2024-01-06,640112,684215.72,6.89,Market Adjustment
4331,683,2025-04-28,1341584,1397125.58,4.14,Annual Increment
4332,2544,2024-06-29,359359,405105.4,12.73,Promotion
4333,1181,2024-11-06,1399110,1552872.19,10.99,Performance Bonus
4334,688,2024-06-25,745442,769967.04,3.29,Promotion
4335,2469,2025-04-28,1744281,1819459.51,4.31,Annual Increment
4336,1103,2024-06-19,624825,700303.86,12.08,Performance Bonus
4337,2267,2025-02-24,1023703,1180227.19,15.29,Promotion
4338,2186,2025-12-11,641762,687840.51,7.18,Annual Increment
4339,1334,2025-05-03,610279,708106.72,16.03,Salary Revision
4340,85,2024-08-15,1300490,1451086.74,11.58,Annual Increment
4341,1614,2025-01-25,533008,564135.67,5.84,Performance Bonus
4342,639,2025-11-17,527434,564934.56,7.11,Salary Revision
4343,1505,2024-01-19,1453481,1690543.75,16.31,Performance Bonus
4344,1007,2024-07-01,1204087,1276091.4,5.98,Annual Increment
4345,2923,2024-12-04,770544,814927.33,5.76,Salary Revision
4346,174,2024-01-27,390664,467663.87,19.71,Promotion
4347,3,2024-03-03,852307,944611.85,10.83,Performance Bonus
4348,2776,2024-01-06,1078410,1211701.48,12.36,Performance Bonus
4349,2151,2024-07-12,1228573,1466424.73,19.36,Salary Revision
4350,1450,2024-10-04,1519861,1714707.18,12.82,Performance Bonus
4351,1030,2025-07-09,1347797,1602934.97,18.93,Promotion
4352,2061,2024-12-30,1298002,1364849.1,5.15,Annual Increment
4353,848,2025-01-02,403966,457289.51,13.2,Market Adjustment
4354,1223,2025-05-26,492296,557623.68,13.27,Performance Bonus
4355,1568,2025-03-03,1038412,1122419.53,8.09,Annual Increment
4356,1289,2024-03-17,1271777,1352916.37,6.38,Annual Increment
4357,883,2024-05-31,1163388,1351624.18,16.18,Promotion
4358,1843,2024-06-16,1488221,1732884.53,16.44,Promotion
4359,2659,2025-11-13,883281,969312.57,9.74,Promotion
4360,68,2024-12-27,726203,859533.87,18.36,Market Adjustment
4361,1994,2024-03-29,1087265,1206103.06,10.93,Performance Bonus
4362,1522,2024-10-23,679271,753175.68,10.88,Performance Bonus
4363,211,2025-01-24,764569,910678.14,19.11,Annual Increment
4364,1211,2025-08-31,1034409,1074750.95,3.9,Performance Bonus
4365,1584,2024-02-04,1620346,1909253.69,17.83,Annual Increment
4366,2451,2025-06-03,866460,944701.34,9.03,Salary Revision
4367,2260,2025-08-12,1250568,1296713.96,3.69,Performance Bonus
4368,278,2024-07-14,989209,1074577.74,8.63,Market Adjustment
4369,2076,2025-10-18,598012,617088.58,3.19,Annual Increment
4370,598,2024-08-16,1741295,1959827.52,12.55,Annual Increment
4371,102,2025-07-06,1318513,1407117.07,6.72,Salary Revision
4372,1521,2024-09-24,300624,332550.27,10.62,Market Adjustment
4373,2511,2025-01-11,1215300,1323461.7,8.9,Market Adjustment
4374,1168,2025-09-23,1021683,1061222.13,3.87,Salary Revision
4375,2399,2024-04-03,508574,600219.03,18.02,Performance Bonus
4376,1776,2024-06-03,1327876,1375812.32,3.61,Salary Revision
4377,2985,2025-12-16,1437723,1604498.87,11.6,Promotion
4378,1548,2024-10-02,942379,1076479.53,14.23,Performance Bonus
4379,2997,2024-02-10,1765283,2008892.05,13.8,Promotion
4380,583,2025-10-27,661742,692049.78,4.58,Performance Bonus
4381,1130,2024-09-18,1077115,1149712.55,6.74,Annual Increment
4382,1241,2024-06-28,275406,328311.49,19.21,Promotion
4383,1714,2024-11-25,1443897,1534718.12,6.29,Promotion
4384,1749,2025-11-27,1397259,1574151.99,12.66,Promotion
4385,3,2025-08-26,388890,411367.84,5.78,Annual Increment
4386,1088,2024-02-14,1775128,1974119.85,11.21,Annual Increment
4387,898,2025-05-18,1232110,1460789.62,18.56,Promotion
4388,2756,2025-09-23,1284907,1348381.41,4.94,Performance Bonus
4389,1404,2024-02-03,1543519,1780757.87,15.37,Market Adjustment
4390,1921,2024-11-19,791240,892597.84,12.81,Salary Revision
4391,1355,2024-12-28,1574402,1799541.49,14.3,Salary Revision
4392,638,2024-01-28,1650377,1891167.0,14.59,Salary Revision
4393,2131,2025-09-28,1681518,1811667.49,7.74,Salary Revision
4394,1005,2025-04-12,724373,846429.85,16.85,Performance Bonus
4395,1980,2024-10-05,820820,891246.36,8.58,Salary Revision
4396,1232,2025-10-26,1296215,1549495.41,19.54,Performance Bonus
4397,211,2024-08-15,1490869,1611778.48,8.11,Market Adjustment
4398,437,2025-12-27,560319,630022.68,12.44,Promotion
4399,1019,2024-09-22,1223807,1448865.11,18.39,Annual Increment
4400,2857,2025-05-04,1387095,1547998.02,11.6,Performance Bonus
4401,1638,2024-04-06,1129318,1271950.86,12.63,Market Adjustment
4402,333,2025-06-26,758547,802239.31,5.76,Performance Bonus
4403,2716,2025-06-09,389084,451998.88,16.17,Annual Increment
4404,1785,2025-05-24,1101285,1286961.65,16.86,Promotion
4405,1697,2025-04-30,1242318,1486185.02,19.63,Market Adjustment
4406,1518,2025-05-07,497938,538968.09,8.24,Performance Bonus
4407,2015,2024-09-15,1081195,1221750.35,13.0,Performance Bonus
4408,1762,2025-09-24,743064,801543.14,7.87,Salary Revision
4409,676,2025-06-28,954876,1009399.42,5.71,Market Adjustment
4410,2431,2024-05-16,1040306,1222359.55,17.5,Annual Increment
4411,337,2025-11-22,422617,492517.85,16.54,Annual Increment
4412,615,2024-12-19,1383238,1525573.19,10.29,Annual Increment
4413,2857,2025-06-20,1608891,1698667.12,5.58,Annual Increment
4414,9,2024-08-16,1238195,1312734.34,6.02,Promotion
4415,1194,2025-03-19,1019166,1167352.74,14.54,Market Adjustment
4416,2729,2025-09-18,1449565,1514650.47,4.49,Promotion
4417,1269,2024-03-12,942357,986647.78,4.7,Salary Revision
4418,338,2024-10-10,332866,377603.19,13.44,Promotion
4419,697,2025-09-05,1069701,1251657.14,17.01,Performance Bonus
4420,441,2024-11-08,810632,916743.73,13.09,Salary Revision
4421,2155,2025-09-08,400330,468946.56,17.14,Market Adjustment
4422,568,2024-12-18,386194,428134.67,10.86,Market Adjustment
4423,645,2024-04-27,1599441,1858390.5,16.19,Salary Revision
4424,394,2025-03-07,1291058,1462897.82,13.31,Market Adjustment
4425,132,2024-01-31,1075005,1263023.37,17.49,Promotion
4426,2847,2025-07-20,1241240,1449395.95,16.77,Market Adjustment
4427,2085,2025-02-15,892564,963879.86,7.99,Performance Bonus
4428,1713,2025-07-08,743093,865703.34,16.5,Market Adjustment
4429,2729,2024-01-06,934950,996469.71,6.58,Performance Bonus
4430,610,2024-04-29,1724789,1822067.1,5.64,Annual Increment
4431,241,2025-03-10,1482460,1747523.85,17.88,Promotion
4432,442,2025-12-19,1191453,1252693.68,5.14,Annual Increment
4433,1158,2025-02-15,947781,1087010.03,14.69,Salary Revision
4434,980,2024-11-24,1757098,1953717.27,11.19,Performance Bonus
4435,503,2025-03-22,1601218,1831152.9,14.36,Salary Revision
4436,2988,2025-08-22,1482434,1603104.13,8.14,Promotion
4437,1939,2024-04-18,1626112,1684326.81,3.58,Promotion
4438,1601,2025-04-28,651580,709375.15,8.87,Annual Increment
4439,129,2025-01-23,778863,853789.62,9.62,Performance Bonus
4440,1899,2024-03-25,1630616,1947444.69,19.43,Market Adjustment
4441,1842,2024-03-10,528718,617912.73,16.87,Performance Bonus
4442,2697,2025-05-04,910159,1085728.67,19.29,Salary Revision
4443,2867,2024-07-28,635796,655696.41,3.13,Promotion
4444,1027,2024-09-13,1121997,1173384.46,4.58,Market Adjustment
4445,607,2025-12-24,338133,399098.38,18.03,Promotion
4446,2101,2025-02-01,1516515,1689701.01,11.42,Market Adjustment
4447,829,2024-11-08,1761594,1868522.76,6.07,Annual Increment
4448,38,2025-09-08,1574431,1718176.55,9.13,Market Adjustment
4449,2519,2024-01-19,1032287,1122405.66,8.73,Annual Increment
4450,1978,2025-10-14,1300834,1384477.63,6.43,Promotion
4451,1362,2024-07-13,1676809,1914915.88,14.2,Salary Revision
4452,1121,2025-03-31,1363313,1494736.37,9.64,Salary Revision
4453,2419,2024-09-14,1534429,1822134.44,18.75,Promotion
4454,1782,2025-08-11,1783586,2079661.28,16.6,Performance Bonus
4455,2946,2024-03-17,1489364,1672555.77,12.3,Salary Revision
4456,1870,2025-12-07,343351,370269.72,7.84,Annual Increment
4457,1669,2024-03-25,1485894,1688867.12,13.66,Annual Increment
4458,1944,2024-05-02,1125026,1336418.39,18.79,Salary Revision
4459,2343,2025-07-13,734327,871572.72,18.69,Salary Revision
4460,913,2025-02-28,1192190,1281604.25,7.5,Annual Increment
4461,940,2024-10-01,1651803,1955239.21,18.37,Market Adjustment
4462,1618,2025-09-20,806512,831271.92,3.07,Promotion
4463,167,2025-08-06,715150,852315.77,19.18,Performance Bonus
4464,979,2025-07-31,1082527,1115435.82,3.04,Annual Increment
4465,312,2025-12-14,823853,923539.21,12.1,Salary Revision
4466,1708,2024-08-19,284274,317050.79,11.53,Market Adjustment
4467,2459,2024-09-15,1641070,1704579.41,3.87,Salary Revision
4468,875,2024-09-30,1370067,1565164.54,14.24,Market Adjustment
4469,475,2024-06-28,742481,881621.94,18.74,Performance Bonus
4470,2297,2025-03-24,1771947,1924157.25,8.59,Salary Revision
4471,2688,2025-10-23,669969,691676.0,3.24,Performance Bonus
4472,327,2024-11-13,939490,1071018.6,14.0,Performance Bonus
4473,85,2024-07-19,458582,482474.12,5.21,Market Adjustment
4474,693,2024-01-06,1628787,1758601.32,7.97,Market Adjustment
4475,1703,2025-02-07,589448,697906.43,18.4,Promotion
4476,2987,2025-02-10,593738,648005.65,9.14,Market Adjustment
4477,1268,2024-03-02,1387326,1592095.32,14.76,Annual Increment
4478,313,2025-08-12,576251,679054.18,17.84,Annual Increment
4479,982,2024-11-29,388374,451445.94,16.24,Market Adjustment
4480,734,2024-02-12,487755,565795.8,16.0,Market Adjustment
4481,498,2024-12-18,1299547,1507734.43,16.02,Salary Revision
4482,1906,2024-01-31,1321182,1388298.05,5.08,Salary Revision
4483,1140,2024-04-30,424625,463096.03,9.06,Annual Increment
4484,1447,2024-07-22,619934,679385.67,9.59,Promotion
4485,2234,2024-06-25,774866,893652.96,15.33,Salary Revision
4486,354,2024-01-04,383028,405090.41,5.76,Market Adjustment
4487,657,2024-08-09,1344895,1571644.3,16.86,Salary Revision
4488,796,2025-06-01,1253886,1502782.37,19.85,Market Adjustment
4489,123,2025-07-16,963410,1132103.09,17.51,Performance Bonus
4490,425,2024-07-21,1324622,1539078.3,16.19,Performance Bonus
4491,870,2025-07-12,601321,638783.3,6.23,Performance Bonus
4492,2402,2024-07-08,1712458,1783353.76,4.14,Promotion
4493,2692,2025-06-15,1286779,1447369.02,12.48,Performance Bonus
4494,1587,2024-04-04,925731,1054592.76,13.92,Promotion
4495,172,2025-09-08,326293,361206.35,10.7,Annual Increment
4496,2339,2024-02-13,995372,1028119.74,3.29,Market Adjustment
4497,2658,2025-01-20,960359,1056971.12,10.06,Annual Increment
4498,1291,2025-02-24,1221990,1276368.55,4.45,Annual Increment
4499,2436,2025-07-16,1341597,1509833.26,12.54,Annual Increment
4500,2429,2024-09-02,534730,593817.67,11.05,Salary Revision
4501,2260,2025-09-16,1772330,2055016.64,15.95,Annual Increment
4502,2560,2025-03-02,318115,370158.61,16.36,Market Adjustment
4503,1008,2024-05-17,904433,1014140.72,12.13,Performance Bonus
4504,1202,2024-04-27,331660,390032.16,17.6,Annual Increment
4505,1230,2025-02-05,1644236,1963053.36,19.39,Promotion
4506,2851,2025-10-24,791655,925207.2,16.87,Promotion
4507,1150,2025-11-17,962908,1130935.45,17.45,Annual Increment
4508,2175,2025-02-15,1012912,1056264.63,4.28,Market Adjustment
4509,1229,2025-06-09,1103270,1140670.85,3.39,Market Adjustment
4510,1343,2025-03-24,637503,733765.95,15.1,Promotion
4511,2151,2024-03-31,1514386,1714133.51,13.19,Annual Increment
4512,1485,2024-08-27,487762,510296.6,4.62,Market Adjustment
4513,1368,2024-03-31,917548,1083624.19,18.1,Promotion
4514,2361,2024-01-26,695247,784933.86,12.9,Annual Increment
4515,949,2024-10-09,352925,380100.22,7.7,Salary Revision
4516,2218,2025-12-23,417065,487131.92,16.8,Salary Revision
4517,2365,2024-06-09,1698046,1906566.05,12.28,Salary Revision
4518,2695,2025-06-19,873999,915164.35,4.71,Performance Bonus
4519,167,2025-09-28,904085,1072425.63,18.62,Performance Bonus
4520,381,2024-10-02,1629711,1771006.94,8.67,Annual Increment
4521,561,2025-05-30,394174,412306.0,4.6,Salary Revision
4522,17,2024-11-28,474036,560073.53,18.15,Annual Increment
4523,1922,2025-05-22,1007340,1107066.66,9.9,Annual Increment
4524,1083,2024-11-07,583042,659070.68,13.04,Salary Revision
4525,1015,2024-06-05,421985,458613.3,8.68,Promotion
4526,2657,2025-10-06,1443311,1658508.67,14.91,Annual Increment
4527,2584,2025-02-04,285327,316712.97,11.0,Promotion
4528,694,2024-03-22,1797408,2143768.52,19.27,Salary Revision
4529,978,2024-02-29,1105450,1139608.41,3.09,Salary Revision
4530,1120,2025-08-15,1459408,1700356.26,16.51,Promotion
4531,2018,2025-08-22,1398324,1496766.01,7.04,Performance Bonus
4532,865,2025-02-26,1536095,1756371.02,14.34,Promotion
4533,2162,2025-07-31,863849,940299.64,8.85,Performance Bonus
4534,2420,2025-06-16,1113068,1318762.97,18.48,Market Adjustment
4535,1104,2025-03-17,772255,876354.97,13.48,Annual Increment
4536,2896,2025-09-19,1131273,1214195.31,7.33,Salary Revision
4537,2039,2024-07-31,253046,302693.63,19.62,Performance Bonus
4538,2420,2024-04-09,650901,753092.46,15.7,Promotion
4539,2362,2024-03-01,636626,743897.48,16.85,Salary Revision
4540,492,2025-06-25,1657238,1777056.31,7.23,Annual Increment
4541,946,2024-03-20,774279,895531.09,15.66,Annual Increment
4542,2802,2024-01-16,1077785,1134476.49,5.26,Promotion
4543,1133,2025-10-30,486167,548250.53,12.77,Promotion
4544,2938,2025-08-08,482310,564833.24,17.11,Annual Increment
4545,1694,2025-01-15,474298,516036.22,8.8,Performance Bonus
4546,592,2025-02-11,558255,643723.84,15.31,Annual Increment
4547,1511,2024-08-07,931808,1114535.55,19.61,Performance Bonus
4548,2702,2024-08-28,1338140,1533107.0,14.57,Performance Bonus
4549,2717,2025-02-27,672678,790934.79,17.58,Promotion
4550,847,2025-10-25,1066234,1162195.06,9.0,Promotion
4551,2007,2025-07-13,1275325,1519422.21,19.14,Performance Bonus
4552,201,2024-09-21,778715,802465.81,3.05,Performance Bonus
4553,650,2024-03-05,378774,440438.41,16.28,Annual Increment
4554,1880,2025-04-20,1349499,1456244.37,7.91,Performance Bonus
4555,453,2024-07-10,852322,898262.16,5.39,Market Adjustment
4556,726,2025-11-24,1143706,1327499.55,16.07,Performance Bonus
4557,2170,2024-12-23,386933,437118.21,12.97,Market Adjustment
4558,1242,2024-12-28,1601090,1710124.23,6.81,Promotion
4559,2820,2025-12-03,828007,971003.81,17.27,Performance Bonus
4560,1105,2024-12-31,586505,652017.61,11.17,Performance Bonus
4561,547,2024-04-05,285957,332510.8,16.28,Performance Bonus
4562,1576,2024-01-29,709009,849180.08,19.77,Salary Revision
4563,2088,2024-02-01,1596137,1897487.67,18.88,Annual Increment
4564,1097,2025-08-08,1762555,1926472.61,9.3,Market Adjustment
4565,2826,2025-11-24,457271,492115.05,7.62,Salary Revision
4566,1271,2024-07-08,1096651,1133388.81,3.35,Salary Revision
4567,439,2025-03-19,755887,894063.14,18.28,Market Adjustment
4568,1001,2025-05-18,1651834,1962874.34,18.83,Salary Revision
4569,2353,2025-12-22,1361321,1615479.63,18.67,Performance Bonus
4570,2165,2024-06-03,257069,271284.92,5.53,Annual Increment
4571,1341,2024-01-23,1696275,1969036.02,16.08,Performance Bonus
4572,2327,2025-11-04,965750,994915.65,3.02,Promotion
4573,768,2025-04-03,477470,551239.11,15.45,Performance Bonus
4574,1029,2025-03-03,1709674,1994847.62,16.68,Salary Revision
4575,818,2024-06-02,1568787,1722998.76,9.83,Salary Revision
4576,2316,2025-06-04,1432839,1562797.5,9.07,Performance Bonus
4577,1933,2025-02-07,1559921,1658819.99,6.34,Promotion
4578,1331,2025-01-17,346056,406892.64,17.58,Market Adjustment
4579,1931,2024-09-29,755764,846833.56,12.05,Performance Bonus
4580,933,2025-05-01,1153501,1375895.99,19.28,Annual Increment
4581,2826,2025-09-17,409946,429418.44,4.75,Promotion
4582,948,2024-11-24,1111374,1308420.61,17.73,Promotion
4583,1914,2024-05-16,1114781,1249558.02,12.09,Annual Increment
4584,421,2025-02-02,1678078,2010840.87,19.83,Salary Revision
4585,1808,2025-11-28,1756658,1849936.54,5.31,Promotion
4586,895,2024-10-25,1027785,1075577.0,4.65,Market Adjustment
4587,48,2024-10-16,1482076,1629690.77,9.96,Market Adjustment
4588,2634,2025-05-30,1484438,1753566.61,18.13,Promotion
4589,383,2024-07-08,964739,1145145.19,18.7,Salary Revision
4590,487,2024-04-05,446105,520559.92,16.69,Salary Revision
4591,2200,2025-02-26,1569332,1866720.41,18.95,Promotion
4592,181,2025-05-03,1248270,1431890.52,14.71,Salary Revision
4593,685,2024-02-17,1628451,1886886.17,15.87,Annual Increment
4594,2006,2025-02-17,703736,820063.56,16.53,Market Adjustment
4595,410,2025-06-13,436038,486443.99,11.56,Promotion
4596,2358,2024-02-12,832316,857285.48,3.0,Market Adjustment
4597,1462,2024-05-06,1198658,1348010.79,12.46,Promotion
4598,111,2024-05-14,1799587,1883447.75,4.66,Salary Revision
4599,88,2024-07-05,1649426,1776101.92,7.68,Promotion
4600,643,2025-11-21,741194,856375.55,15.54,Promotion
4601,803,2025-07-18,688453,732238.61,6.36,Market Adjustment
4602,1888,2024-03-29,378503,432439.68,14.25,Promotion
4603,2534,2024-06-16,532098,550934.27,3.54,Promotion
4604,1502,2024-01-23,1565188,1813426.82,15.86,Market Adjustment
4605,2813,2025-01-31,1155597,1220541.55,5.62,Annual Increment
4606,652,2024-05-11,1243483,1360743.45,9.43,Promotion
4607,1535,2025-03-23,323671,362705.72,12.06,Performance Bonus
4608,445,2024-03-02,427895,496358.2,16.0,Promotion
4609,300,2024-11-18,572415,629999.95,10.06,Performance Bonus
4610,940,2024-08-22,1717351,2006037.7,16.81,Market Adjustment
4611,2924,2025-04-18,1341068,1543971.59,15.13,Salary Revision
4612,2424,2024-10-19,1478135,1769771.04,19.73,Performance Bonus
4613,645,2024-08-01,1496273,1676723.52,12.06,Salary Revision
4614,884,2024-12-01,1191744,1313540.24,10.22,Salary Revision
4615,1824,2025-09-03,835473,905402.09,8.37,Salary Revision
4616,878,2024-08-20,1788081,2084366.02,16.57,Annual Increment
4617,804,2024-12-23,1101058,1189362.85,8.02,Salary Revision
4618,1905,2025-10-29,440892,519679.4,17.87,Annual Increment
4619,2845,2024-04-15,515874,610330.53,18.31,Promotion
4620,2869,2025-10-02,1368920,1630931.29,19.14,Annual Increment
4621,2295,2024-10-15,1255210,1377090.89,9.71,Salary Revision
4622,2919,2024-05-05,1796885,2100199.19,16.88,Annual Increment
4623,2122,2024-12-05,627052,703301.52,12.16,Promotion
4624,518,2024-12-19,754329,893427.27,18.44,Salary Revision
4625,2486,2025-05-16,1390159,1640943.68,18.04,Promotion
4626,2208,2025-04-29,1408209,1470451.84,4.42,Salary Revision
4627,2202,2024-11-30,446160,479220.46,7.41,Market Adjustment
4628,2249,2024-07-29,535590,627068.77,17.08,Annual Increment
4629,1752,2025-03-28,1278670,1501797.92,17.45,Promotion
4630,573,2024-04-09,712438,818448.77,14.88,Annual Increment
4631,2122,2024-01-13,560005,636277.68,13.62,Annual Increment
4632,1730,2025-11-19,1761878,2004664.79,13.78,Annual Increment
4633,1319,2024-09-28,1216575,1287136.35,5.8,Market Adjustment
4634,1384,2024-03-05,312830,323966.75,3.56,Annual Increment
4635,112,2024-10-26,1644358,1886900.8,14.75,Annual Increment
4636,343,2024-11-24,926324,980050.79,5.8,Salary Revision
4637,333,2024-07-09,423293,485517.07,14.7,Performance Bonus
4638,403,2024-04-05,1170605,1361647.74,16.32,Salary Revision
4639,2653,2025-07-21,1029174,1070032.21,3.97,Salary Revision
4640,106,2024-09-25,1758325,1855912.04,5.55,Market Adjustment
4641,1282,2025-03-15,1044915,1195696.23,14.43,Salary Revision
4642,2645,2024-03-22,857884,993343.88,15.79,Market Adjustment
4643,653,2025-07-15,428342,480942.4,12.28,Promotion
4644,2460,2024-05-01,1651198,1862551.34,12.8,Performance Bonus
4645,1177,2025-02-12,1279993,1432056.17,11.88,Annual Increment
4646,617,2025-04-03,618521,723731.42,17.01,Market Adjustment
4647,2054,2025-03-07,1553704,1808511.46,16.4,Market Adjustment
4648,1555,2025-01-04,1233300,1278808.77,3.69,Performance Bonus
4649,1915,2024-08-14,305053,316492.49,3.75,Annual Increment
4650,12,2025-08-04,1638392,1760288.36,7.44,Promotion
4651,1548,2025-09-03,974255,1108897.04,13.82,Annual Increment
4652,1481,2025-12-16,1768126,1976234.43,11.77,Salary Revision
4653,615,2024-04-11,1099731,1203325.66,9.42,Annual Increment
4654,966,2025-10-25,1116065,1177895.0,5.54,Market Adjustment
4655,2096,2024-01-03,727825,872225.48,19.84,Market Adjustment
4656,2709,2025-09-08,352756,385315.38,9.23,Promotion
4657,2363,2025-06-05,1037114,1196829.56,15.4,Salary Revision
4658,2926,2025-07-28,332577,377907.25,13.63,Annual Increment
4659,1666,2024-11-15,686032,734671.67,7.09,Salary Revision
4660,2516,2025-05-02,1420761,1574487.34,10.82,Market Adjustment
4661,70,2025-10-05,1559457,1812712.82,16.24,Salary Revision
4662,757,2025-04-23,513751,534814.79,4.1,Market Adjustment
4663,193,2025-03-19,506713,596451.87,17.71,Market Adjustment
4664,2166,2025-07-05,510601,603172.96,18.13,Salary Revision
4665,21,2025-08-19,798631,907484.41,13.63,Market Adjustment
4666,2637,2024-10-30,622129,698713.08,12.31,Performance Bonus
4667,2042,2024-12-14,772223,863113.65,11.77,Performance Bonus
4668,2942,2024-08-20,643601,720704.4,11.98,Annual Increment
4669,1638,2025-04-23,811616,869403.06,7.12,Annual Increment
4670,580,2025-02-04,1710969,1878643.96,9.8,Market Adjustment
4671,2974,2024-12-23,608342,680552.2,11.87,Market Adjustment
4672,1670,2025-08-17,874084,923906.79,5.7,Promotion
4673,1720,2025-06-29,1753639,1845178.96,5.22,Salary Revision
4674,1765,2025-11-10,698526,731845.69,4.77,Market Adjustment
4675,337,2024-07-01,1218811,1436368.76,17.85,Performance Bonus
4676,1195,2025-07-04,1574628,1726264.68,9.63,Market Adjustment
4677,1531,2024-12-16,859457,1011838.73,17.73,Annual Increment
4678,765,2025-04-08,1095737,1275547.44,16.41,Market Adjustment
4679,1393,2025-02-13,1389737,1592777.58,14.61,Market Adjustment
4680,786,2024-06-02,1779340,1839837.56,3.4,Annual Increment
4681,1925,2024-03-20,1041194,1126884.27,8.23,Market Adjustment
4682,1191,2024-06-11,1325797,1495366.44,12.79,Salary Revision
4683,2070,2024-06-01,297169,345072.64,16.12,Annual Increment
4684,1509,2024-09-10,756343,850507.7,12.45,Salary Revision
4685,2125,2025-06-08,624246,731116.92,17.12,Market Adjustment
4686,1359,2025-06-12,1771472,2117440.48,19.53,Performance Bonus
4687,2499,2024-08-18,1712114,1781454.62,4.05,Market Adjustment
4688,154,2024-08-05,857536,983422.28,14.68,Annual Increment
4689,1194,2025-03-07,750835,799489.11,6.48,Promotion
4690,856,2024-06-19,994622,1057283.19,6.3,Salary Revision
4691,1056,2025-06-24,1481283,1605118.26,8.36,Annual Increment
4692,1617,2024-01-22,1777672,1898020.39,6.77,Promotion
4693,419,2025-09-20,438864,459095.63,4.61,Salary Revision
4694,1863,2025-10-09,1353545,1501487.47,10.93,Annual Increment
4695,2230,2024-07-18,351356,398121.48,13.31,Promotion
4696,988,2025-08-15,1494277,1562266.6,4.55,Promotion
4697,2018,2024-12-03,704625,741899.66,5.29,Market Adjustment
4698,925,2025-05-24,332231,392032.58,18.0,Annual Increment
4699,2963,2024-09-10,411146,490332.72,19.26,Salary Revision
4700,2069,2024-08-25,1291584,1496816.7,15.89,Market Adjustment
4701,1595,2025-05-08,449874,498685.33,10.85,Salary Revision
4702,1668,2025-02-09,1408780,1623478.07,15.24,Salary Revision
4703,35,2025-10-26,272380,322770.3,18.5,Promotion
4704,109,2024-01-24,311652,352042.1,12.96,Market Adjustment
4705,1700,2025-05-28,484911,544797.51,12.35,Salary Revision
4706,2146,2025-08-07,277515,297357.32,7.15,Performance Bonus
4707,1368,2025-09-28,1240428,1411979.19,13.83,Performance Bonus
4708,1081,2024-06-03,1779371,1918517.81,7.82,Salary Revision
4709,491,2024-09-27,1769968,2096173.1,18.43,Annual Increment
4710,2544,2024-01-23,1676316,1787455.75,6.63,Market Adjustment
4711,2498,2025-10-16,975179,1026668.45,5.28,Annual Increment
4712,313,2024-03-01,902692,1022388.96,13.26,Annual Increment
4713,2155,2024-06-14,1590685,1847103.42,16.12,Market Adjustment
4714,446,2024-08-02,1380845,1490898.35,7.97,Promotion
4715,1627,2024-11-01,1361256,1512491.54,11.11,Annual Increment
4716,2403,2025-07-03,542119,628099.07,15.86,Performance Bonus
4717,798,2025-08-18,607775,710185.09,16.85,Promotion
4718,884,2025-10-14,1522065,1723434.2,13.23,Promotion
4719,302,2024-10-29,753615,834025.72,10.67,Market Adjustment
4720,1384,2025-01-17,1127173,1175641.44,4.3,Market Adjustment
4721,150,2025-10-02,1708395,1976271.34,15.68,Market Adjustment
4722,533,2024-01-08,1339848,1502103.59,12.11,Annual Increment
4723,1503,2025-09-11,1572208,1625034.19,3.36,Market Adjustment
4724,974,2024-09-17,1282586,1525123.01,18.91,Performance Bonus
4725,1784,2025-08-05,347220,388296.13,11.83,Annual Increment
4726,478,2024-11-14,520084,573392.61,10.25,Annual Increment
4727,173,2025-12-10,654621,771601.77,17.87,Annual Increment
4728,2131,2024-07-23,676103,737898.81,9.14,Performance Bonus
4729,2489,2025-03-04,435345,508961.84,16.91,Annual Increment
4730,1583,2025-01-01,572944,656823.0,14.64,Annual Increment
4731,1313,2024-07-16,696386,729116.14,4.7,Promotion
4732,896,2024-11-22,782733,925660.05,18.26,Market Adjustment
4733,214,2025-03-17,1151342,1285473.34,11.65,Promotion
4734,1787,2024-04-11,1449657,1519965.36,4.85,Performance Bonus
4735,1739,2025-12-24,1427280,1626385.56,13.95,Promotion
4736,2545,2025-01-24,692202,828773.45,19.73,Market Adjustment
4737,1190,2024-02-06,334602,351231.72,4.97,Market Adjustment
4738,2272,2024-10-30,260399,303338.8,16.49,Performance Bonus
4739,795,2024-05-16,968503,1046661.19,8.07,Performance Bonus
4740,2733,2024-07-26,1404038,1621944.7,15.52,Salary Revision
4741,560,2024-04-18,1104499,1146249.06,3.78,Promotion
4742,2643,2024-09-06,1034969,1174172.33,13.45,Annual Increment
4743,219,2025-08-01,464905,531572.38,14.34,Performance Bonus
4744,2831,2025-06-18,1705354,1761801.22,3.31,Annual Increment
4745,2079,2024-06-18,1022261,1225486.49,19.88,Salary Revision
4746,2899,2025-08-04,385979,450283.1,16.66,Market Adjustment
4747,2352,2024-05-02,631216,750452.7,18.89,Performance Bonus
4748,1046,2024-05-19,1472428,1718617.96,16.72,Performance Bonus
4749,2449,2024-09-15,1730928,1951448.23,12.74,Performance Bonus
4750,2558,2025-07-23,1451070,1693979.12,16.74,Market Adjustment
4751,2264,2025-10-29,1595845,1807773.22,13.28,Salary Revision
4752,2990,2025-07-31,1667483,1909768.28,14.53,Performance Bonus
4753,368,2024-05-30,1345158,1453039.67,8.02,Salary Revision
4754,1500,2024-10-05,1464837,1604435.97,9.53,Salary Revision
4755,1017,2024-05-13,558138,606249.5,8.62,Annual Increment
4756,1206,2025-09-24,294613,342134.08,16.13,Market Adjustment
4757,2333,2024-06-23,1547683,1802586.39,16.47,Promotion
4758,718,2024-10-11,649246,680669.51,4.84,Promotion
4759,1206,2024-04-26,546311,634813.38,16.2,Performance Bonus
4760,1656,2025-10-01,1432615,1611978.4,12.52,Annual Increment
4761,1671,2025-11-25,1554885,1786407.38,14.89,Salary Revision
4762,1938,2025-01-29,575060,631243.36,9.77,Annual Increment
4763,1873,2025-07-08,1125988,1345893.46,19.53,Annual Increment
4764,2630,2024-09-29,1176918,1247062.31,5.96,Promotion
4765,1268,2024-10-09,1427885,1699611.52,19.03,Promotion
4766,2130,2024-05-21,1522407,1625169.47,6.75,Salary Revision
4767,1482,2024-04-13,1613546,1728914.54,7.15,Salary Revision
4768,568,2024-07-30,1628372,1925549.89,18.25,Annual Increment
4769,1167,2025-05-15,256442,303242.67,18.25,Performance Bonus
4770,2719,2024-05-04,497055,594925.13,19.69,Salary Revision
4771,2499,2024-03-24,1160474,1262595.71,8.8,Salary Revision
4772,604,2024-03-31,1101928,1245619.41,13.04,Market Adjustment
4773,2231,2025-06-04,1668836,1760455.1,5.49,Market Adjustment
4774,383,2024-05-26,1404721,1538169.49,9.5,Performance Bonus
4775,1412,2024-07-04,1103383,1254767.15,13.72,Promotion
4776,62,2024-05-23,1428167,1587978.89,11.19,Performance Bonus
4777,403,2024-03-07,1659310,1943383.87,17.12,Promotion
4778,780,2024-03-11,1358354,1471504.89,8.33,Market Adjustment
4779,493,2025-06-04,778336,913299.46,17.34,Market Adjustment
4780,1633,2024-02-24,1385540,1462160.36,5.53,Salary Revision
4781,1273,2025-03-22,1317515,1417909.64,7.62,Annual Increment
4782,121,2024-12-07,594447,660608.95,11.13,Promotion
4783,5,2025-08-26,263659,301494.07,14.35,Salary Revision
4784,1779,2024-09-18,1509114,1654592.59,9.64,Performance Bonus
4785,257,2025-01-18,365659,383905.38,4.99,Performance Bonus
4786,2064,2025-03-26,673747,702583.37,4.28,Promotion
4787,2507,2025-11-19,952212,1114088.04,17.0,Annual Increment
4788,197,2025-04-18,388878,425354.76,9.38,Annual Increment
4789,2508,2024-09-25,1609552,1734292.28,7.75,Market Adjustment
4790,2580,2024-02-16,1521993,1586525.5,4.24,Market Adjustment
4791,223,2025-06-25,1200296,1319485.39,9.93,Promotion
4792,2579,2024-03-17,1344310,1429404.82,6.33,Salary Revision
4793,1816,2024-09-22,1596525,1756017.85,9.99,Promotion
4794,207,2025-11-17,1780871,1945779.65,9.26,Market Adjustment
4795,1107,2025-12-30,285269,337273.54,18.23,Performance Bonus
4796,1814,2025-06-09,1505849,1623154.64,7.79,Promotion
4797,239,2024-07-11,1748027,2080676.54,19.03,Promotion
4798,2974,2024-05-31,1095612,1270581.24,15.97,Performance Bonus
4799,2751,2025-03-21,522690,591371.47,13.14,Market Adjustment
4800,80,2024-04-19,1414893,1649482.26,16.58,Performance Bonus
4801,2970,2024-07-18,1561537,1827622.9,17.04,Performance Bonus
4802,196,2025-04-09,587582,661676.09,12.61,Salary Revision
4803,274,2025-04-11,802695,829906.36,3.39,Salary Revision
4804,2764,2025-05-07,1368906,1471163.28,7.47,Promotion
4805,813,2025-07-30,675022,747384.36,10.72,Annual Increment
4806,544,2025-03-20,908925,991455.39,9.08,Promotion
4807,830,2025-12-26,972974,1153655.27,18.57,Performance Bonus
4808,446,2024-04-21,1229774,1380544.29,12.26,Annual Increment
4809,1902,2025-09-05,272316,289962.08,6.48,Promotion
4810,2778,2025-05-03,463189,483291.4,4.34,Promotion
4811,2,2024-12-13,1046560,1097946.1,4.91,Performance Bonus
4812,975,2024-06-19,1326456,1587104.6,19.65,Market Adjustment
4813,543,2024-06-08,1230896,1371587.41,11.43,Salary Revision
4814,1413,2025-04-07,1038489,1091036.54,5.06,Promotion
4815,1833,2025-09-11,405893,479562.58,18.15,Salary Revision
4816,1216,2024-01-01,894031,961083.32,7.5,Annual Increment
4817,2974,2025-08-08,603776,710644.35,17.7,Market Adjustment
4818,196,2024-03-09,545386,641864.78,17.69,Market Adjustment
4819,2091,2025-11-19,340180,406651.17,19.54,Annual Increment
4820,1767,2024-11-08,827538,892416.98,7.84,Annual Increment
4821,969,2024-03-16,1197364,1274953.19,6.48,Market Adjustment
4822,417,2025-09-25,1085420,1204816.2,11.0,Annual Increment
4823,581,2025-05-18,1221411,1411951.12,15.6,Performance Bonus
4824,2734,2024-03-10,1326658,1404930.82,5.9,Promotion
4825,308,2024-03-15,279388,327386.86,17.18,Annual Increment
4826,2014,2024-07-15,1485208,1665215.21,12.12,Promotion
4827,420,2025-09-12,1567568,1666168.03,6.29,Salary Revision
4828,1720,2024-07-05,609912,687553.8,12.73,Market Adjustment
4829,2013,2024-12-18,1783497,2045314.36,14.68,Performance Bonus
4830,958,2024-05-05,1143429,1346158.96,17.73,Promotion
4831,2210,2025-05-02,759669,895649.75,17.9,Salary Revision
4832,726,2024-02-05,1389826,1592601.61,14.59,Market Adjustment
4833,1673,2025-12-26,311146,338371.27,8.75,Salary Revision
4834,1842,2024-11-22,1799345,1860342.8,3.39,Salary Revision
4835,2231,2025-12-02,1758235,2001223.08,13.82,Performance Bonus
4836,2789,2025-10-23,499550,553051.8,10.71,Annual Increment
4837,1650,2025-06-07,1291161,1381671.39,7.01,Performance Bonus
4838,2123,2024-11-08,557325,655525.67,17.62,Annual Increment
4839,1496,2025-12-06,254721,278639.3,9.39,Promotion
4840,346,2024-01-04,1631835,1913979.27,17.29,Promotion
4841,918,2025-08-10,1569475,1709786.06,8.94,Promotion
4842,354,2024-07-29,1074928,1231222.53,14.54,Market Adjustment
4843,61,2024-08-05,952652,1068494.48,12.16,Performance Bonus
4844,430,2024-03-07,1690213,1816978.97,7.5,Salary Revision
4845,616,2025-03-26,1786142,1861874.42,4.24,Promotion
4846,298,2024-05-07,1446673,1524214.67,5.36,Salary Revision
4847,1630,2025-08-26,1207823,1399021.38,15.83,Annual Increment
4848,2284,2024-03-03,1488646,1668474.44,12.08,Market Adjustment
4849,964,2024-06-16,1151693,1308323.25,13.6,Salary Revision
4850,1183,2024-11-23,1396567,1644597.3,17.76,Promotion
4851,520,2024-02-26,329247,386733.53,17.46,Annual Increment
4852,2479,2025-03-04,1700795,1962717.43,15.4,Salary Revision
4853,1775,2024-08-07,1758248,1989809.26,13.17,Market Adjustment
4854,2079,2025-09-09,862090,982955.02,14.02,Market Adjustment
4855,2481,2025-04-05,958252,1124796.2,17.38,Salary Revision
4856,2098,2025-03-26,1410859,1604146.68,13.7,Annual Increment
4857,1162,2024-10-20,977249,1081619.19,10.68,Salary Revision
4858,2079,2025-07-25,1210255,1444560.37,19.36,Annual Increment
4859,2848,2024-01-09,1623284,1793728.82,10.5,Market Adjustment
4860,734,2025-03-11,743419,878869.94,18.22,Performance Bonus
4861,1834,2024-01-15,1068929,1187793.9,11.12,Salary Revision
4862,2690,2025-06-04,641666,663803.48,3.45,Salary Revision
4863,1852,2024-09-03,826507,904777.21,9.47,Annual Increment
4864,2516,2024-10-17,383129,441479.55,15.23,Performance Bonus
4865,2028,2024-07-31,1530168,1714553.24,12.05,Performance Bonus
4866,2220,2024-07-13,564398,663562.73,17.57,Salary Revision
4867,1788,2025-12-17,1310751,1460831.99,11.45,Promotion
4868,531,2025-05-30,921332,1029772.78,11.77,Promotion
4869,2024,2025-03-09,330069,384332.34,16.44,Salary Revision
4870,1304,2024-01-09,1679340,1879349.39,11.91,Performance Bonus
4871,2636,2024-11-15,640567,734089.78,14.6,Promotion
4872,1511,2025-11-09,358783,411954.64,14.82,Annual Increment
4873,2718,2024-05-17,1005723,1165029.52,15.84,Performance Bonus
4874,1561,2024-07-31,1776073,2016375.68,13.53,Performance Bonus
4875,2332,2024-12-13,330354,341982.46,3.52,Annual Increment
4876,688,2024-02-02,836357,989410.33,18.3,Promotion
4877,1404,2025-03-24,1035444,1113723.57,7.56,Promotion
4878,2145,2024-07-30,1074544,1190917.12,10.83,Performance Bonus
4879,804,2024-10-12,544344,593334.96,9.0,Salary Revision
4880,1205,2024-10-18,639417,727976.25,13.85,Promotion
4881,2800,2025-02-07,1367159,1580025.66,15.57,Market Adjustment
4882,1604,2024-08-21,715981,842924.43,17.73,Promotion
4883,2238,2024-06-12,1450817,1724876.33,18.89,Market Adjustment
4884,1659,2024-06-30,594816,639010.83,7.43,Market Adjustment
4885,765,2024-08-10,1367866,1586040.63,15.95,Performance Bonus
4886,729,2025-02-27,970058,1063280.57,9.61,Salary Revision
4887,704,2025-04-20,1096518,1305733.63,19.08,Promotion
4888,2846,2024-10-29,716134,779440.25,8.84,Salary Revision
4889,2812,2025-06-23,1026055,1074690.01,4.74,Salary Revision
4890,436,2024-10-12,1424265,1639044.16,15.08,Market Adjustment
4891,1499,2024-05-24,303811,362081.95,19.18,Performance Bonus
4892,2126,2025-11-30,801235,955552.86,19.26,Salary Revision
4893,1329,2024-08-09,282783,320591.09,13.37,Performance Bonus
4894,2786,2024-08-28,852521,997620.07,17.02,Promotion
4895,32,2025-03-29,657182,711136.64,8.21,Salary Revision
4896,492,2025-12-13,1666472,1969769.9,18.2,Salary Revision
4897,306,2024-08-21,487391,577753.29,18.54,Salary Revision
4898,1984,2025-11-13,595641,618275.36,3.8,Salary Revision
4899,2887,2024-04-18,949641,1072049.72,12.89,Market Adjustment
4900,155,2025-10-22,430376,504658.9,17.26,Promotion
4901,1616,2024-05-20,895043,935319.93,4.5,Market Adjustment
4902,1859,2025-10-31,475491,516193.03,8.56,Market Adjustment
4903,829,2024-02-29,474861,506581.71,6.68,Promotion
4904,1500,2024-02-08,1548933,1828670.3,18.06,Performance Bonus
4905,1950,2024-03-15,1776394,2085131.28,17.38,Salary Revision
4906,399,2025-05-21,749434,873690.16,16.58,Performance Bonus
4907,1300,2024-12-07,346033,357348.28,3.27,Salary Revision
4908,1089,2024-12-02,563915,647656.38,14.85,Annual Increment
4909,1162,2025-05-29,432739,448317.6,3.6,Market Adjustment
4910,727,2025-12-11,1207628,1322473.42,9.51,Salary Revision
4911,500,2025-05-19,1709783,1933080.66,13.06,Performance Bonus
4912,2300,2025-10-23,376127,426114.28,13.29,Promotion
4913,1958,2024-06-14,264106,284230.88,7.62,Promotion
4914,963,2025-07-17,1328472,1487357.25,11.96,Market Adjustment
4915,1648,2025-02-13,591394,698613.73,18.13,Market Adjustment
4916,2284,2025-12-09,1147899,1263492.43,10.07,Market Adjustment
4917,2391,2024-06-07,1312080,1444075.25,10.06,Performance Bonus
4918,2208,2024-02-07,1177363,1268608.63,7.75,Promotion
4919,567,2025-10-26,1283291,1475784.65,15.0,Salary Revision
4920,1382,2025-02-20,1653654,1781812.18,7.75,Market Adjustment
4921,2410,2025-05-05,1134923,1355098.06,19.4,Market Adjustment
4922,2920,2024-12-24,1536912,1658328.05,7.9,Salary Revision
4923,528,2024-06-26,888670,1060094.44,19.29,Annual Increment
4924,340,2024-06-07,1703704,1878844.77,10.28,Market Adjustment
4925,105,2025-08-12,535475,636412.04,18.85,Annual Increment
4926,162,2024-11-23,339915,359120.2,5.65,Market Adjustment
4927,1526,2024-01-11,1590426,1700165.39,6.9,Promotion
4928,298,2024-06-29,745811,784816.92,5.23,Annual Increment
4929,1336,2025-01-06,915587,953858.54,4.18,Annual Increment
4930,1328,2025-04-30,962884,1070438.14,11.17,Salary Revision
4931,836,2025-04-18,1578373,1795557.12,13.76,Salary Revision
4932,747,2025-10-23,1680247,1759386.63,4.71,Market Adjustment
4933,1165,2024-05-09,1340118,1499860.07,11.92,Performance Bonus
4934,1581,2024-11-04,1479840,1680210.34,13.54,Performance Bonus
4935,591,2025-06-05,1297704,1549069.26,19.37,Promotion
4936,1733,2025-12-07,1191630,1409459.96,18.28,Performance Bonus
4937,2947,2025-06-25,863769,984092.02,13.93,Promotion
4938,27,2025-06-28,522077,570264.71,9.23,Salary Revision
4939,2883,2024-07-21,601711,713809.76,18.63,Market Adjustment
4940,857,2024-05-31,395947,443223.07,11.94,Promotion
4941,2899,2024-12-22,1389518,1621984.36,16.73,Annual Increment
4942,548,2025-01-20,649347,761164.55,17.22,Promotion
4943,820,2024-06-18,1522088,1604737.38,5.43,Annual Increment
4944,2568,2025-07-05,889357,1010398.49,13.61,Annual Increment
4945,1545,2024-01-22,1798319,1854786.22,3.14,Annual Increment
4946,2129,2025-07-09,763274,840059.36,10.06,Performance Bonus
4947,656,2025-10-22,677728,780742.66,15.2,Performance Bonus
4948,1414,2024-01-23,300804,337050.88,12.05,Performance Bonus
4949,1655,2025-09-03,1337753,1538415.95,15.0,Performance Bonus
4950,725,2024-02-13,628882,743967.41,18.3,Performance Bonus
4951,1902,2024-12-18,922868,991437.09,7.43,Market Adjustment
4952,2303,2024-12-29,1566454,1684251.34,7.52,Promotion
4953,1553,2024-12-26,574544,676065.92,17.67,Annual Increment
4954,1333,2024-06-30,548730,622918.3,13.52,Salary Revision
4955,2744,2025-11-06,1201212,1315327.14,9.5,Salary Revision
4956,988,2025-07-19,1779990,1864361.53,4.74,Annual Increment
4957,2251,2024-03-25,630952,726919.8,15.21,Annual Increment
4958,2644,2025-12-24,1233087,1306825.6,5.98,Performance Bonus
4959,2816,2025-12-04,701031,745686.67,6.37,Promotion
4960,2313,2024-02-19,1624465,1834020.99,12.9,Promotion
4961,120,2024-06-08,933299,990136.91,6.09,Promotion
4962,2362,2025-06-28,1438822,1704428.54,18.46,Promotion
4963,1688,2024-07-11,609016,726190.68,19.24,Performance Bonus
4964,1340,2025-04-09,1628347,1913633.39,17.52,Annual Increment
4965,2623,2024-01-26,885853,948039.88,7.02,Salary Revision
4966,590,2025-08-07,745881,881929.69,18.24,Market Adjustment
4967,2676,2025-12-06,1012718,1164018.07,14.94,Promotion
4968,2366,2024-10-19,1382805,1471995.92,6.45,Salary Revision
4969,1262,2024-02-03,809474,891230.87,10.1,Performance Bonus
4970,2969,2025-12-26,1601837,1775956.68,10.87,Performance Bonus
4971,897,2025-11-28,588819,687387.3,16.74,Market Adjustment
4972,1013,2025-12-30,291020,328008.64,12.71,Market Adjustment
4973,1040,2025-07-04,1461333,1706544.68,16.78,Performance Bonus
4974,2504,2025-12-24,1750493,2018843.58,15.33,Promotion
4975,1831,2024-07-05,1515856,1773854.69,17.02,Salary Revision
4976,1798,2024-12-06,255637,271435.37,6.18,Promotion
4977,1803,2025-07-16,396554,419395.51,5.76,Market Adjustment
4978,1010,2025-01-08,1648214,1950166.8,18.32,Performance Bonus
4979,2159,2025-01-29,1293754,1490663.36,15.22,Promotion
4980,2009,2024-12-15,1734613,2050659.49,18.22,Market Adjustment
4981,567,2025-12-21,1465464,1746393.45,19.17,Salary Revision
4982,996,2025-02-02,524031,553062.32,5.54,Annual Increment
4983,552,2024-02-10,1014007,1112872.68,9.75,Annual Increment
4984,2245,2025-01-01,645188,683576.69,5.95,Annual Increment
4985,1087,2024-02-14,1412262,1571988.83,11.31,Performance Bonus
4986,2125,2025-01-28,1305833,1457309.63,11.6,Salary Revision
4987,1796,2024-08-03,982562,1126212.56,14.62,Market Adjustment
4988,2734,2025-06-01,1328637,1449277.24,9.08,Promotion
4989,2611,2024-09-01,1371954,1505033.54,9.7,Annual Increment
4990,166,2025-01-19,673614,695775.9,3.29,Market Adjustment
4991,968,2025-03-21,1063382,1211936.47,13.97,Salary Revision
4992,2351,2025-08-11,922628,967467.72,4.86,Annual Increment
4993,1421,2024-08-21,591845,705597.61,19.22,Salary Revision
4994,384,2025-04-27,297900,346278.96,16.24,Salary Revision
4995,686,2024-09-30,1780431,2118890.93,19.01,Market Adjustment
4996,2720,2024-05-29,300394,314122.01,4.57,Promotion
4997,1958,2024-09-12,831297,948593.01,14.11,Salary Revision
4998,790,2025-08-26,368884,418351.34,13.41,Promotion
4999,21,2025-03-13,1459111,1605897.57,10.06,Performance Bonus
5000,339,2025-03-12,691276,792755.32,14.68,Performance Bonus
5001,381,2025-04-03,1526530,1823440.09,19.45,Promotion
5002,1630,2025-03-13,351536,399942.51,13.77,Promotion
5003,474,2024-02-28,684625,723511.7,5.68,Performance Bonus
5004,1680,2025-09-02,1228432,1422524.26,15.8,Promotion
5005,220,2024-04-01,491520,556892.16,13.3,Annual Increment
5006,475,2025-05-20,486369,532574.05,9.5,Annual Increment
5007,531,2025-09-07,628970,652304.79,3.71,Salary Revision
5008,2956,2024-02-23,316935,350498.42,10.59,Market Adjustment
5009,2711,2024-02-01,1359718,1576185.11,15.92,Promotion
5010,811,2025-05-29,1556471,1800836.95,15.7,Promotion
5011,152,2025-05-28,865749,975872.27,12.72,Performance Bonus
5012,1558,2025-11-23,957397,1020010.76,6.54,Annual Increment
5013,2705,2024-01-15,625049,692179.26,10.74,Market Adjustment
5014,2134,2024-10-15,467326,493215.86,5.54,Market Adjustment
5015,722,2024-02-04,460677,481545.67,4.53,Annual Increment
5016,2288,2025-02-01,1682442,1845807.12,9.71,Salary Revision
5017,576,2024-12-11,957066,1125701.03,17.62,Salary Revision
5018,2724,2024-05-12,935012,1119115.86,19.69,Promotion
5019,2443,2025-09-27,851280,931130.06,9.38,Annual Increment
5020,2423,2025-05-01,656121,753948.64,14.91,Market Adjustment
5021,1434,2024-06-08,1763250,1930229.77,9.47,Annual Increment
5022,2684,2024-06-20,252592,294749.6,16.69,Promotion
5023,2932,2025-12-09,1648696,1857585.78,12.67,Market Adjustment
5024,526,2025-05-03,1706599,1927091.59,12.92,Annual Increment
5025,399,2025-01-17,729960,872083.21,19.47,Annual Increment
5026,582,2024-02-20,827685,879332.54,6.24,Market Adjustment
5027,2252,2025-08-27,935011,1048801.84,12.17,Performance Bonus
5028,1258,2025-12-20,523329,557868.71,6.6,Annual Increment
5029,1063,2025-02-08,407179,480878.4,18.1,Promotion
5030,106,2024-02-16,545375,653522.86,19.83,Annual Increment
5031,1731,2024-06-21,508186,554685.02,9.15,Promotion
5032,1964,2024-06-18,734036,825643.69,12.48,Market Adjustment
5033,248,2024-11-07,598865,677795.41,13.18,Annual Increment
5034,1815,2025-12-10,1757518,2025891.0,15.27,Annual Increment
5035,1767,2025-05-29,1143803,1345684.23,17.65,Annual Increment
5036,1689,2024-06-29,728572,766530.6,5.21,Market Adjustment
5037,2176,2024-01-11,1613346,1921011.08,19.07,Annual Increment
5038,1403,2025-07-03,919904,988344.86,7.44,Promotion
5039,2804,2024-06-28,1574843,1793903.66,13.91,Promotion
5040,2873,2025-11-21,1739673,2048117.02,17.73,Annual Increment
5041,1023,2025-03-26,372993,392090.24,5.12,Salary Revision
5042,1488,2024-12-28,1100479,1312431.26,19.26,Salary Revision
5043,2621,2025-01-07,1196808,1307752.1,9.27,Market Adjustment
5044,2552,2024-04-06,386068,422010.93,9.31,Salary Revision
5045,2774,2024-07-29,979876,1071200.44,9.32,Performance Bonus
5046,707,2024-10-03,766103,821798.69,7.27,Annual Increment
5047,561,2025-11-28,776593,860853.34,10.85,Annual Increment
5048,453,2025-05-09,342533,385109.85,12.43,Annual Increment
5049,2107,2024-11-04,507188,525751.08,3.66,Annual Increment
5050,1690,2024-11-01,1411493,1509027.17,6.91,Performance Bonus
5051,1633,2024-10-23,829170,961671.37,15.98,Annual Increment
5052,2003,2025-12-18,589475,649601.45,10.2,Annual Increment
5053,2230,2025-07-09,277533,310254.14,11.79,Market Adjustment
5054,1835,2025-04-12,475238,501471.14,5.52,Annual Increment
5055,2949,2025-01-06,476873,570149.36,19.56,Annual Increment
5056,1899,2025-08-17,427073,454064.01,6.32,Annual Increment
5057,1674,2024-12-14,1199932,1256688.78,4.73,Annual Increment
5058,1893,2024-08-08,1744475,1864843.77,6.9,Annual Increment
5059,196,2024-03-25,853403,931404.03,9.14,Salary Revision
5060,1129,2025-11-09,1281868,1385699.31,8.1,Performance Bonus
5061,717,2024-05-12,489507,562786.2,14.97,Annual Increment
5062,72,2025-06-06,1435166,1584423.26,10.4,Market Adjustment
5063,2178,2024-11-12,1357552,1554397.04,14.5,Performance Bonus
5064,1745,2024-07-25,1725152,1902842.66,10.3,Market Adjustment
5065,2033,2024-08-25,312251,332484.86,6.48,Salary Revision
5066,23,2024-01-29,949951,1010557.87,6.38,Promotion
5067,2487,2024-08-28,1094271,1156206.74,5.66,Performance Bonus
5068,1042,2025-02-01,1167451,1378993.12,18.12,Performance Bonus
5069,610,2025-09-18,415535,452933.15,9.0,Annual Increment
5070,2149,2024-05-28,754465,883629.41,17.12,Performance Bonus
5071,78,2024-01-09,317286,329913.98,3.98,Market Adjustment
5072,1651,2024-06-03,1119907,1234473.49,10.23,Market Adjustment
5073,1354,2025-12-13,1564573,1768280.4,13.02,Annual Increment
5074,478,2024-04-10,356068,393811.21,10.6,Performance Bonus
5075,2731,2025-01-23,1230122,1292981.23,5.11,Market Adjustment
5076,153,2024-04-01,291204,337010.39,15.73,Market Adjustment
5077,2399,2024-01-28,744827,836068.31,12.25,Salary Revision
5078,279,2024-09-23,1749259,1969140.86,12.57,Market Adjustment
5079,2352,2024-06-28,256347,277777.61,8.36,Annual Increment
5080,1298,2024-07-13,610963,633690.82,3.72,Salary Revision
5081,2494,2025-04-10,1302426,1349834.31,3.64,Salary Revision
5082,1220,2025-02-15,1605985,1880769.03,17.11,Performance Bonus
5083,1618,2024-01-11,1521102,1703634.24,12.0,Performance Bonus
5084,2617,2024-05-29,719092,819908.7,14.02,Promotion
5085,1898,2024-05-06,1487984,1643627.13,10.46,Annual Increment
5086,1699,2025-02-18,1051576,1190909.82,13.25,Market Adjustment
5087,419,2024-06-06,1111692,1316688.0,18.44,Annual Increment
5088,609,2025-09-15,703579,782661.28,11.24,Annual Increment
5089,1987,2024-05-28,1256406,1416095.2,12.71,Promotion
5090,956,2025-05-11,615314,713518.11,15.96,Performance Bonus
5091,750,2024-04-28,692363,799886.97,15.53,Salary Revision
5092,2744,2024-02-17,1489364,1684768.56,13.12,Salary Revision
5093,2329,2024-07-04,488946,586392.94,19.93,Performance Bonus
5094,61,2025-03-04,390499,449464.35,15.1,Market Adjustment
5095,677,2024-12-27,1153425,1354351.64,17.42,Promotion
5096,108,2025-08-07,699508,776034.18,10.94,Salary Revision
5097,1888,2024-10-10,1383616,1623673.38,17.35,Annual Increment
5098,365,2024-12-16,1111388,1155065.55,3.93,Promotion
5099,2707,2025-03-26,1645356,1879161.09,14.21,Market Adjustment
5100,390,2024-01-23,1394515,1660030.66,19.04,Annual Increment
5101,964,2025-08-09,1024639,1174543.69,14.63,Salary Revision
5102,2342,2025-12-10,1325745,1499682.74,13.12,Salary Revision
5103,1838,2024-08-15,557454,659245.1,18.26,Annual Increment
5104,1821,2024-09-19,297003,342830.56,15.43,Salary Revision
5105,2063,2024-04-19,1562734,1765733.15,12.99,Market Adjustment
5106,2710,2024-08-01,1315809,1362125.48,3.52,Annual Increment
5107,2239,2025-09-15,1086767,1284558.59,18.2,Market Adjustment
5108,2192,2025-11-07,539911,570847.9,5.73,Annual Increment
5109,1849,2024-11-10,996692,1114999.34,11.87,Promotion
5110,2340,2024-06-30,1173488,1402670.21,19.53,Market Adjustment
5111,1793,2024-09-26,274188,307529.26,12.16,Annual Increment
5112,106,2024-04-26,794212,890947.02,12.18,Performance Bonus
5113,1943,2024-03-12,921504,1023330.19,11.05,Annual Increment
5114,737,2024-04-08,646182,707310.82,9.46,Annual Increment
5115,1227,2025-09-14,1499232,1646906.35,9.85,Annual Increment
5116,647,2025-04-07,1321431,1561270.73,18.15,Salary Revision
5117,1108,2024-02-16,596762,675534.58,13.2,Performance Bonus
5118,2293,2024-02-11,1308404,1381151.26,5.56,Performance Bonus
5119,2370,2024-01-03,1655670,1967101.53,18.81,Performance Bonus
5120,2723,2025-02-23,1582506,1643432.48,3.85,Annual Increment
5121,2412,2025-03-11,993736,1062303.78,6.9,Annual Increment
5122,1060,2024-09-01,435465,507011.9,16.43,Performance Bonus
5123,461,2024-07-30,993671,1095621.64,10.26,Performance Bonus
5124,2261,2024-02-28,1597056,1712363.44,7.22,Performance Bonus
5125,1164,2025-11-04,1663884,1966544.5,18.19,Salary Revision
5126,2287,2024-01-19,720036,782463.12,8.67,Performance Bonus
5127,1451,2024-09-23,474413,551457.67,16.24,Performance Bonus
5128,2380,2025-06-21,1631249,1865985.73,14.39,Performance Bonus
5129,745,2025-09-24,864150,984094.02,13.88,Salary Revision
5130,1728,2025-08-26,1722223,1961095.33,13.87,Salary Revision
5131,1542,2024-11-18,1054741,1184474.14,12.3,Market Adjustment
5132,2506,2025-03-09,1150324,1189895.15,3.44,Performance Bonus
5133,2096,2024-12-14,905137,955643.64,5.58,Performance Bonus
5134,48,2025-08-24,570757,642272.85,12.53,Annual Increment
5135,1581,2025-03-30,548507,579881.6,5.72,Market Adjustment
5136,2376,2025-04-29,759939,889356.61,17.03,Performance Bonus
5137,1128,2024-09-12,1387955,1558534.67,12.29,Annual Increment
5138,2059,2024-11-10,1453493,1734307.85,19.32,Promotion
5139,1090,2024-02-23,1371183,1505558.93,9.8,Salary Revision
5140,934,2025-04-27,1537819,1594718.3,3.7,Performance Bonus
5141,564,2025-03-23,792180,869179.9,9.72,Promotion
5142,2160,2024-10-27,1183598,1340188.02,13.23,Annual Increment
5143,1741,2025-11-12,296252,336542.27,13.6,Annual Increment
5144,366,2025-10-28,878935,916377.63,4.26,Annual Increment
5145,2403,2024-07-24,1769954,1897744.68,7.22,Salary Revision
5146,2622,2024-03-25,592349,710700.33,19.98,Promotion
5147,2928,2024-02-14,1104336,1157785.86,4.84,Promotion
5148,1947,2025-01-27,1759350,1934053.45,9.93,Annual Increment
5149,1400,2025-12-03,641287,767492.28,19.68,Annual Increment
5150,1043,2025-12-22,923642,1038727.79,12.46,Annual Increment
5151,1641,2024-05-13,947199,1101213.56,16.26,Annual Increment
5152,679,2024-01-30,1005637,1190774.77,18.41,Market Adjustment
5153,1238,2025-08-09,1289331,1359728.47,5.46,Annual Increment
5154,2525,2025-10-01,454181,500916.22,10.29,Annual Increment
5155,792,2024-01-21,1711745,1847315.2,7.92,Annual Increment
5156,2324,2025-11-25,1123234,1233760.23,9.84,Annual Increment
5157,1926,2024-12-30,1265524,1496355.58,18.24,Annual Increment
5158,2113,2024-04-14,515871,592735.78,14.9,Salary Revision
5159,2205,2024-03-12,1452160,1681601.28,15.8,Annual Increment
5160,2240,2024-11-11,1384646,1651328.82,19.26,Annual Increment
5161,1642,2024-09-14,1218307,1427490.31,17.17,Promotion
5162,397,2025-08-05,819373,855015.73,4.35,Market Adjustment
5163,1695,2024-10-13,1334168,1566446.65,17.41,Annual Increment
5164,928,2025-07-19,934611,1061531.17,13.58,Performance Bonus
5165,2567,2024-08-10,1039644,1238216.0,19.1,Salary Revision
5166,1730,2025-02-09,1542827,1762988.41,14.27,Salary Revision
5167,1020,2025-01-01,1715659,2051585.03,19.58,Performance Bonus
5168,2853,2025-04-11,1547183,1738105.38,12.34,Market Adjustment
5169,2076,2024-10-20,1049355,1181993.47,12.64,Annual Increment
5170,1341,2024-01-03,963629,1088900.77,13.0,Market Adjustment
5171,2703,2025-03-16,353390,370635.43,4.88,Salary Revision
5172,553,2024-10-27,1764943,1997562.49,13.18,Promotion
5173,240,2025-01-16,1691692,1967099.46,16.28,Market Adjustment
5174,1010,2025-12-07,1711695,2033322.49,18.79,Annual Increment
5175,1439,2025-10-09,487792,508279.26,4.2,Annual Increment
5176,1731,2024-09-13,1681864,1940534.68,15.38,Promotion
5177,2442,2024-09-02,1377884,1595589.67,15.8,Salary Revision
5178,1618,2024-09-12,684407,753942.75,10.16,Promotion
5179,1683,2024-12-14,1737628,1981069.68,14.01,Annual Increment
5180,2109,2025-02-23,1464814,1573503.2,7.42,Market Adjustment
5181,2456,2024-05-19,367044,401692.95,9.44,Annual Increment
5182,202,2024-10-24,301953,341508.84,13.1,Salary Revision
5183,1234,2024-01-07,534975,578200.98,8.08,Salary Revision
5184,1025,2024-05-14,625238,648997.04,3.8,Performance Bonus
5185,1537,2025-09-20,1681114,1978839.29,17.71,Salary Revision
5186,2513,2024-03-11,1162068,1282109.62,10.33,Performance Bonus
5187,205,2025-06-05,935505,1089114.92,16.42,Market Adjustment
5188,663,2024-03-29,280104,327553.62,16.94,Market Adjustment
5189,1290,2024-07-14,1138334,1339932.95,17.71,Performance Bonus
5190,1815,2025-04-15,962857,1079747.84,12.14,Annual Increment
5191,2340,2024-04-28,1195021,1389809.42,16.3,Market Adjustment
5192,1307,2025-06-08,712909,757608.39,6.27,Salary Revision
5193,2493,2025-02-02,310589,342362.25,10.23,Promotion
5194,1514,2025-05-25,791250,922439.25,16.58,Performance Bonus
5195,536,2025-10-18,1578615,1675384.1,6.13,Performance Bonus
5196,1379,2025-03-25,1719261,1855426.47,7.92,Annual Increment
5197,1625,2024-06-23,1576708,1713566.25,8.68,Salary Revision
5198,1422,2024-09-26,730042,866778.87,18.73,Annual Increment
5199,2846,2024-01-15,1666138,1836583.92,10.23,Promotion
5200,486,2025-12-29,616808,651287.57,5.59,Promotion
5201,1852,2025-09-26,1147962,1370551.83,19.39,Performance Bonus
5202,2843,2025-08-22,1627082,1807037.27,11.06,Performance Bonus
5203,551,2024-06-23,912711,1035288.09,13.43,Performance Bonus
5204,114,2025-10-24,467383,487667.42,4.34,Market Adjustment
5205,2905,2024-01-15,459536,480536.8,4.57,Salary Revision
5206,1029,2024-05-25,1368639,1595148.75,16.55,Performance Bonus
5207,246,2025-10-10,262833,304702.3,15.93,Salary Revision
5208,62,2024-02-02,477221,530049.36,11.07,Salary Revision
5209,1623,2025-02-28,1259150,1449155.74,15.09,Salary Revision
5210,524,2025-07-03,660798,778882.6,17.87,Promotion
5211,2367,2025-04-22,1498905,1768707.9,18.0,Market Adjustment
5212,1819,2024-05-01,278563,331016.41,18.83,Market Adjustment
5213,1828,2025-04-11,532926,638978.27,19.9,Performance Bonus
5214,1078,2024-05-08,594163,676513.99,13.86,Performance Bonus
5215,312,2025-09-25,558857,645032.75,15.42,Promotion
5216,220,2025-11-22,677590,758833.04,11.99,Promotion
5217,1961,2025-05-01,967541,1034107.82,6.88,Market Adjustment
5218,2853,2024-04-19,1484681,1713321.87,15.4,Salary Revision
5219,197,2025-01-04,1217215,1368393.1,12.42,Promotion
5220,1510,2025-12-20,805172,959120.89,19.12,Promotion
5221,1269,2024-06-22,518260,544691.26,5.1,Salary Revision
5222,2846,2025-02-18,737715,822994.85,11.56,Market Adjustment
5223,1483,2025-05-21,812780,843665.64,3.8,Performance Bonus
5224,1043,2025-06-27,890686,1016272.73,14.1,Market Adjustment
5225,2672,2025-03-15,1229839,1337572.9,8.76,Promotion
5226,807,2024-09-30,410859,430950.01,4.89,Promotion
5227,632,2024-05-25,1745112,2089597.11,19.74,Market Adjustment
5228,2201,2024-02-12,1539280,1785718.73,16.01,Performance Bonus
5229,2795,2025-03-21,1551891,1791968.54,15.47,Annual Increment
5230,1847,2024-07-30,1169367,1383595.03,18.32,Performance Bonus
5231,845,2025-02-23,759390,867982.77,14.3,Promotion
5232,2005,2024-07-15,605930,627258.74,3.52,Salary Revision
5233,2208,2024-04-27,1045883,1199104.86,14.65,Annual Increment
5234,1945,2025-09-27,991616,1141746.66,15.14,Salary Revision
5235,249,2024-09-15,391078,443130.48,13.31,Performance Bonus
5236,1012,2025-04-26,337456,362191.52,7.33,Promotion
5237,136,2025-10-04,1060786,1202400.93,13.35,Promotion
5238,1332,2025-03-04,1758243,1973979.42,12.27,Promotion
5239,1093,2024-08-20,1558893,1842455.64,18.19,Market Adjustment
5240,941,2025-06-25,890855,919362.36,3.2,Annual Increment
5241,2109,2025-03-25,394962,454838.24,15.16,Performance Bonus
5242,1805,2025-03-25,1244407,1388633.77,11.59,Salary Revision
5243,275,2025-08-27,1141257,1242486.5,8.87,Promotion
5244,1143,2024-01-31,782891,840198.62,7.32,Market Adjustment
5245,1072,2024-05-29,799218,881297.69,10.27,Salary Revision
5246,862,2025-06-16,1372144,1618306.63,17.94,Annual Increment
5247,1947,2025-11-28,1514094,1718950.92,13.53,Performance Bonus
5248,2886,2024-04-12,1408615,1476510.24,4.82,Market Adjustment
5249,987,2024-08-30,1599830,1809887.68,13.13,Promotion
5250,2199,2024-10-03,1207335,1440712.86,19.33,Salary Revision
5251,2708,2024-07-24,785731,926062.56,17.86,Performance Bonus
5252,2549,2025-04-05,1440969,1626133.52,12.85,Salary Revision
5253,2162,2024-08-05,1328968,1544260.82,16.2,Salary Revision
5254,250,2025-05-30,891885,1069191.74,19.88,Market Adjustment
5255,1972,2024-12-05,1463779,1682613.96,14.95,Performance Bonus
5256,429,2025-03-31,825124,967705.43,17.28,Promotion
5257,1040,2025-06-01,1040295,1112595.5,6.95,Annual Increment
5258,2986,2024-05-16,1504552,1687956.89,12.19,Performance Bonus
5259,2911,2024-12-09,779810,826442.64,5.98,Promotion
5260,835,2024-09-04,1417583,1616469.89,14.03,Salary Revision
5261,1842,2025-05-20,591278,661403.57,11.86,Promotion
5262,2327,2025-09-07,466433,492413.32,5.57,Annual Increment
5263,2647,2025-12-11,1633136,1834664.98,12.34,Annual Increment
5264,1606,2025-08-02,579496,689832.04,19.04,Salary Revision
5265,861,2024-03-24,611554,683656.22,11.79,Salary Revision
5266,203,2024-03-30,1742523,1966088.7,12.83,Promotion
5267,688,2024-07-16,555566,583677.64,5.06,Annual Increment
5268,62,2025-07-25,638212,682312.45,6.91,Annual Increment
5269,67,2024-02-06,382185,438595.51,14.76,Performance Bonus
5270,1890,2024-08-16,1160102,1269731.64,9.45,Annual Increment
5271,123,2024-11-16,1315192,1542720.22,17.3,Salary Revision
5272,2751,2024-09-30,1420438,1685065.6,18.63,Performance Bonus
5273,2929,2024-12-19,1059991,1113732.54,5.07,Salary Revision
5274,343,2025-10-06,869649,923741.17,6.22,Performance Bonus
5275,381,2025-04-03,855581,890232.03,4.05,Promotion
5276,2266,2024-03-20,856838,1017837.86,18.79,Promotion
5277,2627,2024-09-02,428367,484140.38,13.02,Annual Increment
5278,1977,2025-04-20,829576,913860.92,10.16,Salary Revision
5279,2628,2024-05-08,539936,574005.96,6.31,Market Adjustment
5280,1674,2024-02-08,1484596,1609005.14,8.38,Annual Increment
5281,143,2025-09-10,257654,274092.33,6.38,Annual Increment
5282,1873,2025-10-21,1097831,1301698.22,18.57,Annual Increment
5283,1516,2025-02-01,834995,993978.05,19.04,Salary Revision
5284,1554,2024-11-21,1167577,1368166.73,17.18,Market Adjustment
5285,81,2024-09-28,1695004,1759075.15,3.78,Performance Bonus
5286,2738,2025-12-05,1067750,1176446.95,10.18,Annual Increment
5287,303,2025-05-31,277350,328326.93,18.38,Performance Bonus
5288,1520,2024-01-19,877238,1032947.74,17.75,Annual Increment
5289,2884,2025-04-05,721430,864128.85,19.78,Annual Increment
5290,1831,2024-01-26,1385930,1503872.64,8.51,Performance Bonus
5291,2516,2025-08-11,1490426,1603251.25,7.57,Salary Revision
5292,1923,2025-05-30,337991,378178.13,11.89,Annual Increment
5293,1505,2024-07-23,1427965,1655297.03,15.92,Performance Bonus
5294,1720,2024-06-28,1399731,1489873.68,6.44,Salary Revision
5295,577,2024-05-29,1042557,1168497.89,12.08,Salary Revision
5296,2313,2024-05-25,1554072,1707769.72,9.89,Performance Bonus
5297,2486,2024-01-10,1212830,1411006.42,16.34,Salary Revision
5298,959,2025-01-23,1382327,1525674.31,10.37,Salary Revision
5299,2131,2025-08-05,1582276,1781959.23,12.62,Performance Bonus
5300,2168,2024-11-03,1680526,1919664.85,14.23,Performance Bonus
5301,2517,2025-12-28,402353,439329.24,9.19,Market Adjustment
5302,2423,2025-01-29,1149162,1218916.13,6.07,Performance Bonus
5303,318,2025-01-19,1444012,1598954.49,10.73,Performance Bonus
5304,96,2024-07-26,1703773,1927137.64,13.11,Promotion
5305,92,2024-09-24,432400,455144.24,5.26,Market Adjustment
5306,1862,2024-01-24,1573428,1760193.9,11.87,Salary Revision
5307,766,2025-05-26,1047212,1081246.39,3.25,Annual Increment
5308,2267,2024-04-04,262256,304059.61,15.94,Salary Revision
5309,1510,2024-07-07,541923,644834.18,18.99,Performance Bonus
5310,1480,2024-11-22,953834,1065241.81,11.68,Annual Increment
5311,1887,2025-05-13,1270595,1407438.08,10.77,Annual Increment
5312,2749,2025-06-26,539343,600288.76,11.3,Performance Bonus
5313,2467,2024-04-09,637717,741856.19,16.33,Annual Increment
5314,2220,2024-03-31,1661329,1936278.95,16.55,Salary Revision
5315,593,2025-11-24,837896,876104.06,4.56,Salary Revision
5316,1650,2024-04-12,538926,595028.2,10.41,Promotion
5317,667,2024-09-23,545516,617796.87,13.25,Performance Bonus
5318,1370,2024-07-05,1324217,1496232.79,12.99,Performance Bonus
5319,219,2025-04-13,1732965,2044725.4,17.99,Market Adjustment
5320,2954,2024-10-17,1783880,1948532.12,9.23,Promotion
5321,432,2024-12-13,1410882,1536309.41,8.89,Market Adjustment
5322,1528,2024-04-01,1269439,1487401.68,17.17,Annual Increment
5323,1307,2024-03-18,1162507,1351414.39,16.25,Promotion
5324,12,2025-05-10,1462107,1541206.99,5.41,Market Adjustment
5325,2036,2025-04-05,250127,287846.15,15.08,Annual Increment
5326,204,2024-05-30,382895,435543.06,13.75,Promotion
5327,2885,2025-09-26,967584,1064052.12,9.97,Annual Increment
5328,1882,2024-10-06,610032,650233.11,6.59,Promotion
5329,1141,2025-06-22,1235667,1481070.47,19.86,Salary Revision
5330,668,2024-11-08,1424384,1615109.02,13.39,Market Adjustment
5331,21,2025-11-06,372496,389295.57,4.51,Salary Revision
5332,2671,2025-11-25,1333619,1415103.12,6.11,Market Adjustment
5333,2938,2024-02-10,1199221,1284245.77,7.09,Promotion
5334,1720,2025-01-04,402018,440692.13,9.62,Salary Revision
5335,1529,2025-09-21,263100,292514.58,11.18,Annual Increment
5336,1440,2025-10-19,1429560,1628411.8,13.91,Annual Increment
5337,375,2025-02-24,493623,556609.29,12.76,Annual Increment
5338,2501,2024-02-23,623293,731434.34,17.35,Annual Increment
5339,2691,2025-04-21,430719,466684.04,8.35,Performance Bonus
5340,332,2025-06-20,341476,394916.99,15.65,Promotion
5341,1805,2025-03-01,361652,422952.01,16.95,Promotion
5342,818,2024-12-30,341960,354133.78,3.56,Annual Increment
5343,1763,2024-05-24,1494971,1619651.58,8.34,Annual Increment
5344,19,2024-04-25,1264742,1357827.01,7.36,Annual Increment
5345,2066,2024-11-29,1453770,1691461.4,16.35,Salary Revision
5346,2914,2024-12-08,936248,1075655.33,14.89,Promotion
5347,2646,2024-07-29,545382,635697.26,16.56,Salary Revision
5348,1919,2025-07-11,1116552,1262597.0,13.08,Salary Revision
5349,874,2024-12-21,1114288,1213013.92,8.86,Salary Revision
5350,1054,2024-02-23,835165,996017.78,19.26,Annual Increment
5351,1694,2024-02-13,1786588,1866984.46,4.5,Salary Revision
5352,2954,2025-02-21,1329342,1578460.69,18.74,Performance Bonus
5353,829,2025-06-16,901909,1053339.52,16.79,Annual Increment
5354,874,2024-12-08,1771175,2057219.76,16.15,Annual Increment
5355,1057,2025-03-17,946862,982558.7,3.77,Market Adjustment
5356,2300,2025-11-21,1642483,1862247.23,13.38,Promotion
5357,2805,2024-11-15,634147,660590.93,4.17,Market Adjustment
5358,874,2025-05-18,1777506,1939614.55,9.12,Market Adjustment
5359,2147,2025-11-28,757419,823617.42,8.74,Promotion
5360,1724,2024-11-15,1361364,1416226.97,4.03,Market Adjustment
5361,2236,2024-04-23,1163145,1205716.11,3.66,Performance Bonus
5362,1835,2024-09-16,656336,741659.68,13.0,Promotion
5363,2940,2025-01-31,777163,918218.08,18.15,Salary Revision
5364,2062,2025-03-10,659431,740541.01,12.3,Promotion
5365,1303,2024-07-26,727839,796983.7,9.5,Market Adjustment
5366,1663,2024-05-03,539196,604870.07,12.18,Market Adjustment
5367,1369,2024-11-24,361302,399491.62,10.57,Performance Bonus
5368,1134,2025-08-25,1727837,1794358.72,3.85,Market Adjustment
5369,1840,2024-08-01,1549971,1684818.48,8.7,Annual Increment
5370,1492,2024-10-13,1082707,1144529.57,5.71,Salary Revision
5371,749,2025-02-11,1779214,2082036.22,17.02,Salary Revision
5372,140,2025-09-27,1384228,1646262.36,18.93,Market Adjustment
5373,439,2025-05-27,339139,377766.93,11.39,Market Adjustment
5374,2993,2024-09-21,307789,351864.38,14.32,Salary Revision
5375,417,2024-09-11,739833,774605.15,4.7,Annual Increment
5376,411,2025-09-12,1220351,1418536.0,16.24,Performance Bonus
5377,389,2025-03-22,1510445,1809059.98,19.77,Annual Increment
5378,583,2024-06-18,938985,1095701.6,16.69,Performance Bonus
5379,2794,2025-05-23,1065928,1107712.38,3.92,Promotion
5380,689,2024-10-15,1579271,1632966.21,3.4,Salary Revision
5381,1520,2025-03-20,740330,802221.59,8.36,Market Adjustment
5382,2862,2025-09-21,424394,486355.52,14.6,Annual Increment
5383,339,2025-10-13,1648509,1735879.98,5.3,Performance Bonus
5384,1286,2024-02-10,1436757,1567070.86,9.07,Annual Increment
5385,44,2025-05-13,581158,683558.04,17.62,Annual Increment
5386,324,2024-03-29,920055,965045.69,4.89,Promotion
5387,2947,2025-11-09,633973,750687.43,18.41,Market Adjustment
5388,2682,2025-11-21,1689454,1937296.9,14.67,Market Adjustment
5389,1803,2025-11-11,1578999,1865429.42,18.14,Market Adjustment
5390,132,2024-07-04,1168681,1259838.12,7.8,Performance Bonus
5391,410,2025-11-17,1178917,1355400.87,14.97,Promotion
5392,1900,2025-05-12,1497722,1682840.44,12.36,Market Adjustment
5393,2902,2025-09-24,1487083,1702115.2,14.46,Annual Increment
5394,945,2024-07-23,1647598,1907424.2,15.77,Annual Increment
5395,198,2025-12-28,270390,323656.83,19.7,Market Adjustment
5396,2776,2024-06-20,1554513,1658354.47,6.68,Market Adjustment
5397,2955,2025-06-09,275595,293398.44,6.46,Salary Revision
5398,486,2024-06-04,256300,276086.36,7.72,Promotion
5399,129,2025-09-14,699866,771812.22,10.28,Salary Revision
5400,2506,2024-08-28,1715342,2050348.29,19.53,Market Adjustment
5401,264,2024-04-28,401013,450056.89,12.23,Salary Revision
5402,385,2025-05-25,714270,855981.17,19.84,Market Adjustment
5403,2521,2025-07-28,1543102,1823329.32,18.16,Salary Revision
5404,1472,2025-08-03,975841,1131194.89,15.92,Promotion
5405,1532,2025-10-25,1688698,1902149.43,12.64,Promotion
5406,188,2025-11-03,1007797,1104444.73,9.59,Annual Increment
5407,243,2024-06-10,1104709,1318801.6,19.38,Salary Revision
5408,2366,2024-05-15,277364,316056.28,13.95,Performance Bonus
5409,2340,2025-05-19,1148573,1367146.44,19.03,Salary Revision
5410,241,2025-11-11,404534,454251.23,12.29,Performance Bonus
5411,1956,2025-06-08,801064,831103.9,3.75,Promotion
5412,1962,2025-10-01,1300576,1398639.43,7.54,Promotion
5413,2936,2025-01-30,706768,807553.12,14.26,Salary Revision
5414,1184,2024-03-24,893315,1008373.97,12.88,Market Adjustment
5415,922,2025-10-31,293015,301951.96,3.05,Performance Bonus
5416,1878,2025-09-24,1040577,1206028.74,15.9,Promotion
5417,1369,2024-05-31,938058,967513.02,3.14,Promotion
5418,2593,2025-03-07,979680,1147009.34,17.08,Annual Increment
5419,2021,2024-06-22,695679,833075.6,19.75,Market Adjustment
5420,1045,2024-05-26,522646,618185.69,18.28,Promotion
5421,1171,2024-06-10,471811,522813.77,10.81,Market Adjustment
5422,753,2024-11-25,1470779,1530198.47,4.04,Promotion
5423,2710,2024-05-28,1451001,1667780.55,14.94,Promotion
5424,897,2024-08-27,714146,772920.22,8.23,Annual Increment
5425,286,2024-07-08,281946,325732.21,15.53,Annual Increment
5426,2341,2024-07-05,333537,379998.7,13.93,Performance Bonus
5427,2773,2024-03-26,347297,378727.38,9.05,Annual Increment
5428,2610,2024-08-29,1384588,1556969.21,12.45,Performance Bonus
5429,2091,2024-09-28,781160,836856.71,7.13,Promotion
5430,478,2024-07-03,435359,476848.71,9.53,Performance Bonus
5431,901,2025-02-27,535382,607551.49,13.48,Annual Increment
5432,1154,2025-01-25,1672578,1817925.03,8.69,Performance Bonus
5433,1369,2024-12-28,1429800,1607953.08,12.46,Salary Revision
5434,1848,2025-05-07,927962,1091004.92,17.57,Promotion
5435,360,2024-04-22,608596,688261.22,13.09,Salary Revision
5436,1735,2025-11-22,903650,956513.53,5.85,Annual Increment
5437,946,2025-12-10,753881,830173.76,10.12,Promotion
5438,35,2025-04-25,1705874,1797991.2,5.4,Market Adjustment
5439,1449,2024-05-14,1341904,1424699.48,6.17,Market Adjustment
5440,1893,2025-05-08,1221751,1443254.46,18.13,Salary Revision
5441,517,2025-05-19,252301,298774.84,18.42,Annual Increment
5442,373,2024-01-02,971949,1140193.37,17.31,Promotion
5443,2924,2024-08-10,1404966,1448519.95,3.1,Promotion
5444,1768,2024-06-20,1718895,2050297.96,19.28,Annual Increment
5445,2651,2024-11-18,1525056,1758847.08,15.33,Promotion
5446,277,2025-09-12,989396,1171642.74,18.42,Salary Revision
5447,510,2024-05-04,1345245,1516629.21,12.74,Performance Bonus
5448,2961,2024-12-19,258967,296957.46,14.67,Salary Revision
5449,387,2025-06-07,1159607,1215384.1,4.81,Annual Increment
5450,2061,2025-06-05,1165470,1242274.47,6.59,Market Adjustment
5451,1362,2025-01-01,1403932,1577458.0,12.36,Salary Revision
5452,1282,2024-06-04,1443227,1670390.93,15.74,Performance Bonus
5453,686,2025-03-23,1726348,1980811.7,14.74,Performance Bonus
5454,2278,2025-03-30,1333732,1383880.32,3.76,Annual Increment
5455,1392,2024-01-16,745626,828688.74,11.14,Salary Revision
5456,885,2024-05-27,390863,438978.24,12.31,Performance Bonus
5457,2494,2025-06-27,574163,640995.57,11.64,Salary Revision
5458,1965,2024-01-25,611503,713379.4,16.66,Market Adjustment
5459,1359,2024-09-14,902196,1062155.35,17.73,Annual Increment
5460,2105,2024-08-15,539621,571242.79,5.86,Performance Bonus
5461,666,2025-01-16,252556,262456.2,3.92,Salary Revision
5462,876,2024-11-24,1539836,1663176.86,8.01,Promotion
5463,2562,2025-09-23,729489,768151.92,5.3,Promotion
5464,243,2024-10-02,778402,813507.93,4.51,Market Adjustment
5465,1996,2024-03-27,834604,952533.55,14.13,Promotion
5466,2150,2025-08-25,480070,499848.88,4.12,Market Adjustment
5467,2365,2025-05-02,1513415,1741637.98,15.08,Annual Increment
5468,2758,2024-12-04,515358,595290.03,15.51,Annual Increment
5469,523,2025-04-05,325740,370626.97,13.78,Annual Increment
5470,1135,2025-10-29,1748193,2007450.02,14.83,Promotion
5471,538,2025-11-29,523855,603428.57,15.19,Performance Bonus
5472,1472,2025-12-23,516741,593322.02,14.82,Annual Increment
5473,999,2025-07-28,1032092,1188969.98,15.2,Annual Increment
5474,536,2024-11-12,1305576,1365501.94,4.59,Market Adjustment
5475,193,2024-02-18,1103872,1184565.04,7.31,Promotion
5476,12,2024-08-18,1680639,2012229.07,19.73,Annual Increment
5477,1411,2025-10-01,1749982,2038379.03,16.48,Promotion
5478,1803,2024-05-30,1208226,1338835.23,10.81,Performance Bonus
5479,2395,2025-11-29,451229,511648.56,13.39,Promotion
5480,541,2024-11-25,398976,457306.29,14.62,Promotion
5481,2451,2024-08-03,438028,482137.42,10.07,Annual Increment
5482,1924,2025-08-08,876079,958693.25,9.43,Salary Revision
5483,168,2025-10-26,583701,658940.06,12.89,Salary Revision
5484,894,2025-09-21,500256,595554.77,19.05,Annual Increment
5485,1080,2024-08-11,769970,903328.8,17.32,Salary Revision
5486,1131,2024-03-18,390259,443100.07,13.54,Performance Bonus
5487,665,2024-02-14,566325,637965.11,12.65,Promotion
5488,486,2024-03-14,1130383,1257890.2,11.28,Salary Revision
5489,229,2025-04-17,1019429,1120352.47,9.9,Market Adjustment
5490,1711,2025-09-29,1074718,1191109.96,10.83,Annual Increment
5491,1570,2024-05-17,740456,850857.99,14.91,Promotion
5492,345,2025-05-01,1446064,1615398.09,11.71,Performance Bonus
5493,1483,2025-02-28,1008478,1049119.66,4.03,Salary Revision
5494,1176,2024-09-10,784219,847819.16,8.11,Annual Increment
5495,1807,2024-03-12,1154890,1266452.37,9.66,Promotion
5496,2806,2024-10-26,892084,1010552.76,13.28,Promotion
5497,2938,2024-06-19,721271,812511.78,12.65,Market Adjustment
5498,35,2024-03-17,883970,1007725.8,14.0,Performance Bonus
5499,686,2025-07-19,1201300,1276140.99,6.23,Promotion
5500,1579,2024-09-27,532464,587733.76,10.38,Annual Increment
5501,363,2025-04-12,869745,1039084.35,19.47,Market Adjustment
5502,887,2024-03-24,1111794,1270891.72,14.31,Market Adjustment
5503,2682,2024-12-29,1413510,1622992.18,14.82,Market Adjustment
5504,2759,2025-09-02,567310,594087.03,4.72,Salary Revision
5505,2103,2025-08-13,1584275,1870553.49,18.07,Annual Increment
5506,2187,2025-01-08,1791306,1995156.62,11.38,Salary Revision
5507,2815,2024-11-09,1545409,1617579.6,4.67,Salary Revision
5508,1670,2024-02-09,559369,636953.48,13.87,Market Adjustment
5509,2914,2025-10-12,427493,488154.26,14.19,Salary Revision
5510,2797,2025-03-08,1047476,1125827.2,7.48,Promotion
5511,2293,2024-09-14,960589,1120815.25,16.68,Promotion
5512,2950,2025-12-13,840837,1001436.87,19.1,Promotion
5513,1498,2025-05-16,1648193,1713791.08,3.98,Salary Revision
5514,967,2025-05-22,721676,773420.17,7.17,Promotion
5515,143,2025-03-15,1696037,1816455.63,7.1,Annual Increment
5516,2894,2025-06-28,1017231,1194432.64,17.42,Salary Revision
5517,2046,2024-06-12,1100747,1139053.0,3.48,Market Adjustment
5518,1515,2024-10-30,1229169,1428663.13,16.23,Performance Bonus
5519,2826,2024-07-08,1432197,1639579.13,14.48,Performance Bonus
5520,1356,2025-12-17,1201124,1319074.38,9.82,Market Adjustment
5521,2957,2024-02-15,1583217,1720956.88,8.7,Promotion
5522,1477,2025-02-22,753167,831647.0,10.42,Salary Revision
5523,1935,2024-04-12,818023,897207.63,9.68,Salary Revision
5524,2060,2025-12-19,1051757,1255377.16,19.36,Annual Increment
5525,1765,2024-02-23,687511,814013.02,18.4,Promotion
5526,324,2025-03-20,621370,676299.11,8.84,Market Adjustment
5527,91,2024-03-19,1372996,1577023.21,14.86,Annual Increment
5528,2346,2025-04-07,946339,1123588.29,18.73,Salary Revision
5529,1255,2024-04-24,1315448,1374511.62,4.49,Market Adjustment
5530,760,2025-12-06,1086975,1229694.82,13.13,Market Adjustment
5531,1521,2025-07-21,1457365,1595523.2,9.48,Market Adjustment
5532,1830,2024-04-25,631102,662152.22,4.92,Promotion
5533,56,2024-01-16,1200429,1413985.32,17.79,Market Adjustment
5534,560,2025-01-09,752472,822150.91,9.26,Salary Revision
5535,487,2025-01-28,807202,856360.6,6.09,Annual Increment
5536,1172,2024-06-13,360392,432326.24,19.96,Market Adjustment
5537,2666,2025-08-26,1391819,1571642.01,12.92,Promotion
5538,645,2025-09-13,1121274,1310545.05,16.88,Market Adjustment
5539,1298,2024-05-16,897907,957438.23,6.63,Annual Increment
5540,1855,2024-05-31,1438186,1582292.24,10.02,Performance Bonus
5541,926,2025-10-09,468627,559259.46,19.34,Annual Increment
5542,123,2025-04-03,1370210,1561765.36,13.98,Annual Increment
5543,2031,2025-11-17,1363231,1594571.3,16.97,Promotion
5544,582,2025-08-04,502176,524020.66,4.35,Salary Revision
5545,1830,2025-01-26,443730,526130.66,18.57,Salary Revision
5546,1151,2024-04-22,917598,969534.05,5.66,Market Adjustment
5547,2695,2025-03-31,835860,966003.4,15.57,Promotion
5548,1774,2024-06-24,1310080,1527029.25,16.56,Market Adjustment
5549,1094,2025-09-07,1676642,1912377.87,14.06,Performance Bonus
5550,200,2024-01-28,485779,541400.7,11.45,Promotion
5551,2655,2024-11-09,1669154,1726405.98,3.43,Salary Revision
5552,1684,2024-08-21,966045,1138773.85,17.88,Promotion
5553,912,2025-10-08,1182623,1311174.12,10.87,Promotion
5554,2365,2024-05-05,1151722,1264705.93,9.81,Market Adjustment
5555,1666,2024-04-29,644894,685586.81,6.31,Annual Increment
5556,457,2024-05-13,834386,988663.97,18.49,Annual Increment
5557,2578,2025-06-19,1718564,1874437.75,9.07,Promotion
5558,1800,2024-02-17,1376191,1432201.97,4.07,Market Adjustment
5559,1334,2025-04-20,1611213,1801819.5,11.83,Annual Increment
5560,149,2024-11-26,303094,359621.03,18.65,Performance Bonus
5561,2796,2024-09-23,623673,719718.64,15.4,Annual Increment
5562,1267,2024-07-05,640717,694793.51,8.44,Promotion
5563,492,2025-09-10,1142175,1181580.04,3.45,Market Adjustment
5564,929,2024-04-05,1453061,1667678.11,14.77,Annual Increment
5565,892,2024-04-14,1084658,1214708.49,11.99,Annual Increment
5566,2025,2025-05-12,594936,704642.2,18.44,Promotion
5567,499,2024-01-26,665478,728232.58,9.43,Market Adjustment
5568,1438,2025-11-10,1737273,1834907.74,5.62,Performance Bonus
5569,721,2024-06-13,1761723,1822678.62,3.46,Promotion
5570,2358,2024-08-27,1773065,2016506.82,13.73,Performance Bonus
5571,1009,2024-10-25,971356,1021575.11,5.17,Market Adjustment
5572,2521,2024-05-16,988719,1157394.46,17.06,Promotion
5573,962,2024-12-24,561130,594068.33,5.87,Performance Bonus
5574,930,2024-06-24,1716560,1947780.63,13.47,Salary Revision
5575,2472,2025-06-30,1524908,1615792.52,5.96,Market Adjustment
5576,1490,2025-04-19,1243381,1426779.7,14.75,Promotion
5577,1451,2025-12-14,722911,760502.37,5.2,Performance Bonus
5578,1749,2024-06-27,432677,482954.07,11.62,Annual Increment
5579,1924,2024-08-23,1082770,1132144.31,4.56,Annual Increment
5580,2258,2024-03-20,1212833,1258556.8,3.77,Promotion
5581,1594,2024-11-03,1523252,1697816.68,11.46,Annual Increment
5582,2072,2025-01-19,582178,681788.66,17.11,Promotion
5583,1562,2025-03-03,330896,346381.93,4.68,Performance Bonus
5584,511,2025-08-22,577094,633302.96,9.74,Market Adjustment
5585,2642,2024-02-18,1411029,1506696.77,6.78,Salary Revision
5586,2777,2024-06-22,1424867,1620786.21,13.75,Promotion
5587,2893,2024-02-16,437989,522871.27,19.38,Performance Bonus
5588,2729,2025-05-11,1571765,1735071.38,10.39,Market Adjustment
5589,2188,2025-06-20,791632,920272.2,16.25,Performance Bonus
5590,821,2024-07-15,930131,1027980.78,10.52,Market Adjustment
5591,537,2025-05-28,554398,590821.95,6.57,Promotion
5592,2830,2024-09-09,570374,601231.23,5.41,Promotion
5593,2917,2025-10-01,1316104,1359403.82,3.29,Annual Increment
5594,2489,2024-07-20,862445,925489.73,7.31,Promotion
5595,1418,2025-05-10,1424852,1707542.64,19.84,Salary Revision
5596,632,2024-05-10,1754402,2050369.62,16.87,Promotion
5597,732,2024-03-30,1789839,2135098.94,19.29,Performance Bonus
5598,235,2025-05-10,1040682,1104267.67,6.11,Salary Revision
5599,1383,2025-02-03,692632,757185.3,9.32,Annual Increment
5600,1596,2024-02-26,758020,888096.23,17.16,Performance Bonus
5601,1003,2025-07-11,389815,458188.55,17.54,Annual Increment
5602,2178,2025-07-15,366228,394134.57,7.62,Performance Bonus
5603,1130,2025-01-10,469239,549338.1,17.07,Annual Increment
5604,1989,2025-12-22,1652999,1791189.72,8.36,Salary Revision
5605,1249,2024-06-04,505904,577236.46,14.1,Market Adjustment
5606,609,2024-11-07,278420,328814.02,18.1,Annual Increment
5607,901,2025-07-02,1058172,1121344.87,5.97,Annual Increment
5608,2084,2024-11-08,851513,973194.21,14.29,Promotion
5609,2339,2024-10-05,1760148,1954644.35,11.05,Market Adjustment
5610,1582,2024-07-30,382660,414573.84,8.34,Market Adjustment
5611,1951,2025-07-02,344440,375956.26,9.15,Market Adjustment
5612,2330,2025-11-23,402507,469282.91,16.59,Annual Increment
5613,1509,2025-01-26,431357,475700.5,10.28,Market Adjustment
5614,295,2025-08-15,412514,464614.52,12.63,Market Adjustment
5615,1352,2024-05-25,1148137,1235625.04,7.62,Salary Revision
5616,2747,2024-01-28,441520,498034.56,12.8,Performance Bonus
5617,2427,2024-10-17,693589,784102.36,13.05,Performance Bonus
5618,2242,2024-02-07,1291552,1408824.92,9.08,Promotion
5619,247,2025-12-29,1250677,1459039.79,16.66,Promotion
5620,75,2025-02-19,781881,827777.41,5.87,Promotion
5621,2731,2024-04-24,281266,293107.3,4.21,Performance Bonus
5622,394,2024-09-30,535118,617472.66,15.39,Annual Increment
5623,614,2025-10-24,894834,932864.44,4.25,Promotion
5624,2342,2024-01-29,760972,881053.38,15.78,Performance Bonus
5625,2541,2025-12-19,1096271,1215435.66,10.87,Salary Revision
5626,2652,2024-02-07,1201904,1320892.5,9.9,Salary Revision
5627,2144,2024-09-04,1245238,1328295.37,6.67,Promotion
5628,1747,2025-03-25,1278756,1511233.84,18.18,Promotion
5629,328,2024-12-20,1512364,1811055.89,19.75,Promotion
5630,541,2024-03-30,1168236,1332723.63,14.08,Annual Increment
5631,1886,2024-06-20,961183,1103630.32,14.82,Salary Revision
5632,2191,2025-08-04,1553668,1725814.41,11.08,Salary Revision
5633,1722,2024-05-23,989071,1058602.69,7.03,Promotion
5634,2585,2025-05-02,1686418,1900930.37,12.72,Market Adjustment
5635,832,2024-11-04,491776,556887.14,13.24,Performance Bonus
5636,1347,2025-04-11,897530,953176.86,6.2,Salary Revision
5637,2753,2024-07-05,1770605,2060275.98,16.36,Market Adjustment
5638,745,2025-12-25,739003,776839.95,5.12,Annual Increment
5639,650,2025-06-29,503863,569163.64,12.96,Market Adjustment
5640,97,2025-08-28,982127,1092812.71,11.27,Performance Bonus
5641,1116,2024-05-04,843050,949021.38,12.57,Performance Bonus
5642,1164,2025-07-16,1256502,1295704.86,3.12,Annual Increment
5643,5,2024-10-10,544189,599424.18,10.15,Salary Revision
5644,1902,2025-01-04,1079723,1168260.29,8.2,Salary Revision
5645,2726,2024-09-04,1162803,1295827.66,11.44,Market Adjustment
5646,2345,2025-10-06,1189159,1344701.0,13.08,Market Adjustment
5647,365,2025-05-09,1130362,1321167.11,16.88,Performance Bonus
5648,1424,2024-07-09,1144708,1313437.96,14.74,Annual Increment
5649,1053,2024-01-31,943372,976956.04,3.56,Performance Bonus
5650,1001,2024-09-13,990301,1072991.13,8.35,Promotion
5651,1927,2025-10-29,667710,692014.64,3.64,Performance Bonus
5652,1116,2024-01-18,1434987,1582073.17,10.25,Promotion
5653,1903,2025-08-12,1175639,1226661.73,4.34,Salary Revision
5654,2663,2025-02-11,1000976,1054428.12,5.34,Performance Bonus
5655,913,2024-06-20,923387,983407.15,6.5,Market Adjustment
5656,2432,2024-09-06,1227171,1413946.43,15.22,Promotion
5657,1508,2025-08-28,983509,1031405.89,4.87,Salary Revision
5658,660,2024-06-29,1220294,1342689.49,10.03,Promotion
5659,1748,2024-11-19,878536,939945.67,6.99,Annual Increment
5660,1287,2025-04-09,1537822,1659771.28,7.93,Salary Revision
5661,2543,2024-11-01,1423547,1669678.28,17.29,Market Adjustment
5662,2506,2024-07-06,1075168,1171180.5,8.93,Market Adjustment
5663,1696,2024-10-10,1628791,1798022.38,10.39,Market Adjustment
5664,1354,2024-08-19,798877,941636.32,17.87,Market Adjustment
5665,907,2024-12-28,894646,1029290.22,15.05,Annual Increment
5666,1251,2025-10-25,1533429,1611020.51,5.06,Salary Revision
5667,2472,2025-04-23,1485407,1591762.14,7.16,Salary Revision
5668,994,2025-11-17,1729933,2059658.23,19.06,Market Adjustment
5669,1130,2025-06-03,1462823,1618906.21,10.67,Promotion
5670,2355,2025-01-11,815474,961525.39,17.91,Market Adjustment
5671,71,2025-04-10,1352733,1567817.55,15.9,Salary Revision
5672,702,2025-09-26,556402,594348.62,6.82,Salary Revision
5673,1345,2025-01-18,1299633,1431415.79,10.14,Salary Revision
5674,2962,2024-11-08,1250400,1441711.2,15.3,Promotion
5675,2358,2025-10-06,1653011,1932369.86,16.9,Salary Revision
5676,2387,2025-03-22,815410,853734.27,4.7,Promotion
5677,425,2024-06-20,266727,319965.71,19.96,Salary Revision
5678,1825,2024-11-24,520718,541755.01,4.04,Promotion
5679,472,2025-12-18,1253984,1453994.45,15.95,Performance Bonus
5680,1339,2024-01-30,881994,1043310.7,18.29,Salary Revision
5681,1425,2025-02-04,654155,705702.41,7.88,Performance Bonus
5682,1518,2025-04-01,956065,1061518.97,11.03,Salary Revision
5683,541,2024-12-25,513530,532171.14,3.63,Annual Increment
5684,176,2024-05-22,882860,951105.08,7.73,Performance Bonus
5685,1247,2025-09-06,1050066,1247373.4,18.79,Promotion
5686,2964,2024-05-03,1531230,1635353.64,6.8,Annual Increment
5687,113,2025-10-17,546610,646366.33,18.25,Market Adjustment
5688,437,2024-03-01,535968,623009.2,16.24,Promotion
5689,1891,2025-11-19,949019,1115951.44,17.59,Market Adjustment
5690,2166,2025-10-18,1732641,1959790.24,13.11,Promotion
5691,1355,2025-04-12,1471277,1599866.61,8.74,Performance Bonus
5692,10,2025-12-14,1414710,1683221.96,18.98,Annual Increment
5693,2350,2024-02-29,1528180,1630720.88,6.71,Annual Increment
5694,1070,2024-12-29,1730204,1888171.63,9.13,Market Adjustment
5695,775,2025-10-14,793948,911690.49,14.83,Performance Bonus
5696,1589,2024-10-25,714073,745777.84,4.44,Promotion
5697,2221,2025-03-21,1404964,1535766.15,9.31,Promotion
5698,1215,2024-09-09,634968,674590.0,6.24,Performance Bonus
5699,646,2024-07-24,1656661,1914934.45,15.59,Annual Increment
5700,1019,2025-01-11,658740,713217.8,8.27,Market Adjustment
5701,751,2024-05-15,806003,885877.9,9.91,Annual Increment
5702,77,2025-09-21,881783,942978.74,6.94,Performance Bonus
5703,2926,2025-05-27,1465185,1612729.13,10.07,Performance Bonus
5704,2213,2025-07-18,308763,319754.96,3.56,Market Adjustment
5705,2912,2024-03-30,1734461,2051000.13,18.25,Salary Revision
5706,1150,2024-01-18,1049914,1215905.4,15.81,Annual Increment
5707,627,2025-02-04,1621156,1694432.25,4.52,Performance Bonus
5708,1795,2024-04-26,849882,884642.17,4.09,Market Adjustment
5709,772,2024-12-22,328726,355484.3,8.14,Market Adjustment
5710,240,2024-05-03,575406,614993.93,6.88,Market Adjustment
5711,193,2025-09-11,592610,626685.08,5.75,Salary Revision
5712,2497,2025-06-25,837896,923193.81,10.18,Market Adjustment
5713,743,2025-04-24,1190479,1378336.59,15.78,Promotion
5714,815,2024-05-26,671615,707009.11,5.27,Promotion
5715,2555,2024-03-29,740257,763649.12,3.16,Annual Increment
5716,551,2024-06-26,942456,1035005.18,9.82,Annual Increment
5717,883,2025-08-02,678681,800300.64,17.92,Promotion
5718,90,2025-05-22,710240,755340.24,6.35,Performance Bonus
5719,1919,2025-11-19,1174787,1223540.66,4.15,Annual Increment
5720,2746,2025-05-04,1147111,1334319.52,16.32,Market Adjustment
5721,44,2024-06-09,1167587,1372498.52,17.55,Promotion
5722,1960,2024-05-10,1528575,1732945.48,13.37,Market Adjustment
5723,1021,2024-08-21,368836,390781.74,5.95,Market Adjustment
5724,863,2024-12-26,367545,383459.7,4.33,Promotion
5725,946,2025-04-07,1790811,2021646.54,12.89,Market Adjustment
5726,1998,2024-07-26,607831,650318.39,6.99,Promotion
5727,1110,2025-10-28,1753110,2079188.46,18.6,Promotion
5728,192,2024-01-03,516455,579359.22,12.18,Performance Bonus
5729,279,2025-11-28,1469551,1715847.75,16.76,Annual Increment
5730,373,2024-07-15,1202566,1385356.03,15.2,Promotion
5731,2712,2025-04-27,527668,569775.91,7.98,Market Adjustment
5732,240,2025-05-15,1171376,1368635.72,16.84,Performance Bonus
5733,1061,2025-03-28,1635281,1929795.11,18.01,Performance Bonus
5734,2989,2025-07-09,463050,542416.77,17.14,Performance Bonus
5735,2631,2025-03-25,1583919,1817547.05,14.75,Market Adjustment
5736,1067,2024-05-05,1118053,1171719.54,4.8,Salary Revision
5737,750,2024-10-16,803039,833956.0,3.85,Market Adjustment
5738,2621,2025-06-06,1385867,1481076.06,6.87,Performance Bonus
5739,632,2025-05-21,1671110,1854597.88,10.98,Promotion
5740,1391,2024-04-11,1310716,1544416.66,17.83,Annual Increment
5741,737,2024-05-09,576215,624501.82,8.38,Annual Increment
5742,2396,2025-02-19,1693034,1842698.21,8.84,Performance Bonus
5743,2187,2025-06-06,840867,967922.0,15.11,Salary Revision
5744,2969,2025-04-15,559189,665994.1,19.1,Performance Bonus
5745,1021,2025-10-02,1565335,1662229.24,6.19,Salary Revision
5746,313,2024-07-22,640713,670826.51,4.7,Annual Increment
5747,353,2025-03-16,348872,366420.26,5.03,Performance Bonus
5748,2104,2025-12-09,338004,361698.08,7.01,Market Adjustment
5749,2820,2024-12-08,1409303,1551219.81,10.07,Salary Revision
5750,205,2025-10-17,1654273,1961636.92,18.58,Annual Increment
5751,1862,2025-08-25,353774,416285.87,17.67,Performance Bonus
5752,1194,2024-06-01,1704555,1766089.44,3.61,Promotion
5753,2451,2024-08-07,566776,617729.16,8.99,Salary Revision
5754,2538,2025-03-08,1544468,1656905.27,7.28,Market Adjustment
5755,730,2025-04-27,1504469,1630994.84,8.41,Annual Increment
5756,2024,2024-05-24,463959,491518.16,5.94,Promotion
5757,2017,2024-07-27,1063297,1230447.29,15.72,Promotion
5758,903,2025-01-04,1419280,1571426.82,10.72,Promotion
5759,88,2024-05-07,1006477,1183315.01,17.57,Promotion
5760,592,2024-05-30,486950,532674.61,9.39,Performance Bonus
5761,2782,2024-03-04,922142,1057235.8,14.65,Market Adjustment
5762,2422,2025-05-10,1604862,1757323.89,9.5,Promotion
5763,800,2025-10-10,1793379,1847718.38,3.03,Salary Revision
5764,801,2025-10-20,674372,806481.47,19.59,Market Adjustment
5765,1238,2025-11-15,1178657,1389754.47,17.91,Annual Increment
5766,1249,2024-12-04,1303196,1528518.59,17.29,Performance Bonus
5767,2084,2024-02-23,1506656,1700411.96,12.86,Market Adjustment
5768,49,2025-05-21,818248,907437.03,10.9,Promotion
5769,43,2025-11-25,1034735,1173803.38,13.44,Performance Bonus
5770,2079,2024-12-24,1685195,1835851.43,8.94,Salary Revision
5771,1283,2025-10-16,647340,753503.76,16.4,Performance Bonus
5772,2036,2025-06-23,789762,897248.61,13.61,Promotion
5773,1628,2025-10-11,1145774,1303776.23,13.79,Promotion
5774,656,2024-10-25,1503536,1738087.62,15.6,Performance Bonus
5775,956,2024-10-29,812052,861911.99,6.14,Performance Bonus
5776,1943,2024-11-29,918795,1070488.05,16.51,Promotion
5777,1470,2025-02-09,1439585,1520345.72,5.61,Performance Bonus
5778,330,2024-10-12,1087534,1184759.54,8.94,Annual Increment
5779,581,2025-01-08,1517909,1597902.8,5.27,Market Adjustment
5780,2346,2024-05-21,1770703,2103063.95,18.77,Promotion
5781,2427,2024-02-11,849444,891831.26,4.99,Market Adjustment
5782,1682,2025-02-10,707947,734211.83,3.71,Salary Revision
5783,1302,2025-11-29,912290,1057161.65,15.88,Salary Revision
5784,1648,2025-11-16,737779,814581.79,10.41,Performance Bonus
5785,2738,2024-08-11,1760372,2056290.53,16.81,Performance Bonus
5786,706,2025-04-01,1555315,1793122.66,15.29,Promotion
5787,176,2024-07-06,1154846,1263517.01,9.41,Market Adjustment
5788,2717,2024-08-09,793600,901529.6,13.6,Annual Increment
5789,2648,2024-05-02,1652623,1857052.47,12.37,Annual Increment
5790,797,2024-12-02,679418,783436.9,15.31,Promotion
5791,2682,2024-04-21,1378917,1598440.59,15.92,Annual Increment
5792,179,2024-10-17,821707,926556.81,12.76,Promotion
5793,2886,2025-06-12,579324,603018.35,4.09,Annual Increment
5794,725,2025-09-25,568431,594578.83,4.6,Promotion
5795,313,2024-11-21,1030377,1192558.34,15.74,Salary Revision
5796,2715,2024-05-21,486249,559623.97,15.09,Salary Revision
5797,630,2024-08-12,1163184,1305557.72,12.24,Salary Revision
5798,2046,2024-06-01,1091929,1180047.67,8.07,Annual Increment
5799,426,2024-03-02,1472323,1544025.13,4.87,Market Adjustment
5800,1074,2025-03-15,1416586,1588417.88,12.13,Performance Bonus
5801,1267,2025-10-04,890878,1031191.29,15.75,Annual Increment
5802,175,2025-07-15,1064255,1128323.15,6.02,Salary Revision
5803,2040,2024-07-28,1177453,1340530.24,13.85,Performance Bonus
5804,1002,2025-04-23,907831,1015408.97,11.85,Performance Bonus
5805,2613,2025-10-10,1092481,1177585.27,7.79,Performance Bonus
5806,1274,2025-02-16,499040,564563.95,13.13,Promotion
5807,892,2025-07-26,871164,994782.17,14.19,Annual Increment
5808,2501,2025-01-23,545508,628152.46,15.15,Performance Bonus
5809,594,2025-12-26,625486,652256.8,4.28,Promotion
5810,71,2024-01-04,890969,1022208.73,14.73,Annual Increment
5811,1165,2025-05-04,592035,671367.69,13.4,Salary Revision
5812,889,2024-10-26,486491,524340.0,7.78,Performance Bonus
5813,2094,2024-04-02,1441920,1674501.7,16.13,Annual Increment
5814,369,2025-11-09,1237883,1456616.93,17.67,Performance Bonus
5815,629,2024-12-17,1101970,1245226.1,13.0,Salary Revision
5816,2511,2024-07-06,832347,938720.95,12.78,Salary Revision
5817,396,2024-04-29,1616688,1709485.89,5.74,Promotion
5818,455,2024-03-04,1792152,2013303.56,12.34,Annual Increment
5819,899,2024-07-15,1155950,1273625.71,10.18,Annual Increment
5820,2819,2024-08-09,602513,692950.2,15.01,Annual Increment
5821,23,2024-05-23,979463,1164777.4,18.92,Promotion
5822,2209,2025-04-18,956028,1016162.16,6.29,Performance Bonus
5823,773,2024-09-20,452084,465962.98,3.07,Annual Increment
5824,1338,2024-11-11,626355,673895.34,7.59,Salary Revision
5825,963,2024-02-10,1403084,1614528.76,15.07,Market Adjustment
5826,2266,2024-09-15,1695173,1792645.45,5.75,Performance Bonus
5827,2523,2024-09-16,608437,694956.74,14.22,Salary Revision
5828,2505,2024-09-09,380962,396238.58,4.01,Performance Bonus
5829,2188,2024-01-29,1712777,1890049.42,10.35,Performance Bonus
5830,1787,2025-06-19,761842,895773.82,17.58,Promotion
5831,2277,2025-08-08,683710,806709.43,17.99,Salary Revision
5832,2497,2024-11-08,1058167,1210966.31,14.44,Promotion
5833,879,2025-03-09,1264292,1389836.2,9.93,Annual Increment
5834,2072,2024-05-27,955109,1086818.53,13.79,Salary Revision
5835,1649,2025-05-26,621265,681900.46,9.76,Annual Increment
5836,1016,2025-04-23,1160276,1304034.2,12.39,Annual Increment
5837,4,2024-10-25,405997,431290.61,6.23,Salary Revision
5838,643,2025-03-31,671789,794726.39,18.3,Salary Revision
5839,625,2025-10-05,457931,524056.24,14.44,Salary Revision
5840,2995,2024-10-30,719354,783664.25,8.94,Promotion
5841,1889,2024-03-25,1795964,2033031.25,13.2,Annual Increment
5842,2165,2024-07-15,1250070,1356700.97,8.53,Annual Increment
5843,1664,2024-08-29,1261411,1404959.57,11.38,Annual Increment
5844,2666,2024-12-04,341118,375843.81,10.18,Market Adjustment
5845,2384,2024-05-06,600325,618995.11,3.11,Salary Revision
5846,2141,2024-08-11,460661,541553.07,17.56,Market Adjustment
5847,1014,2025-10-02,407412,462657.07,13.56,Performance Bonus
5848,2486,2024-11-18,1182382,1410108.77,19.26,Annual Increment
5849,1887,2025-03-01,1305219,1498521.93,14.81,Market Adjustment
5850,2431,2025-07-08,1128705,1273743.59,12.85,Salary Revision
5851,2635,2025-02-21,767891,861573.7,12.2,Market Adjustment
5852,1434,2024-11-20,1635674,1823122.24,11.46,Annual Increment
5853,2934,2025-09-27,1784872,1884110.88,5.56,Performance Bonus
5854,1544,2024-08-15,1023092,1174816.54,14.83,Performance Bonus
5855,2187,2024-10-17,1056296,1225092.1,15.98,Salary Revision
5856,1450,2024-12-06,1455330,1704191.43,17.1,Promotion
5857,1326,2025-04-12,1189979,1266970.64,6.47,Salary Revision
5858,2078,2024-01-24,1493981,1682372.0,12.61,Promotion
5859,1407,2025-01-06,933986,997497.05,6.8,Market Adjustment
5860,2750,2025-07-26,1162586,1321627.76,13.68,Annual Increment
5861,1821,2024-01-10,1798063,1942986.88,8.06,Promotion
5862,2373,2024-07-07,1524711,1576246.23,3.38,Market Adjustment
5863,2570,2025-11-14,1246523,1314209.2,5.43,Salary Revision
5864,1688,2025-04-08,1137203,1285380.55,13.03,Market Adjustment
5865,258,2025-07-11,1168285,1317358.17,12.76,Performance Bonus
5866,1985,2025-12-15,295285,332372.8,12.56,Salary Revision
5867,2439,2025-10-15,1208994,1308373.31,8.22,Performance Bonus
5868,1045,2024-06-28,1422622,1550373.46,8.98,Salary Revision
5869,2339,2024-11-24,846066,929826.53,9.9,Annual Increment
5870,2086,2024-01-22,655885,765089.85,16.65,Salary Revision
5871,1239,2024-10-08,486023,534576.7,9.99,Promotion
5872,1184,2024-05-27,1211199,1354362.72,11.82,Market Adjustment
5873,845,2025-05-23,1086067,1253972.96,15.46,Salary Revision
5874,2185,2025-11-22,474013,568578.59,19.95,Market Adjustment
5875,2394,2024-06-16,1369258,1416908.18,3.48,Market Adjustment
5876,1295,2025-09-16,270712,315298.27,16.47,Promotion
5877,2716,2025-05-30,1592197,1779280.15,11.75,Performance Bonus
5878,41,2024-11-22,935070,1116473.58,19.4,Annual Increment
5879,129,2025-02-25,593988,652020.63,9.77,Performance Bonus
5880,161,2025-04-23,1081956,1187987.69,9.8,Salary Revision
5881,2466,2025-10-02,378359,390882.68,3.31,Salary Revision
5882,734,2025-11-27,817404,916228.14,12.09,Market Adjustment
5883,1469,2025-12-18,1340694,1404645.1,4.77,Promotion
5884,3,2024-10-28,1416607,1670321.31,17.91,Salary Revision
5885,2276,2024-07-04,648362,764224.29,17.87,Annual Increment
5886,1352,2025-07-28,1261807,1365148.99,8.19,Salary Revision
5887,2258,2024-06-02,746943,847929.69,13.52,Performance Bonus
5888,1073,2025-04-14,472269,530877.58,12.41,Performance Bonus
5889,969,2025-10-26,280553,296095.64,5.54,Performance Bonus
5890,1518,2024-11-22,276687,287201.11,3.8,Promotion
5891,189,2024-10-21,1675344,1823779.48,8.86,Performance Bonus
5892,2781,2024-11-01,1095775,1147605.16,4.73,Salary Revision
5893,1458,2024-03-27,1602766,1706304.68,6.46,Market Adjustment
5894,1587,2024-07-14,864012,904188.56,4.65,Market Adjustment
5895,2316,2025-01-31,651776,762773.45,17.03,Salary Revision
5896,2724,2024-10-08,866960,956603.66,10.34,Salary Revision
5897,213,2025-09-23,1304141,1512021.08,15.94,Annual Increment
5898,2678,2024-07-30,498124,557998.5,12.02,Promotion
5899,1698,2024-06-28,1597921,1864134.64,16.66,Annual Increment
5900,463,2024-02-23,1573351,1821153.78,15.75,Performance Bonus
5901,1526,2024-03-29,1692698,1778856.33,5.09,Promotion
5902,1112,2024-09-29,869973,940875.8,8.15,Market Adjustment
5903,539,2025-08-07,1511338,1709625.55,13.12,Annual Increment
5904,1612,2024-11-03,1264912,1361804.26,7.66,Market Adjustment
5905,1729,2024-10-29,1421523,1682230.32,18.34,Performance Bonus
5906,1533,2025-09-22,595683,644052.46,8.12,Annual Increment
5907,1548,2024-05-28,547299,637001.31,16.39,Promotion
5908,479,2025-11-14,928653,1100175.21,18.47,Salary Revision
5909,2447,2025-05-15,1164752,1372427.28,17.83,Promotion
5910,1292,2024-10-01,1142275,1325724.36,16.06,Promotion
5911,741,2024-08-03,511901,580239.78,13.35,Market Adjustment
5912,967,2025-06-30,701841,834067.84,18.84,Market Adjustment
5913,1801,2024-01-18,311655,334717.47,7.4,Market Adjustment
5914,1968,2025-10-27,1065367,1152300.95,8.16,Market Adjustment
5915,2805,2024-10-19,933001,1020049.99,9.33,Promotion
5916,2461,2024-09-03,1166609,1266354.07,8.55,Annual Increment
5917,950,2024-11-04,1370670,1464286.76,6.83,Annual Increment
5918,2004,2024-11-08,421621,503752.77,19.48,Market Adjustment
5919,1365,2024-12-12,1778098,1936526.53,8.91,Annual Increment
5920,681,2024-01-25,1721187,2015337.86,17.09,Salary Revision
5921,231,2025-02-26,256971,297058.48,15.6,Performance Bonus
5922,524,2025-06-07,1630790,1730920.51,6.14,Annual Increment
5923,279,2024-02-04,1753933,2038947.11,16.25,Promotion
5924,2622,2025-12-27,550283,626056.97,13.77,Performance Bonus
5925,2027,2025-07-19,579363,638689.77,10.24,Market Adjustment
5926,2196,2025-05-23,1597499,1793512.13,12.27,Promotion
5927,2530,2024-09-07,976673,1098268.79,12.45,Market Adjustment
5928,2270,2025-01-31,930995,986016.8,5.91,Salary Revision
5929,2739,2024-09-22,890205,942727.09,5.9,Market Adjustment
5930,574,2024-03-09,1744855,2052123.97,17.61,Annual Increment
5931,1664,2025-08-25,492548,589185.92,19.62,Market Adjustment
5932,2004,2024-02-29,1022262,1159756.24,13.45,Performance Bonus
5933,273,2025-01-08,364796,396569.73,8.71,Annual Increment
5934,2168,2025-02-10,1585323,1645565.27,3.8,Market Adjustment
5935,2455,2024-02-17,444502,477350.7,7.39,Performance Bonus
5936,1259,2025-05-25,814647,904421.1,11.02,Market Adjustment
5937,2616,2024-12-23,700518,763984.93,9.06,Promotion
5938,1219,2024-07-20,1169308,1378146.41,17.86,Market Adjustment
5939,460,2024-02-27,1217298,1278406.36,5.02,Salary Revision
5940,1230,2024-02-25,1722888,2010610.3,16.7,Salary Revision
5941,1882,2025-11-05,668253,717837.37,7.42,Salary Revision
5942,833,2024-12-10,326854,355192.24,8.67,Performance Bonus
5943,2092,2025-05-15,1370541,1418646.99,3.51,Promotion
5944,512,2025-02-06,1361178,1452376.93,6.7,Annual Increment
5945,282,2024-08-31,1693639,1802370.62,6.42,Salary Revision
5946,2462,2025-04-08,632142,696999.77,10.26,Annual Increment
5947,2102,2025-05-05,1244960,1389375.36,11.6,Promotion
5948,2281,2025-02-17,393271,428626.06,8.99,Promotion
5949,1966,2025-11-28,1389393,1543337.74,11.08,Annual Increment
5950,1169,2024-04-04,1413608,1560481.87,10.39,Market Adjustment
5951,2803,2024-02-10,381270,413029.79,8.33,Annual Increment
5952,1824,2025-06-14,1700200,1839616.4,8.2,Market Adjustment
5953,2708,2024-10-14,696078,826592.62,18.75,Promotion
5954,1977,2024-09-26,1323443,1374395.56,3.85,Salary Revision
5955,2313,2024-09-13,475192,518244.4,9.06,Performance Bonus
5956,771,2025-02-10,863495,930415.86,7.75,Performance Bonus
5957,2034,2025-07-02,433757,500989.34,15.5,Performance Bonus
5958,1552,2025-05-25,590966,668205.26,13.07,Performance Bonus
5959,2412,2024-09-17,386953,463492.3,19.78,Promotion
5960,860,2024-07-07,1080584,1138071.07,5.32,Salary Revision
5961,2358,2024-06-09,788868,931731.99,18.11,Performance Bonus
5962,1074,2025-02-12,966083,1003760.24,3.9,Salary Revision
5963,2356,2024-11-10,1478589,1721669.03,16.44,Annual Increment
5964,460,2024-06-21,351133,393444.53,12.05,Salary Revision
5965,1394,2025-08-20,1255984,1342270.1,6.87,Annual Increment
5966,2177,2025-02-20,740634,867726.79,17.16,Market Adjustment
5967,671,2025-07-09,449648,516960.31,14.97,Salary Revision
5968,2435,2024-11-16,1108990,1267353.77,14.28,Market Adjustment
5969,1178,2025-10-19,606937,692272.34,14.06,Performance Bonus
5970,1135,2024-05-06,1793760,2133498.14,18.94,Salary Revision
5971,1219,2025-03-02,1548668,1792892.94,15.77,Salary Revision
5972,2967,2024-09-14,1210120,1366346.49,12.91,Performance Bonus
5973,700,2025-03-08,1426586,1690219.09,18.48,Market Adjustment
5974,2009,2024-08-19,939110,1068707.18,13.8,Salary Revision
5975,1428,2025-01-18,1340307,1409332.81,5.15,Salary Revision
5976,456,2025-10-12,1492218,1549966.84,3.87,Promotion
5977,293,2024-11-29,1175069,1359202.31,15.67,Performance Bonus
5978,2995,2025-10-10,1379973,1564337.39,13.36,Annual Increment
5979,564,2025-06-15,877551,982769.36,11.99,Promotion
5980,2619,2025-06-30,1525982,1807067.88,18.42,Performance Bonus
5981,336,2025-11-18,1219140,1258640.14,3.24,Market Adjustment
5982,2379,2024-03-30,1359646,1469641.36,8.09,Market Adjustment
5983,1347,2025-09-30,457369,532514.73,16.43,Promotion
5984,1743,2024-12-31,1290899,1496539.21,15.93,Promotion
5985,2143,2025-09-06,1070444,1281214.42,19.69,Annual Increment
5986,340,2025-07-31,632153,729125.27,15.34,Annual Increment
5987,860,2024-06-27,1357638,1514445.19,11.55,Performance Bonus
5988,2197,2024-11-16,489236,568394.38,16.18,Salary Revision
5989,1007,2024-02-16,1528748,1830828.6,19.76,Performance Bonus
5990,2207,2024-06-20,417324,449374.48,7.68,Market Adjustment
5991,2362,2024-08-29,273816,323349.31,18.09,Annual Increment
5992,2529,2024-01-27,1627181,1929673.95,18.59,Salary Revision
5993,2582,2025-07-30,600064,703094.99,17.17,Performance Bonus
5994,1917,2025-09-10,1460250,1515739.5,3.8,Market Adjustment
5995,606,2024-08-26,1424979,1676345.3,17.64,Performance Bonus
5996,2397,2024-10-09,685632,731980.72,6.76,Market Adjustment
5997,367,2024-08-05,1567020,1834823.72,17.09,Market Adjustment
5998,2067,2024-06-09,1379234,1596601.28,15.76,Performance Bonus
5999,49,2025-09-30,1652860,1791865.53,8.41,Promotion
6000,2758,2025-10-31,1077460,1113447.16,3.34,Annual Increment
6001,500,2024-07-16,1457274,1560740.45,7.1,Salary Revision
6002,327,2024-11-03,271884,291541.21,7.23,Salary Revision
6003,515,2024-10-27,1452727,1739495.31,19.74,Market Adjustment
6004,551,2025-05-10,1605427,1889908.66,17.72,Market Adjustment
6005,497,2024-09-02,760340,876672.02,15.3,Annual Increment
6006,2351,2024-11-19,373880,428952.52,14.73,Market Adjustment
6007,2192,2024-01-13,461947,542972.5,17.54,Annual Increment
6008,175,2025-06-16,844347,916707.54,8.57,Promotion
6009,1227,2025-06-10,694968,800255.65,15.15,Promotion
6010,1641,2024-06-22,396127,469014.37,18.4,Salary Revision
6011,2033,2025-11-04,681261,745572.04,9.44,Performance Bonus
6012,573,2025-06-16,1172475,1223360.42,4.34,Market Adjustment
6013,2088,2024-07-25,1761259,1993569.06,13.19,Salary Revision
6014,1005,2025-11-20,688274,750218.66,9.0,Salary Revision
6015,248,2025-10-19,1727054,1780938.08,3.12,Market Adjustment
6016,2231,2025-03-10,924773,1105843.55,19.58,Performance Bonus
6017,371,2025-07-06,1019063,1159286.07,13.76,Market Adjustment
6018,1845,2025-02-23,1645988,1764334.54,7.19,Market Adjustment
6019,1581,2025-04-30,1037634,1110994.72,7.07,Performance Bonus
6020,2327,2024-05-08,639938,697980.38,9.07,Annual Increment
6021,415,2024-01-01,1046563,1129555.45,7.93,Performance Bonus
6022,2781,2025-07-27,1536485,1593642.24,3.72,Promotion
6023,2082,2025-05-02,753283,836294.79,11.02,Promotion
6024,1872,2024-06-20,309083,363296.16,17.54,Salary Revision
6025,2436,2024-03-18,1134629,1360987.49,19.95,Performance Bonus
6026,1679,2025-03-01,259827,282769.72,8.83,Promotion
6027,1209,2024-10-02,621382,695077.91,11.86,Performance Bonus
6028,1045,2025-06-09,787761,820610.63,4.17,Performance Bonus
6029,314,2024-01-14,323320,382131.91,18.19,Salary Revision
6030,2854,2025-06-12,1218521,1453695.55,19.3,Market Adjustment
6031,2600,2025-06-13,679366,738402.91,8.69,Market Adjustment
6032,1678,2024-04-28,807005,837106.29,3.73,Market Adjustment
6033,510,2024-11-20,328587,348992.25,6.21,Salary Revision
6034,2240,2024-01-09,252563,265948.84,5.3,Promotion
6035,34,2025-05-20,803771,847415.77,5.43,Performance Bonus
6036,855,2024-05-24,1135460,1195412.29,5.28,Salary Revision
6037,420,2025-10-07,802174,912633.36,13.77,Market Adjustment
6038,1857,2025-10-21,493393,552550.82,11.99,Salary Revision
6039,942,2024-01-01,1491467,1616601.08,8.39,Promotion
6040,89,2024-04-23,1456584,1602242.4,10.0,Annual Increment
6041,1714,2024-08-13,1288713,1415522.36,9.84,Salary Revision
6042,2567,2025-04-03,1701345,2018475.71,18.64,Salary Revision
6043,712,2024-05-27,613086,684203.98,11.6,Market Adjustment
6044,2514,2024-01-24,1317759,1459022.76,10.72,Market Adjustment
6045,1311,2025-12-26,985271,1033549.28,4.9,Promotion
6046,1347,2024-03-27,1377507,1594188.85,15.73,Performance Bonus
6047,557,2025-11-28,1279617,1344877.47,5.1,Market Adjustment
6048,806,2025-06-12,294612,335592.53,13.91,Performance Bonus
6049,2265,2024-10-09,1424301,1705600.45,19.75,Annual Increment
6050,1572,2024-12-26,818305,950788.58,16.19,Annual Increment
6051,832,2025-12-01,889771,1059717.26,19.1,Salary Revision
6052,2064,2025-09-14,1346217,1592843.95,18.32,Salary Revision
6053,2022,2025-03-01,681062,764968.84,12.32,Performance Bonus
6054,2671,2025-03-31,1003180,1197295.33,19.35,Promotion
6055,3000,2024-08-17,740809,790072.8,6.65,Market Adjustment
6056,1946,2025-02-23,1192684,1231326.96,3.24,Market Adjustment
6057,387,2024-01-14,737688,849816.58,15.2,Salary Revision
6058,52,2025-10-19,1555872,1844019.49,18.52,Market Adjustment
6059,791,2025-03-25,1325107,1550905.23,17.04,Performance Bonus
6060,95,2024-11-16,640677,719224.0,12.26,Performance Bonus
6061,546,2025-12-30,981236,1054828.7,7.5,Promotion
6062,162,2024-09-22,799382,832556.35,4.15,Promotion
6063,953,2025-04-20,428242,485583.6,13.39,Market Adjustment
6064,1845,2024-07-12,1218517,1282854.7,5.28,Market Adjustment
6065,1145,2024-09-30,389009,401963.0,3.33,Performance Bonus
6066,2825,2025-02-13,1490602,1747879.91,17.26,Market Adjustment
6067,409,2024-03-10,1434945,1530512.34,6.66,Market Adjustment
6068,1521,2025-09-02,753731,883975.72,17.28,Annual Increment
6069,244,2025-09-16,1553137,1727243.66,11.21,Salary Revision
6070,1268,2024-07-05,457179,545094.52,19.23,Promotion
6071,591,2025-07-13,831011,932809.85,12.25,Performance Bonus
6072,116,2025-08-21,1481828,1710177.69,15.41,Salary Revision
6073,1945,2025-08-28,566718,655409.37,15.65,Market Adjustment
6074,2353,2024-05-17,1103276,1174768.28,6.48,Promotion
6075,1529,2024-06-19,413847,496037.01,19.86,Market Adjustment
6076,591,2025-09-23,639068,689682.19,7.92,Market Adjustment
6077,2843,2025-03-09,1604102,1835894.74,14.45,Promotion
6078,1718,2025-10-14,459041,481212.68,4.83,Salary Revision
6079,212,2025-12-14,324335,344670.8,6.27,Performance Bonus
6080,2154,2024-05-09,1155175,1209352.71,4.69,Performance Bonus
6081,882,2024-01-19,355403,394746.11,11.07,Promotion
6082,2238,2025-07-22,1087510,1203112.31,10.63,Promotion
6083,230,2025-11-10,567606,659785.21,16.24,Annual Increment
6084,2436,2025-01-30,953009,1107872.96,16.25,Promotion
6085,1602,2024-02-10,1118440,1289113.94,15.26,Annual Increment
6086,2340,2025-06-19,1005794,1069561.34,6.34,Salary Revision
6087,2390,2024-09-21,315383,325380.64,3.17,Performance Bonus
6088,1949,2024-09-10,1518599,1644946.44,8.32,Annual Increment
6089,393,2025-05-16,1287949,1379908.56,7.14,Market Adjustment
6090,2307,2025-03-12,275845,285334.07,3.44,Performance Bonus
6091,886,2025-07-31,1540452,1707591.04,10.85,Promotion
6092,142,2024-09-16,1622268,1795526.22,10.68,Promotion
6093,384,2024-08-29,478918,509903.99,6.47,Performance Bonus
6094,2320,2024-07-14,336521,389152.88,15.64,Performance Bonus
6095,310,2025-02-04,1623814,1780187.29,9.63,Promotion
6096,761,2025-10-08,501554,518707.15,3.42,Market Adjustment
6097,1296,2025-09-21,1738863,2019689.37,16.15,Performance Bonus
6098,459,2024-11-14,1290141,1353228.89,4.89,Promotion
6099,2242,2024-04-05,393450,436965.57,11.06,Annual Increment
6100,1863,2024-02-16,788622,853367.87,8.21,Performance Bonus
6101,221,2025-07-27,553457,647710.73,17.03,Market Adjustment
6102,1201,2025-08-21,526288,558496.83,6.12,Promotion
6103,381,2024-07-16,1608840,1765701.9,9.75,Promotion
6104,1403,2025-07-19,629760,671639.04,6.65,Salary Revision
6105,1106,2025-01-02,422558,445418.39,5.41,Annual Increment
6106,2390,2025-03-24,819580,886703.6,8.19,Performance Bonus
6107,1944,2025-12-26,628105,687084.06,9.39,Annual Increment
6108,853,2025-07-14,1664325,1765848.82,6.1,Market Adjustment
6109,1294,2025-02-13,447915,478462.8,6.82,Promotion
6110,1927,2024-12-08,1107683,1155756.44,4.34,Performance Bonus
6111,2469,2025-06-19,879371,1013387.14,15.24,Annual Increment
6112,2774,2025-05-18,530885,571232.26,7.6,Market Adjustment
6113,2835,2025-08-23,1003066,1132762.43,12.93,Market Adjustment
6114,459,2025-05-02,1051667,1089842.51,3.63,Annual Increment
6115,436,2025-04-28,1455804,1664711.87,14.35,Market Adjustment
6116,2200,2024-11-27,1469372,1743850.69,18.68,Annual Increment
6117,700,2024-06-20,1151496,1291863.36,12.19,Performance Bonus
6118,2880,2025-01-01,848811,979952.3,15.45,Salary Revision
6119,1695,2025-05-24,785401,872894.67,11.14,Performance Bonus
6120,2105,2024-03-08,1664454,1833562.53,10.16,Promotion
6121,1899,2024-06-13,1045594,1254608.24,19.99,Annual Increment
6122,2049,2025-01-07,1352093,1454581.65,7.58,Performance Bonus
6123,1061,2025-06-17,299567,334586.38,11.69,Promotion
6124,1796,2024-02-03,1628561,1831805.41,12.48,Annual Increment
6125,2313,2025-03-09,479712,540731.37,12.72,Performance Bonus
6126,1195,2025-03-14,1549628,1819108.31,17.39,Promotion
6127,352,2024-03-23,1166839,1261469.64,8.11,Annual Increment
6128,1654,2024-07-04,1448062,1672946.03,15.53,Salary Revision
6129,826,2025-03-09,1074260,1217458.86,13.33,Promotion
6130,809,2025-05-23,933745,1117225.89,19.65,Market Adjustment
6131,2214,2024-01-08,814166,909179.17,11.67,Market Adjustment
6132,1840,2024-11-21,331941,370346.57,11.57,Annual Increment
6133,918,2025-05-16,1453941,1736150.95,19.41,Performance Bonus
6134,1305,2024-01-09,825292,910627.19,10.34,Promotion
6135,2927,2024-11-21,270401,286246.5,5.86,Promotion
6136,817,2024-08-01,1774320,1975882.75,11.36,Promotion
6137,60,2024-11-28,1003463,1187598.46,18.35,Annual Increment
6138,853,2024-05-28,706768,728183.07,3.03,Annual Increment
6139,75,2024-10-07,1400379,1565903.8,11.82,Promotion
6140,1195,2025-06-09,1748031,2095889.17,19.9,Performance Bonus
6141,981,2024-08-23,1495170,1568283.81,4.89,Annual Increment
6142,14,2025-11-29,1332461,1490490.87,11.86,Salary Revision
6143,369,2024-03-30,504422,541194.36,7.29,Performance Bonus
6144,11,2025-01-22,298533,336894.49,12.85,Annual Increment
6145,1575,2024-05-22,1440589,1668202.06,15.8,Promotion
6146,963,2025-02-28,541218,620506.44,14.65,Promotion
6147,1871,2024-12-29,1470484,1682968.94,14.45,Salary Revision
6148,2977,2025-02-14,1214335,1403528.39,15.58,Salary Revision
6149,184,2024-11-12,1064124,1097643.91,3.15,Market Adjustment
6150,1230,2025-12-09,1389438,1664685.67,19.81,Annual Increment
6151,2244,2024-03-22,1141829,1269257.12,11.16,Market Adjustment
6152,1592,2025-10-24,763684,791863.94,3.69,Annual Increment
6153,2445,2025-01-26,1486242,1661024.06,11.76,Promotion
6154,1021,2025-02-14,1161342,1219641.37,5.02,Annual Increment
6155,2962,2024-11-14,762373,908748.62,19.2,Annual Increment
6156,394,2024-07-18,1347631,1590204.58,18.0,Market Adjustment
6157,379,2025-04-15,1638635,1856081.86,13.27,Market Adjustment
6158,2844,2024-12-07,793451,861767.13,8.61,Promotion
6159,2349,2025-06-01,898116,947961.44,5.55,Annual Increment
6160,775,2025-09-25,1583625,1701129.98,7.42,Annual Increment
6161,281,2024-09-29,1011305,1076635.3,6.46,Promotion
6162,1138,2024-06-25,1115857,1227331.11,9.99,Performance Bonus
6163,1318,2025-11-26,1036561,1233922.21,19.04,Salary Revision
6164,2447,2024-06-25,775090,835702.04,7.82,Market Adjustment
6165,1657,2024-11-19,1155848,1277327.62,10.51,Annual Increment
6166,392,2024-05-14,372809,418888.19,12.36,Market Adjustment
6167,2638,2025-01-29,1762083,1819703.11,3.27,Promotion
6168,2894,2024-03-06,1380521,1635503.23,18.47,Salary Revision
6169,624,2024-12-08,538930,614865.24,14.09,Salary Revision
6170,1830,2025-04-01,1500874,1781237.26,18.68,Market Adjustment
6171,5,2024-02-13,563087,671988.03,19.34,Performance Bonus
6172,577,2024-09-07,320633,359173.09,12.02,Salary Revision
6173,287,2024-12-12,1292034,1388419.74,7.46,Market Adjustment
6174,557,2025-01-04,1230563,1315102.68,6.87,Market Adjustment
6175,2610,2024-02-25,654023,719425.3,10.0,Promotion
6176,911,2025-07-18,972344,1166132.16,19.93,Annual Increment
6177,35,2025-09-20,867945,906828.94,4.48,Salary Revision
6178,388,2024-03-31,1424433,1697354.36,19.16,Salary Revision
6179,2873,2025-10-15,946287,991898.03,4.82,Annual Increment
6180,2813,2025-03-18,1128020,1341779.79,18.95,Promotion
6181,2587,2024-10-31,936532,1019696.04,8.88,Annual Increment
6182,1175,2024-01-19,1645777,1937573.26,17.73,Performance Bonus
6183,469,2024-02-01,316494,329248.71,4.03,Salary Revision
6184,709,2024-06-24,709408,737358.68,3.94,Performance Bonus
6185,1673,2025-09-30,299349,311053.55,3.91,Promotion
6186,2301,2025-07-22,758146,848213.74,11.88,Performance Bonus
6187,355,2024-01-31,312127,326266.35,4.53,Promotion
6188,822,2024-05-01,516657,582014.11,12.65,Performance Bonus
6189,282,2024-06-13,985780,1030337.26,4.52,Annual Increment
6190,2683,2025-06-07,804679,958292.22,19.09,Market Adjustment
6191,48,2025-01-24,1293875,1494425.62,15.5,Performance Bonus
6192,1332,2025-06-28,720576,859286.88,19.25,Market Adjustment
6193,1279,2024-08-10,1050767,1211849.58,15.33,Market Adjustment
6194,2684,2025-05-13,622673,735999.49,18.2,Performance Bonus
6195,1717,2025-09-05,708779,832744.45,17.49,Market Adjustment
6196,1569,2024-01-06,302750,317342.55,4.82,Annual Increment
6197,1364,2025-03-08,746181,769461.85,3.12,Performance Bonus
6198,2946,2025-12-08,1562652,1870650.71,19.71,Market Adjustment
6199,2015,2025-05-11,562267,603930.98,7.41,Market Adjustment
6200,2287,2024-08-06,1134695,1184735.05,4.41,Performance Bonus
6201,2191,2024-12-04,604580,639464.27,5.77,Market Adjustment
6202,416,2025-02-14,1674781,1761032.22,5.15,Performance Bonus
6203,2737,2024-02-22,634351,695883.05,9.7,Annual Increment
6204,2087,2025-10-24,1072051,1258587.87,17.4,Performance Bonus
6205,1439,2025-10-12,1715468,1995260.83,16.31,Promotion
6206,533,2025-05-02,828943,992410.56,19.72,Salary Revision
6207,1811,2024-10-16,1107252,1300910.37,17.49,Performance Bonus
6208,2092,2024-02-21,815313,949268.93,16.43,Market Adjustment
6209,1939,2024-07-19,1229540,1439914.29,17.11,Promotion
6210,2369,2025-09-26,376016,428131.82,13.86,Market Adjustment
6211,62,2024-09-06,326544,359263.71,10.02,Annual Increment
6212,2091,2024-06-25,886083,988071.15,11.51,Performance Bonus
6213,1235,2024-03-09,555291,583777.43,5.13,Market Adjustment
6214,1114,2024-08-31,689300,746029.39,8.23,Market Adjustment
6215,2974,2025-05-18,1129285,1331878.73,17.94,Performance Bonus
6216,2244,2024-05-04,569522,678357.65,19.11,Promotion
6217,356,2025-05-25,955226,1112265.15,16.44,Performance Bonus
6218,1036,2024-07-07,1517940,1753979.67,15.55,Market Adjustment
6219,671,2024-06-24,998509,1072099.11,7.37,Promotion
6220,71,2025-09-01,1088167,1242904.35,14.22,Market Adjustment
6221,1160,2025-10-10,1598087,1868323.51,16.91,Annual Increment
6222,415,2024-09-20,1656309,1905914.77,15.07,Performance Bonus
6223,802,2025-04-21,1396517,1569126.5,12.36,Salary Revision
6224,602,2024-11-15,1222238,1310605.81,7.23,Performance Bonus
6225,957,2024-07-26,893244,954252.57,6.83,Salary Revision
6226,1178,2025-09-18,1299504,1531725.36,17.87,Salary Revision
6227,733,2025-02-12,1768370,1840873.17,4.1,Salary Revision
6228,1136,2024-11-05,1480370,1726407.49,16.62,Salary Revision
6229,96,2025-09-21,1099664,1208420.77,9.89,Annual Increment
6230,1423,2024-12-10,456233,533245.13,16.88,Annual Increment
6231,745,2024-12-12,441067,466384.25,5.74,Market Adjustment
6232,1274,2024-05-19,661195,754820.21,14.16,Market Adjustment
6233,337,2025-10-21,1772967,1882359.06,6.17,Annual Increment
6234,486,2024-08-12,1735272,1905675.71,9.82,Market Adjustment
6235,2504,2025-02-24,1357070,1495626.85,10.21,Promotion
6236,2035,2024-02-17,548377,574205.56,4.71,Salary Revision
6237,1578,2025-08-23,360879,432296.95,19.79,Promotion
6238,669,2024-01-24,381034,457202.7,19.99,Promotion
6239,431,2025-09-26,1497122,1655667.22,10.59,Salary Revision
6240,2552,2025-06-10,1517499,1798388.06,18.51,Annual Increment
6241,329,2024-05-16,437622,510836.16,16.73,Annual Increment
6242,55,2024-06-06,690101,745723.14,8.06,Performance Bonus
6243,479,2025-04-30,754788,791168.78,4.82,Performance Bonus
6244,406,2024-08-23,1486677,1739114.75,16.98,Salary Revision
6245,1700,2024-07-27,345603,401832.61,16.27,Annual Increment
6246,2582,2025-12-04,1063597,1255363.54,18.03,Promotion
6247,1454,2024-02-07,1683912,1939193.06,15.16,Annual Increment
6248,2957,2025-08-27,1313941,1411041.24,7.39,Salary Revision
6249,2655,2025-11-07,847468,994673.19,17.37,Performance Bonus
6250,2146,2025-03-30,939243,1105864.71,17.74,Annual Increment
6251,2576,2024-08-09,502665,524329.86,4.31,Performance Bonus
6252,1396,2024-02-01,718623,781430.65,8.74,Promotion
6253,2893,2024-03-08,500357,517269.07,3.38,Promotion
6254,2287,2024-08-21,1358312,1555131.41,14.49,Performance Bonus
6255,2141,2025-04-16,257262,285612.27,11.02,Performance Bonus
6256,2453,2025-05-20,367939,423718.55,15.16,Performance Bonus
6257,459,2025-02-12,1121370,1175195.76,4.8,Annual Increment
6258,2264,2025-04-23,1697578,1896194.63,11.7,Salary Revision
6259,1926,2025-07-04,574279,604198.94,5.21,Promotion
6260,2773,2024-04-20,1499319,1768296.83,17.94,Salary Revision
6261,2596,2025-03-25,1055720,1132470.84,7.27,Performance Bonus
6262,495,2024-03-03,1372970,1460428.19,6.37,Market Adjustment
6263,929,2024-07-13,334553,370049.07,10.61,Performance Bonus
6264,2293,2024-05-30,472386,558785.4,18.29,Annual Increment
6265,746,2024-03-27,851454,956182.84,12.3,Salary Revision
6266,1501,2025-06-22,987983,1095771.95,10.91,Salary Revision
6267,129,2025-05-28,280892,297436.54,5.89,Market Adjustment
6268,2741,2024-04-15,864801,919283.46,6.3,Promotion
6269,874,2024-01-20,1078923,1288126.17,19.39,Promotion
6270,498,2025-07-29,1069363,1207845.51,12.95,Performance Bonus
6271,2468,2025-03-30,1652763,1916874.53,15.98,Salary Revision
6272,1444,2024-08-17,1206076,1295446.23,7.41,Performance Bonus
6273,82,2024-05-15,1065652,1242656.8,16.61,Market Adjustment
6274,272,2024-09-11,1166310,1324228.37,13.54,Annual Increment
6275,1008,2025-10-15,1462288,1717311.03,17.44,Market Adjustment
6276,2855,2024-11-28,547874,572637.9,4.52,Annual Increment
6277,473,2024-03-21,1102643,1303434.29,18.21,Promotion
6278,1591,2024-01-26,402462,414857.83,3.08,Annual Increment
6279,892,2024-10-20,664449,725511.86,9.19,Salary Revision
6280,1057,2025-07-31,578289,623395.54,7.8,Promotion
6281,2879,2025-11-20,1707181,1791003.59,4.91,Salary Revision
6282,910,2024-03-09,1461917,1539837.18,5.33,Salary Revision
6283,1200,2025-12-29,1305683,1359477.14,4.12,Annual Increment
6284,42,2024-09-09,882139,1045511.14,18.52,Performance Bonus
6285,2461,2025-03-31,406435,474878.65,16.84,Market Adjustment
6286,937,2025-08-16,348253,367441.74,5.51,Market Adjustment
6287,292,2024-11-26,1040745,1156267.7,11.1,Market Adjustment
6288,2926,2024-05-16,1403537,1681718.03,19.82,Market Adjustment
6289,1656,2024-09-18,1745091,2033031.02,16.5,Promotion
6290,2736,2024-10-29,1538625,1810346.18,17.66,Promotion
6291,1270,2025-07-30,1403330,1467041.18,4.54,Annual Increment
6292,1335,2025-08-11,285810,334226.21,16.94,Market Adjustment
6293,2043,2025-12-12,1132085,1215972.5,7.41,Promotion
6294,2010,2024-04-03,1310245,1532200.5,16.94,Salary Revision
6295,1739,2024-02-06,506438,549181.37,8.44,Promotion
6296,2261,2025-01-29,956656,1037589.1,8.46,Annual Increment
6297,561,2025-09-04,1395063,1619668.14,16.1,Performance Bonus
6298,2019,2024-06-10,941044,1098386.56,16.72,Promotion
6299,960,2025-06-22,1492091,1631303.09,9.33,Salary Revision
6300,2039,2024-07-28,1312605,1373903.65,4.67,Market Adjustment
6301,1064,2025-09-06,574564,628573.02,9.4,Annual Increment
6302,2751,2025-05-27,1505266,1668587.36,10.85,Promotion
6303,1571,2024-05-17,289553,305796.92,5.61,Market Adjustment
6304,1783,2024-02-04,1798003,2109417.12,17.32,Market Adjustment
6305,1148,2025-07-10,1136783,1320259.78,16.14,Performance Bonus
6306,579,2024-05-10,326920,356637.03,9.09,Performance Bonus
6307,417,2025-12-29,307286,340565.07,10.83,Annual Increment
6308,2049,2024-07-24,1222754,1284869.9,5.08,Performance Bonus
6309,1080,2025-08-20,1618053,1798789.52,11.17,Promotion
6310,1971,2025-02-17,1643724,1895049.4,15.29,Promotion
6311,401,2024-08-02,1270633,1377493.24,8.41,Promotion
6312,2172,2025-12-28,283440,329357.28,16.2,Performance Bonus
6313,1215,2024-09-16,402873,472529.74,17.29,Salary Revision
6314,1329,2025-11-07,1729913,1916743.6,10.8,Promotion
6315,1571,2025-12-20,354460,374841.45,5.75,Promotion
6316,1362,2024-03-03,794337,922225.26,16.1,Performance Bonus
6317,2807,2025-12-08,1357458,1491167.61,9.85,Promotion
6318,1847,2024-04-04,639937,719545.16,12.44,Market Adjustment
6319,188,2025-06-05,1190981,1311031.88,10.08,Market Adjustment
6320,558,2024-05-13,271570,300274.95,10.57,Performance Bonus
6321,2799,2025-08-29,683847,721048.28,5.44,Annual Increment
6322,2894,2024-07-20,683118,813115.36,19.03,Promotion
6323,2977,2025-10-07,1400266,1672477.71,19.44,Performance Bonus
6324,1950,2025-11-18,1125705,1291859.06,14.76,Market Adjustment
6325,2473,2024-07-17,512941,547308.05,6.7,Salary Revision
6326,1767,2025-04-22,1764218,1968338.02,11.57,Performance Bonus
6327,2488,2025-04-09,359299,394905.53,9.91,Annual Increment
6328,1079,2024-03-29,1334253,1582557.48,18.61,Salary Revision
6329,1612,2024-01-15,1490091,1706899.24,14.55,Promotion
6330,236,2024-12-27,1705259,1853446.01,8.69,Market Adjustment
6331,964,2025-05-05,794647,819281.06,3.1,Annual Increment
6332,2816,2025-05-30,1350640,1607801.86,19.04,Salary Revision
6333,594,2024-05-02,1244606,1324260.78,6.4,Performance Bonus
6334,344,2024-08-26,936548,1059610.41,13.14,Performance Bonus
6335,1758,2025-07-27,789748,917687.18,16.2,Market Adjustment
6336,786,2024-06-05,1679862,1917730.46,14.16,Market Adjustment
6337,1686,2024-09-29,1194204,1241733.32,3.98,Performance Bonus
6338,2049,2025-04-09,1498599,1768196.96,17.99,Performance Bonus
6339,2911,2024-07-22,960936,1045978.84,8.85,Promotion
6340,1788,2025-03-23,411427,464789.08,12.97,Annual Increment
6341,989,2024-04-13,1355133,1455548.36,7.41,Promotion
6342,1954,2024-02-08,690523,812262.2,17.63,Promotion
6343,1866,2025-03-10,1778074,1893826.62,6.51,Annual Increment
6344,2893,2024-07-06,619232,656262.07,5.98,Promotion
6345,1975,2025-09-15,466609,489052.89,4.81,Annual Increment
6346,1904,2025-01-31,1028026,1172669.26,14.07,Performance Bonus
6347,1745,2025-01-08,1522441,1599324.27,5.05,Performance Bonus
6348,437,2024-05-24,1136957,1202786.81,5.79,Market Adjustment
6349,646,2025-01-05,1543498,1821481.99,18.01,Market Adjustment
6350,468,2024-01-11,855972,920683.48,7.56,Salary Revision
6351,1656,2025-09-12,1460317,1641542.34,12.41,Annual Increment
6352,1536,2025-06-24,618514,735907.96,18.98,Performance Bonus
6353,2370,2024-06-26,266491,283866.21,6.52,Promotion
6354,767,2025-10-19,312050,369061.54,18.27,Performance Bonus
6355,2330,2025-03-19,1402580,1448023.59,3.24,Market Adjustment
6356,756,2024-09-06,1673144,1836442.85,9.76,Performance Bonus
6357,318,2024-06-09,376982,415358.77,10.18,Annual Increment
6358,293,2025-03-30,1194928,1325175.15,10.9,Annual Increment
6359,885,2024-06-06,418579,459599.74,9.8,Promotion
6360,1826,2024-01-26,332497,392678.96,18.1,Annual Increment
6361,135,2024-07-31,860701,971903.57,12.92,Promotion
6362,757,2024-04-08,1116687,1308757.16,17.2,Promotion
6363,1040,2024-12-04,836495,915125.53,9.4,Promotion
6364,464,2025-08-20,1173941,1241090.43,5.72,Market Adjustment
6365,1817,2025-08-21,1158551,1386090.42,19.64,Salary Revision
6366,22,2024-04-01,1382317,1476038.09,6.78,Salary Revision
6367,134,2024-10-08,1084034,1255961.79,15.86,Market Adjustment
6368,1066,2025-11-29,377644,399018.65,5.66,Market Adjustment
6369,2523,2024-09-01,1777833,2016418.19,13.42,Salary Revision
6370,1332,2025-07-25,478014,549142.48,14.88,Promotion
6371,2477,2024-08-11,721578,758811.42,5.16,Promotion
6372,2021,2024-02-07,627869,704469.02,12.2,Annual Increment
6373,656,2025-07-22,1450812,1523352.6,5.0,Performance Bonus
6374,911,2024-03-13,979938,1118011.26,14.09,Market Adjustment
6375,2307,2024-10-05,1150177,1196299.1,4.01,Performance Bonus
6376,2944,2025-07-29,1130345,1251178.88,10.69,Market Adjustment
6377,704,2024-02-05,1201304,1413574.42,17.67,Salary Revision
6378,2640,2024-08-27,886952,967221.16,9.05,Promotion
6379,2409,2025-01-27,1276035,1371737.62,7.5,Salary Revision
6380,1531,2025-03-12,299062,331031.73,10.69,Annual Increment
6381,2072,2024-01-23,1395320,1540293.75,10.39,Annual Increment
6382,1715,2024-11-17,1288429,1544697.53,19.89,Performance Bonus
6383,89,2025-08-31,605773,628550.06,3.76,Annual Increment
6384,2725,2024-12-26,1749187,2075935.13,18.68,Salary Revision
6385,704,2024-09-01,1497851,1554619.55,3.79,Promotion
6386,319,2024-03-05,1028889,1195569.02,16.2,Market Adjustment
6387,976,2025-08-09,1549597,1604607.69,3.55,Market Adjustment
6388,2221,2025-01-08,1450456,1719370.54,18.54,Salary Revision
6389,923,2025-02-13,613547,725703.39,18.28,Market Adjustment
6390,789,2024-11-22,768554,818586.87,6.51,Annual Increment
6391,688,2024-12-19,763128,832420.02,9.08,Annual Increment
6392,631,2024-09-28,1034837,1225247.01,18.4,Market Adjustment
6393,1410,2025-12-17,374527,392991.18,4.93,Promotion
6394,1383,2025-09-20,844919,917497.54,8.59,Annual Increment
6395,926,2025-10-17,1098969,1240516.21,12.88,Salary Revision
6396,2295,2025-05-08,847346,972922.68,14.82,Promotion
6397,2556,2025-08-23,656094,760019.29,15.84,Promotion
6398,790,2025-05-14,590160,637431.82,8.01,Promotion
6399,1615,2025-10-02,592279,669689.87,13.07,Promotion
6400,30,2025-01-02,1377017,1424524.09,3.45,Salary Revision
6401,2206,2024-10-26,1602892,1713812.13,6.92,Promotion
6402,1104,2025-12-22,816698,853776.09,4.54,Salary Revision
6403,236,2024-03-06,1181829,1373994.4,16.26,Salary Revision
6404,1609,2025-08-08,906527,1073599.93,18.43,Salary Revision
6405,2463,2024-03-25,1539304,1620579.25,5.28,Annual Increment
6406,483,2024-06-17,549143,588296.9,7.13,Performance Bonus
6407,1645,2025-12-02,665420,693899.98,4.28,Performance Bonus
6408,1266,2024-07-24,1483121,1621347.88,9.32,Promotion
6409,269,2025-04-10,281221,308021.36,9.53,Salary Revision
6410,1099,2024-03-24,1594100,1667109.78,4.58,Promotion
6411,1836,2025-08-06,967011,1098331.09,13.58,Annual Increment
6412,2401,2024-01-06,527744,559778.06,6.07,Performance Bonus
6413,312,2024-05-25,1724278,1843080.75,6.89,Performance Bonus
6414,1526,2024-07-01,736789,849370.36,15.28,Promotion
6415,1735,2024-04-01,824765,915901.53,11.05,Promotion
6416,2736,2025-08-19,1316812,1497215.24,13.7,Performance Bonus
6417,1032,2024-10-12,1053408,1103444.88,4.75,Promotion
6418,2873,2024-05-15,303277,358291.45,18.14,Performance Bonus
6419,494,2024-01-05,1190717,1390162.1,16.75,Promotion
6420,109,2024-08-21,259457,292433.98,12.71,Promotion
6421,2703,2024-04-10,1367878,1618746.83,18.34,Market Adjustment
6422,563,2025-06-06,817242,850258.58,4.04,Promotion
6423,2889,2025-05-04,472077,491290.53,4.07,Promotion
6424,1360,2025-08-04,993704,1025204.42,3.17,Annual Increment
6425,1110,2024-02-25,690158,795338.08,15.24,Promotion
6426,412,2025-11-10,1470304,1674382.2,13.88,Market Adjustment
6427,974,2025-10-06,1647102,1932050.65,17.3,Salary Revision
6428,1809,2025-06-20,1267358,1502959.85,18.59,Performance Bonus
6429,2613,2024-12-04,542883,583273.5,7.44,Salary Revision
6430,520,2024-10-12,1035093,1187976.24,14.77,Market Adjustment
6431,538,2025-12-20,571546,682997.47,19.5,Salary Revision
6432,2234,2025-05-09,745487,857608.24,15.04,Market Adjustment
6433,2574,2025-08-31,1666428,1807407.81,8.46,Salary Revision
6434,449,2024-04-13,1488789,1579158.49,6.07,Annual Increment
6435,1240,2025-12-07,1388190,1543806.1,11.21,Annual Increment
6436,1768,2024-01-21,1283286,1460122.81,13.78,Salary Revision
6437,813,2024-05-22,688241,811917.91,17.97,Promotion
6438,2413,2025-12-22,1486413,1780276.85,19.77,Performance Bonus
6439,1452,2024-10-12,449806,490693.37,9.09,Salary Revision
6440,235,2025-10-07,597978,650480.47,8.78,Salary Revision
6441,2726,2025-03-20,857830,1023562.76,19.32,Market Adjustment
6442,235,2025-08-19,1340026,1456206.25,8.67,Salary Revision
6443,1472,2024-12-18,1791911,2006223.56,11.96,Promotion
6444,2218,2024-11-12,610282,729531.1,19.54,Market Adjustment
6445,2866,2025-06-26,1166965,1342943.32,15.08,Performance Bonus
6446,553,2025-03-23,1098362,1278603.2,16.41,Annual Increment
6447,2081,2024-06-28,808105,886976.05,9.76,Promotion
6448,2698,2024-01-13,1475787,1715454.81,16.24,Market Adjustment
6449,1250,2025-11-24,704466,828874.7,17.66,Market Adjustment
6450,1529,2024-07-29,418093,486493.01,16.36,Performance Bonus
6451,692,2024-04-13,1414861,1495508.08,5.7,Promotion
6452,1436,2024-02-13,268083,310520.54,15.83,Salary Revision
6453,752,2025-01-23,989599,1141997.25,15.4,Performance Bonus
6454,689,2025-04-26,878884,972045.7,10.6,Salary Revision
6455,1685,2025-12-20,645738,729748.51,13.01,Market Adjustment
6456,739,2024-07-11,1605009,1656690.29,3.22,Promotion
6457,666,2024-02-25,765236,908105.56,18.67,Annual Increment
6458,1178,2025-12-10,1444813,1629026.66,12.75,Salary Revision
6459,47,2024-11-06,278195,315167.12,13.29,Performance Bonus
6460,1616,2024-06-12,607021,711064.4,17.14,Performance Bonus
6461,163,2025-01-02,531812,584833.66,9.97,Annual Increment
6462,1075,2025-07-16,968675,1134124.69,17.08,Annual Increment
6463,2379,2025-02-05,1007714,1111710.08,10.32,Promotion
6464,274,2024-05-22,1250790,1466050.96,17.21,Annual Increment
6465,77,2025-02-02,1754028,1875757.54,6.94,Annual Increment
6466,205,2024-05-12,1796280,2082247.78,15.92,Salary Revision
6467,900,2024-05-11,765082,836234.63,9.3,Promotion
6468,2207,2024-12-22,1548529,1641750.45,6.02,Promotion
6469,1221,2024-06-04,1222408,1278516.53,4.59,Salary Revision
6470,911,2025-10-25,1051786,1235743.37,17.49,Annual Increment
6471,1720,2025-02-07,294601,350103.83,18.84,Promotion
6472,1890,2024-02-17,1268908,1449092.94,14.2,Market Adjustment
6473,1639,2024-01-01,839271,921519.56,9.8,Performance Bonus
6474,225,2024-03-19,1244053,1487762.98,19.59,Promotion
6475,1602,2024-04-27,840097,896467.51,6.71,Salary Revision
6476,2922,2025-05-09,992367,1023924.27,3.18,Salary Revision
6477,1334,2025-03-30,728715,807926.32,10.87,Promotion
6478,1112,2024-09-09,1138477,1190050.01,4.53,Performance Bonus
6479,2700,2024-03-28,557470,655473.23,17.58,Annual Increment
6480,843,2025-06-02,665712,774689.05,16.37,Annual Increment
6481,51,2024-11-25,1598288,1900843.92,18.93,Salary Revision
6482,1061,2025-03-22,843733,971221.06,15.11,Performance Bonus
6483,1228,2025-09-17,537764,639724.05,18.96,Annual Increment
6484,1594,2024-05-05,981834,1057337.03,7.69,Market Adjustment
6485,477,2024-07-27,662357,734024.03,10.82,Performance Bonus
6486,1925,2025-06-15,1630958,1927955.45,18.21,Salary Revision
6487,1483,2025-02-08,1249521,1489054.18,19.17,Annual Increment
6488,1729,2025-08-03,1702375,1813710.32,6.54,Market Adjustment
6489,2476,2025-07-05,863034,915333.86,6.06,Annual Increment
6490,1137,2025-09-21,1148769,1341187.81,16.75,Performance Bonus
6491,1343,2024-03-06,963411,1008691.32,4.7,Salary Revision
6492,1808,2024-10-07,291466,349671.76,19.97,Performance Bonus
6493,2539,2025-01-03,1540788,1734927.29,12.6,Promotion
6494,1228,2025-02-10,1712413,1817041.43,6.11,Promotion
6495,1176,2025-11-14,1425164,1521077.54,6.73,Market Adjustment
6496,1093,2024-12-18,810608,845626.27,4.32,Performance Bonus
6497,690,2025-12-02,709327,763023.05,7.57,Performance Bonus
6498,1374,2024-11-18,661819,738060.55,11.52,Performance Bonus
6499,2346,2025-08-18,785881,869420.15,10.63,Annual Increment
6500,678,2025-01-17,1002742,1181831.72,17.86,Salary Revision
6501,1515,2025-11-09,722686,790835.29,9.43,Promotion
6502,1713,2024-11-07,1423171,1603202.13,12.65,Market Adjustment
6503,2819,2025-10-26,1230650,1303750.61,5.94,Salary Revision
6504,1778,2025-11-10,1789188,2057566.2,15.0,Annual Increment
6505,2675,2024-01-19,275350,329456.27,19.65,Annual Increment
6506,2440,2024-12-02,960732,1026638.22,6.86,Market Adjustment
6507,2564,2025-06-22,906308,1007723.87,11.19,Market Adjustment
6508,715,2024-11-12,441617,484188.88,9.64,Market Adjustment
6509,961,2024-05-10,923787,1073994.77,16.26,Salary Revision
6510,66,2025-09-04,318160,359170.82,12.89,Promotion
6511,1954,2024-02-13,1369104,1428249.29,4.32,Performance Bonus
6512,205,2024-01-29,889054,989606.01,11.31,Performance Bonus
6513,385,2025-04-27,865723,924419.02,6.78,Salary Revision
6514,2141,2024-01-06,799294,860759.71,7.69,Performance Bonus
6515,210,2025-05-02,1080848,1246974.34,15.37,Annual Increment
6516,2221,2025-11-12,1196596,1404085.75,17.34,Market Adjustment
6517,1703,2024-02-26,787724,931326.09,18.23,Performance Bonus
6518,539,2024-12-09,1674881,1974852.19,17.91,Promotion
6519,1656,2024-05-24,1410674,1674752.17,18.72,Annual Increment
6520,1507,2024-04-20,1632278,1763676.38,8.05,Annual Increment
6521,2128,2025-06-08,1031749,1205908.23,16.88,Salary Revision
6522,2340,2024-06-06,320376,381087.25,18.95,Promotion
6523,1855,2025-10-11,1246939,1480365.98,18.72,Promotion
6524,2363,2024-07-08,480679,496012.66,3.19,Salary Revision
6525,1262,2024-07-20,951542,986749.05,3.7,Performance Bonus
6526,2662,2024-11-02,1428807,1565258.07,9.55,Market Adjustment
6527,968,2024-01-26,1011981,1113179.1,10.0,Performance Bonus
6528,137,2024-08-16,957706,1132870.43,18.29,Promotion
6529,2892,2024-10-19,770048,851288.06,10.55,Performance Bonus
6530,2426,2024-08-13,1317861,1412483.42,7.18,Annual Increment
6531,1624,2025-02-19,1263022,1439339.87,13.96,Promotion
6532,92,2024-02-14,1098406,1219340.5,11.01,Annual Increment
6533,2245,2025-10-18,534456,567111.26,6.11,Promotion
6534,1723,2024-07-30,1110487,1311374.1,18.09,Performance Bonus
6535,2354,2024-12-08,1597153,1721411.5,7.78,Annual Increment
6536,2517,2024-09-15,283857,329586.36,16.11,Performance Bonus
6537,2082,2024-08-07,1606946,1793673.13,11.62,Market Adjustment
6538,894,2025-05-09,1303570,1511098.34,15.92,Salary Revision
6539,192,2024-01-03,1062039,1178863.29,11.0,Promotion
6540,2346,2024-08-08,1119709,1192154.17,6.47,Promotion
6541,2853,2025-03-24,1330111,1526834.42,14.79,Salary Revision
6542,1973,2025-10-21,1088451,1125567.18,3.41,Market Adjustment
6543,2612,2025-01-13,926652,1088074.78,17.42,Market Adjustment
6544,2339,2024-07-25,539512,568429.84,5.36,Annual Increment
6545,2845,2025-03-20,1205066,1253268.64,4.0,Salary Revision
6546,1731,2024-09-18,1718339,1993273.24,16.0,Salary Revision
6547,1645,2024-02-26,1681922,1939256.07,15.3,Annual Increment
6548,1668,2025-01-31,1069470,1138985.55,6.5,Annual Increment
6549,286,2024-11-06,1093514,1268148.19,15.97,Salary Revision
6550,2770,2025-09-07,281100,312217.77,11.07,Salary Revision
6551,2382,2025-05-12,621848,721530.23,16.03,Salary Revision
6552,2522,2025-01-17,417965,478319.15,14.44,Salary Revision
6553,2198,2025-08-08,584995,651333.43,11.34,Salary Revision
6554,631,2024-03-02,1128034,1296562.28,14.94,Promotion
6555,956,2025-03-13,1222345,1277839.46,4.54,Annual Increment
6556,2187,2024-10-24,1136861,1329900.0,16.98,Market Adjustment
6557,2502,2024-11-08,800323,847702.12,5.92,Salary Revision
6558,1196,2025-02-22,580794,601179.87,3.51,Salary Revision
6559,2194,2024-04-23,1690666,2015442.94,19.21,Promotion
6560,357,2024-11-21,1664679,1932858.79,16.11,Market Adjustment
6561,1239,2024-11-06,1690927,2026068.73,19.82,Salary Revision
6562,2836,2025-02-10,290428,304717.06,4.92,Market Adjustment
6563,2317,2025-11-07,1530302,1830700.28,19.63,Performance Bonus
6564,110,2025-07-26,1047717,1185806.1,13.18,Annual Increment
6565,2527,2024-12-16,962986,1126019.53,16.93,Performance Bonus
6566,778,2024-08-02,254177,277688.37,9.25,Salary Revision
6567,2173,2025-10-24,590590,704573.87,19.3,Market Adjustment
6568,951,2024-11-12,1427364,1691569.08,18.51,Market Adjustment
6569,2698,2025-08-04,764552,892996.74,16.8,Promotion
6570,2842,2025-02-24,1672486,1956306.87,16.97,Annual Increment
6571,1909,2024-02-18,1769762,1984965.06,12.16,Performance Bonus
6572,1932,2025-11-05,1302765,1532312.19,17.62,Annual Increment
6573,1583,2024-05-28,1579631,1728274.28,9.41,Market Adjustment
6574,2717,2025-03-14,715135,818972.6,14.52,Market Adjustment
6575,2643,2024-08-29,1356675,1531143.41,12.86,Annual Increment
6576,422,2025-03-04,1046107,1193189.64,14.06,Market Adjustment
6577,2380,2024-01-25,1765639,2016183.17,14.19,Salary Revision
6578,382,2024-08-30,939056,967509.4,3.03,Performance Bonus
6579,190,2025-07-26,489993,544333.22,11.09,Salary Revision
6580,640,2024-05-11,1114585,1267506.06,13.72,Annual Increment
6581,1828,2025-12-08,350504,373146.56,6.46,Salary Revision
6582,2577,2024-11-01,1381248,1430006.05,3.53,Annual Increment
6583,1861,2024-03-26,584147,641627.06,9.84,Salary Revision
6584,679,2024-03-11,1509629,1797666.21,19.08,Salary Revision
6585,713,2025-02-09,1615837,1903294.4,17.79,Market Adjustment
6586,1226,2025-05-09,1354312,1470105.68,8.55,Annual Increment
6587,2706,2025-03-19,290350,321649.73,10.78,Salary Revision
6588,2080,2025-05-10,1633640,1843562.74,12.85,Market Adjustment
6589,2315,2025-11-24,635562,723968.67,13.91,Performance Bonus
6590,2586,2025-12-27,827996,865338.62,4.51,Performance Bonus
6591,2212,2024-11-27,254576,280517.29,10.19,Salary Revision
6592,2808,2024-03-16,485579,559532.68,15.23,Performance Bonus
6593,452,2025-01-15,609641,710841.41,16.6,Performance Bonus
6594,1606,2024-04-17,527729,544932.97,3.26,Annual Increment
6595,2173,2024-06-22,529904,621524.4,17.29,Promotion
6596,2560,2024-07-27,501756,555744.95,10.76,Promotion
6597,1726,2025-10-17,658144,753114.18,14.43,Market Adjustment
6598,1150,2024-10-03,814812,869485.89,6.71,Salary Revision
6599,1563,2024-11-25,1571654,1792785.72,14.07,Market Adjustment
6600,1369,2025-03-14,1344546,1540446.35,14.57,Performance Bonus
6601,25,2024-02-03,420336,445724.29,6.04,Market Adjustment
6602,2712,2024-05-07,1629401,1717714.53,5.42,Promotion
6603,2694,2025-09-30,1034198,1102972.17,6.65,Salary Revision
6604,77,2024-09-12,1478022,1544976.4,4.53,Promotion
6605,913,2025-12-22,1211605,1322951.5,9.19,Annual Increment
6606,749,2025-05-14,1406201,1665785.7,18.46,Salary Revision
6607,1849,2025-12-21,1099491,1286294.52,16.99,Annual Increment
6608,1024,2025-10-25,1529356,1673115.46,9.4,Performance Bonus
6609,4,2025-04-12,526528,624514.86,18.61,Market Adjustment
6610,993,2025-12-07,1037339,1124579.21,8.41,Market Adjustment
6611,173,2025-12-20,988051,1077272.01,9.03,Performance Bonus
6612,1048,2025-11-06,1301160,1507003.51,15.82,Salary Revision
6613,1801,2025-04-09,1020109,1185774.7,16.24,Market Adjustment
6614,2784,2024-03-02,284117,339548.23,19.51,Performance Bonus
6615,2875,2025-04-30,820377,962220.18,17.29,Salary Revision
6616,2240,2025-08-24,558009,586021.05,5.02,Salary Revision
6617,1851,2025-09-21,1295247,1388893.36,7.23,Market Adjustment
6618,1133,2024-02-03,1743801,1914693.5,9.8,Promotion
6619,810,2025-03-08,516701,552456.71,6.92,Annual Increment
6620,1562,2025-06-20,1095639,1278829.84,16.72,Salary Revision
6621,2560,2025-07-02,1359266,1494241.11,9.93,Salary Revision
6622,302,2024-05-30,521261,569946.78,9.34,Market Adjustment
6623,2323,2025-05-10,1266283,1512575.04,19.45,Promotion
6624,553,2024-10-18,355901,424127.22,19.17,Promotion
6625,2478,2024-02-23,1349819,1479131.66,9.58,Promotion
6626,1683,2024-11-22,1432113,1626021.1,13.54,Annual Increment
6627,1573,2025-12-13,1124413,1234268.15,9.77,Performance Bonus
6628,2332,2024-12-23,1473492,1619957.1,9.94,Promotion
6629,1413,2024-07-05,1040532,1179651.13,13.37,Salary Revision
6630,2461,2025-03-07,1628466,1904653.83,16.96,Salary Revision
6631,2471,2025-02-11,1789343,2009790.06,12.32,Promotion
6632,1314,2024-11-03,1409402,1627718.37,15.49,Performance Bonus
6633,2278,2024-03-06,1329546,1474333.56,10.89,Performance Bonus
6634,1848,2025-04-20,1531181,1625807.99,6.18,Performance Bonus
6635,51,2024-12-15,881468,926070.28,5.06,Market Adjustment
6636,2152,2025-11-27,612108,635551.74,3.83,Market Adjustment
6637,2491,2024-02-09,768037,803597.11,4.63,Promotion
6638,2471,2024-11-13,1357045,1569829.66,15.68,Salary Revision
6639,347,2024-06-28,574550,688598.18,19.85,Performance Bonus
6640,41,2024-08-06,311511,321105.54,3.08,Annual Increment
6641,1187,2025-03-21,873883,907440.11,3.84,Performance Bonus
6642,1634,2025-07-27,557849,654245.31,17.28,Annual Increment
6643,1250,2025-12-16,1617475,1847803.44,14.24,Annual Increment
6644,1165,2025-10-11,1783205,2120409.07,18.91,Annual Increment
6645,892,2025-04-02,880234,924333.72,5.01,Promotion
6646,2116,2025-11-14,1455677,1622060.88,11.43,Promotion
6647,2604,2025-05-10,1389936,1542689.97,10.99,Annual Increment
6648,2423,2024-09-11,1535339,1722343.29,12.18,Market Adjustment
6649,2750,2025-01-03,1054770,1139678.99,8.05,Promotion
6650,1216,2024-10-17,273816,297364.18,8.6,Promotion
6651,228,2025-09-14,1337562,1419287.04,6.11,Market Adjustment
6652,951,2024-03-30,314970,354939.69,12.69,Performance Bonus
6653,1748,2025-06-05,1147805,1301036.97,13.35,Annual Increment
6654,2550,2024-03-02,797396,897070.5,12.5,Salary Revision
6655,1642,2025-05-17,512358,607451.64,18.56,Salary Revision
6656,2234,2024-02-11,321209,366274.62,14.03,Market Adjustment
6657,1648,2024-01-16,1369770,1441545.95,5.24,Annual Increment
6658,349,2024-06-02,1243752,1420364.78,14.2,Promotion
6659,2573,2024-03-19,255826,283020.3,10.63,Performance Bonus
6660,1676,2025-12-04,460772,547950.06,18.92,Performance Bonus
6661,2343,2024-02-20,948782,1135027.91,19.63,Promotion
6662,2670,2024-10-25,1786247,2034713.96,13.91,Market Adjustment
6663,28,2024-08-07,899320,964160.97,7.21,Market Adjustment
6664,2011,2024-04-11,790284,830193.34,5.05,Promotion
6665,1303,2024-11-26,722988,863175.37,19.39,Promotion
6666,1975,2024-10-27,1635118,1856185.95,13.52,Performance Bonus
6667,398,2024-10-06,276702,287438.04,3.88,Performance Bonus
6668,2032,2024-04-08,661984,754132.17,13.92,Annual Increment
6669,2033,2025-06-17,983189,1023106.47,4.06,Performance Bonus
6670,353,2025-05-29,1457118,1689528.32,15.95,Promotion
6671,185,2025-07-03,557469,640085.91,14.82,Salary Revision
6672,2392,2024-05-08,1503300,1733004.24,15.28,Salary Revision
6673,813,2025-11-30,1331367,1480879.51,11.23,Promotion
6674,1883,2025-02-10,334546,355388.22,6.23,Promotion
6675,1204,2024-08-13,901184,970394.93,7.68,Performance Bonus
6676,1174,2024-12-21,1403329,1590673.42,13.35,Market Adjustment
6677,2021,2025-08-22,1154400,1194111.36,3.44,Salary Revision
6678,1704,2024-10-10,519842,603900.45,16.17,Market Adjustment
6679,270,2025-07-04,260775,299265.39,14.76,Performance Bonus
6680,1694,2025-08-18,923925,963653.77,4.3,Salary Revision
6681,293,2024-11-29,1238213,1407972.0,13.71,Salary Revision
6682,1464,2024-02-03,438383,487569.57,11.22,Promotion
6683,2693,2025-05-07,599089,705067.84,17.69,Salary Revision
6684,1422,2025-05-30,414536,445874.92,7.56,Performance Bonus
6685,789,2024-11-19,786437,814984.66,3.63,Annual Increment
6686,2287,2025-11-08,992429,1108046.98,11.65,Market Adjustment
6687,1419,2025-10-13,1392127,1609438.02,15.61,Annual Increment
6688,1315,2025-02-25,1197685,1286673.0,7.43,Salary Revision
6689,1608,2024-04-15,1653155,1805575.89,9.22,Salary Revision
6690,2730,2025-12-10,495310,587784.38,18.67,Annual Increment
6691,2649,2025-08-22,1281582,1498938.31,16.96,Annual Increment
6692,208,2024-11-01,847806,874851.01,3.19,Promotion
6693,52,2025-01-04,1753289,1898811.99,8.3,Market Adjustment
6694,481,2024-04-17,1381573,1487954.12,7.7,Annual Increment
6695,1019,2024-05-09,1517113,1800661.42,18.69,Salary Revision
6696,613,2025-02-21,623735,651054.59,4.38,Salary Revision
6697,99,2024-06-26,1678103,1788018.75,6.55,Performance Bonus
6698,1613,2024-02-05,586212,680240.4,16.04,Annual Increment
6699,978,2025-10-06,1327394,1451107.12,9.32,Salary Revision
6700,2272,2024-06-18,1087477,1246683.63,14.64,Market Adjustment
6701,2574,2025-11-12,1704108,1970630.49,15.64,Performance Bonus
6702,2188,2025-12-24,1383478,1427887.64,3.21,Performance Bonus
6703,1318,2024-06-26,580192,657589.61,13.34,Market Adjustment
6704,371,2025-10-09,1051398,1133407.04,7.8,Performance Bonus
6705,2906,2025-05-25,1508947,1607179.45,6.51,Promotion
6706,2959,2025-04-25,746458,812295.6,8.82,Performance Bonus
6707,542,2025-06-09,669613,695995.75,3.94,Promotion
6708,2478,2024-12-17,1232353,1332173.59,8.1,Annual Increment
6709,2061,2025-02-15,1313735,1554148.51,18.3,Performance Bonus
6710,1997,2024-02-11,339278,378634.25,11.6,Salary Revision
6711,2288,2024-10-02,1262857,1513786.69,19.87,Annual Increment
6712,2444,2025-05-02,602714,625014.42,3.7,Annual Increment
6713,2456,2025-06-10,1716520,1947563.59,13.46,Salary Revision
6714,2961,2025-08-28,1702813,1936098.38,13.7,Market Adjustment
6715,911,2024-07-07,415383,434324.46,4.56,Promotion
6716,1597,2025-10-21,1043923,1092987.38,4.7,Market Adjustment
6717,2201,2024-04-07,828136,930907.68,12.41,Salary Revision
6718,193,2024-12-13,969134,1025053.03,5.77,Performance Bonus
6719,988,2025-11-21,641057,732022.99,14.19,Annual Increment
6720,2434,2025-02-12,1626146,1786484.0,9.86,Market Adjustment
6721,1863,2025-01-09,1683915,1926903.93,14.43,Promotion
6722,602,2025-01-19,287936,311921.07,8.33,Salary Revision
6723,1927,2025-02-27,1672121,1724291.18,3.12,Performance Bonus
6724,1117,2024-07-28,1012017,1164730.37,15.09,Market Adjustment
6725,1968,2024-12-27,1773391,2037094.24,14.87,Annual Increment
6726,2179,2024-08-03,1673748,1977700.64,18.16,Promotion
6727,2624,2024-03-31,662481,691365.17,4.36,Annual Increment
6728,1185,2024-07-02,1068731,1236308.02,15.68,Salary Revision
6729,2345,2025-11-16,960847,1108817.44,15.4,Salary Revision
6730,1116,2024-03-03,1133371,1336244.41,17.9,Performance Bonus
6731,1588,2025-01-01,1106003,1164068.16,5.25,Performance Bonus
6732,737,2025-11-18,770507,836385.35,8.55,Salary Revision
6733,1540,2024-10-25,255821,279305.37,9.18,Annual Increment
6734,565,2024-04-26,1056076,1100959.23,4.25,Salary Revision
6735,1234,2024-01-07,284485,299306.67,5.21,Performance Bonus
6736,2276,2024-05-13,1190414,1227316.83,3.1,Performance Bonus
6737,2118,2025-03-23,1091555,1133252.4,3.82,Annual Increment
6738,1612,2024-10-31,745984,773660.01,3.71,Performance Bonus
6739,978,2025-12-28,1160106,1358484.13,17.1,Market Adjustment
6740,181,2024-10-26,521089,601493.03,15.43,Annual Increment
6741,2651,2025-12-27,1578099,1740485.39,10.29,Annual Increment
6742,2556,2025-04-23,1392986,1573934.88,12.99,Annual Increment
6743,887,2025-05-08,1480276,1535638.32,3.74,Annual Increment
6744,676,2024-05-16,373107,435378.56,16.69,Promotion
6745,2618,2024-05-12,310424,327280.02,5.43,Promotion
6746,96,2024-05-27,1525718,1639536.56,7.46,Promotion
6747,2821,2025-05-05,669495,776948.95,16.05,Performance Bonus
6748,1520,2025-04-17,1442070,1599976.66,10.95,Salary Revision
6749,1502,2024-03-21,734998,864210.65,17.58,Salary Revision
6750,2660,2025-01-04,641481,766441.5,19.48,Annual Increment
6751,203,2025-02-03,1557114,1793483.91,15.18,Performance Bonus
6752,177,2025-09-05,529021,622499.01,17.67,Performance Bonus
6753,1429,2025-03-05,1283888,1526414.44,18.89,Market Adjustment
6754,1056,2024-07-13,823265,985365.88,19.69,Salary Revision
6755,562,2024-06-30,341949,370741.11,8.42,Salary Revision
6756,2478,2024-06-04,840381,964673.35,14.79,Market Adjustment
6757,923,2025-10-17,1327505,1387773.73,4.54,Salary Revision
6758,67,2025-05-11,1572509,1769701.63,12.54,Salary Revision
6759,2439,2025-03-17,1066399,1161415.15,8.91,Market Adjustment
6760,2169,2024-09-22,693256,747468.62,7.82,Market Adjustment
6761,1353,2025-09-29,1084953,1298363.26,19.67,Promotion
6762,688,2024-06-02,1502247,1750117.76,16.5,Market Adjustment
6763,612,2025-04-26,508679,566617.54,11.39,Performance Bonus
6764,215,2024-11-10,910387,1045943.62,14.89,Performance Bonus
6765,50,2025-04-29,742272,886866.59,19.48,Performance Bonus
6766,421,2025-03-16,1130801,1326316.49,17.29,Market Adjustment
6767,2220,2025-11-19,1137215,1177244.97,3.52,Annual Increment
6768,1214,2024-04-03,1191431,1402076.0,17.68,Promotion
6769,1727,2024-04-19,1101663,1137687.38,3.27,Promotion
6770,1448,2024-02-14,381885,417094.8,9.22,Market Adjustment
6771,112,2024-01-17,398910,436287.87,9.37,Promotion
6772,2789,2024-07-23,259160,269915.14,4.15,Promotion
6773,2783,2025-04-14,1772187,2016571.59,13.79,Annual Increment
6774,1734,2024-12-24,1292390,1508865.32,16.75,Market Adjustment
6775,1734,2025-08-06,363180,395503.02,8.9,Performance Bonus
6776,2344,2025-08-08,379684,415184.45,9.35,Promotion
6777,1048,2025-10-22,883805,921631.85,4.28,Promotion
6778,2420,2025-04-06,934504,1011413.68,8.23,Salary Revision
6779,1087,2025-06-14,368729,424259.59,15.06,Market Adjustment
6780,2998,2025-02-28,1016229,1083604.98,6.63,Market Adjustment
6781,2845,2025-09-30,1230498,1389478.34,12.92,Market Adjustment
6782,2961,2025-03-17,1215182,1277034.76,5.09,Annual Increment
6783,2634,2025-05-07,1350402,1537162.6,13.83,Salary Revision
6784,1630,2024-02-14,1161689,1387056.67,19.4,Market Adjustment
6785,2943,2025-06-30,1098540,1239922.1,12.87,Performance Bonus
6786,1353,2024-05-10,1064414,1256540.73,18.05,Salary Revision
6787,963,2024-10-01,658542,776947.85,17.98,Salary Revision
6788,2028,2025-04-17,803319,913052.38,13.66,Salary Revision
6789,1885,2024-04-09,1080447,1213341.98,12.3,Annual Increment
6790,1533,2025-02-13,1690040,1875437.39,10.97,Promotion
6791,995,2025-05-06,1705559,1895387.72,11.13,Performance Bonus
6792,2995,2024-03-02,436021,489302.77,12.22,Promotion
6793,25,2024-11-08,1597187,1672254.79,4.7,Promotion
6794,672,2025-03-10,303547,343797.33,13.26,Performance Bonus
6795,2003,2025-09-13,757291,807953.77,6.69,Promotion
6796,2828,2024-02-10,1731571,1961177.31,13.26,Performance Bonus
6797,872,2024-02-24,1681541,1770158.21,5.27,Salary Revision
6798,1659,2024-03-18,856277,919641.5,7.4,Promotion
6799,2297,2024-11-24,529700,574618.56,8.48,Promotion
6800,1618,2025-02-22,1215086,1329182.58,9.39,Salary Revision
6801,2674,2024-02-04,641814,689244.05,7.39,Performance Bonus
6802,1940,2025-08-02,746515,847817.09,13.57,Promotion
6803,917,2025-08-28,1761899,1974912.59,12.09,Market Adjustment
6804,2670,2024-11-21,545051,565708.43,3.79,Promotion
6805,2810,2025-04-07,632438,653751.16,3.37,Annual Increment
6806,1030,2025-03-30,1694392,2030898.25,19.86,Annual Increment
6807,1734,2024-11-02,1543622,1639480.93,6.21,Promotion
6808,2115,2024-01-18,834896,901604.19,7.99,Promotion
6809,1217,2025-02-18,1287343,1470403.17,14.22,Salary Revision
6810,2421,2025-02-08,1351573,1426450.14,5.54,Salary Revision
6811,38,2025-06-25,1660686,1847014.97,11.22,Market Adjustment
6812,345,2025-03-28,938402,1101027.07,17.33,Market Adjustment
6813,520,2024-10-17,1065800,1108218.84,3.98,Performance Bonus
6814,1326,2025-06-03,1165233,1312751.5,12.66,Salary Revision
6815,2550,2024-05-07,395626,421064.75,6.43,Promotion
6816,510,2025-06-02,311770,321310.16,3.06,Performance Bonus
6817,1165,2025-06-12,765595,816353.95,6.63,Promotion
6818,755,2025-10-27,1157009,1387022.39,19.88,Promotion
6819,526,2025-05-19,1283399,1419952.65,10.64,Performance Bonus
6820,895,2025-12-02,677298,805781.43,18.97,Performance Bonus
6821,2974,2025-02-11,1311645,1507080.1,14.9,Annual Increment
6822,1632,2024-08-17,1092654,1297963.69,18.79,Performance Bonus
6823,116,2024-07-30,1178933,1215008.35,3.06,Salary Revision
6824,1481,2025-04-09,359806,385172.32,7.05,Annual Increment
6825,1373,2024-12-16,1538411,1666406.8,8.32,Salary Revision
6826,2063,2024-05-12,888028,935093.48,5.3,Market Adjustment
6827,348,2025-10-27,1776571,2078765.73,17.01,Performance Bonus
6828,2901,2024-07-08,873926,1008248.43,15.37,Promotion
6829,2032,2024-06-18,816752,843786.49,3.31,Performance Bonus
6830,1939,2024-03-27,1019285,1137623.99,11.61,Performance Bonus
6831,1858,2025-08-06,1131323,1191735.65,5.34,Salary Revision
6832,10,2024-03-16,1151146,1348222.2,17.12,Annual Increment
6833,164,2025-08-29,764033,878714.35,15.01,Promotion
6834,2083,2025-04-08,1639069,1961965.59,19.7,Performance Bonus
6835,1075,2024-10-22,1113236,1284563.02,15.39,Market Adjustment
6836,2350,2024-03-10,1189139,1278800.08,7.54,Salary Revision
6837,1990,2024-01-22,1604107,1812159.68,12.97,Annual Increment
6838,2142,2025-04-15,706317,845320.19,19.68,Salary Revision
6839,2783,2024-05-22,1265871,1464992.51,15.73,Salary Revision
6840,2901,2024-12-03,832581,976784.03,17.32,Salary Revision
6841,317,2024-09-01,790409,894584.91,13.18,Salary Revision
6842,1751,2025-11-24,322103,364040.81,13.02,Salary Revision
6843,1291,2024-02-20,907630,937037.21,3.24,Market Adjustment
6844,2447,2025-02-20,1722620,2008747.18,16.61,Promotion
6845,586,2025-02-05,1124398,1306325.6,16.18,Performance Bonus
6846,1215,2024-08-11,703987,740383.13,5.17,Promotion
6847,2419,2025-04-22,789513,933046.46,18.18,Annual Increment
6848,536,2024-04-05,461485,487651.2,5.67,Salary Revision
6849,2400,2024-07-31,1726161,2052232.81,18.89,Salary Revision
6850,2667,2024-07-15,406510,464356.37,14.23,Annual Increment
6851,1350,2024-07-16,1541673,1663465.17,7.9,Market Adjustment
6852,934,2025-06-03,777387,802885.29,3.28,Annual Increment
6853,748,2025-03-27,1686666,1866464.6,10.66,Promotion
6854,564,2024-10-09,654977,765537.12,16.88,Salary Revision
6855,2881,2025-05-13,887923,1056273.2,18.96,Market Adjustment
6856,708,2024-02-11,1585833,1677018.4,5.75,Performance Bonus
6857,2930,2024-01-26,1216986,1407931.1,15.69,Performance Bonus
6858,264,2025-01-30,1326660,1541048.26,16.16,Salary Revision
6859,579,2024-07-07,520045,553795.92,6.49,Salary Revision
6860,2634,2025-03-06,1395120,1590855.34,14.03,Annual Increment
6861,1351,2024-04-02,1628383,1828511.27,12.29,Market Adjustment
6862,277,2024-10-01,1063554,1189904.22,11.88,Performance Bonus
6863,2858,2025-03-07,411554,493000.54,19.79,Promotion
6864,2859,2025-08-16,1766946,1896639.84,7.34,Market Adjustment
6865,1642,2025-04-25,891618,989250.17,10.95,Salary Revision
6866,2456,2025-02-10,1375080,1643633.12,19.53,Market Adjustment
6867,1604,2025-09-19,301383,349001.51,15.8,Market Adjustment
6868,2111,2024-07-02,1148380,1316847.35,14.67,Salary Revision
6869,1104,2025-06-12,1439859,1672828.19,16.18,Performance Bonus
6870,790,2025-08-15,1672436,1876640.44,12.21,Annual Increment
6871,2544,2025-03-24,1182758,1249229.0,5.62,Performance Bonus
6872,489,2024-10-05,356315,417850.6,17.27,Annual Increment
6873,2351,2025-08-16,545087,600086.28,10.09,Performance Bonus
6874,1642,2025-02-18,527680,544196.38,3.13,Performance Bonus
6875,1322,2025-04-26,997275,1179876.05,18.31,Performance Bonus
6876,2804,2025-04-21,1312348,1442401.69,9.91,Market Adjustment
6877,1354,2024-01-31,1297028,1482632.71,14.31,Salary Revision
6878,1633,2025-05-12,926276,1005657.85,8.57,Market Adjustment
6879,2022,2025-12-28,988333,1034784.65,4.7,Promotion
6880,1044,2025-08-30,1236207,1363907.18,10.33,Annual Increment
6881,29,2025-10-27,359687,394109.05,9.57,Performance Bonus
6882,1383,2024-07-13,1342657,1562584.22,16.38,Performance Bonus
6883,2175,2024-03-07,528485,570499.56,7.95,Annual Increment
6884,1464,2024-04-28,399508,439658.55,10.05,Market Adjustment
6885,1046,2025-08-10,931775,976593.38,4.81,Promotion
6886,1052,2025-03-24,884465,950092.3,7.42,Salary Revision
6887,2412,2024-04-05,1532665,1701717.95,11.03,Market Adjustment
6888,21,2025-11-19,551403,643101.32,16.63,Promotion
6889,826,2025-12-18,1359988,1494762.81,9.91,Salary Revision
6890,1745,2025-06-02,285627,319073.92,11.71,Promotion
6891,1304,2025-09-17,1235560,1454748.34,17.74,Annual Increment
6892,1854,2024-08-30,291691,347958.19,19.29,Performance Bonus
6893,795,2025-12-25,345592,407764.0,17.99,Market Adjustment
6894,1097,2025-03-10,572715,679125.45,18.58,Salary Revision
6895,2634,2025-01-30,1112374,1157202.67,4.03,Annual Increment
6896,2842,2025-01-26,947899,1094159.82,15.43,Salary Revision
6897,2505,2024-10-26,1793261,2010066.25,12.09,Annual Increment
6898,2494,2025-05-03,832960,963651.42,15.69,Promotion
6899,1103,2024-02-22,1650841,1862643.9,12.83,Salary Revision
6900,1775,2025-11-06,1587920,1653501.1,4.13,Salary Revision
6901,1949,2024-11-30,1500692,1669369.78,11.24,Salary Revision
6902,1995,2024-04-04,532967,625116.99,17.29,Market Adjustment
6903,627,2024-10-23,1414419,1521490.52,7.57,Promotion
6904,1486,2024-05-24,1066296,1208753.15,13.36,Salary Revision
6905,54,2024-05-10,876679,950320.04,8.4,Annual Increment
6906,1901,2024-01-24,679169,740430.04,9.02,Performance Bonus
6907,2832,2025-01-04,1282098,1385819.73,8.09,Salary Revision
6908,59,2024-06-07,1451745,1574707.8,8.47,Promotion
6909,2348,2024-02-09,776835,889553.76,14.51,Market Adjustment
6910,2395,2024-08-03,1566879,1816639.51,15.94,Annual Increment
6911,575,2025-07-01,1629634,1950671.9,19.7,Annual Increment
6912,691,2024-05-31,1754134,1990766.68,13.49,Market Adjustment
6913,603,2025-01-13,1614561,1902275.77,17.82,Annual Increment
6914,956,2025-12-20,438792,478327.16,9.01,Salary Revision
6915,2460,2024-08-27,543416,590421.48,8.65,Market Adjustment
6916,2501,2024-04-19,286830,318295.25,10.97,Market Adjustment
6917,630,2025-10-26,335708,358771.14,6.87,Salary Revision
6918,1803,2024-10-25,1644580,1822523.56,10.82,Market Adjustment
6919,2182,2024-04-26,1166007,1292168.96,10.82,Salary Revision
6920,1497,2024-04-15,488401,557558.58,14.16,Annual Increment
6921,2104,2025-01-11,1142046,1319519.95,15.54,Salary Revision
6922,2956,2025-08-24,583377,620829.8,6.42,Salary Revision
6923,2139,2024-02-08,1768146,1860089.59,5.2,Salary Revision
6924,1311,2025-05-21,1595087,1783945.3,11.84,Performance Bonus
6925,2853,2024-05-27,1328571,1550442.36,16.7,Market Adjustment
6926,435,2025-11-22,1446533,1593211.45,10.14,Promotion
6927,2649,2025-09-27,710918,752577.79,5.86,Performance Bonus
6928,128,2025-08-26,1795241,2045318.07,13.93,Salary Revision
6929,1544,2024-09-14,1752465,1990624.99,13.59,Market Adjustment
6930,679,2024-04-07,1213109,1336118.25,10.14,Performance Bonus
6931,1199,2025-02-24,1332872,1420441.69,6.57,Performance Bonus
6932,789,2025-06-12,1717574,1769788.25,3.04,Performance Bonus
6933,745,2025-02-03,1488065,1586723.71,6.63,Annual Increment
6934,1522,2025-03-31,443509,530835.92,19.69,Salary Revision
6935,370,2025-04-12,1233017,1383445.07,12.2,Promotion
6936,1208,2024-05-23,557613,658373.67,18.07,Market Adjustment
6937,1393,2024-05-30,1430961,1549873.86,8.31,Salary Revision
6938,2248,2025-02-20,1495120,1752430.15,17.21,Performance Bonus
6939,626,2024-07-25,744018,783227.75,5.27,Promotion
6940,902,2024-03-20,1621041,1800166.03,11.05,Performance Bonus
6941,2559,2024-11-16,1304001,1552804.39,19.08,Annual Increment
6942,621,2024-04-29,609164,651074.48,6.88,Salary Revision
6943,232,2025-08-21,325312,374238.92,15.04,Performance Bonus
6944,1296,2024-11-22,821961,968598.84,17.84,Salary Revision
6945,2572,2024-01-17,1587484,1756074.8,10.62,Salary Revision
6946,1150,2024-11-28,1227305,1469575.01,19.74,Salary Revision
6947,1323,2025-01-26,1724857,1852668.9,7.41,Performance Bonus
6948,1724,2024-11-21,1291025,1398696.48,8.34,Promotion
6949,2431,2024-12-15,1350651,1408999.12,4.32,Salary Revision
6950,2216,2024-10-24,1559283,1787717.96,14.65,Performance Bonus
6951,861,2024-03-11,1220496,1363782.23,11.74,Market Adjustment
6952,2389,2025-09-09,385899,418507.47,8.45,Salary Revision
6953,238,2024-08-26,1419846,1602722.16,12.88,Market Adjustment
6954,2089,2025-04-25,1526168,1769744.41,15.96,Performance Bonus
6955,687,2024-12-24,1099319,1286862.82,17.06,Promotion
6956,2071,2024-03-26,802755,901975.52,12.36,Performance Bonus
6957,1684,2024-09-17,680677,761881.77,11.93,Promotion
6958,70,2024-06-15,1687068,1875007.38,11.14,Annual Increment
6959,619,2024-08-08,748692,846695.78,13.09,Annual Increment
6960,739,2024-02-19,490158,582846.88,18.91,Salary Revision
6961,115,2024-01-30,1575473,1850393.04,17.45,Annual Increment
6962,2242,2025-12-23,1396770,1462418.19,4.7,Salary Revision
6963,2651,2024-06-06,1382504,1546883.73,11.89,Performance Bonus
6964,2686,2025-12-17,456132,509408.22,11.68,Promotion
6965,109,2024-06-04,1610749,1885703.85,17.07,Annual Increment
6966,1646,2025-07-26,1063745,1225008.74,15.16,Salary Revision
6967,151,2025-03-14,498348,517285.22,3.8,Salary Revision
6968,541,2024-09-30,710211,789612.59,11.18,Promotion
6969,2415,2024-04-14,1413577,1490616.95,5.45,Salary Revision
6970,2486,2025-07-06,734374,784384.87,6.81,Salary Revision
6971,2715,2025-08-04,1165740,1331741.38,14.24,Salary Revision
6972,1861,2024-11-19,346930,371631.42,7.12,Market Adjustment
6973,182,2025-02-24,1132320,1260725.09,11.34,Performance Bonus
6974,2094,2025-09-02,1538036,1692301.01,10.03,Salary Revision
6975,2989,2025-11-16,722459,866517.32,19.94,Promotion
6976,1386,2025-10-28,993048,1139423.28,14.74,Annual Increment
6977,1995,2024-07-16,1177484,1260025.63,7.01,Annual Increment
6978,700,2024-02-05,1630345,1928372.07,18.28,Promotion
6979,411,2025-11-10,927180,1006917.48,8.6,Annual Increment
6980,2791,2025-02-18,917506,1013660.63,10.48,Annual Increment
6981,1465,2024-01-09,516292,588263.1,13.94,Salary Revision
6982,1960,2025-07-27,1545761,1750728.91,13.26,Promotion
6983,2116,2025-09-26,824301,948688.02,15.09,Market Adjustment
6984,1079,2025-11-30,343768,372266.37,8.29,Salary Revision
6985,2202,2024-01-06,688800,721724.64,4.78,Annual Increment
6986,1276,2025-09-07,383989,415668.09,8.25,Performance Bonus
6987,211,2024-10-06,1616086,1917324.43,18.64,Annual Increment
6988,625,2025-01-14,725679,868057.22,19.62,Market Adjustment
6989,202,2025-02-28,666184,731536.65,9.81,Performance Bonus
6990,467,2024-12-11,930105,1057250.35,13.67,Performance Bonus
6991,2187,2025-04-28,1511941,1576500.88,4.27,Annual Increment
6992,2388,2024-07-21,1589807,1755782.85,10.44,Performance Bonus
6993,2531,2025-05-16,1186186,1330188.98,12.14,Promotion
6994,951,2025-04-08,1589680,1900462.44,19.55,Market Adjustment
6995,1463,2024-01-24,1144124,1278100.92,11.71,Market Adjustment
6996,1688,2024-09-13,1242013,1400618.06,12.77,Market Adjustment
6997,102,2025-01-31,736334,860995.35,16.93,Performance Bonus
6998,2973,2024-07-29,1146056,1366213.36,19.21,Annual Increment
6999,272,2024-06-03,1155983,1233433.86,6.7,Promotion
7000,2512,2024-05-20,919616,1022245.15,11.16,Performance Bonus
