training_id,employee_id,program_id,training_date,completion_status,score,certification_status
1,1127,32,2024-02-04,Completed,61.0,No
2,2772,95,2025-11-24,Completed,66.0,No
3,357,76,2024-03-14,In Progress,,No
4,384,28,2024-03-19,Completed,61.0,No
5,109,72,2025-07-09,Completed,98.0,Yes
6,1719,29,2025-10-02,Completed,94.0,Yes
7,27,98,2024-03-14,Completed,77.0,Yes
8,2860,55,2025-11-16,In Progress,,No
9,882,98,2025-11-25,Completed,69.0,No
10,1557,13,2025-10-05,Completed,65.0,No
11,2473,34,2025-04-19,Completed,82.0,Yes
12,2989,59,2025-05-03,In Progress,,No
13,323,71,2025-10-19,Completed,84.0,Yes
14,2534,47,2025-03-10,Completed,100.0,Yes
15,188,85,2024-06-22,Completed,64.0,No
16,327,30,2024-11-04,Completed,78.0,Yes
17,1557,36,2024-02-13,In Progress,,No
18,667,48,2025-05-06,Completed,83.0,Yes
19,2875,88,2024-12-30,Completed,77.0,Yes
20,2601,22,2024-09-23,Completed,98.0,Yes
21,670,60,2024-06-15,Completed,75.0,Yes
22,2819,72,2024-02-16,Completed,100.0,Yes
23,230,30,2025-09-10,Completed,80.0,Yes
24,1293,52,2025-11-10,In Progress,,No
25,2324,92,2024-02-27,Completed,73.0,No
26,1621,83,2025-08-22,Completed,91.0,Yes
27,572,32,2024-01-03,Completed,76.0,Yes
28,1077,96,2025-10-11,Completed,94.0,Yes
29,1636,47,2025-07-11,Completed,97.0,Yes
30,2088,64,2025-12-30,Completed,68.0,No
31,450,20,2024-07-17,Completed,63.0,No
32,2443,9,2024-03-13,Completed,87.0,Yes
33,1918,68,2025-10-07,Completed,98.0,Yes
34,48,88,2024-01-03,Completed,95.0,Yes
35,1093,99,2024-12-23,Completed,94.0,Yes
36,1203,56,2024-03-13,Completed,67.0,No
37,2958,93,2025-07-05,Completed,60.0,No
38,732,65,2025-05-28,Completed,92.0,Yes
39,2562,39,2025-06-09,In Progress,,No
40,2080,78,2024-04-20,In Progress,,No
41,662,70,2024-10-03,Completed,83.0,Yes
42,2173,1,2024-04-14,Not Completed,,No
43,80,15,2025-07-18,Completed,91.0,Yes
44,1260,31,2025-04-19,In Progress,,No
45,323,11,2025-12-22,Completed,96.0,Yes
46,2182,99,2024-07-01,Completed,64.0,No
47,2252,22,2024-05-02,Completed,90.0,Yes
48,1734,28,2024-11-06,Completed,98.0,Yes
49,2990,89,2025-08-31,In Progress,,No
50,1635,86,2025-10-19,Completed,79.0,Yes
51,2120,58,2024-04-11,Completed,88.0,Yes
52,263,44,2025-01-26,Completed,74.0,No
53,943,76,2024-02-17,Completed,95.0,Yes
54,2900,81,2025-08-06,Completed,64.0,No
55,129,43,2024-12-16,Completed,64.0,No
56,1141,86,2025-05-10,Completed,75.0,Yes
57,542,93,2025-01-17,Completed,94.0,Yes
58,2339,74,2025-09-27,In Progress,,No
59,1668,25,2024-04-25,Completed,90.0,Yes
60,1452,55,2025-10-17,Completed,87.0,Yes
61,2759,84,2025-03-10,Completed,63.0,No
62,404,8,2025-05-15,Not Completed,,No
63,448,32,2025-08-31,Completed,81.0,Yes
64,1838,18,2025-07-22,Completed,94.0,Yes
65,1895,32,2025-02-06,Completed,77.0,Yes
66,309,57,2024-06-17,In Progress,,No
67,2255,13,2024-11-19,In Progress,,No
68,61,12,2024-03-01,Completed,94.0,Yes
69,969,22,2025-11-15,In Progress,,No
70,876,52,2025-05-27,Completed,90.0,Yes
71,675,49,2025-03-20,In Progress,,No
72,1087,59,2024-07-16,Completed,84.0,Yes
73,2712,92,2024-04-18,Completed,95.0,Yes
74,1216,28,2025-06-06,Completed,72.0,No
75,2373,95,2025-10-30,Not Completed,,No
76,235,7,2024-06-07,Completed,80.0,Yes
77,2176,21,2025-10-06,Completed,92.0,Yes
78,329,24,2024-03-07,Completed,92.0,Yes
79,2766,31,2025-11-20,Completed,64.0,No
80,1009,75,2025-09-10,Completed,96.0,Yes
81,336,54,2024-01-22,Completed,99.0,Yes
82,2142,41,2024-02-18,Completed,96.0,Yes
83,837,86,2024-09-23,In Progress,,No
84,1088,51,2025-07-04,Completed,75.0,Yes
85,1873,41,2024-09-15,Completed,79.0,Yes
86,298,2,2024-02-14,In Progress,,No
87,410,10,2024-12-18,Completed,96.0,Yes
88,1087,17,2025-06-27,Completed,92.0,Yes
89,282,32,2025-11-09,In Progress,,No
90,1795,70,2025-11-20,Completed,70.0,No
91,2679,68,2024-10-31,Completed,99.0,Yes
92,1227,85,2024-02-25,Completed,95.0,Yes
93,1084,15,2024-06-07,Completed,68.0,No
94,2267,20,2025-05-24,In Progress,,No
95,863,92,2024-10-19,Completed,98.0,Yes
96,1082,65,2025-02-02,Completed,100.0,Yes
97,379,82,2024-06-30,Completed,63.0,No
98,181,1,2024-09-11,Completed,77.0,Yes
99,2610,34,2024-04-01,Completed,68.0,No
100,2260,91,2024-05-24,Completed,88.0,Yes
101,459,10,2024-06-27,Completed,60.0,No
102,2831,20,2024-09-04,In Progress,,No
103,2386,71,2024-08-24,Completed,83.0,Yes
104,172,40,2025-09-11,Completed,68.0,No
105,1466,27,2024-07-08,Completed,62.0,No
106,1449,100,2025-10-28,Completed,66.0,No
107,2543,96,2024-02-19,Completed,86.0,Yes
108,666,23,2024-06-27,Completed,75.0,Yes
109,102,23,2025-01-30,In Progress,,No
110,1687,86,2025-05-19,Completed,81.0,Yes
111,1017,35,2025-07-29,In Progress,,No
112,1567,5,2024-12-10,Completed,66.0,No
113,912,26,2025-03-23,In Progress,,No
114,1886,45,2024-10-23,In Progress,,No
115,914,4,2024-02-05,Completed,74.0,No
116,1345,36,2024-07-27,Completed,85.0,Yes
117,1144,45,2025-08-01,In Progress,,No
118,2784,69,2024-06-29,Completed,85.0,Yes
119,473,34,2025-01-07,Completed,61.0,No
120,157,14,2025-09-27,Completed,76.0,Yes
121,2985,41,2024-02-02,Completed,82.0,Yes
122,474,50,2024-05-14,Completed,92.0,Yes
123,779,33,2024-02-23,In Progress,,No
124,7,67,2024-05-02,Completed,87.0,Yes
125,2206,88,2025-09-24,In Progress,,No
126,1492,56,2025-08-09,Completed,72.0,No
127,2553,41,2024-09-23,Completed,81.0,Yes
128,2949,39,2025-12-15,Completed,67.0,No
129,1337,52,2024-12-12,Completed,86.0,Yes
130,522,25,2025-10-29,Completed,95.0,Yes
131,2775,96,2025-05-07,Completed,84.0,Yes
132,2522,73,2024-02-02,In Progress,,No
133,2,39,2024-09-26,Completed,95.0,Yes
134,2376,78,2025-10-18,Completed,87.0,Yes
135,1810,57,2024-03-14,Completed,89.0,Yes
136,1939,95,2024-07-04,Completed,92.0,Yes
137,1163,66,2025-12-15,Completed,65.0,No
138,1373,12,2024-10-02,Completed,99.0,Yes
139,963,87,2025-08-29,In Progress,,No
140,604,4,2024-04-11,Completed,72.0,No
141,2504,99,2024-09-05,Completed,90.0,Yes
142,2580,74,2025-04-29,Completed,86.0,Yes
143,2025,52,2024-11-21,Completed,84.0,Yes
144,437,100,2025-06-13,Completed,60.0,No
145,2851,67,2025-10-24,Completed,71.0,No
146,1021,16,2024-02-26,Completed,95.0,Yes
147,2735,68,2024-07-17,Completed,89.0,Yes
148,2439,41,2025-07-27,Not Completed,,No
149,1813,79,2024-09-22,Not Completed,,No
150,2068,55,2025-11-17,In Progress,,No
151,2245,58,2024-03-13,In Progress,,No
152,1945,58,2024-03-18,In Progress,,No
153,2612,36,2024-02-22,Completed,75.0,Yes
154,1985,81,2024-04-14,Completed,93.0,Yes
155,318,92,2025-03-04,Completed,88.0,Yes
156,1376,41,2025-12-20,Completed,77.0,Yes
157,331,18,2024-01-10,In Progress,,No
158,2843,20,2025-07-15,Completed,84.0,Yes
159,1700,53,2024-10-16,Completed,64.0,No
160,1704,8,2025-06-19,Completed,89.0,Yes
161,1596,99,2024-04-12,Completed,86.0,Yes
162,2359,49,2025-08-31,Completed,61.0,No
163,1224,97,2024-01-21,Completed,82.0,Yes
164,2205,96,2024-04-12,Completed,86.0,Yes
165,904,63,2024-01-29,Completed,98.0,Yes
166,1990,4,2024-09-01,Completed,87.0,Yes
167,2967,22,2025-10-17,Completed,85.0,Yes
168,523,80,2024-11-10,In Progress,,No
169,2425,73,2024-04-11,Completed,85.0,Yes
170,2633,55,2024-08-26,Completed,65.0,No
171,745,7,2025-02-08,Completed,89.0,Yes
172,867,59,2025-03-08,Completed,80.0,Yes
173,1140,97,2024-01-02,Completed,84.0,Yes
174,1727,33,2024-01-31,Not Completed,,No
175,1927,3,2024-09-03,In Progress,,No
176,1434,29,2025-02-15,Completed,63.0,No
177,128,32,2024-01-14,Completed,62.0,No
178,2545,20,2024-10-18,Completed,61.0,No
179,2743,15,2024-08-28,Completed,90.0,Yes
180,1905,90,2025-11-29,Completed,73.0,No
181,688,78,2024-12-11,Completed,83.0,Yes
182,671,40,2025-10-13,Completed,67.0,No
183,1278,74,2024-03-03,Completed,61.0,No
184,1625,92,2025-01-27,Completed,84.0,Yes
185,2829,81,2024-05-19,Completed,97.0,Yes
186,2803,77,2024-06-21,Completed,79.0,Yes
187,2319,6,2024-05-18,In Progress,,No
188,2710,48,2025-05-19,Completed,87.0,Yes
189,52,54,2024-03-04,Completed,81.0,Yes
190,433,56,2024-12-07,In Progress,,No
191,2604,59,2024-06-16,Not Completed,,No
192,722,94,2024-04-24,Completed,87.0,Yes
193,2523,69,2025-01-17,Completed,77.0,Yes
194,1785,94,2025-01-22,Completed,89.0,Yes
195,1006,12,2025-10-23,Completed,80.0,Yes
196,999,97,2025-09-19,Completed,88.0,Yes
197,2737,49,2024-07-15,Completed,99.0,Yes
198,1332,24,2025-08-30,Completed,91.0,Yes
199,1059,44,2025-10-22,Completed,82.0,Yes
200,2873,36,2025-10-12,Completed,98.0,Yes
201,783,11,2025-04-09,Completed,93.0,Yes
202,2002,72,2024-07-30,Completed,86.0,Yes
203,2646,92,2024-05-06,Completed,90.0,Yes
204,382,38,2024-10-31,Completed,61.0,No
205,1255,85,2025-11-23,Completed,75.0,Yes
206,2268,68,2025-08-03,Completed,90.0,Yes
207,1355,46,2025-03-03,Completed,95.0,Yes
208,1256,33,2024-07-26,Completed,77.0,Yes
209,1293,16,2025-03-15,Completed,72.0,No
210,785,28,2025-06-05,Completed,71.0,No
211,2968,76,2024-06-25,Completed,77.0,Yes
212,2149,77,2024-09-18,Not Completed,,No
213,796,38,2024-01-05,Completed,66.0,No
214,1239,2,2024-04-25,Completed,71.0,No
215,1124,6,2025-10-07,Completed,68.0,No
216,2267,38,2024-09-03,Not Completed,,No
217,2613,97,2025-12-05,Completed,68.0,No
218,2352,37,2025-08-19,Completed,60.0,No
219,1396,24,2024-04-25,Completed,88.0,Yes
220,1035,62,2024-08-01,Not Completed,,No
221,1642,63,2024-04-02,Completed,64.0,No
222,2812,7,2025-03-14,Completed,100.0,Yes
223,1245,11,2025-07-28,Completed,96.0,Yes
224,486,72,2025-06-29,Not Completed,,No
225,2442,80,2024-09-07,Completed,98.0,Yes
226,1559,58,2025-09-03,Completed,93.0,Yes
227,1218,76,2025-09-30,In Progress,,No
228,1251,73,2024-07-19,Not Completed,,No
229,407,98,2024-07-05,Completed,99.0,Yes
230,1084,85,2025-07-08,Completed,73.0,No
231,712,71,2025-02-12,Completed,75.0,Yes
232,1674,58,2025-09-03,Completed,60.0,No
233,1193,5,2025-12-21,Completed,90.0,Yes
234,2880,59,2024-02-11,Completed,78.0,Yes
235,1084,81,2025-09-15,Completed,74.0,No
236,1742,15,2025-03-29,Completed,72.0,No
237,1089,19,2024-06-17,Completed,69.0,No
238,1260,77,2025-09-09,Completed,70.0,No
239,1183,57,2025-04-13,Completed,96.0,Yes
240,2867,52,2024-04-16,Completed,79.0,Yes
241,2050,70,2025-07-28,In Progress,,No
242,2450,6,2024-06-30,Completed,65.0,No
243,1321,78,2024-04-04,In Progress,,No
244,938,87,2025-05-27,Completed,65.0,No
245,2357,76,2025-06-30,In Progress,,No
246,2754,35,2024-12-30,Not Completed,,No
247,1928,67,2024-11-27,Completed,71.0,No
248,744,75,2025-02-10,Completed,77.0,Yes
249,374,61,2025-12-30,Completed,91.0,Yes
250,1316,86,2024-10-28,Completed,81.0,Yes
251,1351,53,2025-08-06,Completed,70.0,No
252,2714,52,2025-07-31,Completed,78.0,Yes
253,2254,5,2025-09-14,In Progress,,No
254,1034,42,2024-03-18,Completed,80.0,Yes
255,2108,1,2025-11-11,Completed,85.0,Yes
256,1893,53,2025-08-17,Completed,94.0,Yes
257,1482,80,2025-12-05,Completed,93.0,Yes
258,1811,98,2024-03-30,Completed,100.0,Yes
259,2250,17,2025-08-14,Completed,77.0,Yes
260,1795,90,2024-08-20,In Progress,,No
261,2581,78,2024-02-08,Completed,61.0,No
262,1273,71,2025-03-29,Completed,70.0,No
263,382,29,2024-07-24,Completed,86.0,Yes
264,465,60,2024-05-04,Not Completed,,No
265,2654,20,2025-03-25,In Progress,,No
266,2085,91,2024-05-29,Completed,78.0,Yes
267,1935,32,2024-01-26,Completed,90.0,Yes
268,1572,25,2024-06-17,Completed,69.0,No
269,2082,96,2024-08-29,In Progress,,No
270,286,36,2024-10-28,In Progress,,No
271,1393,65,2024-06-01,Completed,86.0,Yes
272,1159,93,2024-03-02,Completed,60.0,No
273,2376,85,2025-01-08,Completed,97.0,Yes
274,1830,69,2024-01-29,Completed,69.0,No
275,2261,98,2024-10-06,Completed,81.0,Yes
276,1319,25,2024-08-28,Completed,89.0,Yes
277,979,74,2024-06-30,Not Completed,,No
278,179,41,2024-11-11,Completed,86.0,Yes
279,1582,85,2025-02-03,Completed,84.0,Yes
280,2029,5,2025-12-12,Completed,69.0,No
281,1360,13,2024-11-05,Completed,97.0,Yes
282,1804,13,2024-06-29,In Progress,,No
283,63,93,2025-02-17,Completed,89.0,Yes
284,307,61,2024-04-22,Completed,69.0,No
285,1387,80,2024-03-23,Completed,76.0,Yes
286,1346,87,2024-01-03,Completed,65.0,No
287,1557,41,2025-07-01,In Progress,,No
288,2217,5,2024-05-26,Completed,91.0,Yes
289,2586,88,2024-08-01,Completed,75.0,Yes
290,932,96,2024-10-17,In Progress,,No
291,2596,91,2025-09-22,Completed,66.0,No
292,1818,22,2025-04-11,In Progress,,No
293,189,42,2024-06-04,Completed,61.0,No
294,1469,48,2025-04-19,Completed,78.0,Yes
295,2176,53,2025-05-24,Completed,75.0,Yes
296,697,23,2024-04-03,Completed,71.0,No
297,2539,88,2025-06-02,Completed,84.0,Yes
298,587,30,2024-06-01,Completed,97.0,Yes
299,1883,33,2024-10-27,Completed,76.0,Yes
300,1179,87,2024-11-13,Completed,89.0,Yes
301,1810,45,2025-10-12,Completed,64.0,No
302,1226,82,2024-08-24,Not Completed,,No
303,2828,33,2025-01-07,Not Completed,,No
304,816,50,2025-08-29,Completed,79.0,Yes
305,437,31,2024-01-08,In Progress,,No
306,2355,38,2024-07-13,Completed,82.0,Yes
307,1210,3,2024-10-23,Not Completed,,No
308,2697,51,2025-08-18,Not Completed,,No
309,2810,100,2024-04-06,Completed,96.0,Yes
310,2484,96,2024-10-09,Completed,63.0,No
311,943,78,2024-06-24,Completed,78.0,Yes
312,898,82,2024-05-27,In Progress,,No
313,2777,97,2024-02-16,Completed,76.0,Yes
314,2574,13,2025-01-20,Completed,68.0,No
315,2648,6,2024-10-04,In Progress,,No
316,137,75,2025-12-02,Completed,88.0,Yes
317,370,38,2025-09-07,Completed,68.0,No
318,720,26,2025-03-17,Completed,86.0,Yes
319,1499,68,2024-05-14,Completed,94.0,Yes
320,674,33,2025-12-26,Completed,77.0,Yes
321,1974,38,2025-02-26,In Progress,,No
322,472,60,2024-11-23,Completed,81.0,Yes
323,577,97,2024-06-05,Not Completed,,No
324,2771,93,2024-10-09,Not Completed,,No
325,2283,47,2024-07-10,Completed,85.0,Yes
326,58,34,2025-05-28,Completed,85.0,Yes
327,1510,87,2024-05-16,Completed,89.0,Yes
328,2395,49,2025-04-30,Completed,76.0,Yes
329,1522,14,2025-03-10,In Progress,,No
330,103,80,2025-02-18,Completed,90.0,Yes
331,2300,42,2024-09-04,In Progress,,No
332,907,83,2024-05-22,In Progress,,No
333,2872,39,2024-04-13,Completed,89.0,Yes
334,573,6,2024-06-05,Completed,67.0,No
335,1247,64,2024-02-09,In Progress,,No
336,2202,18,2024-06-26,Completed,75.0,Yes
337,2747,96,2025-02-20,Completed,83.0,Yes
338,1717,76,2025-11-13,Completed,94.0,Yes
339,1700,84,2025-08-21,Completed,69.0,No
340,2522,53,2024-01-13,Completed,91.0,Yes
341,1146,5,2025-06-21,In Progress,,No
342,1817,57,2025-09-04,Completed,73.0,No
343,1486,13,2024-10-13,Not Completed,,No
344,1505,70,2024-11-17,Not Completed,,No
345,2642,46,2024-02-21,In Progress,,No
346,778,16,2025-01-05,Completed,77.0,Yes
347,1863,12,2024-05-11,In Progress,,No
348,2446,3,2024-12-22,Completed,100.0,Yes
349,998,17,2025-02-08,Completed,81.0,Yes
350,282,98,2025-04-23,Completed,73.0,No
351,885,30,2024-02-08,Completed,97.0,Yes
352,2442,1,2024-06-01,Completed,69.0,No
353,533,70,2024-05-03,Completed,69.0,No
354,451,85,2024-01-26,Completed,71.0,No
355,540,2,2025-02-01,In Progress,,No
356,2412,42,2025-05-20,Completed,75.0,Yes
357,215,17,2025-06-02,Completed,76.0,Yes
358,466,96,2024-09-21,Completed,93.0,Yes
359,1483,66,2024-02-24,Completed,88.0,Yes
360,2064,29,2024-09-30,Completed,88.0,Yes
361,178,94,2024-07-27,In Progress,,No
362,1236,59,2025-04-28,Completed,93.0,Yes
363,250,62,2025-06-18,Completed,61.0,No
364,1747,88,2025-05-30,In Progress,,No
365,302,11,2024-11-20,Completed,88.0,Yes
366,270,17,2024-01-28,Completed,69.0,No
367,2398,71,2025-06-02,Completed,100.0,Yes
368,2447,68,2024-07-17,Completed,84.0,Yes
369,2480,56,2024-05-15,Completed,92.0,Yes
370,2682,84,2025-05-10,Completed,67.0,No
371,2259,93,2025-01-22,In Progress,,No
372,1762,58,2024-03-28,In Progress,,No
373,1695,44,2024-01-21,In Progress,,No
374,1634,54,2024-01-13,In Progress,,No
375,1749,41,2025-05-25,Completed,80.0,Yes
376,626,88,2025-10-07,Completed,83.0,Yes
377,275,12,2025-07-19,In Progress,,No
378,382,56,2025-11-11,In Progress,,No
379,533,72,2025-06-18,Completed,83.0,Yes
380,2301,43,2025-08-03,Completed,95.0,Yes
381,1449,86,2024-02-03,Completed,86.0,Yes
382,1733,93,2025-10-25,In Progress,,No
383,2460,40,2025-02-18,Completed,78.0,Yes
384,2079,28,2024-12-07,Completed,96.0,Yes
385,919,14,2025-09-08,Completed,90.0,Yes
386,1506,15,2025-09-24,Completed,95.0,Yes
387,927,55,2025-09-24,Completed,96.0,Yes
388,2547,79,2025-07-23,In Progress,,No
389,108,78,2024-11-29,Completed,95.0,Yes
390,2841,35,2025-09-27,In Progress,,No
391,2879,98,2024-09-18,Completed,77.0,Yes
392,1438,1,2024-02-06,Completed,81.0,Yes
393,2320,85,2024-12-29,Completed,69.0,No
394,2594,4,2025-09-17,Completed,69.0,No
395,882,49,2024-08-01,Completed,93.0,Yes
396,645,48,2024-07-19,Completed,81.0,Yes
397,2325,77,2024-06-18,Completed,80.0,Yes
398,638,21,2024-01-11,Completed,63.0,No
399,2761,11,2024-02-28,Completed,63.0,No
400,1990,78,2025-09-15,Completed,87.0,Yes
401,883,97,2024-09-30,Completed,77.0,Yes
402,1761,15,2025-02-15,Completed,82.0,Yes
403,1994,68,2024-12-01,Completed,97.0,Yes
404,904,51,2024-06-30,Completed,62.0,No
405,225,1,2024-11-28,Not Completed,,No
406,563,98,2025-10-16,Completed,73.0,No
407,492,1,2024-12-19,Completed,80.0,Yes
408,720,17,2025-10-20,Completed,87.0,Yes
409,2050,72,2025-02-21,Completed,74.0,No
410,1451,10,2024-11-08,In Progress,,No
411,1787,3,2024-04-09,Completed,62.0,No
412,1283,74,2025-11-07,Completed,64.0,No
413,2907,82,2025-03-25,Completed,85.0,Yes
414,1660,3,2024-03-20,Completed,67.0,No
415,704,80,2024-03-05,Not Completed,,No
416,361,56,2024-01-15,Completed,83.0,Yes
417,997,56,2025-06-04,In Progress,,No
418,323,51,2025-12-26,Completed,93.0,Yes
419,1391,29,2025-02-07,In Progress,,No
420,313,66,2024-08-17,Completed,70.0,No
421,2089,25,2024-09-16,Completed,93.0,Yes
422,1432,45,2024-04-06,In Progress,,No
423,968,14,2024-03-19,Completed,69.0,No
424,711,78,2025-10-20,Completed,72.0,No
425,726,99,2024-10-30,Completed,64.0,No
426,2310,98,2025-01-20,Completed,89.0,Yes
427,2634,82,2025-01-04,Completed,96.0,Yes
428,1324,81,2024-06-17,Not Completed,,No
429,280,61,2024-06-08,Completed,88.0,Yes
430,1126,76,2025-02-13,Completed,79.0,Yes
431,304,40,2025-05-28,Completed,92.0,Yes
432,234,48,2024-06-06,Completed,62.0,No
433,315,83,2024-07-19,In Progress,,No
434,370,79,2024-07-04,In Progress,,No
435,1896,75,2025-11-06,Completed,84.0,Yes
436,1843,74,2024-01-29,Completed,62.0,No
437,2479,61,2024-02-05,Completed,80.0,Yes
438,1846,14,2024-03-19,Completed,63.0,No
439,1407,92,2024-05-17,In Progress,,No
440,161,32,2024-01-02,Completed,71.0,No
441,2147,67,2025-05-19,Completed,88.0,Yes
442,1528,37,2024-04-30,Completed,83.0,Yes
443,2781,77,2024-10-29,Completed,81.0,Yes
444,2652,43,2025-10-01,Completed,100.0,Yes
445,2286,87,2025-07-26,Completed,66.0,No
446,2965,85,2024-07-26,Completed,76.0,Yes
447,2469,20,2024-07-10,Not Completed,,No
448,2719,19,2024-07-14,Completed,97.0,Yes
449,1271,84,2025-06-12,In Progress,,No
450,529,77,2025-10-17,Completed,85.0,Yes
451,1269,72,2024-09-07,Completed,65.0,No
452,524,86,2025-11-24,Completed,81.0,Yes
453,383,83,2024-01-02,Completed,93.0,Yes
454,1483,3,2024-03-22,Completed,92.0,Yes
455,878,44,2024-10-21,Completed,71.0,No
456,1992,25,2024-08-18,In Progress,,No
457,635,10,2024-06-09,Completed,68.0,No
458,2080,99,2024-05-10,Completed,66.0,No
459,155,85,2025-07-12,Completed,93.0,Yes
460,537,77,2025-07-05,Completed,99.0,Yes
461,741,89,2025-12-30,Completed,70.0,No
462,2954,57,2024-12-26,Completed,70.0,No
463,2771,93,2025-05-20,Completed,83.0,Yes
464,2501,37,2025-01-11,Completed,88.0,Yes
465,959,69,2025-02-03,Completed,88.0,Yes
466,795,48,2025-09-21,Completed,90.0,Yes
467,1805,60,2024-05-03,Completed,96.0,Yes
468,2060,68,2025-07-29,Completed,84.0,Yes
469,818,78,2024-01-12,Completed,70.0,No
470,214,83,2024-12-01,Completed,76.0,Yes
471,2272,14,2024-05-05,Completed,83.0,Yes
472,511,37,2025-01-22,Completed,93.0,Yes
473,1118,58,2025-06-11,Completed,70.0,No
474,604,56,2025-04-04,In Progress,,No
475,1848,45,2024-02-07,Completed,74.0,No
476,1700,7,2025-03-19,In Progress,,No
477,966,50,2024-01-16,Completed,83.0,Yes
478,1536,29,2025-03-24,Not Completed,,No
479,2928,84,2024-05-24,Completed,66.0,No
480,564,5,2024-04-28,Completed,69.0,No
481,2852,18,2024-01-14,Completed,90.0,Yes
482,1838,79,2025-05-27,Completed,90.0,Yes
483,78,33,2024-09-28,Completed,65.0,No
484,2248,94,2025-03-12,Completed,69.0,No
485,456,100,2024-05-13,Completed,87.0,Yes
486,500,7,2025-12-11,Completed,79.0,Yes
487,2552,59,2025-07-03,Completed,100.0,Yes
488,2445,69,2024-07-24,Completed,91.0,Yes
489,2356,31,2025-08-28,Completed,92.0,Yes
490,1759,1,2024-07-30,Completed,78.0,Yes
491,2338,54,2024-04-10,Completed,75.0,Yes
492,2145,47,2024-07-14,Completed,65.0,No
493,2229,65,2025-01-26,Completed,93.0,Yes
494,2270,3,2025-05-16,Completed,92.0,Yes
495,179,82,2025-02-18,Completed,90.0,Yes
496,1039,96,2024-04-21,Completed,83.0,Yes
497,1413,31,2024-05-10,Completed,64.0,No
498,425,99,2024-08-10,Completed,100.0,Yes
499,547,6,2024-07-21,Completed,81.0,Yes
500,2633,23,2024-03-18,Completed,81.0,Yes
501,2805,60,2025-03-05,In Progress,,No
502,1961,81,2024-09-29,Not Completed,,No
503,259,92,2025-04-12,Completed,68.0,No
504,152,38,2025-10-14,Completed,89.0,Yes
505,172,41,2024-06-22,Completed,72.0,No
506,2112,51,2025-08-16,In Progress,,No
507,2225,61,2025-04-24,Not Completed,,No
508,1172,46,2024-11-28,Completed,72.0,No
509,196,84,2024-01-12,In Progress,,No
510,1508,56,2025-11-03,Completed,67.0,No
511,1802,50,2025-01-13,In Progress,,No
512,2033,89,2025-10-17,Completed,71.0,No
513,1093,11,2024-07-25,Completed,93.0,Yes
514,1764,78,2025-07-21,Completed,65.0,No
515,740,70,2024-05-14,Not Completed,,No
516,328,42,2025-09-18,Completed,66.0,No
517,1827,78,2024-05-29,Completed,79.0,Yes
518,2826,57,2024-12-20,Completed,70.0,No
519,2978,46,2025-01-27,Completed,62.0,No
520,1125,82,2025-12-08,Completed,87.0,Yes
521,235,10,2024-04-19,Not Completed,,No
522,1489,66,2025-11-01,Completed,85.0,Yes
523,2783,21,2025-04-06,In Progress,,No
524,585,78,2024-03-19,Not Completed,,No
525,143,17,2025-05-12,Completed,88.0,Yes
526,1484,50,2024-05-06,Completed,83.0,Yes
527,133,78,2024-06-27,In Progress,,No
528,1520,48,2025-11-06,Completed,88.0,Yes
529,2351,18,2025-05-08,Completed,64.0,No
530,1288,84,2024-07-10,Completed,85.0,Yes
531,107,95,2024-08-15,Completed,67.0,No
532,1586,72,2024-03-22,Completed,93.0,Yes
533,2884,58,2025-11-16,Completed,76.0,Yes
534,1170,89,2024-09-11,Completed,99.0,Yes
535,2012,26,2024-12-29,In Progress,,No
536,1852,23,2024-10-18,Completed,64.0,No
537,1824,12,2024-06-27,In Progress,,No
538,1310,86,2025-08-20,In Progress,,No
539,2253,70,2024-04-25,Completed,64.0,No
540,646,92,2024-04-29,Completed,79.0,Yes
541,714,47,2025-08-16,Completed,100.0,Yes
542,824,18,2024-11-28,Completed,67.0,No
543,108,47,2024-09-06,Completed,91.0,Yes
544,1915,71,2024-12-23,Completed,83.0,Yes
545,270,40,2024-01-01,Completed,65.0,No
546,2154,53,2025-05-09,Completed,90.0,Yes
547,303,17,2024-06-24,Completed,96.0,Yes
548,2632,10,2024-04-23,Not Completed,,No
549,1412,17,2025-10-21,Completed,93.0,Yes
550,2259,82,2024-02-11,In Progress,,No
551,1773,65,2025-03-15,Completed,68.0,No
552,227,16,2024-11-30,In Progress,,No
553,675,21,2025-11-23,Completed,79.0,Yes
554,1418,67,2025-07-27,Completed,74.0,No
555,324,33,2024-12-17,In Progress,,No
556,1125,17,2025-02-25,Completed,95.0,Yes
557,2186,12,2024-05-29,Completed,99.0,Yes
558,2425,75,2025-09-15,Completed,70.0,No
559,2952,78,2024-09-15,Completed,99.0,Yes
560,169,4,2025-10-30,Completed,96.0,Yes
561,1085,84,2024-10-10,Completed,96.0,Yes
562,1707,80,2025-04-28,Completed,96.0,Yes
563,2569,70,2025-02-27,Completed,91.0,Yes
564,1979,32,2024-12-13,Completed,79.0,Yes
565,2806,52,2025-07-22,In Progress,,No
566,2821,8,2025-02-06,Completed,64.0,No
567,1984,60,2024-09-28,Completed,86.0,Yes
568,589,41,2025-04-03,Completed,98.0,Yes
569,1308,94,2024-09-04,In Progress,,No
570,1415,52,2024-03-17,Not Completed,,No
571,2110,72,2025-07-22,Completed,83.0,Yes
572,1911,16,2024-05-16,Completed,75.0,Yes
573,578,13,2024-02-15,Completed,75.0,Yes
574,2521,54,2024-12-11,Completed,84.0,Yes
575,1342,74,2024-05-13,Completed,70.0,No
576,653,64,2024-01-29,Completed,72.0,No
577,1913,64,2025-05-06,Not Completed,,No
578,2038,3,2025-11-23,In Progress,,No
579,2071,59,2024-07-04,Completed,85.0,Yes
580,882,75,2025-04-28,Not Completed,,No
581,1153,64,2025-10-01,Completed,63.0,No
582,1171,69,2025-03-11,Completed,90.0,Yes
583,1766,18,2024-05-11,Completed,66.0,No
584,2980,47,2024-10-27,In Progress,,No
585,186,52,2025-07-21,Completed,83.0,Yes
586,798,47,2024-03-06,Completed,95.0,Yes
587,1583,65,2025-01-30,Completed,64.0,No
588,1146,80,2025-06-10,Completed,95.0,Yes
589,528,13,2024-10-21,Completed,67.0,No
590,2285,47,2024-08-26,Completed,81.0,Yes
591,2468,66,2024-01-28,Completed,72.0,No
592,186,5,2024-09-18,Completed,62.0,No
593,1941,67,2024-07-01,Completed,81.0,Yes
594,2112,18,2024-12-12,Completed,98.0,Yes
595,1305,21,2024-10-14,Completed,99.0,Yes
596,1226,76,2025-03-23,Completed,99.0,Yes
597,2181,63,2025-07-17,Completed,92.0,Yes
598,1946,3,2025-05-28,Completed,79.0,Yes
599,1707,75,2024-01-29,Completed,67.0,No
600,110,77,2024-09-03,Completed,100.0,Yes
601,2366,30,2024-04-01,Completed,97.0,Yes
602,1968,22,2024-08-02,Completed,97.0,Yes
603,1558,19,2024-08-09,Completed,99.0,Yes
604,993,5,2024-09-28,In Progress,,No
605,782,3,2025-03-06,Completed,67.0,No
606,621,53,2025-10-16,Completed,86.0,Yes
607,2056,100,2025-04-25,Completed,86.0,Yes
608,2980,8,2024-10-16,Completed,90.0,Yes
609,850,72,2025-03-23,Completed,93.0,Yes
610,2153,49,2024-12-20,Completed,90.0,Yes
611,1883,69,2025-12-16,Completed,71.0,No
612,2769,99,2024-02-18,Completed,82.0,Yes
613,2789,83,2025-03-05,In Progress,,No
614,1083,79,2025-12-02,In Progress,,No
615,1143,72,2025-06-18,Completed,75.0,Yes
616,1184,91,2025-10-01,Completed,79.0,Yes
617,1299,62,2025-05-09,Completed,91.0,Yes
618,1179,16,2025-01-05,Completed,77.0,Yes
619,1556,51,2025-10-02,Completed,94.0,Yes
620,600,38,2024-07-07,In Progress,,No
621,1419,57,2024-05-11,Completed,65.0,No
622,877,26,2024-01-16,Completed,90.0,Yes
623,1111,72,2024-11-27,In Progress,,No
624,448,79,2025-01-04,Completed,68.0,No
625,994,7,2024-07-05,Completed,75.0,Yes
626,925,82,2025-08-12,Completed,93.0,Yes
627,1693,43,2024-07-07,Completed,66.0,No
628,2791,99,2025-11-19,Completed,66.0,No
629,647,53,2024-12-21,Completed,95.0,Yes
630,1956,84,2025-06-01,Completed,90.0,Yes
631,1316,37,2024-07-19,Completed,78.0,Yes
632,2672,74,2024-10-08,Completed,65.0,No
633,718,54,2024-08-20,Completed,62.0,No
634,721,5,2024-10-27,In Progress,,No
635,1627,64,2024-08-08,Not Completed,,No
636,154,2,2025-10-05,Completed,78.0,Yes
637,440,43,2025-10-29,Completed,98.0,Yes
638,2148,64,2024-10-12,Completed,94.0,Yes
639,550,65,2024-01-13,In Progress,,No
640,462,43,2025-10-14,Completed,72.0,No
641,2656,33,2024-11-17,Completed,89.0,Yes
642,1381,38,2024-05-15,Completed,60.0,No
643,719,79,2024-11-17,Completed,72.0,No
644,1661,55,2024-07-14,In Progress,,No
645,1642,86,2024-09-08,Completed,65.0,No
646,1956,42,2025-11-16,Completed,68.0,No
647,28,34,2024-07-12,In Progress,,No
648,1094,43,2024-05-01,Completed,88.0,Yes
649,47,34,2025-01-06,Completed,96.0,Yes
650,255,86,2024-01-19,Completed,75.0,Yes
651,655,52,2025-12-26,Completed,79.0,Yes
652,2828,16,2025-11-05,Completed,79.0,Yes
653,1506,79,2024-06-05,Completed,78.0,Yes
654,1959,20,2024-07-05,Completed,68.0,No
655,1531,54,2025-05-01,Completed,98.0,Yes
656,2202,86,2024-04-22,Completed,90.0,Yes
657,1014,88,2024-09-21,In Progress,,No
658,2153,58,2024-07-31,Completed,65.0,No
659,320,73,2024-01-13,Completed,83.0,Yes
660,2071,26,2024-10-12,Completed,95.0,Yes
661,674,42,2024-08-09,Completed,69.0,No
662,1810,15,2025-05-19,In Progress,,No
663,2003,12,2024-08-15,Completed,97.0,Yes
664,1825,8,2024-04-17,In Progress,,No
665,1702,59,2025-02-07,Completed,92.0,Yes
666,1894,87,2024-10-14,Completed,95.0,Yes
667,2963,3,2024-03-08,In Progress,,No
668,893,75,2025-07-15,Completed,60.0,No
669,1412,90,2025-11-20,Completed,87.0,Yes
670,283,61,2024-08-30,Completed,63.0,No
671,738,99,2024-01-28,Completed,86.0,Yes
672,1534,49,2025-06-09,Completed,86.0,Yes
673,1539,11,2025-03-28,Completed,84.0,Yes
674,545,84,2025-12-10,Completed,94.0,Yes
675,486,23,2024-09-19,In Progress,,No
676,1610,68,2024-05-22,Not Completed,,No
677,15,97,2024-07-20,Completed,74.0,No
678,1897,87,2025-10-15,Completed,79.0,Yes
679,2179,49,2024-12-20,Completed,87.0,Yes
680,1014,59,2024-08-24,In Progress,,No
681,773,93,2024-08-28,Completed,77.0,Yes
682,2705,54,2025-01-26,Completed,62.0,No
683,986,27,2024-11-28,Completed,61.0,No
684,138,58,2025-10-10,Completed,98.0,Yes
685,1003,95,2025-06-08,Completed,63.0,No
686,960,70,2024-01-02,Completed,88.0,Yes
687,574,65,2025-12-10,Completed,63.0,No
688,960,94,2025-01-06,Not Completed,,No
689,2450,99,2025-06-23,Completed,96.0,Yes
690,971,39,2024-06-28,Completed,80.0,Yes
691,2705,67,2024-06-09,In Progress,,No
692,1128,8,2025-01-13,Completed,79.0,Yes
693,718,81,2024-03-07,Completed,97.0,Yes
694,2031,7,2025-01-25,Completed,95.0,Yes
695,2636,86,2025-08-02,Not Completed,,No
696,1306,90,2025-06-17,Completed,93.0,Yes
697,1229,49,2025-03-01,Completed,69.0,No
698,1940,31,2025-12-08,Completed,94.0,Yes
699,1232,91,2025-06-13,In Progress,,No
700,237,72,2025-02-21,Completed,89.0,Yes
701,2283,68,2024-08-28,Completed,86.0,Yes
702,1045,27,2024-08-23,Completed,75.0,Yes
703,1843,48,2025-01-19,Completed,65.0,No
704,212,35,2025-06-03,Completed,72.0,No
705,2470,6,2025-01-05,Completed,98.0,Yes
706,771,98,2025-08-05,In Progress,,No
707,889,62,2024-05-08,Completed,95.0,Yes
708,1242,2,2024-05-12,Completed,81.0,Yes
709,481,96,2025-03-14,Completed,72.0,No
710,1962,32,2025-07-13,Not Completed,,No
711,1625,31,2025-01-20,Completed,73.0,No
712,1560,60,2025-06-28,Completed,78.0,Yes
713,1264,34,2025-01-03,Completed,82.0,Yes
714,1909,13,2024-06-23,Completed,91.0,Yes
715,2960,61,2025-02-19,In Progress,,No
716,833,48,2024-09-06,Completed,80.0,Yes
717,2305,29,2025-01-22,Completed,62.0,No
718,1069,71,2025-08-14,Completed,61.0,No
719,2373,93,2025-03-01,In Progress,,No
720,804,43,2024-09-15,Completed,69.0,No
721,1007,64,2025-08-29,Completed,96.0,Yes
722,1055,98,2025-02-16,Completed,81.0,Yes
723,2964,83,2024-08-23,In Progress,,No
724,690,94,2024-10-04,Completed,89.0,Yes
725,574,93,2025-12-03,Completed,70.0,No
726,2221,83,2024-02-09,Completed,71.0,No
727,2147,5,2024-08-18,Not Completed,,No
728,305,86,2025-03-25,In Progress,,No
729,1690,18,2024-12-13,Completed,60.0,No
730,948,9,2025-06-18,In Progress,,No
731,896,65,2025-06-27,Completed,60.0,No
732,2531,82,2024-05-15,Completed,63.0,No
733,1980,85,2024-05-24,Completed,99.0,Yes
734,2180,71,2024-09-17,Completed,60.0,No
735,2169,93,2024-09-11,Completed,61.0,No
736,71,65,2025-03-29,Completed,78.0,Yes
737,2761,56,2024-11-13,In Progress,,No
738,735,14,2025-03-06,In Progress,,No
739,2148,20,2025-09-29,In Progress,,No
740,2157,33,2025-05-23,Completed,99.0,Yes
741,1095,51,2024-05-18,In Progress,,No
742,1881,73,2025-01-05,Completed,85.0,Yes
743,1229,88,2025-08-10,Completed,74.0,No
744,331,84,2025-04-03,In Progress,,No
745,2662,98,2024-04-04,Not Completed,,No
746,1554,49,2025-09-03,Completed,85.0,Yes
747,2609,2,2025-08-22,Completed,63.0,No
748,2048,56,2025-07-17,Completed,65.0,No
749,2318,13,2025-03-15,Completed,81.0,Yes
750,175,30,2025-11-11,In Progress,,No
751,1948,35,2025-08-01,Completed,96.0,Yes
752,2804,36,2025-12-28,Completed,64.0,No
753,2309,85,2024-11-23,In Progress,,No
754,65,27,2025-07-05,Completed,80.0,Yes
755,316,39,2024-09-20,Completed,85.0,Yes
756,2322,50,2024-06-16,Completed,75.0,Yes
757,1359,50,2024-02-16,Completed,94.0,Yes
758,2824,93,2025-04-08,Completed,68.0,No
759,220,13,2025-12-30,Completed,82.0,Yes
760,1396,78,2024-10-31,Completed,64.0,No
761,1625,100,2025-08-30,Completed,98.0,Yes
762,1120,58,2024-09-02,Completed,100.0,Yes
763,2266,49,2025-12-23,Completed,82.0,Yes
764,2707,49,2025-03-29,Completed,97.0,Yes
765,1210,32,2024-10-26,Completed,99.0,Yes
766,1098,20,2024-05-10,Completed,65.0,No
767,632,95,2025-12-02,Completed,100.0,Yes
768,437,12,2024-11-11,Completed,83.0,Yes
769,1822,47,2024-07-09,Completed,79.0,Yes
770,543,12,2024-12-22,Completed,66.0,No
771,2282,72,2024-09-12,Completed,88.0,Yes
772,108,12,2025-02-08,Completed,66.0,No
773,2446,77,2025-01-19,Completed,65.0,No
774,51,38,2024-05-05,Completed,84.0,Yes
775,2969,72,2024-03-14,Completed,65.0,No
776,995,74,2025-08-22,In Progress,,No
777,695,18,2024-10-22,Completed,84.0,Yes
778,2020,19,2025-10-17,Completed,77.0,Yes
779,1131,54,2025-05-28,Completed,87.0,Yes
780,1480,33,2024-02-18,Completed,64.0,No
781,2953,81,2025-06-11,In Progress,,No
782,801,59,2024-10-30,Completed,99.0,Yes
783,28,51,2024-01-28,Completed,79.0,Yes
784,1557,43,2024-01-10,Completed,99.0,Yes
785,2667,77,2024-03-08,Completed,87.0,Yes
786,2471,89,2024-07-29,Completed,80.0,Yes
787,728,51,2024-04-30,Completed,80.0,Yes
788,1194,95,2025-12-26,Not Completed,,No
789,2359,32,2025-12-14,Completed,91.0,Yes
790,1610,47,2025-12-17,Completed,77.0,Yes
791,819,76,2025-02-13,Completed,96.0,Yes
792,737,88,2024-08-30,Not Completed,,No
793,2979,60,2025-05-23,Completed,61.0,No
794,859,57,2025-07-22,In Progress,,No
795,1676,87,2024-05-22,Completed,64.0,No
796,1241,31,2024-04-30,Completed,100.0,Yes
797,2930,55,2025-04-24,Completed,69.0,No
798,1840,77,2025-02-18,Completed,64.0,No
799,2189,65,2024-10-28,Completed,85.0,Yes
800,2834,54,2024-06-09,In Progress,,No
801,2874,69,2025-01-16,Completed,83.0,Yes
802,448,99,2025-10-09,Completed,65.0,No
803,682,83,2025-10-31,Completed,82.0,Yes
804,2643,87,2024-03-24,Completed,96.0,Yes
805,1764,14,2025-12-27,Completed,81.0,Yes
806,910,66,2025-05-21,Completed,76.0,Yes
807,2378,89,2024-03-09,Completed,95.0,Yes
808,1533,51,2025-02-03,Completed,88.0,Yes
809,2829,65,2024-01-31,Completed,97.0,Yes
810,1978,14,2025-07-06,Completed,61.0,No
811,476,94,2024-06-23,Completed,65.0,No
812,1406,59,2025-06-17,Completed,79.0,Yes
813,1979,45,2025-03-26,Completed,93.0,Yes
814,2958,90,2025-10-24,Completed,88.0,Yes
815,1230,6,2024-05-31,Completed,64.0,No
816,472,3,2024-10-31,In Progress,,No
817,2655,14,2024-09-09,In Progress,,No
818,1000,67,2024-05-14,Completed,70.0,No
819,1356,72,2025-04-12,Completed,70.0,No
820,950,52,2024-05-08,Completed,89.0,Yes
821,2624,85,2025-12-13,Completed,71.0,No
822,2516,26,2025-06-09,Completed,61.0,No
823,1593,1,2025-08-21,Completed,87.0,Yes
824,1141,97,2025-07-22,Completed,73.0,No
825,2365,14,2024-08-26,Completed,64.0,No
826,766,47,2025-06-19,Completed,94.0,Yes
827,467,34,2025-08-29,Completed,89.0,Yes
828,2162,82,2024-05-29,Completed,91.0,Yes
829,2504,51,2024-03-28,Completed,84.0,Yes
830,1442,59,2024-05-26,Completed,82.0,Yes
831,2517,76,2025-07-31,Completed,79.0,Yes
832,1283,16,2024-10-25,Completed,68.0,No
833,750,48,2025-07-27,Completed,67.0,No
834,1592,54,2025-07-19,Completed,92.0,Yes
835,1572,55,2025-06-23,Completed,96.0,Yes
836,2202,89,2025-08-27,Completed,100.0,Yes
837,710,72,2025-07-04,In Progress,,No
838,575,24,2025-01-27,Completed,78.0,Yes
839,2538,7,2025-09-01,Completed,88.0,Yes
840,40,63,2025-10-14,In Progress,,No
841,2301,65,2025-09-06,Completed,84.0,Yes
842,2805,63,2025-03-14,Completed,86.0,Yes
843,2002,22,2024-08-01,Completed,88.0,Yes
844,904,38,2025-09-10,Completed,61.0,No
845,2203,37,2025-11-27,Completed,74.0,No
846,2317,96,2024-07-17,Completed,89.0,Yes
847,2252,66,2025-02-26,Completed,91.0,Yes
848,1098,100,2025-02-24,Completed,67.0,No
849,2221,97,2024-06-17,Completed,83.0,Yes
850,2238,28,2025-01-29,Completed,88.0,Yes
851,420,95,2024-05-22,Not Completed,,No
852,1014,39,2024-04-15,In Progress,,No
853,133,58,2025-12-13,In Progress,,No
854,1799,16,2025-09-29,Completed,65.0,No
855,860,95,2024-11-24,Completed,75.0,Yes
856,2912,79,2024-06-10,Completed,82.0,Yes
857,2524,18,2025-04-29,Completed,70.0,No
858,244,73,2024-05-23,Completed,73.0,No
859,2445,69,2024-04-06,Completed,77.0,Yes
860,1186,74,2025-03-15,Completed,78.0,Yes
861,2783,13,2025-05-29,Completed,92.0,Yes
862,243,36,2025-07-01,Completed,86.0,Yes
863,520,90,2025-11-18,In Progress,,No
864,1023,19,2024-04-28,In Progress,,No
865,2770,51,2025-01-14,Completed,75.0,Yes
866,2591,35,2024-07-01,Completed,96.0,Yes
867,1852,10,2024-10-12,Completed,84.0,Yes
868,1651,66,2025-07-15,Completed,65.0,No
869,1863,63,2025-05-31,Completed,83.0,Yes
870,382,94,2024-05-22,Completed,60.0,No
871,2601,86,2025-05-11,Not Completed,,No
872,2190,51,2024-11-04,Completed,64.0,No
873,868,64,2025-12-12,Completed,87.0,Yes
874,1384,71,2025-11-28,Completed,78.0,Yes
875,1988,44,2025-10-09,Completed,96.0,Yes
876,199,6,2024-05-26,In Progress,,No
877,67,16,2025-11-24,Completed,89.0,Yes
878,648,57,2024-10-25,In Progress,,No
879,829,89,2024-06-08,Completed,87.0,Yes
880,2663,39,2024-12-07,In Progress,,No
881,383,84,2025-02-09,Completed,77.0,Yes
882,1524,86,2025-05-01,Completed,65.0,No
883,678,7,2024-10-10,In Progress,,No
884,2974,90,2024-07-06,Completed,79.0,Yes
885,2685,12,2024-05-02,Completed,87.0,Yes
886,875,62,2024-12-18,Completed,60.0,No
887,927,67,2025-12-22,Completed,97.0,Yes
888,34,90,2024-07-09,Completed,60.0,No
889,1730,89,2025-06-07,Completed,67.0,No
890,938,50,2025-06-23,Completed,64.0,No
891,423,41,2024-11-20,Completed,66.0,No
892,562,49,2024-09-11,Completed,79.0,Yes
893,2628,87,2024-01-08,Completed,68.0,No
894,2308,2,2024-08-08,Completed,93.0,Yes
895,1803,45,2025-05-12,Completed,70.0,No
896,621,53,2024-01-24,Completed,100.0,Yes
897,890,12,2024-04-13,Completed,88.0,Yes
898,574,97,2024-04-10,In Progress,,No
899,1440,55,2025-05-10,Completed,84.0,Yes
900,1015,36,2025-05-19,Completed,68.0,No
901,2267,77,2025-09-23,Completed,75.0,Yes
902,1168,100,2025-04-26,Completed,98.0,Yes
903,110,85,2024-12-27,In Progress,,No
904,842,67,2024-01-07,In Progress,,No
905,1605,38,2025-05-30,Completed,72.0,No
906,2028,50,2025-06-18,Completed,75.0,Yes
907,2614,77,2024-11-05,Completed,91.0,Yes
908,1480,41,2024-11-14,Completed,60.0,No
909,1724,47,2025-11-26,Completed,96.0,Yes
910,1930,99,2025-07-12,Completed,71.0,No
911,277,2,2025-11-11,Completed,97.0,Yes
912,248,51,2025-01-16,Completed,62.0,No
913,2919,65,2024-12-08,Completed,100.0,Yes
914,2875,52,2024-10-06,Completed,87.0,Yes
915,2203,79,2025-10-01,Completed,94.0,Yes
916,1270,11,2025-09-25,Completed,65.0,No
917,637,69,2025-05-02,Completed,73.0,No
918,2599,98,2024-07-12,Completed,97.0,Yes
919,2790,83,2025-11-10,In Progress,,No
920,2990,31,2025-01-13,Completed,87.0,Yes
921,1780,15,2025-12-04,Completed,65.0,No
922,226,40,2024-03-16,Completed,98.0,Yes
923,490,2,2025-07-30,Completed,71.0,No
924,672,64,2024-01-20,Completed,60.0,No
925,2143,67,2024-07-20,Not Completed,,No
926,684,48,2025-11-07,Completed,76.0,Yes
927,484,99,2024-09-20,Completed,77.0,Yes
928,1373,55,2024-12-04,In Progress,,No
929,1078,92,2024-04-03,Completed,64.0,No
930,2571,10,2024-10-21,Not Completed,,No
931,1476,8,2025-04-28,Completed,92.0,Yes
932,684,48,2025-09-08,Completed,96.0,Yes
933,2351,87,2025-03-09,Completed,66.0,No
934,2085,1,2025-02-03,Completed,74.0,No
935,1002,6,2024-08-04,Completed,60.0,No
936,615,23,2025-02-18,Completed,84.0,Yes
937,145,71,2024-05-02,In Progress,,No
938,2925,95,2025-01-29,In Progress,,No
939,1319,32,2024-03-17,Completed,74.0,No
940,1112,10,2024-08-19,Completed,80.0,Yes
941,2057,87,2024-03-21,Completed,67.0,No
942,735,29,2025-05-23,In Progress,,No
943,189,52,2025-08-30,In Progress,,No
944,1157,100,2024-06-30,Completed,89.0,Yes
945,1341,12,2025-01-12,In Progress,,No
946,1512,26,2025-08-29,Completed,60.0,No
947,2551,32,2025-06-02,Completed,79.0,Yes
948,2021,99,2024-08-28,Completed,97.0,Yes
949,1005,20,2025-10-11,Completed,94.0,Yes
950,98,30,2024-08-06,Completed,86.0,Yes
951,2841,2,2025-08-22,Completed,100.0,Yes
952,6,98,2025-01-23,Not Completed,,No
953,426,27,2025-06-10,Completed,79.0,Yes
954,1720,63,2024-07-06,Completed,75.0,Yes
955,584,92,2025-09-28,Not Completed,,No
956,949,67,2025-02-12,Completed,62.0,No
957,1878,96,2024-07-05,Completed,83.0,Yes
958,2071,18,2024-08-26,Completed,66.0,No
959,307,76,2024-02-28,Completed,85.0,Yes
960,2714,17,2024-12-11,Completed,87.0,Yes
961,1291,51,2024-08-21,Completed,76.0,Yes
962,1303,58,2025-09-20,Completed,80.0,Yes
963,831,18,2024-09-27,Completed,64.0,No
964,447,20,2024-10-16,Completed,97.0,Yes
965,1909,41,2024-05-16,Completed,88.0,Yes
966,1468,99,2025-11-08,Completed,94.0,Yes
967,1898,34,2024-01-17,Completed,79.0,Yes
968,371,21,2024-07-18,In Progress,,No
969,1247,91,2025-12-04,In Progress,,No
970,881,42,2025-12-04,Completed,62.0,No
971,1458,51,2025-11-16,Completed,75.0,Yes
972,1066,23,2025-10-24,Completed,79.0,Yes
973,1853,72,2025-08-14,Completed,85.0,Yes
974,388,60,2025-04-08,Completed,75.0,Yes
975,498,2,2024-09-14,Completed,68.0,No
976,536,26,2025-01-22,Completed,74.0,No
977,1525,88,2024-07-02,In Progress,,No
978,2386,76,2024-11-18,Completed,65.0,No
979,90,9,2024-06-18,Completed,64.0,No
980,528,12,2025-05-12,Completed,88.0,Yes
981,1359,16,2025-08-21,In Progress,,No
982,208,22,2024-09-01,Completed,89.0,Yes
983,1775,93,2024-02-08,In Progress,,No
984,1568,88,2025-11-12,Completed,61.0,No
985,880,24,2025-10-22,Completed,82.0,Yes
986,609,5,2025-12-15,Completed,88.0,Yes
987,1007,83,2025-01-09,Completed,99.0,Yes
988,2256,62,2025-02-20,Completed,86.0,Yes
989,1569,18,2025-03-23,Completed,77.0,Yes
990,1021,81,2024-04-25,Completed,93.0,Yes
991,2227,3,2024-08-11,Not Completed,,No
992,2922,46,2025-06-18,Not Completed,,No
993,1410,73,2024-04-12,Completed,91.0,Yes
994,1108,24,2025-03-09,Completed,84.0,Yes
995,898,4,2024-07-12,Completed,98.0,Yes
996,1151,8,2025-07-09,In Progress,,No
997,1933,68,2025-05-27,In Progress,,No
998,954,21,2025-10-11,Completed,97.0,Yes
999,1092,69,2024-07-23,Completed,75.0,Yes
1000,230,98,2024-11-08,In Progress,,No
1001,899,74,2025-12-13,Not Completed,,No
1002,1591,46,2025-05-13,In Progress,,No
1003,712,23,2024-05-11,In Progress,,No
1004,2858,46,2025-06-17,Completed,80.0,Yes
1005,116,91,2024-10-06,In Progress,,No
1006,2309,19,2024-09-21,Completed,96.0,Yes
1007,2017,70,2024-03-14,Completed,72.0,No
1008,156,12,2024-10-17,Completed,91.0,Yes
1009,897,3,2025-09-06,Completed,98.0,Yes
1010,1359,79,2024-09-27,Completed,60.0,No
1011,1396,92,2025-02-26,Completed,68.0,No
1012,244,3,2024-04-24,Completed,80.0,Yes
1013,455,68,2024-04-13,Completed,69.0,No
1014,298,48,2025-07-25,In Progress,,No
1015,2401,13,2025-10-28,Completed,85.0,Yes
1016,559,21,2024-04-10,Completed,80.0,Yes
1017,2619,63,2025-06-24,Completed,87.0,Yes
1018,2897,72,2025-04-11,Completed,71.0,No
1019,1462,29,2024-03-16,Completed,99.0,Yes
1020,1550,40,2025-12-06,Completed,71.0,No
1021,522,23,2025-01-05,Completed,78.0,Yes
1022,1604,99,2025-10-12,Completed,96.0,Yes
1023,133,24,2024-06-27,Not Completed,,No
1024,905,82,2025-05-01,Completed,99.0,Yes
1025,577,43,2025-04-03,Completed,91.0,Yes
1026,1421,41,2024-12-12,Completed,75.0,Yes
1027,2904,86,2025-05-22,Completed,65.0,No
1028,1830,2,2024-11-21,Completed,81.0,Yes
1029,2840,9,2024-03-08,Completed,75.0,Yes
1030,2951,1,2025-05-05,Completed,66.0,No
1031,1719,22,2024-05-31,Completed,88.0,Yes
1032,2020,49,2024-05-21,In Progress,,No
1033,416,62,2025-12-03,Completed,84.0,Yes
1034,2667,98,2025-07-09,Completed,96.0,Yes
1035,1849,10,2025-06-26,Completed,70.0,No
1036,1208,3,2024-04-06,Completed,62.0,No
1037,304,44,2024-07-16,Completed,66.0,No
1038,660,94,2025-08-03,Completed,84.0,Yes
1039,1385,77,2024-06-07,Completed,65.0,No
1040,1978,91,2025-03-10,Not Completed,,No
1041,2488,56,2025-03-28,Completed,70.0,No
1042,1357,27,2025-03-20,Completed,66.0,No
1043,1677,90,2024-04-15,Not Completed,,No
1044,1087,85,2024-01-22,Completed,94.0,Yes
1045,393,7,2025-06-26,Completed,75.0,Yes
1046,2011,20,2024-09-13,Completed,95.0,Yes
1047,1752,12,2024-07-15,Completed,60.0,No
1048,2459,62,2024-05-20,Completed,100.0,Yes
1049,848,22,2025-03-17,Completed,61.0,No
1050,1940,15,2024-11-11,Completed,65.0,No
1051,1929,63,2024-08-10,Completed,85.0,Yes
1052,1086,12,2024-07-11,In Progress,,No
1053,758,48,2025-10-19,Completed,84.0,Yes
1054,1514,24,2024-06-20,In Progress,,No
1055,1802,60,2024-08-19,Completed,76.0,Yes
1056,2312,8,2025-02-05,Completed,77.0,Yes
1057,352,86,2025-04-02,Completed,66.0,No
1058,1696,97,2024-09-26,Completed,94.0,Yes
1059,250,50,2024-11-19,Completed,95.0,Yes
1060,1715,69,2024-08-23,In Progress,,No
1061,2346,31,2024-10-13,Completed,90.0,Yes
1062,1618,92,2025-08-29,Completed,65.0,No
1063,2117,74,2024-02-22,Completed,96.0,Yes
1064,604,16,2025-07-14,Completed,99.0,Yes
1065,1840,23,2024-10-02,In Progress,,No
1066,685,28,2024-07-10,In Progress,,No
1067,517,6,2025-10-23,In Progress,,No
1068,828,81,2024-01-10,Completed,87.0,Yes
1069,1057,41,2025-11-16,Completed,98.0,Yes
1070,275,12,2025-08-19,In Progress,,No
1071,2262,42,2024-06-15,Completed,85.0,Yes
1072,2129,59,2025-06-20,In Progress,,No
1073,51,90,2025-09-11,In Progress,,No
1074,1719,15,2025-07-17,Completed,93.0,Yes
1075,2321,76,2025-02-25,Completed,69.0,No
1076,433,73,2024-06-16,Completed,66.0,No
1077,2194,45,2024-12-20,Completed,78.0,Yes
1078,1082,50,2024-02-17,In Progress,,No
1079,2495,61,2024-02-06,Completed,96.0,Yes
1080,1651,19,2025-03-28,Completed,77.0,Yes
1081,159,51,2024-10-29,Completed,85.0,Yes
1082,1358,89,2024-04-10,In Progress,,No
1083,1101,48,2025-02-11,Completed,90.0,Yes
1084,1274,36,2025-04-04,Completed,79.0,Yes
1085,2852,88,2025-02-02,In Progress,,No
1086,551,39,2024-03-16,Completed,74.0,No
1087,1815,100,2024-04-21,Not Completed,,No
1088,1104,94,2024-11-11,In Progress,,No
1089,770,57,2024-03-08,Completed,65.0,No
1090,1985,98,2024-01-13,Completed,86.0,Yes
1091,231,66,2024-02-23,Completed,83.0,Yes
1092,1275,91,2025-09-16,Completed,64.0,No
1093,2148,73,2024-12-11,Completed,68.0,No
1094,823,8,2025-04-14,Completed,72.0,No
1095,208,47,2024-07-08,Completed,89.0,Yes
1096,1509,60,2025-08-12,Completed,77.0,Yes
1097,508,88,2024-03-09,Completed,100.0,Yes
1098,2003,77,2025-05-17,Completed,83.0,Yes
1099,2404,71,2024-08-21,Completed,90.0,Yes
1100,1060,96,2025-05-09,Completed,70.0,No
1101,371,37,2025-11-13,In Progress,,No
1102,668,74,2025-10-21,Completed,63.0,No
1103,907,83,2024-02-20,Completed,73.0,No
1104,1103,84,2025-03-02,Completed,73.0,No
1105,2795,2,2024-08-29,Completed,61.0,No
1106,2652,23,2024-07-06,Completed,68.0,No
1107,917,33,2024-04-22,Completed,60.0,No
1108,2920,91,2025-01-13,Completed,79.0,Yes
1109,1543,45,2024-02-13,Completed,87.0,Yes
1110,1912,39,2025-06-23,Completed,73.0,No
1111,1627,75,2025-05-07,Completed,99.0,Yes
1112,2714,48,2025-12-23,Completed,92.0,Yes
1113,2495,37,2024-05-22,Completed,98.0,Yes
1114,1974,9,2024-07-26,Completed,66.0,No
1115,2624,42,2024-07-20,Completed,77.0,Yes
1116,1070,84,2024-04-30,In Progress,,No
1117,772,20,2024-04-17,Completed,79.0,Yes
1118,233,77,2025-11-28,Completed,75.0,Yes
1119,2789,18,2024-04-06,Completed,80.0,Yes
1120,1211,34,2025-05-13,Completed,91.0,Yes
1121,1658,50,2025-10-29,In Progress,,No
1122,2901,74,2025-06-02,Completed,97.0,Yes
1123,1406,93,2024-10-12,In Progress,,No
1124,2615,61,2024-01-04,Completed,94.0,Yes
1125,2752,46,2024-11-25,In Progress,,No
1126,2694,72,2025-08-22,Completed,70.0,No
1127,1929,17,2025-01-02,Completed,66.0,No
1128,750,88,2024-07-08,Completed,95.0,Yes
1129,2681,12,2025-06-09,In Progress,,No
1130,1258,54,2024-07-16,Completed,74.0,No
1131,1523,34,2025-05-16,Completed,81.0,Yes
1132,483,61,2024-10-14,Completed,89.0,Yes
1133,2391,75,2024-08-20,Completed,100.0,Yes
1134,292,61,2025-04-01,In Progress,,No
1135,2050,16,2024-05-29,In Progress,,No
1136,1564,68,2024-02-04,In Progress,,No
1137,618,18,2024-08-21,Completed,63.0,No
1138,1404,53,2024-01-18,Not Completed,,No
1139,1875,19,2024-12-23,Not Completed,,No
1140,332,63,2025-12-22,Completed,71.0,No
1141,1284,82,2025-10-10,Completed,71.0,No
1142,1121,27,2024-06-28,Completed,88.0,Yes
1143,2361,98,2024-09-16,Completed,70.0,No
1144,531,79,2025-12-02,Completed,65.0,No
1145,1653,55,2025-10-26,Completed,87.0,Yes
1146,1571,1,2024-11-12,Not Completed,,No
1147,2993,48,2025-01-26,Completed,72.0,No
1148,1320,97,2024-08-16,Not Completed,,No
1149,781,3,2025-02-08,In Progress,,No
1150,1020,29,2024-08-11,Completed,100.0,Yes
1151,1279,17,2025-09-24,Completed,82.0,Yes
1152,2412,40,2024-11-12,Completed,92.0,Yes
1153,1222,38,2025-06-01,Completed,62.0,No
1154,2443,68,2024-10-20,Completed,93.0,Yes
1155,1404,63,2024-08-31,Completed,68.0,No
1156,676,52,2024-03-23,Completed,72.0,No
1157,2979,17,2024-05-04,Completed,74.0,No
1158,2416,65,2024-08-05,Completed,61.0,No
1159,2913,84,2025-06-07,Completed,83.0,Yes
1160,2623,33,2025-08-10,Completed,84.0,Yes
1161,200,77,2024-11-16,Completed,99.0,Yes
1162,2712,14,2024-01-10,Not Completed,,No
1163,198,89,2024-07-04,Completed,61.0,No
1164,1558,16,2025-10-08,Completed,88.0,Yes
1165,2875,20,2025-01-19,Completed,90.0,Yes
1166,39,39,2025-07-03,Completed,100.0,Yes
1167,2714,67,2025-08-18,Completed,66.0,No
1168,2871,18,2024-06-27,Completed,98.0,Yes
1169,2096,93,2024-03-03,Completed,66.0,No
1170,467,14,2024-08-03,Completed,78.0,Yes
1171,819,100,2025-11-23,Completed,98.0,Yes
1172,827,46,2024-01-07,Completed,93.0,Yes
1173,657,6,2025-04-27,Completed,78.0,Yes
1174,2819,62,2025-01-23,Completed,73.0,No
1175,53,86,2024-05-18,Completed,60.0,No
1176,2352,86,2025-09-02,Completed,67.0,No
1177,2096,10,2024-05-13,Completed,65.0,No
1178,1049,83,2024-10-05,Completed,66.0,No
1179,1082,60,2025-05-15,Completed,78.0,Yes
1180,162,38,2025-10-30,Completed,71.0,No
1181,1745,95,2025-12-08,Completed,80.0,Yes
1182,40,18,2024-03-22,Completed,62.0,No
1183,1347,46,2024-07-24,Completed,70.0,No
1184,2547,35,2024-06-19,In Progress,,No
1185,381,48,2024-03-25,In Progress,,No
1186,750,15,2024-09-15,In Progress,,No
1187,1114,50,2024-07-31,Completed,89.0,Yes
1188,1728,84,2025-11-27,Completed,90.0,Yes
1189,684,15,2024-07-01,In Progress,,No
1190,653,14,2024-01-02,Completed,63.0,No
1191,1978,73,2024-02-23,Completed,97.0,Yes
1192,2504,49,2024-07-22,Completed,71.0,No
1193,119,88,2024-06-10,Completed,99.0,Yes
1194,2979,17,2025-03-08,In Progress,,No
1195,463,53,2025-07-09,Completed,91.0,Yes
1196,1072,84,2025-08-10,Completed,64.0,No
1197,2362,93,2024-09-06,Completed,93.0,Yes
1198,2127,67,2025-11-10,Completed,81.0,Yes
1199,391,56,2025-01-09,Completed,99.0,Yes
1200,1974,45,2024-03-24,Completed,75.0,Yes
1201,609,72,2025-08-03,Completed,84.0,Yes
1202,2511,7,2025-08-12,In Progress,,No
1203,2071,61,2024-02-15,Completed,70.0,No
1204,678,10,2025-07-20,In Progress,,No
1205,987,43,2025-09-27,Completed,80.0,Yes
1206,207,65,2025-05-21,Not Completed,,No
1207,1652,31,2025-04-02,Completed,84.0,Yes
1208,2348,58,2025-06-23,Completed,88.0,Yes
1209,1832,41,2025-06-05,Completed,91.0,Yes
1210,2677,3,2025-09-25,Completed,91.0,Yes
1211,147,72,2025-09-10,Completed,86.0,Yes
1212,2475,80,2024-06-05,Completed,65.0,No
1213,2304,27,2025-02-22,Completed,92.0,Yes
1214,1397,47,2024-12-27,Completed,89.0,Yes
1215,914,59,2025-10-11,In Progress,,No
1216,2458,61,2025-10-17,Completed,99.0,Yes
1217,2933,58,2024-03-10,Completed,83.0,Yes
1218,9,44,2025-05-13,Completed,74.0,No
1219,1196,71,2025-05-03,Completed,100.0,Yes
1220,188,22,2025-08-11,Completed,66.0,No
1221,439,33,2025-02-13,Completed,86.0,Yes
1222,495,51,2024-06-12,Completed,72.0,No
1223,2936,44,2025-08-23,Completed,72.0,No
1224,191,82,2024-10-22,Completed,86.0,Yes
1225,2412,16,2024-07-13,In Progress,,No
1226,1874,85,2024-11-05,Completed,88.0,Yes
1227,552,64,2024-07-09,Completed,92.0,Yes
1228,2267,56,2025-08-03,Completed,63.0,No
1229,1979,66,2025-03-13,In Progress,,No
1230,2834,75,2024-02-05,Completed,71.0,No
1231,425,50,2025-09-30,Completed,68.0,No
1232,1319,65,2025-03-08,Completed,98.0,Yes
1233,1715,78,2024-04-09,In Progress,,No
1234,1017,36,2024-02-20,In Progress,,No
1235,1205,58,2024-06-17,Completed,81.0,Yes
1236,566,53,2024-06-23,In Progress,,No
1237,1225,90,2024-05-08,Completed,92.0,Yes
1238,2916,95,2024-02-05,Completed,80.0,Yes
1239,2592,28,2025-10-21,In Progress,,No
1240,2927,38,2025-03-10,Completed,99.0,Yes
1241,2910,84,2024-05-08,Completed,68.0,No
1242,729,65,2025-11-21,Not Completed,,No
1243,1321,91,2025-08-29,Completed,100.0,Yes
1244,2304,62,2024-01-06,Completed,82.0,Yes
1245,2762,96,2024-07-03,Completed,86.0,Yes
1246,2187,37,2025-11-21,In Progress,,No
1247,1731,2,2025-10-05,In Progress,,No
1248,1561,19,2024-04-02,Completed,61.0,No
1249,819,35,2025-07-29,Completed,63.0,No
1250,1174,88,2024-02-10,Completed,70.0,No
1251,2829,38,2025-03-03,Completed,63.0,No
1252,133,46,2024-12-28,Completed,94.0,Yes
1253,420,79,2025-10-09,In Progress,,No
1254,2302,29,2025-02-27,In Progress,,No
1255,1593,31,2024-11-17,Completed,95.0,Yes
1256,2839,86,2024-09-04,Completed,78.0,Yes
1257,1588,54,2025-01-22,Completed,84.0,Yes
1258,2807,41,2024-11-23,Not Completed,,No
1259,221,2,2024-04-30,Not Completed,,No
1260,2542,100,2024-09-29,Completed,72.0,No
1261,1815,29,2025-10-20,In Progress,,No
1262,2887,91,2025-07-28,In Progress,,No
1263,2239,95,2024-02-28,Completed,97.0,Yes
1264,1205,58,2025-02-20,Completed,72.0,No
1265,766,23,2025-10-29,Completed,64.0,No
1266,1546,6,2025-06-13,Completed,67.0,No
1267,1083,17,2024-07-08,Completed,95.0,Yes
1268,24,43,2025-10-21,Completed,76.0,Yes
1269,164,20,2025-11-03,Completed,69.0,No
1270,2445,7,2025-05-27,In Progress,,No
1271,2522,85,2025-06-20,Completed,100.0,Yes
1272,2254,46,2024-02-17,Completed,96.0,Yes
1273,2153,29,2025-05-07,Completed,80.0,Yes
1274,2133,9,2024-06-03,Not Completed,,No
1275,1704,70,2024-03-15,Completed,70.0,No
1276,1432,29,2024-11-01,Completed,65.0,No
1277,2718,43,2024-04-04,In Progress,,No
1278,895,97,2025-06-06,Completed,78.0,Yes
1279,2300,97,2025-08-27,Completed,90.0,Yes
1280,37,15,2024-03-03,Not Completed,,No
1281,985,83,2025-11-17,Completed,88.0,Yes
1282,999,6,2025-02-14,Completed,99.0,Yes
1283,1563,15,2025-02-02,Completed,80.0,Yes
1284,2966,37,2025-05-15,Completed,94.0,Yes
1285,1536,66,2024-06-15,Completed,93.0,Yes
1286,1826,63,2025-10-27,In Progress,,No
1287,1313,66,2024-10-31,Completed,72.0,No
1288,686,99,2024-09-08,Completed,66.0,No
1289,2568,9,2024-11-28,Completed,60.0,No
1290,874,88,2024-01-15,Completed,100.0,Yes
1291,843,69,2024-02-21,Completed,66.0,No
1292,1783,83,2025-08-29,In Progress,,No
1293,296,96,2025-09-03,In Progress,,No
1294,1881,92,2025-07-10,Completed,61.0,No
1295,301,7,2024-09-15,Completed,65.0,No
1296,2286,10,2025-01-10,Completed,76.0,Yes
1297,1060,53,2024-10-04,Completed,74.0,No
1298,1657,56,2025-08-16,Completed,100.0,Yes
1299,2758,16,2025-01-09,Completed,84.0,Yes
1300,260,97,2025-05-27,Completed,99.0,Yes
1301,2871,10,2025-10-21,Completed,62.0,No
1302,435,38,2024-06-28,Completed,92.0,Yes
1303,2485,12,2025-10-30,Completed,79.0,Yes
1304,1563,51,2024-03-23,Completed,88.0,Yes
1305,127,61,2025-06-14,In Progress,,No
1306,559,96,2024-05-24,Completed,74.0,No
1307,1209,82,2024-01-01,Completed,94.0,Yes
1308,46,71,2024-10-27,Completed,83.0,Yes
1309,580,16,2024-06-16,In Progress,,No
1310,2444,51,2024-01-28,Completed,96.0,Yes
1311,1249,27,2025-03-16,Completed,65.0,No
1312,868,53,2025-04-03,Completed,82.0,Yes
1313,2100,19,2025-03-03,In Progress,,No
1314,2527,33,2025-04-14,Completed,74.0,No
1315,2749,73,2025-05-08,Completed,71.0,No
1316,2249,60,2024-03-17,In Progress,,No
1317,1191,86,2024-01-10,Completed,64.0,No
1318,809,93,2025-02-02,Completed,66.0,No
1319,1463,17,2024-11-09,Completed,81.0,Yes
1320,410,37,2025-09-13,Completed,75.0,Yes
1321,1302,63,2024-08-20,Completed,72.0,No
1322,2701,40,2025-01-24,Completed,99.0,Yes
1323,2317,73,2025-02-27,Completed,69.0,No
1324,1755,22,2024-05-29,Completed,80.0,Yes
1325,908,92,2024-02-18,Completed,75.0,Yes
1326,1134,47,2024-09-12,Completed,87.0,Yes
1327,1966,60,2024-05-20,Completed,81.0,Yes
1328,1995,71,2025-11-14,Completed,79.0,Yes
1329,336,36,2024-10-10,Completed,98.0,Yes
1330,574,69,2024-12-19,In Progress,,No
1331,314,94,2024-02-16,Completed,100.0,Yes
1332,2078,81,2025-12-18,Completed,61.0,No
1333,2372,52,2025-10-24,Completed,97.0,Yes
1334,151,71,2024-11-04,Completed,73.0,No
1335,1934,84,2025-06-30,Completed,94.0,Yes
1336,1608,29,2024-08-02,Completed,83.0,Yes
1337,2416,94,2024-07-26,In Progress,,No
1338,549,60,2025-02-27,In Progress,,No
1339,1626,47,2024-02-28,Completed,65.0,No
1340,2516,88,2024-10-04,Completed,75.0,Yes
1341,575,58,2024-11-23,Completed,92.0,Yes
1342,2318,85,2024-10-22,Completed,96.0,Yes
1343,599,95,2024-07-19,In Progress,,No
1344,166,29,2025-11-28,Completed,82.0,Yes
1345,258,34,2025-07-21,Completed,74.0,No
1346,2739,27,2024-03-04,Completed,62.0,No
1347,1590,61,2025-07-10,Completed,83.0,Yes
1348,191,6,2024-09-21,In Progress,,No
1349,1328,14,2024-05-18,Not Completed,,No
1350,2596,36,2024-06-16,Completed,93.0,Yes
1351,1079,75,2024-07-17,In Progress,,No
1352,1543,84,2024-12-09,Completed,71.0,No
1353,2677,10,2025-01-30,Completed,97.0,Yes
1354,913,67,2025-05-16,Completed,84.0,Yes
1355,1995,62,2024-02-29,Completed,82.0,Yes
1356,28,65,2024-11-14,In Progress,,No
1357,1802,22,2025-05-22,In Progress,,No
1358,2636,36,2025-06-16,Completed,92.0,Yes
1359,645,47,2024-11-05,Completed,71.0,No
1360,2708,30,2025-04-21,Completed,67.0,No
1361,2951,15,2024-11-12,Completed,81.0,Yes
1362,1963,27,2025-06-18,Completed,90.0,Yes
1363,92,32,2024-01-24,Completed,86.0,Yes
1364,2427,21,2025-05-08,Completed,96.0,Yes
1365,161,74,2024-01-11,Completed,92.0,Yes
1366,1058,24,2025-06-27,Completed,70.0,No
1367,2455,73,2025-03-11,Completed,85.0,Yes
1368,352,28,2024-01-30,Completed,78.0,Yes
1369,1973,22,2024-01-31,Completed,90.0,Yes
1370,2462,19,2025-07-06,Completed,86.0,Yes
1371,2553,85,2025-12-20,Completed,71.0,No
1372,2967,88,2024-12-21,Completed,70.0,No
1373,2444,76,2025-07-13,Completed,89.0,Yes
1374,1579,17,2024-05-11,Completed,84.0,Yes
1375,2142,65,2025-10-14,Completed,72.0,No
1376,2481,13,2024-06-14,Completed,69.0,No
1377,2457,5,2024-04-13,Completed,99.0,Yes
1378,2177,65,2024-04-20,In Progress,,No
1379,1976,85,2025-01-16,Completed,65.0,No
1380,2209,1,2024-01-16,Completed,98.0,Yes
1381,2780,84,2025-10-10,In Progress,,No
1382,1518,6,2024-12-21,Completed,86.0,Yes
1383,940,62,2024-09-28,Completed,87.0,Yes
1384,1436,76,2024-04-26,Completed,84.0,Yes
1385,2854,74,2025-01-23,In Progress,,No
1386,1043,62,2024-04-24,Completed,68.0,No
1387,1161,77,2024-02-29,Completed,65.0,No
1388,1674,33,2025-05-21,In Progress,,No
1389,2368,67,2024-05-04,Completed,60.0,No
1390,1537,84,2025-08-13,Completed,60.0,No
1391,1675,47,2025-03-24,Completed,80.0,Yes
1392,2669,75,2024-03-06,Completed,87.0,Yes
1393,1735,73,2024-12-22,Completed,94.0,Yes
1394,2788,51,2024-03-10,Completed,77.0,Yes
1395,2262,72,2025-03-13,Completed,86.0,Yes
1396,2291,72,2024-09-24,Completed,83.0,Yes
1397,2367,45,2025-03-21,Completed,79.0,Yes
1398,566,85,2025-09-05,Completed,85.0,Yes
1399,1830,90,2025-12-09,Completed,74.0,No
1400,411,28,2025-12-29,In Progress,,No
1401,2256,79,2024-05-25,Completed,81.0,Yes
1402,659,50,2025-12-13,Completed,63.0,No
1403,22,12,2024-06-20,Not Completed,,No
1404,1932,77,2025-04-30,In Progress,,No
1405,1078,29,2025-08-12,Completed,64.0,No
1406,155,93,2025-09-06,Completed,98.0,Yes
1407,2515,84,2024-01-06,Completed,85.0,Yes
1408,236,100,2025-01-06,Completed,98.0,Yes
1409,2623,64,2025-10-07,In Progress,,No
1410,2691,67,2024-12-13,Completed,72.0,No
1411,2456,66,2024-09-09,Completed,62.0,No
1412,2520,22,2025-04-27,Completed,74.0,No
1413,980,84,2024-12-31,Completed,83.0,Yes
1414,356,36,2024-07-20,Completed,70.0,No
1415,2743,51,2025-03-23,Completed,82.0,Yes
1416,2121,2,2025-04-30,Completed,72.0,No
1417,370,71,2024-10-21,Completed,64.0,No
1418,2388,45,2024-02-19,Completed,95.0,Yes
1419,927,78,2024-07-29,Completed,77.0,Yes
1420,1863,52,2024-08-23,Not Completed,,No
1421,717,53,2025-11-21,Completed,76.0,Yes
1422,297,65,2024-08-11,Completed,95.0,Yes
1423,2103,33,2024-01-23,Completed,67.0,No
1424,2355,33,2024-10-04,In Progress,,No
1425,2307,62,2024-11-16,Completed,84.0,Yes
1426,1880,88,2024-10-18,Completed,81.0,Yes
1427,113,62,2024-11-05,Completed,97.0,Yes
1428,1568,82,2025-10-08,Completed,64.0,No
1429,2773,90,2025-01-22,Completed,74.0,No
1430,1690,46,2024-09-01,Completed,80.0,Yes
1431,2871,34,2025-04-09,Completed,60.0,No
1432,1635,87,2025-12-27,Completed,65.0,No
1433,312,71,2024-02-02,Completed,81.0,Yes
1434,1952,41,2024-12-29,In Progress,,No
1435,1103,24,2025-09-27,Completed,96.0,Yes
1436,2799,25,2024-06-07,In Progress,,No
1437,962,95,2024-07-18,Completed,72.0,No
1438,847,30,2024-03-25,Completed,76.0,Yes
1439,2534,46,2024-11-11,Completed,75.0,Yes
1440,492,11,2024-10-02,Completed,66.0,No
1441,2515,1,2025-08-12,Completed,91.0,Yes
1442,174,62,2025-05-30,Completed,94.0,Yes
1443,2017,74,2025-05-24,Completed,80.0,Yes
1444,2011,24,2025-04-21,In Progress,,No
1445,2094,36,2024-05-24,Not Completed,,No
1446,526,7,2025-10-26,Completed,96.0,Yes
1447,1960,70,2024-12-31,Completed,87.0,Yes
1448,1613,88,2025-08-10,Completed,82.0,Yes
1449,494,90,2025-12-22,Completed,89.0,Yes
1450,2824,2,2025-03-15,Completed,80.0,Yes
1451,1555,75,2025-10-21,Completed,73.0,No
1452,2510,34,2025-03-25,Completed,83.0,Yes
1453,972,35,2024-03-24,Completed,76.0,Yes
1454,1406,47,2024-10-26,Completed,99.0,Yes
1455,863,54,2024-10-10,Completed,87.0,Yes
1456,1496,52,2025-11-20,Completed,83.0,Yes
1457,2341,17,2025-11-27,Completed,71.0,No
1458,2810,30,2025-12-21,Not Completed,,No
1459,2953,35,2025-03-29,In Progress,,No
1460,2275,56,2024-10-28,In Progress,,No
1461,804,19,2025-08-30,In Progress,,No
1462,613,61,2025-01-06,In Progress,,No
1463,724,54,2025-06-24,In Progress,,No
1464,2118,69,2025-03-15,Completed,100.0,Yes
1465,1229,33,2024-06-21,Completed,91.0,Yes
1466,196,51,2024-12-11,Completed,96.0,Yes
1467,246,28,2024-09-16,Completed,70.0,No
1468,1952,81,2025-08-07,In Progress,,No
1469,1065,47,2025-05-11,Completed,81.0,Yes
1470,1056,45,2024-10-11,Completed,95.0,Yes
1471,1439,87,2024-05-14,Completed,67.0,No
1472,815,74,2025-10-07,Not Completed,,No
1473,715,100,2025-10-11,Completed,94.0,Yes
1474,2758,66,2024-07-15,Completed,80.0,Yes
1475,322,49,2024-03-15,Completed,88.0,Yes
1476,2588,19,2024-07-02,Completed,89.0,Yes
1477,2624,44,2025-07-18,In Progress,,No
1478,2342,52,2024-08-21,Completed,99.0,Yes
1479,293,11,2024-10-21,In Progress,,No
1480,1285,41,2025-03-10,Completed,74.0,No
1481,2480,83,2025-02-25,Completed,77.0,Yes
1482,1488,96,2025-11-13,Completed,88.0,Yes
1483,1696,22,2024-03-03,Completed,88.0,Yes
1484,513,94,2025-10-08,Completed,61.0,No
1485,2871,96,2024-06-21,Completed,76.0,Yes
1486,1627,14,2025-10-13,Completed,70.0,No
1487,2247,7,2025-02-24,Completed,90.0,Yes
1488,2147,98,2025-03-22,Completed,85.0,Yes
1489,426,34,2024-03-29,Not Completed,,No
1490,2683,50,2025-11-10,Completed,65.0,No
1491,1164,57,2025-03-30,Completed,75.0,Yes
1492,2158,22,2024-01-14,Completed,68.0,No
1493,1333,61,2025-06-24,Completed,82.0,Yes
1494,1116,71,2025-09-13,Completed,94.0,Yes
1495,726,76,2024-07-10,Completed,94.0,Yes
1496,2605,73,2024-12-01,Completed,100.0,Yes
1497,2620,69,2024-09-23,Completed,100.0,Yes
1498,1973,70,2025-10-24,Completed,82.0,Yes
1499,1810,40,2024-08-03,Completed,65.0,No
1500,638,39,2024-08-24,Completed,76.0,Yes
1501,559,45,2025-09-05,Completed,93.0,Yes
1502,35,89,2024-04-25,Completed,94.0,Yes
1503,1955,39,2025-11-04,In Progress,,No
1504,1200,77,2024-08-28,Completed,87.0,Yes
1505,2246,48,2025-06-19,Completed,60.0,No
1506,1791,51,2024-03-22,Completed,95.0,Yes
1507,1550,29,2025-05-20,Completed,84.0,Yes
1508,2562,31,2024-11-10,Completed,87.0,Yes
1509,2843,88,2025-05-27,Completed,99.0,Yes
1510,1102,53,2025-10-19,Completed,94.0,Yes
1511,748,18,2024-01-29,Completed,64.0,No
1512,1866,80,2024-09-19,Completed,100.0,Yes
1513,2016,25,2025-03-31,Completed,99.0,Yes
1514,204,69,2025-07-23,Completed,69.0,No
1515,1156,35,2024-09-18,Completed,66.0,No
1516,2979,2,2024-08-18,Completed,88.0,Yes
1517,61,64,2025-05-18,Completed,69.0,No
1518,1277,64,2024-12-04,Completed,86.0,Yes
1519,1900,90,2025-05-30,Not Completed,,No
1520,329,97,2025-05-20,Completed,81.0,Yes
1521,230,35,2025-05-16,Not Completed,,No
1522,2225,61,2025-02-13,Completed,64.0,No
1523,1563,2,2024-11-04,Completed,76.0,Yes
1524,1577,99,2024-01-05,Completed,75.0,Yes
1525,1013,95,2024-10-29,Not Completed,,No
1526,816,59,2025-10-30,Not Completed,,No
1527,2135,86,2024-01-07,Completed,66.0,No
1528,1937,50,2025-02-23,Not Completed,,No
1529,1324,21,2024-11-15,Completed,79.0,Yes
1530,2252,67,2025-04-24,Completed,62.0,No
1531,2616,39,2025-01-08,Completed,90.0,Yes
1532,2731,28,2024-01-17,Completed,63.0,No
1533,967,82,2024-06-21,Not Completed,,No
1534,686,36,2025-02-12,Completed,60.0,No
1535,996,2,2025-01-17,Completed,85.0,Yes
1536,2381,89,2024-02-05,Not Completed,,No
1537,635,48,2024-07-29,Completed,98.0,Yes
1538,646,64,2025-10-03,Completed,75.0,Yes
1539,1387,98,2024-01-08,Completed,99.0,Yes
1540,1457,83,2024-04-15,Completed,63.0,No
1541,440,17,2024-07-25,Completed,94.0,Yes
1542,2288,83,2025-12-17,Completed,80.0,Yes
1543,791,3,2024-12-21,Completed,88.0,Yes
1544,2968,18,2024-01-30,Completed,82.0,Yes
1545,1988,91,2024-03-10,Completed,62.0,No
1546,2224,90,2024-07-24,Completed,78.0,Yes
1547,765,70,2024-12-10,Completed,96.0,Yes
1548,1128,77,2025-08-29,Completed,89.0,Yes
1549,2272,21,2025-04-27,In Progress,,No
1550,1841,38,2024-06-29,Completed,69.0,No
1551,2219,47,2025-12-05,In Progress,,No
1552,2073,49,2024-08-17,Completed,100.0,Yes
1553,2539,47,2024-07-04,Completed,61.0,No
1554,1314,93,2024-10-18,Completed,75.0,Yes
1555,1588,25,2024-11-29,Completed,94.0,Yes
1556,2259,20,2024-11-17,Completed,91.0,Yes
1557,1679,83,2025-11-21,Completed,80.0,Yes
1558,2144,85,2025-09-06,Completed,66.0,No
1559,732,5,2025-03-08,Completed,68.0,No
1560,785,13,2024-08-03,Completed,91.0,Yes
1561,2695,63,2025-12-30,Completed,84.0,Yes
1562,1049,7,2025-11-28,Completed,97.0,Yes
1563,2941,10,2025-01-17,Completed,98.0,Yes
1564,2686,63,2025-02-19,Completed,73.0,No
1565,328,60,2024-01-08,In Progress,,No
1566,249,47,2025-01-12,In Progress,,No
1567,1512,91,2024-08-07,Completed,86.0,Yes
1568,1089,68,2024-02-28,Completed,99.0,Yes
1569,1245,10,2025-06-26,Completed,64.0,No
1570,2128,13,2024-05-08,In Progress,,No
1571,2178,50,2024-04-08,Completed,74.0,No
1572,2691,32,2024-09-30,Completed,93.0,Yes
1573,2288,96,2024-03-30,Completed,71.0,No
1574,2616,74,2025-09-14,Completed,66.0,No
1575,2878,86,2024-03-30,Completed,89.0,Yes
1576,684,24,2025-11-28,Completed,66.0,No
1577,1383,85,2024-01-17,Completed,92.0,Yes
1578,1815,46,2024-05-29,Completed,98.0,Yes
1579,2254,42,2025-09-11,In Progress,,No
1580,1689,98,2025-09-19,In Progress,,No
1581,2493,31,2024-05-29,Completed,80.0,Yes
1582,1537,99,2025-06-19,Completed,73.0,No
1583,1475,58,2025-03-27,Completed,76.0,Yes
1584,1,93,2024-10-03,Completed,85.0,Yes
1585,2441,3,2024-07-03,Completed,78.0,Yes
1586,27,39,2024-10-09,Completed,79.0,Yes
1587,880,41,2024-09-06,Not Completed,,No
1588,2268,66,2024-03-17,Completed,77.0,Yes
1589,634,13,2025-03-06,Completed,96.0,Yes
1590,640,18,2024-05-03,Completed,82.0,Yes
1591,1024,30,2025-10-22,Completed,97.0,Yes
1592,377,74,2025-03-13,Completed,79.0,Yes
1593,317,93,2024-08-03,Completed,73.0,No
1594,709,63,2025-07-22,Completed,90.0,Yes
1595,2825,90,2025-05-03,In Progress,,No
1596,2439,83,2025-06-21,Completed,66.0,No
1597,1563,11,2024-10-15,Completed,96.0,Yes
1598,1426,56,2025-12-09,Completed,81.0,Yes
1599,929,96,2025-04-18,Completed,67.0,No
1600,47,82,2024-07-29,Completed,98.0,Yes
1601,222,40,2025-11-25,Completed,84.0,Yes
1602,2212,73,2024-11-03,Completed,80.0,Yes
1603,2859,29,2024-09-04,Completed,92.0,Yes
1604,1826,97,2025-07-02,Completed,85.0,Yes
1605,369,29,2025-04-13,Completed,92.0,Yes
1606,607,17,2024-06-23,Completed,85.0,Yes
1607,2341,96,2025-07-24,Completed,90.0,Yes
1608,1076,11,2025-11-22,Completed,85.0,Yes
1609,2859,17,2024-08-22,Completed,87.0,Yes
1610,2291,26,2024-06-01,Completed,90.0,Yes
1611,804,72,2025-05-01,Completed,96.0,Yes
1612,1009,32,2024-01-23,Completed,93.0,Yes
1613,1325,88,2025-09-29,Completed,87.0,Yes
1614,367,15,2025-07-14,In Progress,,No
1615,1497,45,2025-07-21,Completed,87.0,Yes
1616,2433,84,2024-09-11,Completed,82.0,Yes
1617,694,45,2025-04-02,Completed,79.0,Yes
1618,2553,19,2024-05-12,Completed,88.0,Yes
1619,818,88,2024-04-13,Completed,74.0,No
1620,461,95,2025-01-14,Completed,65.0,No
1621,605,37,2025-03-28,Completed,99.0,Yes
1622,1250,58,2025-02-24,Completed,67.0,No
1623,857,95,2024-07-10,Completed,81.0,Yes
1624,2239,67,2025-12-24,Completed,73.0,No
1625,1979,80,2025-08-02,Completed,95.0,Yes
1626,2848,90,2025-09-10,Completed,69.0,No
1627,2388,85,2024-04-11,Completed,84.0,Yes
1628,698,8,2025-09-25,Completed,76.0,Yes
1629,1112,7,2024-06-12,Completed,99.0,Yes
1630,273,50,2025-12-14,Completed,60.0,No
1631,442,3,2024-03-13,Completed,83.0,Yes
1632,947,49,2025-01-26,Completed,84.0,Yes
1633,1293,63,2025-11-17,Completed,66.0,No
1634,2178,12,2025-12-11,In Progress,,No
1635,1876,72,2024-09-11,Completed,92.0,Yes
1636,89,6,2025-05-31,In Progress,,No
1637,1249,43,2025-10-06,Completed,93.0,Yes
1638,76,45,2025-12-29,Completed,70.0,No
1639,2561,39,2024-03-08,Completed,82.0,Yes
1640,1130,8,2025-06-07,Completed,92.0,Yes
1641,121,72,2025-01-28,Completed,84.0,Yes
1642,924,20,2024-03-13,In Progress,,No
1643,2691,18,2025-02-15,Completed,85.0,Yes
1644,2133,87,2025-05-06,Completed,84.0,Yes
1645,2812,30,2024-06-20,Completed,100.0,Yes
1646,626,55,2025-02-22,Completed,96.0,Yes
1647,2480,43,2024-10-01,Not Completed,,No
1648,847,84,2024-05-12,Completed,68.0,No
1649,2802,26,2024-10-18,Completed,94.0,Yes
1650,1266,89,2025-07-08,In Progress,,No
1651,554,56,2025-03-10,Completed,93.0,Yes
1652,595,84,2024-04-23,Not Completed,,No
1653,648,41,2025-07-20,In Progress,,No
1654,2947,16,2024-10-25,Completed,94.0,Yes
1655,2979,4,2024-02-25,Completed,69.0,No
1656,1685,39,2025-08-13,Completed,86.0,Yes
1657,1122,20,2024-10-27,Completed,100.0,Yes
1658,539,24,2024-12-13,Completed,66.0,No
1659,2528,35,2025-06-30,Completed,99.0,Yes
1660,946,77,2024-09-19,Completed,99.0,Yes
1661,1472,11,2025-03-13,Completed,61.0,No
1662,550,65,2024-01-10,Completed,90.0,Yes
1663,1921,92,2024-10-27,In Progress,,No
1664,1588,63,2025-06-19,Completed,71.0,No
1665,792,29,2025-09-07,Completed,70.0,No
1666,1106,53,2025-06-08,Completed,60.0,No
1667,838,9,2025-09-16,Completed,72.0,No
1668,2528,63,2025-01-25,Completed,88.0,Yes
1669,1011,55,2025-08-06,Completed,89.0,Yes
1670,2491,95,2025-02-26,Completed,62.0,No
1671,2950,41,2025-07-04,In Progress,,No
1672,2433,69,2024-04-01,Completed,96.0,Yes
1673,2133,14,2025-08-15,Completed,62.0,No
1674,1007,67,2024-07-09,Completed,62.0,No
1675,2285,50,2025-03-18,Completed,62.0,No
1676,202,25,2025-05-01,Completed,100.0,Yes
1677,1248,100,2025-12-29,Completed,85.0,Yes
1678,1890,22,2024-01-07,In Progress,,No
1679,224,89,2025-10-23,Completed,99.0,Yes
1680,1899,83,2024-08-24,Completed,69.0,No
1681,464,24,2025-07-08,Completed,92.0,Yes
1682,555,51,2025-02-20,Completed,94.0,Yes
1683,103,23,2025-06-13,Completed,88.0,Yes
1684,1863,12,2025-06-21,Completed,72.0,No
1685,2943,94,2025-03-26,Completed,70.0,No
1686,2893,58,2025-04-24,Completed,67.0,No
1687,2146,91,2025-10-19,Completed,65.0,No
1688,2508,21,2024-05-07,Completed,92.0,Yes
1689,180,99,2025-11-30,Completed,84.0,Yes
1690,2317,85,2024-02-24,Completed,81.0,Yes
1691,665,19,2024-03-15,In Progress,,No
1692,1719,40,2024-09-06,Completed,63.0,No
1693,1183,81,2024-03-09,Completed,88.0,Yes
1694,831,1,2024-10-12,Completed,68.0,No
1695,51,59,2025-07-20,Completed,76.0,Yes
1696,2227,1,2024-04-17,Completed,91.0,Yes
1697,975,28,2024-08-12,Completed,91.0,Yes
1698,1859,53,2024-01-10,Completed,90.0,Yes
1699,2459,1,2024-08-08,Completed,98.0,Yes
1700,1140,80,2024-05-26,Completed,95.0,Yes
1701,201,24,2024-02-17,Completed,73.0,No
1702,151,19,2025-08-31,Completed,82.0,Yes
1703,2733,74,2025-07-16,In Progress,,No
1704,1223,43,2024-12-23,In Progress,,No
1705,201,14,2025-02-22,In Progress,,No
1706,661,87,2025-04-09,Completed,71.0,No
1707,2345,72,2024-02-24,Completed,98.0,Yes
1708,2372,47,2024-05-13,Completed,89.0,Yes
1709,382,99,2024-12-26,In Progress,,No
1710,1553,9,2024-04-02,Completed,83.0,Yes
1711,266,38,2024-02-19,Completed,95.0,Yes
1712,2846,36,2025-02-18,Completed,67.0,No
1713,2149,27,2024-01-13,Completed,86.0,Yes
1714,239,14,2025-08-18,Completed,99.0,Yes
1715,2167,12,2025-09-27,Completed,100.0,Yes
1716,2896,37,2025-06-05,Completed,98.0,Yes
1717,1064,68,2025-08-26,Completed,80.0,Yes
1718,1450,17,2024-07-11,Completed,99.0,Yes
1719,2129,94,2025-03-31,Completed,91.0,Yes
1720,737,79,2025-08-16,Completed,91.0,Yes
1721,793,1,2025-10-30,Completed,78.0,Yes
1722,2562,16,2024-12-28,Completed,89.0,Yes
1723,2521,54,2024-03-05,Completed,73.0,No
1724,1433,72,2025-01-08,Completed,81.0,Yes
1725,870,2,2025-02-09,In Progress,,No
1726,1043,9,2024-04-11,Completed,78.0,Yes
1727,2253,42,2024-08-04,Completed,92.0,Yes
1728,2810,43,2025-02-12,Completed,67.0,No
1729,2524,4,2025-02-06,Completed,96.0,Yes
1730,795,43,2025-07-20,In Progress,,No
1731,2755,62,2025-09-15,In Progress,,No
1732,146,83,2025-02-13,In Progress,,No
1733,2570,59,2024-02-17,Completed,69.0,No
1734,2200,43,2024-06-16,In Progress,,No
1735,230,67,2024-09-12,Completed,86.0,Yes
1736,2275,69,2024-06-22,Completed,80.0,Yes
1737,2808,43,2025-12-01,Completed,96.0,Yes
1738,272,20,2025-02-05,Completed,82.0,Yes
1739,1390,49,2025-02-13,Completed,61.0,No
1740,2339,78,2024-12-09,Completed,70.0,No
1741,479,97,2025-02-01,Completed,98.0,Yes
1742,2908,5,2025-01-02,Completed,80.0,Yes
1743,2036,31,2025-11-11,Completed,65.0,No
1744,886,68,2025-03-01,Completed,79.0,Yes
1745,1533,5,2024-08-20,Completed,67.0,No
1746,1818,65,2025-06-19,Completed,65.0,No
1747,2049,20,2025-01-15,Completed,90.0,Yes
1748,2145,40,2025-03-12,Completed,90.0,Yes
1749,403,67,2025-09-07,Completed,69.0,No
1750,841,93,2025-11-07,Completed,68.0,No
1751,2924,67,2025-10-27,Completed,84.0,Yes
1752,181,88,2024-01-23,Completed,79.0,Yes
1753,357,43,2025-03-22,In Progress,,No
1754,423,67,2024-06-21,Completed,62.0,No
1755,93,74,2024-05-14,Completed,79.0,Yes
1756,860,42,2025-03-05,Completed,100.0,Yes
1757,1134,69,2025-11-24,Completed,78.0,Yes
1758,2749,16,2024-07-08,Completed,88.0,Yes
1759,1121,15,2024-02-10,Completed,70.0,No
1760,2293,66,2025-03-02,Completed,99.0,Yes
1761,1435,71,2024-03-15,Completed,94.0,Yes
1762,2886,37,2025-09-04,Completed,69.0,No
1763,292,40,2025-11-29,Completed,70.0,No
1764,2215,57,2024-09-17,Completed,81.0,Yes
1765,1929,87,2025-05-13,Completed,61.0,No
1766,221,12,2024-09-28,Completed,84.0,Yes
1767,2887,77,2024-10-08,Completed,71.0,No
1768,2579,89,2024-07-11,In Progress,,No
1769,1457,40,2025-02-18,Completed,99.0,Yes
1770,2921,98,2025-04-23,Completed,72.0,No
1771,322,97,2024-02-16,Completed,94.0,Yes
1772,540,12,2024-01-31,Completed,96.0,Yes
1773,2862,60,2024-10-15,In Progress,,No
1774,2804,83,2025-07-26,Completed,79.0,Yes
1775,1928,30,2025-12-02,Completed,89.0,Yes
1776,589,79,2024-12-24,In Progress,,No
1777,1606,24,2025-01-15,Completed,83.0,Yes
1778,1331,59,2024-11-09,Completed,81.0,Yes
1779,1947,15,2024-04-27,Completed,64.0,No
1780,700,37,2025-09-15,Completed,89.0,Yes
1781,2354,17,2024-05-06,Completed,98.0,Yes
1782,2926,14,2025-05-27,Completed,85.0,Yes
1783,1238,69,2024-11-03,Completed,64.0,No
1784,1694,31,2024-05-30,Completed,97.0,Yes
1785,652,62,2024-03-05,Completed,95.0,Yes
1786,853,89,2025-11-03,Completed,81.0,Yes
1787,2324,44,2024-01-25,Completed,87.0,Yes
1788,709,85,2025-10-06,Completed,75.0,Yes
1789,1994,15,2024-08-10,Completed,96.0,Yes
1790,1333,72,2024-08-03,Completed,89.0,Yes
1791,722,40,2025-06-27,Completed,88.0,Yes
1792,286,77,2024-04-06,Not Completed,,No
1793,1553,42,2025-10-21,Completed,98.0,Yes
1794,371,28,2025-01-17,Completed,63.0,No
1795,2379,97,2024-12-20,In Progress,,No
1796,601,85,2025-06-03,Completed,60.0,No
1797,1194,50,2025-12-17,Completed,94.0,Yes
1798,802,27,2025-05-22,Completed,88.0,Yes
1799,1228,73,2024-08-16,Completed,80.0,Yes
1800,1781,92,2025-09-02,Completed,79.0,Yes
1801,1411,12,2024-02-07,Not Completed,,No
1802,2091,52,2025-05-15,Completed,99.0,Yes
1803,1205,8,2025-06-02,In Progress,,No
1804,218,1,2024-08-01,Completed,95.0,Yes
1805,450,37,2024-10-27,Completed,82.0,Yes
1806,964,56,2024-09-22,In Progress,,No
1807,2561,41,2025-01-21,Completed,85.0,Yes
1808,1563,56,2025-09-15,Completed,85.0,Yes
1809,1946,18,2024-10-27,Completed,71.0,No
1810,1476,54,2024-06-23,Completed,84.0,Yes
1811,551,2,2025-04-16,Completed,68.0,No
1812,590,93,2025-05-11,Completed,61.0,No
1813,2695,56,2025-07-11,In Progress,,No
1814,557,11,2024-07-10,Not Completed,,No
1815,1868,90,2025-06-20,Completed,86.0,Yes
1816,2553,24,2024-05-22,Completed,87.0,Yes
1817,2262,58,2025-04-26,Completed,87.0,Yes
1818,762,55,2025-06-28,Completed,74.0,No
1819,2041,94,2024-01-11,Completed,96.0,Yes
1820,1103,53,2024-05-07,Completed,92.0,Yes
1821,2361,47,2025-09-01,In Progress,,No
1822,2328,62,2024-01-22,Completed,62.0,No
1823,2377,62,2025-06-13,Completed,67.0,No
1824,328,19,2025-07-05,Not Completed,,No
1825,1145,60,2025-03-30,Completed,93.0,Yes
1826,2499,12,2025-02-04,Completed,93.0,Yes
1827,2719,86,2024-02-01,Completed,100.0,Yes
1828,2209,75,2024-10-04,Completed,100.0,Yes
1829,1408,69,2024-11-17,Completed,63.0,No
1830,1860,66,2025-10-03,Completed,90.0,Yes
1831,2351,94,2024-01-27,In Progress,,No
1832,1207,38,2024-09-12,Completed,82.0,Yes
1833,1246,94,2024-11-19,Completed,98.0,Yes
1834,252,81,2025-02-20,Completed,76.0,Yes
1835,2347,7,2024-12-06,Completed,70.0,No
1836,2558,4,2024-10-22,Completed,78.0,Yes
1837,520,65,2024-05-31,Completed,65.0,No
1838,1033,17,2025-10-11,Completed,77.0,Yes
1839,1053,2,2025-03-28,Completed,77.0,Yes
1840,716,76,2025-04-24,Completed,98.0,Yes
1841,1515,23,2025-11-07,Completed,88.0,Yes
1842,1987,24,2024-04-01,Completed,75.0,Yes
1843,1405,11,2024-08-16,Completed,62.0,No
1844,2440,20,2025-09-16,Not Completed,,No
1845,1692,99,2024-12-25,In Progress,,No
1846,2974,82,2025-03-05,Completed,88.0,Yes
1847,1414,7,2025-11-14,Completed,96.0,Yes
1848,216,22,2025-09-24,Completed,67.0,No
1849,1235,61,2024-02-17,Completed,90.0,Yes
1850,958,49,2024-04-15,Completed,94.0,Yes
1851,1944,34,2024-04-05,Completed,84.0,Yes
1852,49,37,2025-05-08,Completed,87.0,Yes
1853,1839,49,2025-11-23,In Progress,,No
1854,2798,6,2025-05-21,Completed,93.0,Yes
1855,2611,46,2025-07-18,Completed,94.0,Yes
1856,1769,79,2024-10-15,Not Completed,,No
1857,1117,43,2025-10-24,In Progress,,No
1858,1046,84,2024-01-14,Completed,66.0,No
1859,2766,96,2024-10-02,Completed,89.0,Yes
1860,799,67,2024-04-11,Completed,97.0,Yes
1861,1284,71,2025-12-01,Completed,71.0,No
1862,279,2,2024-11-01,Completed,60.0,No
1863,426,88,2024-07-01,Completed,93.0,Yes
1864,2971,37,2024-07-12,Completed,74.0,No
1865,98,80,2024-02-06,Completed,62.0,No
1866,2690,28,2025-12-18,Completed,98.0,Yes
1867,2614,16,2025-02-12,Not Completed,,No
1868,354,78,2024-11-28,Completed,67.0,No
1869,757,15,2024-12-17,Completed,96.0,Yes
1870,1207,60,2024-12-28,Completed,76.0,Yes
1871,2617,59,2024-08-14,Completed,64.0,No
1872,1133,99,2025-09-27,In Progress,,No
1873,1055,21,2024-08-15,Completed,80.0,Yes
1874,256,49,2025-08-30,Completed,77.0,Yes
1875,1058,34,2025-06-30,Completed,63.0,No
1876,2015,26,2025-03-16,Completed,64.0,No
1877,2644,63,2024-12-03,Completed,71.0,No
1878,1767,28,2025-12-15,Completed,94.0,Yes
1879,1809,92,2024-01-22,Completed,66.0,No
1880,299,10,2024-06-14,Completed,62.0,No
1881,1827,3,2024-09-24,Completed,76.0,Yes
1882,610,84,2024-07-15,In Progress,,No
1883,2723,50,2025-09-17,Completed,62.0,No
1884,1603,74,2024-04-04,Completed,81.0,Yes
1885,1959,56,2025-08-22,Completed,91.0,Yes
1886,2213,29,2025-06-12,Completed,64.0,No
1887,497,73,2024-03-02,Completed,90.0,Yes
1888,1366,88,2025-07-25,Completed,82.0,Yes
1889,2590,83,2025-01-05,Completed,63.0,No
1890,1393,11,2025-07-25,Completed,94.0,Yes
1891,1188,83,2024-12-08,In Progress,,No
1892,162,50,2024-08-26,Completed,95.0,Yes
1893,2851,50,2025-10-28,Completed,79.0,Yes
1894,2584,89,2025-01-18,In Progress,,No
1895,2592,57,2025-05-29,Completed,65.0,No
1896,147,25,2025-02-24,Completed,68.0,No
1897,977,63,2024-10-20,Completed,97.0,Yes
1898,2636,40,2025-05-27,Completed,94.0,Yes
1899,68,5,2025-05-15,Completed,88.0,Yes
1900,2954,6,2024-12-02,Completed,81.0,Yes
1901,2679,86,2025-02-20,Completed,73.0,No
1902,611,95,2025-02-07,Completed,94.0,Yes
1903,152,95,2024-05-04,Completed,64.0,No
1904,1931,80,2024-02-26,Completed,61.0,No
1905,59,23,2024-05-13,Completed,68.0,No
1906,399,59,2024-09-20,Completed,79.0,Yes
1907,262,14,2025-10-12,Completed,97.0,Yes
1908,2522,29,2025-01-15,Completed,98.0,Yes
1909,1746,44,2024-01-21,Completed,72.0,No
1910,2779,52,2025-04-17,In Progress,,No
1911,2236,18,2025-06-06,Completed,96.0,Yes
1912,187,76,2024-11-17,Completed,73.0,No
1913,495,36,2024-11-28,Completed,64.0,No
1914,689,90,2025-11-03,Completed,86.0,Yes
1915,1797,32,2025-12-07,Completed,70.0,No
1916,167,18,2024-10-06,In Progress,,No
1917,2509,49,2024-10-05,Completed,100.0,Yes
1918,1995,11,2024-04-13,Completed,61.0,No
1919,366,91,2025-11-01,Completed,71.0,No
1920,1705,89,2025-03-07,Completed,78.0,Yes
1921,1950,89,2024-09-01,In Progress,,No
1922,2621,35,2025-01-04,Completed,69.0,No
1923,980,23,2025-03-22,Completed,86.0,Yes
1924,2443,24,2025-01-06,Completed,62.0,No
1925,361,81,2024-10-20,Completed,99.0,Yes
1926,1234,45,2025-12-07,In Progress,,No
1927,966,25,2024-02-02,Completed,95.0,Yes
1928,392,80,2024-03-21,Completed,93.0,Yes
1929,2079,29,2024-02-22,Completed,94.0,Yes
1930,2701,27,2024-06-26,Completed,100.0,Yes
1931,462,20,2025-02-05,Completed,72.0,No
1932,2038,23,2025-03-10,Completed,90.0,Yes
1933,222,83,2024-10-13,Completed,62.0,No
1934,1781,33,2025-04-10,Completed,73.0,No
1935,178,14,2024-05-24,Completed,89.0,Yes
1936,721,21,2025-06-11,Completed,94.0,Yes
1937,2110,15,2024-11-07,Completed,91.0,Yes
1938,2955,57,2024-05-24,Completed,75.0,Yes
1939,1717,26,2025-10-10,Completed,80.0,Yes
1940,943,100,2025-07-17,Completed,80.0,Yes
1941,402,31,2024-01-01,Completed,74.0,No
1942,1539,29,2024-02-25,Completed,72.0,No
1943,1985,7,2025-06-10,Completed,97.0,Yes
1944,594,28,2024-04-29,In Progress,,No
1945,1864,23,2025-09-03,In Progress,,No
1946,1875,93,2024-01-09,Completed,68.0,No
1947,1105,26,2024-05-21,Completed,82.0,Yes
1948,2836,73,2025-08-11,Completed,62.0,No
1949,456,60,2025-06-18,Completed,68.0,No
1950,1408,29,2025-08-20,Completed,70.0,No
1951,2473,21,2025-08-01,In Progress,,No
1952,2505,22,2025-02-19,Completed,100.0,Yes
1953,941,12,2025-10-02,Completed,95.0,Yes
1954,2004,28,2025-11-09,Completed,93.0,Yes
1955,1144,2,2024-09-02,Completed,89.0,Yes
1956,1016,42,2024-06-19,Completed,75.0,Yes
1957,2424,20,2024-06-27,Completed,74.0,No
1958,21,54,2025-12-29,In Progress,,No
1959,165,61,2024-09-22,Not Completed,,No
1960,138,55,2025-02-19,Completed,92.0,Yes
1961,2854,13,2024-12-31,Completed,90.0,Yes
1962,341,72,2024-03-09,Completed,75.0,Yes
1963,893,17,2025-04-21,Completed,86.0,Yes
1964,2653,12,2025-06-04,Completed,75.0,Yes
1965,663,91,2024-03-07,Completed,79.0,Yes
1966,2391,4,2025-09-27,Completed,96.0,Yes
1967,1900,99,2025-04-12,Not Completed,,No
1968,758,48,2025-05-24,Completed,85.0,Yes
1969,6,81,2024-05-11,Completed,100.0,Yes
1970,2175,5,2024-05-20,Completed,81.0,Yes
1971,2860,79,2025-05-07,Completed,77.0,Yes
1972,2805,11,2024-04-16,Completed,73.0,No
1973,225,66,2024-09-28,Completed,81.0,Yes
1974,2764,47,2024-12-10,In Progress,,No
1975,455,50,2024-11-13,In Progress,,No
1976,168,47,2024-09-09,Completed,99.0,Yes
1977,2888,9,2024-04-01,Completed,95.0,Yes
1978,567,43,2024-10-13,Completed,73.0,No
1979,2659,62,2025-03-14,Completed,67.0,No
1980,2879,27,2025-12-16,Completed,97.0,Yes
1981,1313,46,2025-07-09,Completed,74.0,No
1982,2063,88,2024-03-09,In Progress,,No
1983,260,48,2024-03-08,Completed,63.0,No
1984,2054,68,2025-03-20,Completed,91.0,Yes
1985,1926,91,2025-11-06,In Progress,,No
1986,1198,58,2024-11-10,Completed,94.0,Yes
1987,772,59,2025-07-02,Completed,64.0,No
1988,733,37,2025-03-21,Completed,85.0,Yes
1989,316,14,2025-07-26,Not Completed,,No
1990,2856,19,2024-06-25,Completed,67.0,No
1991,2133,81,2024-09-16,Completed,73.0,No
1992,2796,70,2025-05-04,Completed,86.0,Yes
1993,1942,45,2024-04-30,In Progress,,No
1994,1195,25,2025-11-30,Completed,61.0,No
1995,2129,83,2025-08-14,Completed,74.0,No
1996,1405,84,2025-12-15,Completed,97.0,Yes
1997,1992,76,2025-03-31,Completed,80.0,Yes
1998,2247,57,2024-05-31,Completed,93.0,Yes
1999,541,40,2025-02-28,Completed,96.0,Yes
2000,929,62,2025-03-24,Completed,76.0,Yes
2001,194,19,2024-04-27,Completed,78.0,Yes
2002,682,80,2024-09-03,Completed,89.0,Yes
2003,2916,69,2025-01-28,In Progress,,No
2004,2901,89,2025-08-19,Completed,71.0,No
2005,629,21,2025-12-25,In Progress,,No
2006,1297,74,2025-08-27,Completed,62.0,No
2007,1515,24,2024-05-28,Completed,76.0,Yes
2008,2727,41,2024-03-29,Completed,62.0,No
2009,606,48,2025-04-11,Not Completed,,No
2010,2186,39,2025-11-10,Completed,70.0,No
2011,1658,64,2024-04-15,Completed,61.0,No
2012,1312,20,2024-06-30,Completed,89.0,Yes
2013,2079,43,2025-06-20,Completed,94.0,Yes
2014,1942,38,2025-04-10,Completed,78.0,Yes
2015,2350,86,2025-03-08,Not Completed,,No
2016,2985,57,2024-08-30,Completed,96.0,Yes
2017,2997,62,2024-09-01,Completed,67.0,No
2018,572,87,2024-06-26,In Progress,,No
2019,102,52,2024-07-12,Completed,79.0,Yes
2020,1827,46,2024-02-27,Completed,74.0,No
2021,2491,83,2024-12-04,Completed,63.0,No
2022,910,99,2024-04-24,Completed,93.0,Yes
2023,343,69,2024-06-17,Completed,61.0,No
2024,2774,86,2024-01-20,In Progress,,No
2025,2097,51,2025-02-26,Not Completed,,No
2026,2471,78,2025-08-22,Completed,80.0,Yes
2027,2732,47,2024-01-27,Completed,63.0,No
2028,1515,50,2024-10-30,Completed,87.0,Yes
2029,1413,45,2024-03-14,Completed,78.0,Yes
2030,2298,12,2025-09-02,Completed,88.0,Yes
2031,1703,57,2024-12-06,Completed,88.0,Yes
2032,2985,54,2025-12-14,Completed,87.0,Yes
2033,2450,12,2025-03-24,Completed,97.0,Yes
2034,1945,68,2024-06-11,Completed,79.0,Yes
2035,271,76,2025-03-06,Not Completed,,No
2036,28,53,2024-12-21,Completed,65.0,No
2037,1698,23,2024-04-19,Completed,77.0,Yes
2038,561,26,2025-07-24,Completed,96.0,Yes
2039,1186,71,2024-05-11,Completed,84.0,Yes
2040,2398,39,2024-12-21,Completed,79.0,Yes
2041,920,4,2024-08-28,Completed,89.0,Yes
2042,1076,39,2025-12-25,Completed,69.0,No
2043,2608,61,2024-09-19,Not Completed,,No
2044,1709,23,2024-11-01,Completed,78.0,Yes
2045,117,16,2024-06-25,Completed,75.0,Yes
2046,274,77,2024-03-09,Completed,91.0,Yes
2047,1969,73,2025-08-15,Completed,97.0,Yes
2048,2573,88,2024-12-29,Completed,76.0,Yes
2049,1529,66,2025-01-12,Completed,67.0,No
2050,1064,21,2025-03-30,Completed,61.0,No
2051,1310,60,2024-08-01,Completed,69.0,No
2052,555,46,2024-10-02,In Progress,,No
2053,1480,54,2025-12-08,Completed,77.0,Yes
2054,200,38,2025-09-02,Completed,82.0,Yes
2055,315,66,2025-05-09,Completed,100.0,Yes
2056,751,98,2024-05-20,Completed,100.0,Yes
2057,2228,42,2024-06-18,Completed,70.0,No
2058,2806,39,2025-07-09,In Progress,,No
2059,393,69,2025-03-08,Completed,83.0,Yes
2060,53,18,2025-01-19,Completed,69.0,No
2061,1987,53,2024-03-18,Completed,83.0,Yes
2062,420,28,2024-04-07,Completed,70.0,No
2063,772,72,2024-12-04,Completed,74.0,No
2064,2180,92,2024-12-04,Completed,93.0,Yes
2065,1710,59,2025-01-24,Completed,67.0,No
2066,478,17,2024-01-09,In Progress,,No
2067,1965,45,2024-04-12,In Progress,,No
2068,570,57,2024-03-27,Completed,83.0,Yes
2069,2448,67,2024-04-07,In Progress,,No
2070,706,91,2024-07-23,Completed,81.0,Yes
2071,911,17,2024-12-24,Completed,67.0,No
2072,584,89,2025-03-04,In Progress,,No
2073,860,17,2025-06-08,Completed,68.0,No
2074,1741,89,2025-03-01,Not Completed,,No
2075,319,3,2025-12-21,Completed,67.0,No
2076,175,26,2025-08-28,Completed,87.0,Yes
2077,2430,8,2025-09-07,Completed,92.0,Yes
2078,178,9,2024-01-19,Completed,76.0,Yes
2079,396,16,2025-03-27,Completed,60.0,No
2080,842,76,2025-02-13,In Progress,,No
2081,757,86,2024-03-31,In Progress,,No
2082,597,96,2025-02-15,Completed,65.0,No
2083,2375,45,2025-05-26,In Progress,,No
2084,2985,79,2025-04-26,Completed,92.0,Yes
2085,280,13,2025-11-15,Completed,96.0,Yes
2086,58,68,2024-02-24,In Progress,,No
2087,1155,22,2024-12-10,Completed,72.0,No
2088,2201,1,2024-06-30,In Progress,,No
2089,405,28,2024-11-06,Not Completed,,No
2090,2899,61,2025-08-18,In Progress,,No
2091,759,57,2024-09-26,Completed,97.0,Yes
2092,741,46,2025-09-02,Completed,66.0,No
2093,1738,28,2025-07-22,Not Completed,,No
2094,463,98,2024-05-14,Completed,86.0,Yes
2095,507,60,2025-09-12,Not Completed,,No
2096,2031,98,2025-07-26,Completed,68.0,No
2097,2283,93,2024-03-08,Completed,78.0,Yes
2098,2023,15,2025-04-06,Completed,80.0,Yes
2099,2460,95,2024-06-25,Completed,89.0,Yes
2100,926,71,2024-04-07,Completed,88.0,Yes
2101,774,9,2024-09-12,Completed,87.0,Yes
2102,1949,87,2024-12-19,In Progress,,No
2103,2762,63,2025-05-21,Completed,60.0,No
2104,1795,67,2024-09-10,Completed,85.0,Yes
2105,489,19,2024-09-13,Completed,65.0,No
2106,417,95,2025-04-24,Completed,97.0,Yes
2107,692,9,2024-11-24,In Progress,,No
2108,1388,26,2024-12-17,Completed,72.0,No
2109,503,30,2024-01-10,Completed,85.0,Yes
2110,2971,64,2025-08-31,In Progress,,No
2111,2432,35,2024-09-10,Completed,97.0,Yes
2112,1459,61,2024-06-20,Completed,85.0,Yes
2113,1985,66,2024-12-03,Completed,85.0,Yes
2114,443,16,2025-10-16,Completed,89.0,Yes
2115,946,81,2025-10-08,Completed,91.0,Yes
2116,122,13,2025-05-04,In Progress,,No
2117,2041,87,2024-05-26,Completed,64.0,No
2118,1568,78,2025-02-03,Completed,71.0,No
2119,1241,80,2025-04-02,Completed,69.0,No
2120,2708,97,2024-02-28,Completed,64.0,No
2121,1909,26,2025-08-28,Completed,91.0,Yes
2122,2009,65,2024-06-10,Completed,91.0,Yes
2123,2215,70,2024-07-19,Completed,81.0,Yes
2124,1763,16,2025-01-19,Completed,62.0,No
2125,1542,57,2024-10-27,Completed,80.0,Yes
2126,725,72,2025-11-04,Completed,62.0,No
2127,2893,22,2025-01-17,Completed,79.0,Yes
2128,1280,92,2024-03-24,Completed,68.0,No
2129,2331,87,2024-06-22,Completed,67.0,No
2130,2808,70,2024-09-22,Completed,95.0,Yes
2131,2303,21,2024-03-26,Completed,90.0,Yes
2132,1079,64,2024-06-14,Completed,85.0,Yes
2133,2527,87,2025-01-09,Completed,84.0,Yes
2134,1313,8,2024-03-26,Completed,78.0,Yes
2135,526,47,2024-09-03,Completed,62.0,No
2136,111,98,2025-12-03,Completed,97.0,Yes
2137,1398,49,2025-11-16,In Progress,,No
2138,1464,53,2024-09-13,Completed,82.0,Yes
2139,1015,31,2025-07-22,Completed,75.0,Yes
2140,348,89,2025-11-26,Completed,97.0,Yes
2141,469,44,2024-10-25,Completed,79.0,Yes
2142,1336,5,2024-01-28,Completed,94.0,Yes
2143,2327,66,2025-06-10,Completed,87.0,Yes
2144,1093,3,2025-10-24,In Progress,,No
2145,92,41,2024-06-19,Completed,97.0,Yes
2146,1321,74,2025-03-19,Completed,84.0,Yes
2147,410,89,2025-04-01,Completed,91.0,Yes
2148,2035,65,2024-09-07,Completed,81.0,Yes
2149,2734,44,2024-12-28,In Progress,,No
2150,1489,56,2024-05-30,Completed,79.0,Yes
2151,309,69,2024-07-04,Completed,100.0,Yes
2152,195,39,2024-09-19,Completed,76.0,Yes
2153,1647,29,2025-07-22,Not Completed,,No
2154,2940,75,2024-09-09,Completed,65.0,No
2155,1120,9,2024-06-29,Completed,81.0,Yes
2156,1947,55,2025-08-16,Completed,93.0,Yes
2157,2669,39,2025-08-16,Completed,64.0,No
2158,1774,85,2024-06-27,Completed,79.0,Yes
2159,1698,52,2025-10-20,Completed,72.0,No
2160,1857,86,2024-10-25,Completed,92.0,Yes
2161,77,81,2024-07-12,Completed,71.0,No
2162,2363,64,2024-07-03,Completed,71.0,No
2163,1098,82,2024-02-20,Completed,89.0,Yes
2164,1777,73,2025-01-10,Completed,99.0,Yes
2165,2140,26,2025-10-20,Completed,63.0,No
2166,985,20,2025-06-01,Completed,69.0,No
2167,1784,53,2025-01-23,Completed,79.0,Yes
2168,2597,27,2025-10-10,Completed,64.0,No
2169,1094,37,2024-04-22,In Progress,,No
2170,2814,77,2024-08-01,Completed,76.0,Yes
2171,466,20,2025-10-30,Completed,75.0,Yes
2172,1272,60,2024-01-15,Completed,75.0,Yes
2173,1729,83,2025-10-20,Completed,87.0,Yes
2174,828,21,2025-07-16,In Progress,,No
2175,1059,36,2024-09-26,Completed,61.0,No
2176,2640,6,2024-03-08,Completed,71.0,No
2177,1991,3,2025-10-06,Not Completed,,No
2178,1286,78,2025-03-14,Completed,65.0,No
2179,1668,47,2025-08-11,Completed,64.0,No
2180,1626,93,2025-03-24,Completed,65.0,No
2181,967,15,2024-02-29,In Progress,,No
2182,495,67,2024-02-13,Completed,92.0,Yes
2183,2152,33,2025-10-31,Completed,97.0,Yes
2184,976,77,2024-10-14,Completed,65.0,No
2185,1349,75,2024-04-08,Completed,80.0,Yes
2186,1733,28,2025-03-15,Completed,75.0,Yes
2187,877,36,2025-09-07,Completed,71.0,No
2188,2415,8,2025-07-15,Completed,76.0,Yes
2189,2866,15,2025-09-26,Completed,83.0,Yes
2190,1946,88,2024-12-30,Completed,87.0,Yes
2191,594,47,2024-05-07,Completed,77.0,Yes
2192,1263,3,2025-02-28,Completed,83.0,Yes
2193,143,95,2024-12-03,Completed,98.0,Yes
2194,2830,86,2024-01-07,Completed,63.0,No
2195,1576,40,2024-04-05,Completed,95.0,Yes
2196,2807,16,2024-01-01,Completed,83.0,Yes
2197,1813,50,2024-08-03,Completed,75.0,Yes
2198,1047,39,2025-05-20,Completed,85.0,Yes
2199,1219,27,2025-06-15,Completed,75.0,Yes
2200,657,57,2025-07-14,In Progress,,No
2201,139,36,2024-11-13,Completed,86.0,Yes
2202,2014,61,2024-07-03,In Progress,,No
2203,2939,55,2025-01-16,Completed,81.0,Yes
2204,412,21,2024-11-28,In Progress,,No
2205,272,46,2024-12-15,Completed,92.0,Yes
2206,1339,59,2025-01-21,Completed,95.0,Yes
2207,2628,83,2024-01-04,Completed,63.0,No
2208,2626,18,2025-10-21,Completed,88.0,Yes
2209,2574,40,2025-10-27,Completed,72.0,No
2210,454,21,2024-11-11,Completed,65.0,No
2211,2434,88,2025-02-04,Completed,68.0,No
2212,1850,62,2025-10-30,Completed,80.0,Yes
2213,547,34,2025-06-08,In Progress,,No
2214,1342,37,2024-07-06,Completed,97.0,Yes
2215,1506,24,2024-11-03,Completed,86.0,Yes
2216,2337,29,2024-05-24,Completed,84.0,Yes
2217,2288,83,2024-04-19,Completed,61.0,No
2218,365,60,2024-10-13,Completed,74.0,No
2219,204,52,2025-12-19,Completed,70.0,No
2220,1066,20,2024-02-25,Completed,98.0,Yes
2221,697,73,2025-01-01,Completed,83.0,Yes
2222,1783,99,2025-02-10,Completed,93.0,Yes
2223,1859,87,2025-12-22,In Progress,,No
2224,2923,27,2025-07-26,Completed,74.0,No
2225,1180,96,2024-07-16,Completed,77.0,Yes
2226,1767,27,2025-01-07,Completed,68.0,No
2227,2977,87,2024-10-01,Completed,78.0,Yes
2228,1674,19,2024-03-21,Completed,71.0,No
2229,965,80,2024-07-24,Completed,76.0,Yes
2230,1515,75,2024-07-16,Completed,75.0,Yes
2231,352,2,2025-09-22,Completed,89.0,Yes
2232,2839,51,2025-05-15,Completed,80.0,Yes
2233,2902,55,2025-03-23,Completed,84.0,Yes
2234,300,13,2024-10-20,Completed,76.0,Yes
2235,1364,31,2024-01-24,Completed,63.0,No
2236,2484,86,2024-04-03,Completed,82.0,Yes
2237,2451,91,2024-09-13,Not Completed,,No
2238,22,33,2025-07-09,Completed,62.0,No
2239,1240,51,2025-12-03,Completed,84.0,Yes
2240,2292,6,2025-11-13,Completed,68.0,No
2241,696,65,2024-03-14,Completed,76.0,Yes
2242,1918,17,2025-04-28,Completed,81.0,Yes
2243,1774,19,2024-05-10,Completed,93.0,Yes
2244,181,17,2025-06-27,Completed,80.0,Yes
2245,1477,56,2025-10-02,Completed,77.0,Yes
2246,2511,98,2025-05-23,Completed,76.0,Yes
2247,2118,41,2024-02-01,In Progress,,No
2248,1293,95,2025-03-20,Completed,70.0,No
2249,620,72,2025-04-20,Not Completed,,No
2250,2693,82,2024-12-10,In Progress,,No
2251,774,20,2024-07-06,Completed,63.0,No
2252,147,61,2025-02-08,Completed,71.0,No
2253,1788,15,2025-09-29,Completed,89.0,Yes
2254,2028,6,2024-01-28,Not Completed,,No
2255,1988,59,2025-04-07,Completed,95.0,Yes
2256,507,45,2025-10-11,Completed,69.0,No
2257,740,22,2024-08-04,Completed,78.0,Yes
2258,2308,85,2025-01-18,Completed,77.0,Yes
2259,17,68,2024-09-25,Completed,97.0,Yes
2260,1706,10,2025-08-27,Completed,71.0,No
2261,2773,13,2024-02-20,Completed,91.0,Yes
2262,107,37,2025-06-29,In Progress,,No
2263,1615,48,2024-02-16,Completed,67.0,No
2264,1326,20,2025-03-15,Completed,66.0,No
2265,2899,85,2024-03-06,Completed,89.0,Yes
2266,1104,77,2025-12-01,Completed,100.0,Yes
2267,180,84,2025-06-30,Completed,81.0,Yes
2268,1331,94,2025-11-01,Completed,88.0,Yes
2269,2332,17,2025-03-13,Not Completed,,No
2270,2637,37,2025-03-01,Completed,63.0,No
2271,290,71,2025-09-03,Completed,63.0,No
2272,1563,12,2025-02-01,Not Completed,,No
2273,984,99,2025-02-24,Completed,71.0,No
2274,366,3,2024-09-13,In Progress,,No
2275,668,50,2024-04-07,In Progress,,No
2276,2651,97,2025-04-07,Completed,78.0,Yes
2277,632,16,2024-07-03,Not Completed,,No
2278,1271,88,2024-05-01,Completed,87.0,Yes
2279,2726,13,2024-03-05,Completed,82.0,Yes
2280,2100,26,2025-12-15,In Progress,,No
2281,1952,35,2025-12-29,Completed,84.0,Yes
2282,370,97,2024-08-17,Completed,87.0,Yes
2283,2515,24,2025-06-28,Completed,83.0,Yes
2284,381,6,2025-02-26,Completed,87.0,Yes
2285,2771,29,2025-07-16,Completed,89.0,Yes
2286,2029,68,2024-09-10,Completed,69.0,No
2287,344,38,2025-04-17,Completed,93.0,Yes
2288,1957,39,2024-07-11,Completed,65.0,No
2289,2803,39,2024-08-31,Completed,68.0,No
2290,2143,55,2024-12-30,In Progress,,No
2291,2257,10,2024-07-18,Completed,63.0,No
2292,2103,14,2025-04-20,In Progress,,No
2293,388,60,2025-03-07,Completed,86.0,Yes
2294,1038,46,2024-08-16,Completed,96.0,Yes
2295,2063,3,2025-11-04,Completed,65.0,No
2296,736,24,2025-05-12,Completed,89.0,Yes
2297,186,11,2025-05-16,In Progress,,No
2298,1286,76,2025-03-28,Completed,79.0,Yes
2299,2556,34,2024-07-12,Completed,88.0,Yes
2300,865,24,2024-11-10,Completed,71.0,No
2301,1063,87,2024-08-22,Completed,98.0,Yes
2302,74,1,2025-08-12,Completed,94.0,Yes
2303,704,84,2024-03-17,Completed,60.0,No
2304,2695,96,2025-01-12,Completed,85.0,Yes
2305,1241,80,2024-05-11,Completed,91.0,Yes
2306,2527,47,2024-08-29,In Progress,,No
2307,1240,12,2024-01-15,Completed,85.0,Yes
2308,782,15,2024-09-28,Completed,60.0,No
2309,2851,25,2024-09-08,In Progress,,No
2310,858,62,2024-02-27,In Progress,,No
2311,1785,81,2024-12-27,Completed,75.0,Yes
2312,2207,25,2025-12-21,In Progress,,No
2313,607,61,2025-07-29,Completed,89.0,Yes
2314,681,20,2024-07-23,Completed,67.0,No
2315,1987,61,2025-09-11,Completed,88.0,Yes
2316,2398,32,2024-06-20,Completed,88.0,Yes
2317,1605,7,2024-09-07,Completed,96.0,Yes
2318,2583,92,2024-06-28,Completed,66.0,No
2319,2031,95,2025-12-11,Completed,86.0,Yes
2320,1192,5,2024-06-23,Completed,95.0,Yes
2321,2103,76,2025-05-08,Completed,91.0,Yes
2322,950,92,2025-10-25,Completed,91.0,Yes
2323,1729,74,2024-02-12,Completed,61.0,No
2324,1098,83,2025-08-20,Completed,64.0,No
2325,479,64,2024-11-05,Completed,90.0,Yes
2326,1837,90,2024-07-01,Completed,82.0,Yes
2327,1180,93,2024-12-15,Completed,70.0,No
2328,1795,30,2024-08-03,Completed,82.0,Yes
2329,2806,44,2024-08-29,Completed,97.0,Yes
2330,2930,85,2024-04-24,In Progress,,No
2331,2962,92,2025-06-12,Completed,78.0,Yes
2332,2758,84,2025-08-08,Completed,86.0,Yes
2333,664,80,2024-11-09,Completed,90.0,Yes
2334,2733,62,2025-10-14,Completed,65.0,No
2335,641,78,2024-03-30,Completed,72.0,No
2336,2023,39,2025-12-06,Completed,86.0,Yes
2337,193,3,2025-05-24,Completed,95.0,Yes
2338,1463,87,2025-03-08,Completed,76.0,Yes
2339,131,9,2025-07-01,Completed,92.0,Yes
2340,2530,30,2024-05-22,Completed,67.0,No
2341,1993,34,2025-03-24,Completed,74.0,No
2342,1456,99,2025-07-03,Not Completed,,No
2343,1096,20,2024-03-23,Completed,95.0,Yes
2344,2112,78,2025-02-18,In Progress,,No
2345,1794,59,2024-05-22,Completed,63.0,No
2346,455,14,2024-09-10,Not Completed,,No
2347,418,72,2025-09-26,Completed,99.0,Yes
2348,685,81,2024-10-29,Completed,66.0,No
2349,1482,21,2024-08-25,Completed,73.0,No
2350,2073,64,2025-10-12,Completed,88.0,Yes
2351,632,83,2025-03-06,Completed,66.0,No
2352,504,26,2025-09-29,Completed,68.0,No
2353,27,32,2025-09-27,Completed,86.0,Yes
2354,1941,44,2025-04-10,In Progress,,No
2355,350,35,2025-11-19,Completed,70.0,No
2356,1478,81,2025-10-26,Completed,86.0,Yes
2357,2170,54,2024-02-14,Completed,69.0,No
2358,1757,53,2024-04-17,Completed,68.0,No
2359,1880,67,2025-05-18,In Progress,,No
2360,122,57,2025-08-08,Completed,83.0,Yes
2361,2940,67,2025-11-22,Completed,60.0,No
2362,348,44,2025-11-22,In Progress,,No
2363,1778,8,2024-07-10,Completed,70.0,No
2364,2705,83,2025-10-20,Completed,62.0,No
2365,237,81,2025-05-28,Completed,96.0,Yes
2366,2705,67,2025-09-28,Not Completed,,No
2367,1718,52,2025-05-24,Not Completed,,No
2368,2871,71,2024-11-25,In Progress,,No
2369,2956,96,2024-08-19,In Progress,,No
2370,33,36,2025-03-27,Completed,82.0,Yes
2371,2501,19,2025-05-02,In Progress,,No
2372,2638,27,2025-11-10,Completed,88.0,Yes
2373,2558,80,2025-03-16,In Progress,,No
2374,2658,52,2024-01-24,Completed,82.0,Yes
2375,346,5,2025-05-25,Completed,79.0,Yes
2376,2971,93,2025-04-09,Completed,84.0,Yes
2377,2132,70,2024-11-13,Completed,68.0,No
2378,2096,71,2024-01-30,Completed,65.0,No
2379,2604,21,2024-09-12,Completed,81.0,Yes
2380,2427,34,2025-09-27,Completed,94.0,Yes
2381,2976,55,2024-06-15,Completed,79.0,Yes
2382,453,94,2024-12-26,Not Completed,,No
2383,1064,81,2025-02-26,Completed,83.0,Yes
2384,196,97,2024-03-21,Completed,67.0,No
2385,1839,39,2025-12-10,Completed,67.0,No
2386,1857,44,2024-10-15,Completed,60.0,No
2387,2383,73,2025-06-30,Not Completed,,No
2388,2726,69,2024-09-04,Completed,100.0,Yes
2389,958,45,2025-05-07,In Progress,,No
2390,2755,18,2025-07-07,Completed,96.0,Yes
2391,1015,14,2024-02-12,Completed,93.0,Yes
2392,789,100,2024-10-08,Completed,97.0,Yes
2393,601,92,2025-12-18,Completed,66.0,No
2394,336,12,2024-05-06,Completed,86.0,Yes
2395,1951,28,2024-12-29,Completed,68.0,No
2396,2773,68,2025-07-03,Completed,83.0,Yes
2397,2126,100,2024-06-22,Completed,95.0,Yes
2398,2394,64,2024-07-26,Completed,76.0,Yes
2399,2823,63,2024-12-10,Completed,88.0,Yes
2400,668,19,2024-08-26,Completed,86.0,Yes
2401,2913,59,2025-01-28,Completed,91.0,Yes
2402,2168,16,2024-03-29,Completed,92.0,Yes
2403,1939,5,2024-09-07,Completed,89.0,Yes
2404,1513,16,2025-01-11,Completed,95.0,Yes
2405,452,16,2024-05-18,Completed,86.0,Yes
2406,165,67,2024-01-05,Completed,78.0,Yes
2407,1249,48,2025-10-24,Completed,83.0,Yes
2408,115,19,2025-06-17,Completed,91.0,Yes
2409,1728,7,2024-08-28,Completed,97.0,Yes
2410,1250,37,2024-05-11,In Progress,,No
2411,9,16,2025-10-04,Completed,91.0,Yes
2412,184,54,2025-02-03,Completed,64.0,No
2413,2318,58,2024-07-26,Completed,79.0,Yes
2414,1546,61,2024-02-28,In Progress,,No
2415,2481,17,2025-04-21,In Progress,,No
2416,2607,59,2024-04-21,Completed,92.0,Yes
2417,611,94,2024-08-07,Completed,88.0,Yes
2418,2722,80,2024-11-14,Completed,99.0,Yes
2419,1620,44,2024-04-17,Completed,74.0,No
2420,1137,83,2025-12-20,Completed,88.0,Yes
2421,2897,4,2024-05-27,Completed,70.0,No
2422,2299,83,2024-12-23,Completed,79.0,Yes
2423,349,25,2024-05-05,Completed,95.0,Yes
2424,2220,74,2024-11-01,Not Completed,,No
2425,2138,25,2025-09-22,Completed,96.0,Yes
2426,77,16,2025-03-25,Completed,92.0,Yes
2427,737,3,2024-07-20,Completed,94.0,Yes
2428,1005,91,2025-05-07,Completed,73.0,No
2429,2374,57,2024-04-11,In Progress,,No
2430,2486,42,2025-01-17,Completed,94.0,Yes
2431,2014,3,2025-12-18,Completed,62.0,No
2432,1700,4,2025-10-10,Completed,71.0,No
2433,1300,49,2024-06-04,In Progress,,No
2434,407,70,2024-12-10,Completed,67.0,No
2435,749,33,2024-03-17,Completed,69.0,No
2436,1257,53,2025-09-07,Completed,69.0,No
2437,2517,42,2024-01-04,Completed,63.0,No
2438,1221,50,2024-07-27,Completed,63.0,No
2439,1691,42,2025-04-11,Completed,69.0,No
2440,213,26,2024-07-23,Completed,67.0,No
2441,2401,31,2024-09-10,Completed,98.0,Yes
2442,1578,15,2024-03-23,Completed,92.0,Yes
2443,1904,71,2024-12-05,Completed,80.0,Yes
2444,119,53,2025-05-07,Completed,90.0,Yes
2445,1103,71,2025-08-18,Completed,61.0,No
2446,2766,13,2025-03-18,Not Completed,,No
2447,2669,17,2025-03-18,Completed,95.0,Yes
2448,1827,11,2024-12-15,Completed,86.0,Yes
2449,2050,27,2025-10-14,In Progress,,No
2450,1530,70,2024-06-28,Completed,69.0,No
2451,1005,69,2024-05-19,Not Completed,,No
2452,2274,58,2024-04-17,Not Completed,,No
2453,2543,38,2025-02-25,Completed,89.0,Yes
2454,3,8,2025-11-07,Completed,70.0,No
2455,1976,35,2025-06-30,In Progress,,No
2456,1440,81,2025-03-07,Completed,84.0,Yes
2457,1153,6,2024-05-26,Completed,92.0,Yes
2458,2307,9,2025-09-25,Completed,94.0,Yes
2459,2861,16,2025-09-22,Completed,85.0,Yes
2460,2970,72,2025-08-01,In Progress,,No
2461,1770,27,2024-11-27,Not Completed,,No
2462,2794,44,2024-12-10,Completed,80.0,Yes
2463,1119,32,2024-04-03,Completed,88.0,Yes
2464,1400,27,2024-02-06,Completed,80.0,Yes
2465,1346,3,2024-05-12,Completed,98.0,Yes
2466,548,83,2025-03-07,In Progress,,No
2467,2494,61,2025-10-13,In Progress,,No
2468,2756,23,2024-04-14,Completed,60.0,No
2469,1609,69,2024-07-15,Completed,91.0,Yes
2470,2207,4,2025-08-16,Completed,64.0,No
2471,2751,57,2024-08-01,In Progress,,No
2472,1542,77,2025-01-04,Completed,82.0,Yes
2473,2856,2,2025-02-05,Completed,71.0,No
2474,791,57,2025-03-10,Completed,83.0,Yes
2475,1152,88,2024-07-11,Completed,61.0,No
2476,1466,25,2025-09-16,In Progress,,No
2477,2561,39,2024-05-06,Completed,99.0,Yes
2478,906,30,2024-04-18,In Progress,,No
2479,1487,5,2025-11-04,Not Completed,,No
2480,857,1,2024-07-30,Completed,98.0,Yes
2481,1623,15,2024-01-22,Completed,100.0,Yes
2482,2332,65,2025-06-22,In Progress,,No
2483,794,85,2024-03-26,Completed,95.0,Yes
2484,2315,23,2025-05-01,Completed,98.0,Yes
2485,267,17,2025-01-30,Completed,68.0,No
2486,934,67,2025-05-15,Completed,96.0,Yes
2487,786,87,2024-01-27,Completed,77.0,Yes
2488,2517,33,2025-10-02,Completed,94.0,Yes
2489,9,55,2025-05-01,Completed,89.0,Yes
2490,1324,56,2025-11-02,Completed,63.0,No
2491,1667,36,2024-06-21,In Progress,,No
2492,1912,64,2025-09-17,Completed,93.0,Yes
2493,2955,29,2024-07-27,Completed,62.0,No
2494,2181,58,2025-12-07,Completed,86.0,Yes
2495,798,43,2025-08-21,Completed,85.0,Yes
2496,104,95,2024-12-01,Completed,96.0,Yes
2497,305,32,2025-09-08,Completed,87.0,Yes
2498,1274,9,2024-10-18,Completed,81.0,Yes
2499,115,62,2024-07-17,Completed,66.0,No
2500,2428,81,2025-02-07,Completed,61.0,No
2501,1026,32,2025-11-17,In Progress,,No
2502,1396,7,2024-12-07,Completed,75.0,Yes
2503,2129,31,2024-04-17,In Progress,,No
2504,2458,80,2025-10-13,In Progress,,No
2505,2562,58,2024-11-10,Completed,66.0,No
2506,249,5,2025-09-06,Completed,65.0,No
2507,523,8,2024-04-10,Completed,64.0,No
2508,1811,8,2024-01-26,In Progress,,No
2509,1769,9,2025-09-11,Completed,100.0,Yes
2510,2291,7,2025-06-30,Completed,63.0,No
2511,1646,13,2024-07-08,Completed,84.0,Yes
2512,955,77,2025-06-26,Completed,86.0,Yes
2513,44,59,2024-08-12,Completed,99.0,Yes
2514,2541,80,2025-09-18,Completed,87.0,Yes
2515,1860,67,2025-03-13,Completed,61.0,No
2516,443,14,2025-01-23,Completed,72.0,No
2517,2429,25,2024-11-26,Completed,64.0,No
2518,517,82,2025-01-07,In Progress,,No
2519,1725,62,2024-12-11,Completed,82.0,Yes
2520,762,32,2025-04-14,Completed,88.0,Yes
2521,248,17,2025-12-15,Completed,62.0,No
2522,2102,84,2025-01-02,Completed,87.0,Yes
2523,2391,70,2025-01-24,Completed,79.0,Yes
2524,1924,40,2025-04-29,Completed,69.0,No
2525,1511,2,2025-05-24,Completed,78.0,Yes
2526,235,31,2024-09-25,Completed,69.0,No
2527,224,55,2025-02-13,Completed,95.0,Yes
2528,2624,26,2024-02-29,Completed,72.0,No
2529,776,86,2025-01-13,Completed,81.0,Yes
2530,2457,89,2025-09-18,Completed,89.0,Yes
2531,2319,43,2025-11-06,Completed,97.0,Yes
2532,1347,21,2024-03-09,Completed,86.0,Yes
2533,2032,29,2024-03-03,Completed,62.0,No
2534,2617,29,2024-01-20,In Progress,,No
2535,2556,28,2024-08-16,Completed,89.0,Yes
2536,1540,27,2024-10-08,Completed,81.0,Yes
2537,1487,2,2024-10-16,Completed,60.0,No
2538,2273,15,2024-07-12,Completed,61.0,No
2539,797,81,2024-10-06,Completed,88.0,Yes
2540,180,4,2025-09-22,Completed,83.0,Yes
2541,714,29,2024-11-30,Completed,78.0,Yes
2542,2945,23,2025-05-02,In Progress,,No
2543,1008,23,2024-12-18,Completed,95.0,Yes
2544,1073,13,2024-11-22,Completed,71.0,No
2545,1553,84,2025-04-21,Completed,68.0,No
2546,1387,27,2024-08-21,Completed,67.0,No
2547,1515,48,2025-11-06,Completed,75.0,Yes
2548,2553,56,2024-09-27,Completed,93.0,Yes
2549,268,16,2024-12-24,In Progress,,No
2550,777,25,2024-05-09,Completed,68.0,No
2551,1303,77,2024-12-04,Completed,83.0,Yes
2552,1002,6,2024-10-19,Completed,100.0,Yes
2553,775,69,2025-08-22,Completed,97.0,Yes
2554,1343,32,2025-03-03,Completed,69.0,No
2555,518,66,2024-10-05,Completed,77.0,Yes
2556,2003,27,2024-06-03,Not Completed,,No
2557,2718,79,2024-12-03,Completed,90.0,Yes
2558,1590,97,2025-11-14,Completed,92.0,Yes
2559,2086,48,2025-06-21,In Progress,,No
2560,734,42,2025-04-29,Completed,89.0,Yes
2561,2845,62,2024-04-03,Completed,93.0,Yes
2562,1941,35,2025-08-02,Completed,91.0,Yes
2563,2392,84,2025-06-15,Completed,100.0,Yes
2564,832,58,2024-12-24,Completed,74.0,No
2565,1622,28,2024-02-06,In Progress,,No
2566,2341,21,2024-04-19,Completed,84.0,Yes
2567,1533,33,2024-05-23,In Progress,,No
2568,345,38,2024-05-07,Completed,68.0,No
2569,943,75,2024-02-16,Completed,82.0,Yes
2570,2545,44,2024-03-06,Completed,92.0,Yes
2571,1772,53,2025-05-06,Completed,89.0,Yes
2572,1299,35,2025-10-13,Completed,91.0,Yes
2573,1810,30,2024-10-20,Completed,71.0,No
2574,1471,11,2024-12-09,Completed,64.0,No
2575,2101,70,2024-05-22,Completed,92.0,Yes
2576,933,13,2024-07-31,Completed,77.0,Yes
2577,157,70,2024-02-22,Completed,83.0,Yes
2578,2766,43,2024-01-10,Completed,72.0,No
2579,781,91,2024-04-09,Completed,77.0,Yes
2580,2934,95,2025-01-30,Completed,68.0,No
2581,35,99,2024-07-10,Completed,76.0,Yes
2582,1655,52,2024-01-09,Completed,82.0,Yes
2583,2685,2,2025-09-21,In Progress,,No
2584,612,51,2024-01-26,Completed,92.0,Yes
2585,1944,30,2024-05-19,Completed,73.0,No
2586,1920,93,2025-06-07,Completed,95.0,Yes
2587,1396,11,2025-03-10,In Progress,,No
2588,1757,99,2024-10-16,Completed,72.0,No
2589,1711,27,2024-07-27,In Progress,,No
2590,124,48,2025-07-04,Completed,95.0,Yes
2591,1252,95,2025-10-09,Completed,68.0,No
2592,1392,29,2025-02-10,Completed,82.0,Yes
2593,2829,69,2024-11-15,Completed,85.0,Yes
2594,96,73,2024-12-23,Completed,97.0,Yes
2595,630,43,2025-01-21,Completed,68.0,No
2596,2490,74,2025-05-07,Completed,98.0,Yes
2597,1562,27,2024-10-11,In Progress,,No
2598,261,69,2024-06-06,In Progress,,No
2599,445,43,2025-12-12,Completed,90.0,Yes
2600,2618,39,2024-05-31,Completed,88.0,Yes
2601,2765,71,2025-11-11,Completed,66.0,No
2602,2002,4,2024-09-16,Completed,98.0,Yes
2603,1581,37,2025-05-15,Completed,64.0,No
2604,2702,68,2024-04-18,Completed,78.0,Yes
2605,1510,67,2025-09-19,Completed,63.0,No
2606,1683,51,2025-01-18,Completed,80.0,Yes
2607,529,69,2024-04-20,Completed,67.0,No
2608,1594,27,2024-03-10,Completed,64.0,No
2609,1269,56,2025-10-22,Completed,73.0,No
2610,2723,61,2025-11-06,In Progress,,No
2611,1272,76,2024-03-16,Completed,96.0,Yes
2612,1129,26,2024-03-26,Completed,89.0,Yes
2613,1826,9,2024-12-06,Completed,69.0,No
2614,2478,32,2024-07-27,In Progress,,No
2615,2011,59,2024-06-18,Completed,96.0,Yes
2616,374,37,2024-03-20,Completed,62.0,No
2617,1421,90,2025-08-01,Completed,89.0,Yes
2618,1219,51,2024-02-21,In Progress,,No
2619,1701,32,2024-09-05,Completed,71.0,No
2620,1770,59,2024-06-04,Completed,99.0,Yes
2621,2862,73,2025-11-21,Completed,71.0,No
2622,982,21,2025-04-14,Completed,62.0,No
2623,2203,38,2024-03-07,Completed,100.0,Yes
2624,2860,93,2024-09-20,Completed,64.0,No
2625,2022,53,2025-11-17,Completed,73.0,No
2626,2265,16,2025-02-09,Not Completed,,No
2627,314,97,2024-03-11,Not Completed,,No
2628,1680,58,2025-04-19,Completed,80.0,Yes
2629,2073,6,2024-03-27,Completed,73.0,No
2630,2617,89,2025-07-16,Completed,64.0,No
2631,1562,44,2024-03-12,Completed,89.0,Yes
2632,1625,5,2024-11-08,Completed,72.0,No
2633,2905,18,2025-12-24,Completed,67.0,No
2634,1986,60,2025-11-09,Completed,89.0,Yes
2635,2692,32,2025-07-22,Completed,95.0,Yes
2636,575,61,2025-12-18,Completed,88.0,Yes
2637,661,22,2025-10-16,In Progress,,No
2638,2487,13,2024-10-26,In Progress,,No
2639,2190,95,2024-08-07,Completed,67.0,No
2640,2751,98,2025-11-21,Completed,64.0,No
2641,629,57,2025-07-13,Completed,77.0,Yes
2642,2927,5,2024-06-01,Completed,73.0,No
2643,2181,28,2024-02-01,In Progress,,No
2644,2601,67,2025-02-24,Completed,63.0,No
2645,1600,89,2024-03-20,Completed,66.0,No
2646,2451,1,2025-08-13,Completed,63.0,No
2647,827,32,2025-01-03,Completed,84.0,Yes
2648,820,12,2024-08-26,Completed,75.0,Yes
2649,60,44,2025-07-04,Completed,61.0,No
2650,2786,86,2025-09-04,In Progress,,No
2651,2721,22,2025-11-17,Completed,66.0,No
2652,1703,66,2024-10-10,Completed,62.0,No
2653,1322,72,2025-07-18,Completed,80.0,Yes
2654,849,70,2024-08-20,Completed,99.0,Yes
2655,495,30,2025-04-11,Completed,87.0,Yes
2656,1325,23,2025-09-25,Completed,82.0,Yes
2657,50,50,2024-06-20,Completed,80.0,Yes
2658,271,85,2024-01-14,Completed,74.0,No
2659,2663,80,2025-11-21,In Progress,,No
2660,896,53,2024-12-15,Completed,64.0,No
2661,2047,14,2024-08-05,Completed,98.0,Yes
2662,703,33,2024-12-28,Completed,96.0,Yes
2663,2458,42,2024-07-28,Not Completed,,No
2664,2853,50,2025-05-06,Not Completed,,No
2665,1361,23,2025-09-22,Completed,68.0,No
2666,2730,62,2025-06-01,Completed,80.0,Yes
2667,2493,75,2024-02-03,Completed,61.0,No
2668,2624,95,2024-01-07,Completed,92.0,Yes
2669,2887,2,2025-12-06,Completed,97.0,Yes
2670,509,40,2024-01-23,Completed,99.0,Yes
2671,998,80,2025-08-06,Completed,87.0,Yes
2672,1535,64,2024-04-25,Completed,68.0,No
2673,1540,27,2025-11-02,Completed,69.0,No
2674,2971,77,2024-09-14,Completed,75.0,Yes
2675,1818,95,2025-08-09,Not Completed,,No
2676,550,36,2024-12-18,In Progress,,No
2677,2134,54,2025-04-03,Completed,62.0,No
2678,98,30,2024-08-18,Completed,78.0,Yes
2679,1357,44,2025-04-27,In Progress,,No
2680,222,86,2025-05-28,Completed,94.0,Yes
2681,2816,90,2024-02-03,Not Completed,,No
2682,1563,67,2025-09-24,Completed,98.0,Yes
2683,2580,1,2024-07-17,Completed,88.0,Yes
2684,287,25,2025-03-30,Completed,91.0,Yes
2685,837,17,2024-09-27,Completed,69.0,No
2686,2249,27,2024-06-08,Completed,97.0,Yes
2687,1746,93,2025-08-23,Completed,65.0,No
2688,2956,26,2024-10-01,Completed,70.0,No
2689,2482,32,2025-04-26,Completed,71.0,No
2690,1837,82,2025-04-06,Completed,96.0,Yes
2691,328,47,2025-07-05,Completed,90.0,Yes
2692,1929,57,2025-05-27,Completed,70.0,No
2693,1776,98,2024-06-15,Completed,99.0,Yes
2694,82,98,2024-04-05,Completed,90.0,Yes
2695,1230,77,2024-01-24,Completed,65.0,No
2696,2977,23,2025-09-12,Completed,95.0,Yes
2697,1253,59,2025-11-28,Completed,89.0,Yes
2698,2483,62,2025-04-08,Completed,95.0,Yes
2699,2929,61,2025-05-23,Completed,68.0,No
2700,18,2,2024-05-20,Completed,72.0,No
2701,2992,93,2025-07-21,In Progress,,No
2702,1704,51,2024-07-23,Completed,85.0,Yes
2703,1529,50,2024-02-12,Not Completed,,No
2704,292,53,2024-02-29,Completed,97.0,Yes
2705,510,50,2025-10-12,In Progress,,No
2706,666,25,2024-12-04,In Progress,,No
2707,2959,45,2024-07-22,Completed,76.0,Yes
2708,2601,89,2024-05-28,Completed,91.0,Yes
2709,2667,50,2024-06-08,Completed,63.0,No
2710,1011,32,2024-09-09,In Progress,,No
2711,2585,91,2025-02-07,Completed,83.0,Yes
2712,1071,78,2025-06-17,Completed,69.0,No
2713,1042,32,2025-06-18,Completed,69.0,No
2714,51,15,2025-06-28,Completed,70.0,No
2715,1629,91,2024-11-20,Completed,84.0,Yes
2716,2124,25,2025-03-25,Completed,65.0,No
2717,680,55,2024-07-04,In Progress,,No
2718,2051,69,2025-07-15,Completed,79.0,Yes
2719,2401,40,2024-10-29,Completed,84.0,Yes
2720,448,82,2025-08-15,Completed,65.0,No
2721,585,35,2025-05-02,Completed,82.0,Yes
2722,2864,40,2025-11-04,Completed,85.0,Yes
2723,2015,1,2025-07-29,Completed,70.0,No
2724,2151,54,2025-03-25,Completed,86.0,Yes
2725,699,23,2025-02-12,Completed,87.0,Yes
2726,812,63,2024-03-10,Completed,68.0,No
2727,1846,73,2024-04-23,Completed,67.0,No
2728,761,26,2025-05-03,In Progress,,No
2729,786,34,2024-06-06,Completed,71.0,No
2730,1675,57,2024-03-25,Not Completed,,No
2731,448,82,2024-08-29,Completed,99.0,Yes
2732,352,49,2025-03-03,Completed,78.0,Yes
2733,1402,4,2025-07-08,Completed,64.0,No
2734,1988,87,2024-10-03,Completed,90.0,Yes
2735,251,35,2024-02-29,Completed,60.0,No
2736,2726,75,2024-07-06,Completed,60.0,No
2737,397,28,2024-05-09,Completed,62.0,No
2738,1539,78,2025-06-21,Completed,60.0,No
2739,1991,61,2024-08-07,Completed,77.0,Yes
2740,1760,44,2024-06-24,Completed,98.0,Yes
2741,1292,31,2025-02-18,Completed,81.0,Yes
2742,2725,52,2025-06-02,In Progress,,No
2743,1459,43,2024-06-03,Completed,63.0,No
2744,13,59,2024-07-14,In Progress,,No
2745,1646,93,2025-07-08,In Progress,,No
2746,569,4,2024-02-29,In Progress,,No
2747,1145,90,2025-07-19,Completed,93.0,Yes
2748,1510,58,2024-12-26,Completed,75.0,Yes
2749,2110,53,2025-06-01,Completed,90.0,Yes
2750,2614,42,2025-07-04,Completed,60.0,No
2751,188,95,2024-09-06,Completed,83.0,Yes
2752,957,78,2024-02-15,Completed,88.0,Yes
2753,334,45,2024-07-22,Completed,99.0,Yes
2754,2697,90,2025-08-04,Completed,90.0,Yes
2755,1577,38,2025-01-13,In Progress,,No
2756,2131,74,2024-07-29,Completed,69.0,No
2757,131,17,2024-08-28,Completed,92.0,Yes
2758,1235,87,2025-11-07,Completed,65.0,No
2759,1913,22,2025-07-21,Not Completed,,No
2760,474,62,2025-05-13,In Progress,,No
2761,997,28,2024-09-16,Completed,75.0,Yes
2762,433,56,2024-12-03,Completed,65.0,No
2763,120,21,2025-09-10,Not Completed,,No
2764,1338,50,2025-11-14,In Progress,,No
2765,2946,33,2025-08-07,Completed,74.0,No
2766,2726,18,2024-07-04,Completed,67.0,No
2767,2596,93,2025-01-07,In Progress,,No
2768,917,74,2025-10-29,Completed,81.0,Yes
2769,265,83,2024-05-04,Completed,98.0,Yes
2770,2679,83,2024-12-03,Completed,84.0,Yes
2771,956,29,2024-12-24,Completed,87.0,Yes
2772,360,15,2024-10-18,Completed,78.0,Yes
2773,771,96,2025-11-06,Completed,97.0,Yes
2774,2347,48,2025-12-30,In Progress,,No
2775,1558,74,2024-12-04,Completed,80.0,Yes
2776,254,76,2024-03-05,Completed,79.0,Yes
2777,1736,41,2025-04-11,Completed,84.0,Yes
2778,2129,85,2024-02-07,Completed,68.0,No
2779,437,51,2024-01-01,Completed,74.0,No
2780,1295,19,2024-11-22,Completed,89.0,Yes
2781,1216,29,2024-09-06,In Progress,,No
2782,604,77,2024-08-25,Completed,89.0,Yes
2783,2454,41,2024-10-31,Completed,62.0,No
2784,1121,91,2024-06-20,Completed,67.0,No
2785,884,64,2025-07-04,Completed,100.0,Yes
2786,241,43,2025-05-01,Completed,84.0,Yes
2787,922,90,2024-09-14,Completed,73.0,No
2788,1997,94,2024-09-22,Completed,71.0,No
2789,89,71,2024-11-10,Completed,70.0,No
2790,2777,61,2024-06-24,Completed,87.0,Yes
2791,1604,51,2024-10-21,Not Completed,,No
2792,1157,90,2025-12-08,Completed,78.0,Yes
2793,2872,71,2024-03-20,In Progress,,No
2794,1325,97,2024-11-23,Completed,68.0,No
2795,2907,39,2025-03-03,Completed,63.0,No
2796,2365,18,2025-12-15,Completed,70.0,No
2797,1193,19,2024-05-03,Completed,90.0,Yes
2798,2668,2,2024-04-01,Completed,72.0,No
2799,418,87,2025-12-16,Completed,96.0,Yes
2800,1543,55,2025-06-11,Completed,69.0,No
2801,231,13,2024-08-08,Completed,70.0,No
2802,736,7,2024-10-02,Completed,90.0,Yes
2803,2663,44,2024-07-15,Completed,92.0,Yes
2804,2569,93,2024-02-27,Completed,69.0,No
2805,487,31,2025-08-13,Completed,62.0,No
2806,2818,77,2024-12-24,Completed,79.0,Yes
2807,2674,96,2025-04-17,Not Completed,,No
2808,1900,84,2024-12-29,Completed,65.0,No
2809,2676,57,2025-01-04,Completed,100.0,Yes
2810,478,11,2024-12-16,Completed,67.0,No
2811,922,3,2025-05-05,Completed,92.0,Yes
2812,1965,36,2025-03-24,Completed,96.0,Yes
2813,2429,24,2025-07-23,Completed,66.0,No
2814,1223,74,2025-12-24,Completed,87.0,Yes
2815,261,92,2024-08-22,Completed,80.0,Yes
2816,2202,24,2024-06-13,In Progress,,No
2817,1613,72,2024-01-11,Completed,61.0,No
2818,2172,63,2024-02-19,In Progress,,No
2819,2208,92,2024-04-18,Completed,97.0,Yes
2820,2670,16,2024-09-07,In Progress,,No
2821,2698,16,2024-10-16,Completed,73.0,No
2822,2848,24,2025-10-20,Completed,98.0,Yes
2823,1288,16,2025-03-31,Completed,88.0,Yes
2824,845,84,2024-03-19,Completed,96.0,Yes
2825,1052,97,2025-01-12,Completed,95.0,Yes
2826,2074,39,2024-08-18,Completed,67.0,No
2827,703,55,2024-07-13,Completed,94.0,Yes
2828,2696,1,2025-08-25,Not Completed,,No
2829,2128,38,2025-08-07,Completed,62.0,No
2830,573,74,2024-08-06,Completed,88.0,Yes
2831,2141,46,2025-06-06,Completed,80.0,Yes
2832,860,89,2025-09-14,Completed,92.0,Yes
2833,972,5,2024-02-07,Completed,62.0,No
2834,882,18,2024-02-14,Completed,79.0,Yes
2835,2424,46,2024-01-07,Completed,73.0,No
2836,1729,10,2025-07-02,Completed,99.0,Yes
2837,1564,84,2025-07-11,Completed,76.0,Yes
2838,1639,59,2025-07-02,In Progress,,No
2839,2772,55,2025-04-16,Completed,76.0,Yes
2840,587,69,2024-10-02,In Progress,,No
2841,1104,82,2024-11-23,Completed,100.0,Yes
2842,2927,48,2024-05-30,Completed,72.0,No
2843,2478,21,2024-01-04,Completed,92.0,Yes
2844,1296,56,2025-07-24,Completed,69.0,No
2845,1014,10,2024-02-11,Completed,98.0,Yes
2846,451,88,2025-06-22,Completed,94.0,Yes
2847,1350,82,2024-07-26,Completed,64.0,No
2848,1120,19,2024-07-08,Completed,81.0,Yes
2849,925,36,2024-01-12,In Progress,,No
2850,911,49,2024-05-29,Completed,84.0,Yes
2851,506,23,2024-04-21,Not Completed,,No
2852,2412,63,2024-08-23,Completed,79.0,Yes
2853,2870,74,2024-11-06,Completed,82.0,Yes
2854,2260,35,2025-12-23,In Progress,,No
2855,700,41,2025-03-16,Completed,63.0,No
2856,1596,24,2025-04-02,In Progress,,No
2857,2260,77,2024-06-16,Completed,94.0,Yes
2858,1650,62,2024-05-25,In Progress,,No
2859,39,88,2024-05-09,Completed,76.0,Yes
2860,2694,17,2025-05-16,Completed,69.0,No
2861,1096,7,2025-07-21,Completed,96.0,Yes
2862,2619,48,2024-07-08,In Progress,,No
2863,2778,78,2024-10-28,Completed,75.0,Yes
2864,750,57,2025-11-11,Completed,89.0,Yes
2865,1920,65,2024-11-17,Not Completed,,No
2866,2133,92,2024-07-11,Completed,87.0,Yes
2867,938,40,2024-03-11,In Progress,,No
2868,1252,53,2025-07-21,Completed,65.0,No
2869,2600,11,2024-11-10,Completed,65.0,No
2870,384,22,2025-11-01,Completed,75.0,Yes
2871,1171,71,2024-07-01,Completed,65.0,No
2872,44,55,2024-12-30,In Progress,,No
2873,1965,64,2025-08-25,Completed,68.0,No
2874,2859,16,2024-02-06,Completed,94.0,Yes
2875,779,96,2024-05-11,Completed,99.0,Yes
2876,2878,69,2024-01-27,Completed,87.0,Yes
2877,2709,68,2024-05-27,Completed,75.0,Yes
2878,2488,58,2025-03-10,Completed,62.0,No
2879,2763,98,2024-09-09,Not Completed,,No
2880,717,10,2024-09-15,Completed,74.0,No
2881,2105,46,2025-08-30,Completed,68.0,No
2882,1732,64,2025-02-05,Not Completed,,No
2883,464,44,2025-02-28,Completed,83.0,Yes
2884,1024,70,2024-03-09,In Progress,,No
2885,483,38,2025-12-06,In Progress,,No
2886,1085,28,2025-02-22,Completed,78.0,Yes
2887,2330,51,2025-04-18,Completed,100.0,Yes
2888,2634,66,2024-01-11,Completed,79.0,Yes
2889,146,60,2025-12-06,In Progress,,No
2890,2000,8,2024-06-29,In Progress,,No
2891,1886,43,2025-10-06,Completed,99.0,Yes
2892,22,45,2024-07-28,Completed,66.0,No
2893,763,52,2025-06-19,In Progress,,No
2894,1765,63,2024-11-15,Completed,66.0,No
2895,2107,20,2025-11-15,Completed,93.0,Yes
2896,29,20,2024-01-14,Completed,91.0,Yes
2897,927,61,2024-02-18,Completed,76.0,Yes
2898,1493,55,2025-08-15,Completed,79.0,Yes
2899,2198,35,2025-02-23,In Progress,,No
2900,2689,57,2025-07-23,Completed,88.0,Yes
2901,1778,1,2024-03-10,Completed,82.0,Yes
2902,454,25,2024-06-21,Completed,72.0,No
2903,1617,54,2025-12-06,Completed,68.0,No
2904,657,86,2025-10-24,Completed,62.0,No
2905,2725,35,2024-03-23,Completed,90.0,Yes
2906,2254,64,2024-01-25,Completed,91.0,Yes
2907,1331,97,2025-06-18,Completed,68.0,No
2908,2056,93,2025-11-08,Completed,85.0,Yes
2909,1593,17,2025-05-21,In Progress,,No
2910,87,17,2024-04-28,Completed,66.0,No
2911,56,99,2024-11-20,Completed,92.0,Yes
2912,2779,44,2025-01-13,Completed,63.0,No
2913,33,56,2024-03-03,Completed,98.0,Yes
2914,1991,11,2024-03-24,Completed,78.0,Yes
2915,2530,20,2024-07-03,Completed,75.0,Yes
2916,1022,36,2025-07-01,Completed,71.0,No
2917,2872,32,2024-07-23,Completed,76.0,Yes
2918,813,61,2024-03-26,Completed,87.0,Yes
2919,2872,94,2025-08-10,Completed,66.0,No
2920,773,76,2025-04-13,Completed,71.0,No
2921,940,16,2024-04-22,Completed,69.0,No
2922,1122,25,2025-07-24,Completed,62.0,No
2923,1747,3,2024-09-17,In Progress,,No
2924,209,49,2025-04-24,Completed,65.0,No
2925,2868,82,2025-12-23,Completed,79.0,Yes
2926,909,44,2025-06-12,Not Completed,,No
2927,2089,55,2025-01-28,Completed,63.0,No
2928,451,35,2025-01-07,Completed,79.0,Yes
2929,2915,54,2024-11-15,Completed,82.0,Yes
2930,745,6,2025-09-05,Completed,63.0,No
2931,869,37,2025-10-18,Completed,80.0,Yes
2932,413,56,2024-06-17,Completed,98.0,Yes
2933,1490,43,2025-12-09,Completed,91.0,Yes
2934,2741,2,2025-12-05,Completed,66.0,No
2935,1357,47,2024-02-28,Completed,68.0,No
2936,2413,68,2025-02-17,Completed,83.0,Yes
2937,2664,36,2024-03-05,Completed,75.0,Yes
2938,358,14,2025-10-05,Completed,84.0,Yes
2939,493,6,2025-03-30,Completed,98.0,Yes
2940,791,91,2025-11-26,Completed,72.0,No
2941,307,70,2025-11-02,Completed,66.0,No
2942,2972,61,2025-01-17,Completed,79.0,Yes
2943,828,69,2024-01-09,Not Completed,,No
2944,524,25,2025-10-09,Completed,62.0,No
2945,2296,45,2025-06-05,Completed,76.0,Yes
2946,1837,81,2025-06-12,In Progress,,No
2947,278,62,2024-03-24,Completed,87.0,Yes
2948,90,22,2025-05-13,Completed,92.0,Yes
2949,1187,6,2024-03-06,Completed,68.0,No
2950,250,89,2025-07-27,Not Completed,,No
2951,2028,88,2024-03-09,Completed,85.0,Yes
2952,308,22,2025-12-22,Completed,92.0,Yes
2953,1574,72,2024-12-08,Completed,92.0,Yes
2954,2488,35,2025-06-11,Completed,85.0,Yes
2955,656,74,2024-03-28,Completed,60.0,No
2956,2101,59,2024-09-09,Completed,60.0,No
2957,1061,39,2024-05-06,Completed,93.0,Yes
2958,1214,91,2024-10-03,In Progress,,No
2959,701,29,2025-09-12,Completed,67.0,No
2960,1196,6,2024-06-11,Completed,75.0,Yes
2961,545,35,2024-05-20,Completed,77.0,Yes
2962,212,83,2024-12-11,In Progress,,No
2963,861,69,2024-08-17,Not Completed,,No
2964,2592,78,2024-11-08,Completed,82.0,Yes
2965,1330,11,2024-02-22,Not Completed,,No
2966,2250,34,2024-12-04,In Progress,,No
2967,2505,38,2024-12-21,Completed,86.0,Yes
2968,2564,2,2025-08-18,Completed,63.0,No
2969,899,94,2024-03-17,In Progress,,No
2970,724,33,2025-01-26,Not Completed,,No
2971,2202,85,2025-12-28,Not Completed,,No
2972,2390,14,2024-01-31,Not Completed,,No
2973,2679,33,2024-12-04,Completed,84.0,Yes
2974,2599,78,2024-09-11,In Progress,,No
2975,904,42,2025-04-09,Completed,88.0,Yes
2976,2580,97,2024-07-20,Completed,97.0,Yes
2977,950,94,2025-05-17,Completed,88.0,Yes
2978,608,62,2024-02-14,Completed,83.0,Yes
2979,1882,24,2025-07-08,Completed,71.0,No
2980,722,25,2025-11-28,In Progress,,No
2981,2653,37,2024-11-07,Completed,71.0,No
2982,728,51,2024-10-30,Completed,70.0,No
2983,285,19,2025-12-08,Completed,72.0,No
2984,1864,83,2024-05-08,Completed,75.0,Yes
2985,411,93,2024-09-18,Not Completed,,No
2986,2472,13,2024-07-26,Completed,60.0,No
2987,451,2,2024-09-30,Completed,61.0,No
2988,542,32,2024-07-30,Completed,62.0,No
2989,585,81,2025-08-11,Completed,77.0,Yes
2990,436,70,2024-02-27,Completed,60.0,No
2991,2898,11,2024-08-10,Completed,81.0,Yes
2992,2306,57,2024-07-28,Completed,90.0,Yes
2993,1260,43,2025-01-27,In Progress,,No
2994,229,70,2024-12-01,Completed,75.0,Yes
2995,2227,16,2024-06-26,Completed,100.0,Yes
2996,422,70,2024-01-10,Completed,62.0,No
2997,1702,19,2025-09-26,Completed,92.0,Yes
2998,99,30,2025-08-06,Completed,74.0,No
2999,1448,84,2025-09-04,Completed,69.0,No
3000,2813,92,2025-08-02,Completed,84.0,Yes
3001,461,63,2024-12-11,In Progress,,No
3002,920,14,2024-12-26,Completed,67.0,No
3003,1155,46,2024-06-24,Not Completed,,No
3004,485,47,2024-01-11,Completed,81.0,Yes
3005,348,6,2024-10-01,In Progress,,No
3006,1756,68,2024-07-23,Completed,71.0,No
3007,2783,55,2024-04-07,Completed,71.0,No
3008,2560,37,2025-01-05,Completed,79.0,Yes
3009,1111,64,2025-09-14,Completed,66.0,No
3010,2914,10,2024-03-31,Completed,76.0,Yes
3011,2687,19,2024-11-09,Completed,69.0,No
3012,1830,93,2025-12-13,Completed,84.0,Yes
3013,276,15,2025-02-26,Completed,90.0,Yes
3014,593,12,2024-01-24,Completed,77.0,Yes
3015,745,99,2024-05-06,Completed,68.0,No
3016,2025,55,2025-08-18,Completed,80.0,Yes
3017,2465,82,2024-01-20,Completed,86.0,Yes
3018,1570,54,2025-05-26,Completed,75.0,Yes
3019,2187,64,2024-06-01,Completed,94.0,Yes
3020,1576,11,2025-11-01,Completed,74.0,No
3021,2159,74,2025-02-25,Completed,86.0,Yes
3022,2880,12,2024-03-27,Completed,74.0,No
3023,833,3,2024-02-11,Completed,60.0,No
3024,548,15,2024-02-12,Completed,90.0,Yes
3025,1479,100,2024-08-29,Completed,82.0,Yes
3026,1208,59,2024-09-04,In Progress,,No
3027,1725,32,2025-01-31,Completed,95.0,Yes
3028,229,96,2024-06-01,Completed,74.0,No
3029,1547,94,2024-06-03,Completed,69.0,No
3030,1523,7,2025-04-19,Completed,87.0,Yes
3031,303,62,2025-10-07,Completed,97.0,Yes
3032,648,4,2025-02-07,In Progress,,No
3033,324,32,2025-07-07,Completed,69.0,No
3034,1706,20,2024-07-24,Completed,96.0,Yes
3035,574,96,2025-12-02,Completed,90.0,Yes
3036,1926,53,2025-03-29,Completed,79.0,Yes
3037,2642,89,2024-09-06,Completed,88.0,Yes
3038,639,8,2025-09-28,Completed,67.0,No
3039,132,78,2025-01-05,In Progress,,No
3040,657,2,2025-07-29,Completed,92.0,Yes
3041,2785,59,2024-04-15,Completed,87.0,Yes
3042,2344,65,2024-01-07,Completed,76.0,Yes
3043,1736,21,2025-07-04,Completed,74.0,No
3044,2137,49,2025-04-25,Completed,65.0,No
3045,513,96,2025-09-15,Not Completed,,No
3046,230,29,2024-02-26,Completed,99.0,Yes
3047,2479,10,2025-03-02,Completed,95.0,Yes
3048,1919,62,2025-01-31,In Progress,,No
3049,1559,22,2025-04-06,Completed,85.0,Yes
3050,2649,55,2024-06-04,Completed,83.0,Yes
3051,428,10,2024-09-10,Completed,66.0,No
3052,115,31,2024-07-09,Completed,81.0,Yes
3053,437,9,2024-03-22,Completed,94.0,Yes
3054,1267,25,2025-02-28,Completed,60.0,No
3055,133,31,2024-01-22,Completed,100.0,Yes
3056,2314,6,2025-02-02,Completed,96.0,Yes
3057,188,7,2025-02-09,Completed,90.0,Yes
3058,35,46,2025-06-01,Completed,79.0,Yes
3059,2049,25,2024-10-14,Completed,85.0,Yes
3060,2973,46,2025-01-06,Completed,85.0,Yes
3061,2879,87,2024-05-02,Not Completed,,No
3062,2063,13,2024-11-10,Completed,86.0,Yes
3063,98,76,2025-03-14,Completed,69.0,No
3064,2402,5,2025-11-22,Completed,90.0,Yes
3065,2796,60,2025-06-28,Completed,69.0,No
3066,383,92,2024-11-22,Completed,100.0,Yes
3067,2792,84,2025-09-21,Completed,73.0,No
3068,2055,67,2024-03-02,Completed,70.0,No
3069,2494,84,2024-09-23,Not Completed,,No
3070,1833,17,2025-09-03,Completed,81.0,Yes
3071,2554,56,2025-12-06,Completed,83.0,Yes
3072,980,27,2025-02-16,Completed,84.0,Yes
3073,2486,10,2024-01-09,Not Completed,,No
3074,2323,81,2024-12-17,Not Completed,,No
3075,399,2,2025-07-04,Not Completed,,No
3076,2242,12,2024-11-10,Completed,79.0,Yes
3077,1285,22,2024-10-03,Completed,89.0,Yes
3078,662,9,2024-12-02,In Progress,,No
3079,1448,12,2025-11-05,Completed,83.0,Yes
3080,1057,61,2024-05-08,Completed,89.0,Yes
3081,1811,84,2024-03-09,Not Completed,,No
3082,508,73,2025-12-27,In Progress,,No
3083,1175,52,2025-08-19,Completed,83.0,Yes
3084,2788,17,2024-12-25,Completed,99.0,Yes
3085,2559,41,2025-10-29,Completed,92.0,Yes
3086,2073,58,2024-02-21,Completed,86.0,Yes
3087,2543,83,2024-08-13,Completed,62.0,No
3088,2867,72,2025-05-05,Completed,75.0,Yes
3089,1191,49,2024-11-03,Completed,66.0,No
3090,299,29,2024-12-13,Completed,85.0,Yes
3091,2741,12,2024-10-21,Completed,89.0,Yes
3092,2632,69,2024-05-19,Completed,89.0,Yes
3093,1905,14,2025-09-21,In Progress,,No
3094,1626,99,2025-08-28,Completed,66.0,No
3095,1347,9,2025-10-02,Completed,85.0,Yes
3096,1992,28,2024-02-21,Completed,98.0,Yes
3097,469,36,2024-08-03,Completed,90.0,Yes
3098,638,61,2024-10-09,Completed,94.0,Yes
3099,1312,73,2025-07-26,Completed,73.0,No
3100,1558,8,2024-12-12,Completed,98.0,Yes
3101,1481,56,2024-06-29,In Progress,,No
3102,875,7,2024-01-13,Not Completed,,No
3103,2801,55,2024-07-14,Completed,61.0,No
3104,722,11,2025-05-30,Completed,100.0,Yes
3105,1660,11,2024-12-14,Completed,77.0,Yes
3106,1720,68,2024-10-27,Completed,88.0,Yes
3107,754,7,2025-02-10,Completed,76.0,Yes
3108,1401,97,2024-10-01,Completed,87.0,Yes
3109,1431,54,2024-05-01,Completed,72.0,No
3110,2822,21,2024-11-05,Completed,94.0,Yes
3111,1790,46,2025-02-02,Not Completed,,No
3112,2337,50,2024-05-29,In Progress,,No
3113,2298,77,2024-05-24,In Progress,,No
3114,2526,19,2024-07-23,Completed,97.0,Yes
3115,59,20,2025-11-11,Completed,80.0,Yes
3116,605,64,2025-04-26,In Progress,,No
3117,466,87,2025-04-02,In Progress,,No
3118,2959,1,2025-10-16,Completed,93.0,Yes
3119,515,82,2025-05-17,Not Completed,,No
3120,400,5,2024-01-04,Completed,97.0,Yes
3121,1722,90,2024-05-29,Completed,72.0,No
3122,2462,49,2024-12-25,Completed,70.0,No
3123,783,87,2024-06-21,Completed,73.0,No
3124,1517,47,2025-02-15,Completed,60.0,No
3125,2057,16,2024-11-20,Completed,79.0,Yes
3126,1696,53,2025-02-24,Completed,89.0,Yes
3127,1745,67,2024-05-14,Completed,94.0,Yes
3128,1376,15,2024-10-20,Not Completed,,No
3129,1880,55,2024-01-14,In Progress,,No
3130,2437,21,2024-09-29,Completed,95.0,Yes
3131,1168,85,2025-05-18,Completed,84.0,Yes
3132,2598,37,2025-01-16,Completed,87.0,Yes
3133,359,14,2025-06-12,Completed,66.0,No
3134,2525,53,2024-05-11,Completed,61.0,No
3135,2232,13,2024-09-12,Completed,99.0,Yes
3136,2381,5,2024-10-07,Completed,92.0,Yes
3137,868,29,2024-04-19,Completed,86.0,Yes
3138,1561,15,2024-01-22,Completed,95.0,Yes
3139,510,45,2024-02-15,Completed,90.0,Yes
3140,1901,53,2025-02-14,Not Completed,,No
3141,2642,91,2025-11-27,In Progress,,No
3142,32,48,2024-08-25,Completed,85.0,Yes
3143,1162,35,2024-04-17,Completed,92.0,Yes
3144,1084,40,2024-02-16,In Progress,,No
3145,1699,87,2025-09-27,In Progress,,No
3146,134,2,2025-09-30,Completed,86.0,Yes
3147,2126,95,2025-06-02,Completed,83.0,Yes
3148,699,74,2025-03-12,Completed,81.0,Yes
3149,991,72,2024-05-17,Not Completed,,No
3150,790,79,2025-09-15,Not Completed,,No
3151,2367,55,2025-10-28,Completed,63.0,No
3152,1600,94,2024-08-01,Completed,100.0,Yes
3153,2119,21,2025-05-08,Completed,80.0,Yes
3154,2909,17,2024-05-10,Completed,66.0,No
3155,2364,51,2025-01-10,Completed,100.0,Yes
3156,2570,34,2024-12-11,In Progress,,No
3157,652,42,2024-12-21,In Progress,,No
3158,106,56,2025-07-06,Completed,65.0,No
3159,627,4,2024-12-17,Completed,97.0,Yes
3160,323,74,2025-04-06,Completed,94.0,Yes
3161,1859,82,2025-01-30,Completed,68.0,No
3162,765,31,2024-06-18,Completed,82.0,Yes
3163,1217,25,2024-10-12,Completed,74.0,No
3164,2975,100,2025-05-15,Completed,75.0,Yes
3165,1549,99,2024-01-04,In Progress,,No
3166,1127,11,2025-07-30,Completed,63.0,No
3167,2570,3,2024-04-24,In Progress,,No
3168,424,15,2025-09-12,Completed,97.0,Yes
3169,503,14,2024-09-09,Completed,98.0,Yes
3170,740,12,2025-01-15,Completed,76.0,Yes
3171,852,51,2024-09-08,Completed,83.0,Yes
3172,1695,10,2024-12-30,Completed,61.0,No
3173,313,27,2025-04-18,Completed,100.0,Yes
3174,1285,82,2024-09-19,Completed,84.0,Yes
3175,660,24,2024-03-05,In Progress,,No
3176,2702,73,2025-02-22,Completed,71.0,No
3177,481,44,2025-07-10,Completed,62.0,No
3178,1983,79,2024-01-17,Not Completed,,No
3179,649,67,2025-01-06,Completed,60.0,No
3180,790,78,2025-07-07,Completed,67.0,No
3181,2122,66,2024-09-07,Completed,61.0,No
3182,1495,15,2025-04-10,Completed,73.0,No
3183,121,42,2024-12-28,In Progress,,No
3184,2981,89,2024-03-03,Completed,65.0,No
3185,1097,36,2024-10-28,In Progress,,No
3186,1428,91,2024-12-12,Completed,65.0,No
3187,1914,96,2025-06-02,Completed,78.0,Yes
3188,1787,66,2024-07-10,In Progress,,No
3189,791,33,2025-11-18,In Progress,,No
3190,1610,14,2024-08-22,Completed,77.0,Yes
3191,1277,22,2024-11-25,Completed,97.0,Yes
3192,1776,58,2025-03-25,Completed,91.0,Yes
3193,1306,80,2024-09-23,Completed,77.0,Yes
3194,1759,26,2025-09-29,Completed,84.0,Yes
3195,2592,9,2024-02-13,Completed,83.0,Yes
3196,2095,33,2024-02-29,Completed,62.0,No
3197,2474,83,2024-12-06,Completed,78.0,Yes
3198,2173,46,2025-03-20,Not Completed,,No
3199,737,42,2024-08-31,Completed,67.0,No
3200,1466,32,2024-01-09,Completed,71.0,No
3201,1524,19,2024-05-31,Completed,83.0,Yes
3202,40,41,2025-02-20,Completed,67.0,No
3203,876,60,2024-08-09,Completed,81.0,Yes
3204,953,72,2024-07-11,Completed,80.0,Yes
3205,2465,28,2025-12-10,Completed,78.0,Yes
3206,2298,36,2025-08-08,Completed,66.0,No
3207,2351,83,2024-01-28,Completed,64.0,No
3208,1302,41,2024-10-20,Completed,87.0,Yes
3209,2024,64,2025-05-08,Completed,63.0,No
3210,1726,16,2025-12-29,Completed,77.0,Yes
3211,2464,42,2024-12-21,Completed,70.0,No
3212,2361,3,2025-03-04,Completed,75.0,Yes
3213,20,60,2024-06-20,Completed,96.0,Yes
3214,152,69,2024-06-17,Completed,85.0,Yes
3215,161,44,2025-08-21,In Progress,,No
3216,1925,13,2025-09-22,Completed,64.0,No
3217,1701,93,2025-07-29,In Progress,,No
3218,1417,52,2024-03-03,Completed,80.0,Yes
3219,2023,79,2025-07-16,Completed,80.0,Yes
3220,2853,59,2024-03-06,Completed,79.0,Yes
3221,1532,80,2024-01-25,Completed,67.0,No
3222,196,2,2025-11-22,Completed,74.0,No
3223,2817,93,2024-09-17,Completed,80.0,Yes
3224,361,25,2024-03-12,Completed,70.0,No
3225,2202,1,2025-09-28,Completed,83.0,Yes
3226,216,34,2024-10-19,In Progress,,No
3227,177,15,2024-08-14,In Progress,,No
3228,308,34,2025-05-24,Completed,79.0,Yes
3229,1555,35,2025-02-28,Completed,99.0,Yes
3230,2390,59,2025-04-26,Completed,68.0,No
3231,607,97,2024-11-15,Completed,80.0,Yes
3232,2609,58,2025-09-24,Completed,86.0,Yes
3233,2162,31,2025-05-02,Completed,93.0,Yes
3234,1150,42,2025-04-13,Completed,91.0,Yes
3235,926,12,2025-10-15,Completed,90.0,Yes
3236,2914,11,2025-08-06,Completed,78.0,Yes
3237,2702,83,2025-05-01,Completed,75.0,Yes
3238,2847,10,2025-12-25,Completed,73.0,No
3239,247,28,2024-09-24,Completed,91.0,Yes
3240,1918,50,2024-03-26,Completed,73.0,No
3241,1395,27,2024-11-08,Completed,66.0,No
3242,2162,66,2024-04-29,In Progress,,No
3243,1278,91,2024-02-15,In Progress,,No
3244,2067,14,2025-04-18,Completed,69.0,No
3245,897,47,2025-05-12,In Progress,,No
3246,2542,66,2024-09-18,Completed,88.0,Yes
3247,770,9,2024-09-24,Completed,85.0,Yes
3248,2811,40,2025-03-12,Completed,70.0,No
3249,2365,83,2025-04-06,Not Completed,,No
3250,439,96,2024-10-20,Completed,89.0,Yes
3251,1888,24,2025-06-28,Completed,61.0,No
3252,2712,68,2025-03-17,Completed,90.0,Yes
3253,485,71,2025-06-25,Completed,76.0,Yes
3254,869,20,2024-07-07,Completed,87.0,Yes
3255,2081,43,2024-07-16,Completed,87.0,Yes
3256,1515,13,2025-08-06,Completed,77.0,Yes
3257,2999,55,2024-04-07,Completed,84.0,Yes
3258,1650,23,2025-09-24,Completed,72.0,No
3259,2489,64,2025-11-25,Completed,93.0,Yes
3260,2791,7,2025-04-02,Completed,66.0,No
3261,900,15,2025-07-01,Completed,67.0,No
3262,2357,35,2025-12-05,Completed,62.0,No
3263,414,36,2025-06-25,Completed,94.0,Yes
3264,2866,92,2024-01-14,Completed,99.0,Yes
3265,415,29,2024-08-26,Completed,85.0,Yes
3266,2029,27,2024-08-14,Completed,77.0,Yes
3267,1424,82,2025-07-25,Completed,73.0,No
3268,1180,94,2025-04-27,Completed,98.0,Yes
3269,2062,90,2025-01-13,Completed,71.0,No
3270,2818,31,2024-01-20,Completed,79.0,Yes
3271,683,24,2024-03-05,Completed,64.0,No
3272,581,2,2024-02-08,Completed,89.0,Yes
3273,1369,3,2024-07-18,Completed,87.0,Yes
3274,316,22,2025-06-01,Completed,76.0,Yes
3275,2434,46,2025-06-30,Completed,60.0,No
3276,2389,1,2025-06-16,Not Completed,,No
3277,1936,15,2024-04-22,Completed,75.0,Yes
3278,2324,88,2025-08-17,Completed,61.0,No
3279,936,68,2024-09-03,Not Completed,,No
3280,385,13,2024-03-23,Completed,69.0,No
3281,1854,63,2025-09-11,Completed,81.0,Yes
3282,1055,85,2025-03-07,Completed,94.0,Yes
3283,1880,2,2025-10-06,Completed,83.0,Yes
3284,1234,91,2024-11-05,In Progress,,No
3285,2720,77,2025-10-29,Completed,93.0,Yes
3286,2809,67,2024-04-21,Completed,77.0,Yes
3287,606,53,2025-04-26,Completed,61.0,No
3288,2701,19,2024-09-11,In Progress,,No
3289,1001,74,2024-01-06,Completed,61.0,No
3290,1473,27,2024-06-14,Completed,87.0,Yes
3291,1548,82,2025-06-14,Completed,72.0,No
3292,2568,87,2024-09-04,Completed,77.0,Yes
3293,2159,23,2025-03-07,Completed,88.0,Yes
3294,1357,51,2025-04-25,Completed,82.0,Yes
3295,1267,25,2025-10-02,Completed,77.0,Yes
3296,2875,44,2025-09-27,Completed,93.0,Yes
3297,504,56,2025-07-10,In Progress,,No
3298,1422,37,2024-06-24,Completed,96.0,Yes
3299,2044,88,2024-10-31,Completed,60.0,No
3300,2143,38,2024-12-11,Completed,69.0,No
3301,1244,63,2024-03-16,Completed,70.0,No
3302,64,59,2024-02-22,Completed,78.0,Yes
3303,2430,16,2024-08-06,Completed,78.0,Yes
3304,21,56,2024-05-17,Completed,79.0,Yes
3305,205,33,2025-05-20,Completed,60.0,No
3306,2057,86,2025-11-10,Completed,78.0,Yes
3307,2297,20,2025-12-26,Not Completed,,No
3308,2922,35,2024-04-12,Not Completed,,No
3309,1770,75,2024-06-21,Completed,72.0,No
3310,1192,29,2025-09-21,In Progress,,No
3311,1019,87,2025-12-27,Completed,82.0,Yes
3312,1635,13,2024-12-07,Completed,87.0,Yes
3313,1238,77,2025-12-13,In Progress,,No
3314,1786,87,2025-06-29,Completed,96.0,Yes
3315,2369,18,2025-05-16,In Progress,,No
3316,1025,18,2024-01-01,Completed,72.0,No
3317,1234,40,2024-05-10,Completed,72.0,No
3318,2574,60,2025-08-02,Completed,96.0,Yes
3319,1790,13,2024-04-01,Completed,84.0,Yes
3320,2844,41,2024-02-06,Completed,88.0,Yes
3321,1919,46,2024-09-25,Completed,82.0,Yes
3322,1681,60,2024-08-20,Completed,86.0,Yes
3323,109,99,2024-04-27,Completed,95.0,Yes
3324,2520,39,2024-06-28,Completed,68.0,No
3325,2098,48,2025-09-04,Completed,97.0,Yes
3326,2317,38,2025-11-02,Completed,94.0,Yes
3327,516,52,2024-01-18,Completed,85.0,Yes
3328,2122,59,2024-02-09,Completed,89.0,Yes
3329,347,8,2025-02-13,In Progress,,No
3330,1366,77,2025-02-20,Completed,66.0,No
3331,2317,62,2025-01-12,Completed,78.0,Yes
3332,498,95,2025-07-19,Completed,63.0,No
3333,2937,7,2024-05-24,Completed,92.0,Yes
3334,591,72,2024-04-06,Completed,93.0,Yes
3335,559,29,2025-05-20,Completed,91.0,Yes
3336,2621,20,2024-01-15,In Progress,,No
3337,2946,1,2024-10-27,Completed,79.0,Yes
3338,2555,89,2024-11-22,In Progress,,No
3339,1,20,2025-07-03,Completed,64.0,No
3340,2130,13,2025-05-25,Completed,67.0,No
3341,1941,4,2025-08-01,Completed,66.0,No
3342,1818,51,2025-05-15,In Progress,,No
3343,1229,52,2025-05-02,Completed,67.0,No
3344,963,70,2025-05-09,Completed,71.0,No
3345,2791,57,2025-09-28,Completed,99.0,Yes
3346,2528,16,2025-03-31,In Progress,,No
3347,89,24,2025-05-07,Completed,100.0,Yes
3348,700,66,2025-10-23,Completed,75.0,Yes
3349,821,61,2025-04-05,Completed,94.0,Yes
3350,2735,13,2025-07-01,Completed,78.0,Yes
3351,2020,48,2024-04-10,Not Completed,,No
3352,1581,90,2025-03-21,Completed,85.0,Yes
3353,1708,55,2024-04-24,Completed,89.0,Yes
3354,1873,16,2024-04-17,Completed,78.0,Yes
3355,2378,39,2024-03-30,Completed,60.0,No
3356,1821,6,2025-01-02,Completed,99.0,Yes
3357,1453,18,2024-12-31,In Progress,,No
3358,1135,2,2024-03-01,Completed,89.0,Yes
3359,1466,65,2024-01-07,Not Completed,,No
3360,2062,27,2025-03-26,In Progress,,No
3361,1600,66,2024-01-28,Completed,93.0,Yes
3362,1442,84,2025-02-25,Completed,69.0,No
3363,1883,92,2024-02-09,Completed,81.0,Yes
3364,574,36,2024-10-27,In Progress,,No
3365,1614,9,2025-12-16,Completed,79.0,Yes
3366,2643,62,2024-06-17,In Progress,,No
3367,2482,85,2024-04-01,Completed,90.0,Yes
3368,2699,68,2025-02-07,Completed,92.0,Yes
3369,2412,75,2025-04-23,Completed,80.0,Yes
3370,1654,9,2024-01-12,Completed,99.0,Yes
3371,950,13,2024-12-16,Completed,70.0,No
3372,2783,61,2024-06-04,Completed,91.0,Yes
3373,970,14,2025-08-16,Completed,74.0,No
3374,713,94,2025-05-18,In Progress,,No
3375,1721,9,2024-02-01,In Progress,,No
3376,469,5,2024-02-13,Completed,76.0,Yes
3377,299,57,2025-10-26,In Progress,,No
3378,2586,4,2024-08-17,Completed,98.0,Yes
3379,1316,14,2025-05-21,In Progress,,No
3380,546,82,2024-10-12,Completed,84.0,Yes
3381,802,33,2024-05-01,Completed,72.0,No
3382,924,26,2024-09-30,Completed,78.0,Yes
3383,2165,25,2025-09-29,Completed,87.0,Yes
3384,2577,86,2024-10-20,Completed,61.0,No
3385,576,1,2024-05-11,Completed,62.0,No
3386,2328,70,2025-03-01,Completed,86.0,Yes
3387,1396,24,2025-11-20,In Progress,,No
3388,2033,25,2024-10-26,Completed,93.0,Yes
3389,2337,61,2025-02-12,In Progress,,No
3390,2534,72,2025-04-03,Completed,82.0,Yes
3391,276,57,2024-06-04,In Progress,,No
3392,291,73,2025-06-27,Completed,84.0,Yes
3393,1222,13,2024-08-15,Completed,93.0,Yes
3394,211,77,2024-10-27,Completed,74.0,No
3395,918,38,2025-03-17,Completed,61.0,No
3396,1030,50,2025-05-15,In Progress,,No
3397,647,37,2025-07-22,Completed,64.0,No
3398,989,67,2025-08-08,Completed,96.0,Yes
3399,2049,40,2024-06-27,In Progress,,No
3400,2237,90,2025-07-29,Completed,63.0,No
3401,2388,61,2025-11-29,In Progress,,No
3402,1078,84,2025-01-16,In Progress,,No
3403,1727,34,2025-09-18,Completed,81.0,Yes
3404,571,27,2024-01-04,Completed,63.0,No
3405,2718,8,2025-11-11,Completed,81.0,Yes
3406,2310,79,2025-08-04,Completed,64.0,No
3407,1417,10,2025-08-13,Completed,62.0,No
3408,2451,95,2025-12-12,In Progress,,No
3409,2259,62,2025-07-30,Completed,65.0,No
3410,1109,93,2025-09-10,In Progress,,No
3411,2035,65,2025-07-22,Completed,62.0,No
3412,1768,62,2024-09-16,Completed,82.0,Yes
3413,88,8,2025-02-16,Completed,74.0,No
3414,2189,78,2024-09-25,Completed,72.0,No
3415,2794,88,2025-01-20,In Progress,,No
3416,1975,7,2024-08-01,Completed,95.0,Yes
3417,2849,17,2025-07-27,Completed,84.0,Yes
3418,2251,18,2025-12-01,Completed,87.0,Yes
3419,2522,48,2025-06-14,Completed,67.0,No
3420,1789,8,2024-10-19,Completed,81.0,Yes
3421,2411,2,2024-03-26,Completed,65.0,No
3422,2327,6,2025-02-26,Completed,94.0,Yes
3423,62,93,2025-10-21,Not Completed,,No
3424,314,8,2025-04-05,Completed,63.0,No
3425,1158,6,2025-03-06,Completed,71.0,No
3426,2684,32,2025-05-12,Completed,98.0,Yes
3427,532,78,2025-05-18,Not Completed,,No
3428,2690,10,2024-07-19,Completed,67.0,No
3429,844,64,2025-07-08,Completed,94.0,Yes
3430,903,57,2025-10-01,Completed,82.0,Yes
3431,2259,38,2024-11-04,Completed,83.0,Yes
3432,1001,68,2024-11-12,In Progress,,No
3433,1307,90,2024-04-22,In Progress,,No
3434,222,45,2025-06-03,Completed,66.0,No
3435,2890,80,2024-03-08,In Progress,,No
3436,834,18,2024-10-22,Completed,65.0,No
3437,2134,30,2024-12-18,In Progress,,No
3438,864,16,2025-10-01,Completed,95.0,Yes
3439,147,31,2025-02-04,Completed,69.0,No
3440,468,3,2025-09-02,Completed,89.0,Yes
3441,1108,36,2025-07-03,Completed,62.0,No
3442,347,8,2024-08-12,Completed,79.0,Yes
3443,1573,64,2024-05-05,Completed,99.0,Yes
3444,1576,57,2025-06-30,Completed,84.0,Yes
3445,1554,24,2024-06-11,Completed,73.0,No
3446,215,85,2025-09-08,Completed,94.0,Yes
3447,1425,4,2024-05-28,Completed,94.0,Yes
3448,1378,34,2025-06-15,In Progress,,No
3449,2421,28,2024-05-04,In Progress,,No
3450,2973,80,2025-04-20,Completed,81.0,Yes
3451,2987,95,2025-09-16,Completed,87.0,Yes
3452,2267,50,2024-03-30,Completed,66.0,No
3453,2777,37,2024-04-16,Not Completed,,No
3454,2191,60,2025-01-03,In Progress,,No
3455,2126,34,2025-11-17,Completed,96.0,Yes
3456,1915,96,2025-02-11,Completed,84.0,Yes
3457,976,17,2024-03-21,Not Completed,,No
3458,1150,88,2024-04-20,In Progress,,No
3459,351,32,2024-07-11,Not Completed,,No
3460,1383,74,2024-05-11,Completed,78.0,Yes
3461,1124,47,2025-07-10,Completed,99.0,Yes
3462,2675,99,2024-02-06,Completed,76.0,Yes
3463,1258,73,2025-05-04,Completed,67.0,No
3464,733,57,2024-04-10,Completed,76.0,Yes
3465,37,60,2025-08-13,Completed,88.0,Yes
3466,1967,82,2025-11-22,Completed,82.0,Yes
3467,893,53,2025-10-27,In Progress,,No
3468,1133,79,2024-01-13,Completed,65.0,No
3469,1805,24,2024-05-17,Completed,64.0,No
3470,1064,64,2024-12-31,Completed,77.0,Yes
3471,715,19,2024-08-04,Completed,100.0,Yes
3472,2687,7,2025-05-11,In Progress,,No
3473,755,88,2024-05-05,Completed,62.0,No
3474,2376,41,2025-06-17,Completed,88.0,Yes
3475,250,92,2025-10-14,Completed,74.0,No
3476,1055,3,2025-07-03,Not Completed,,No
3477,2214,92,2025-07-08,Completed,82.0,Yes
3478,1433,14,2024-09-11,Completed,75.0,Yes
3479,464,66,2025-01-19,Completed,88.0,Yes
3480,1335,74,2025-06-02,Completed,73.0,No
3481,293,83,2024-12-22,Completed,86.0,Yes
3482,587,4,2025-08-18,Completed,78.0,Yes
3483,1373,53,2025-04-09,Completed,83.0,Yes
3484,1535,61,2024-08-30,In Progress,,No
3485,1205,80,2024-01-30,In Progress,,No
3486,183,38,2025-09-29,Completed,83.0,Yes
3487,2422,4,2024-11-22,In Progress,,No
3488,1283,66,2024-05-24,Completed,73.0,No
3489,2382,92,2024-09-20,Completed,92.0,Yes
3490,1552,75,2024-09-12,Completed,73.0,No
3491,1561,98,2024-11-17,Completed,69.0,No
3492,322,10,2025-08-30,Not Completed,,No
3493,920,73,2024-08-22,Not Completed,,No
3494,2582,71,2024-06-09,Completed,96.0,Yes
3495,497,68,2024-04-06,Completed,94.0,Yes
3496,1935,85,2024-08-28,Completed,98.0,Yes
3497,1299,35,2024-04-01,Completed,88.0,Yes
3498,1201,32,2024-03-31,Completed,96.0,Yes
3499,946,59,2025-01-21,Completed,83.0,Yes
3500,2839,31,2024-02-29,Completed,67.0,No
3501,1483,11,2024-09-23,Completed,86.0,Yes
3502,314,47,2024-04-26,Completed,92.0,Yes
3503,944,58,2025-11-11,Completed,98.0,Yes
3504,2333,17,2024-03-09,Completed,74.0,No
3505,1004,100,2024-10-26,In Progress,,No
3506,2762,75,2024-12-28,In Progress,,No
3507,1067,37,2025-11-13,Completed,98.0,Yes
3508,334,53,2025-05-08,Completed,67.0,No
3509,2360,64,2024-04-12,Completed,69.0,No
3510,737,59,2024-04-07,Completed,72.0,No
3511,1715,34,2024-09-10,Completed,67.0,No
3512,414,17,2025-09-10,Completed,90.0,Yes
3513,1768,4,2024-08-28,In Progress,,No
3514,543,66,2024-02-08,Completed,64.0,No
3515,1590,55,2024-01-21,In Progress,,No
3516,2855,72,2025-03-30,Completed,85.0,Yes
3517,488,44,2025-04-07,Completed,78.0,Yes
3518,1379,76,2024-09-14,In Progress,,No
3519,2959,6,2025-08-19,Completed,66.0,No
3520,1839,53,2024-04-02,Completed,82.0,Yes
3521,1185,97,2025-12-07,Completed,87.0,Yes
3522,752,93,2024-04-20,Completed,68.0,No
3523,344,20,2024-05-04,Completed,92.0,Yes
3524,2432,76,2024-02-12,In Progress,,No
3525,1554,42,2025-09-30,Completed,89.0,Yes
3526,2960,76,2024-06-24,Completed,92.0,Yes
3527,952,39,2024-08-23,Completed,66.0,No
3528,2311,67,2025-05-31,Completed,63.0,No
3529,2375,66,2024-10-19,In Progress,,No
3530,1748,37,2024-02-03,In Progress,,No
3531,731,19,2025-01-20,Completed,80.0,Yes
3532,1764,67,2025-08-13,Completed,73.0,No
3533,1288,13,2024-11-25,Completed,99.0,Yes
3534,486,37,2025-02-19,Completed,70.0,No
3535,917,22,2024-02-12,Completed,88.0,Yes
3536,2483,97,2024-05-02,Completed,76.0,Yes
3537,2730,36,2024-07-19,Completed,74.0,No
3538,2262,66,2024-04-15,Completed,73.0,No
3539,2452,6,2025-02-21,Completed,61.0,No
3540,2212,69,2025-07-01,Not Completed,,No
3541,2001,4,2024-11-20,Completed,60.0,No
3542,2340,55,2024-11-07,Completed,78.0,Yes
3543,517,59,2025-04-04,Completed,93.0,Yes
3544,2934,91,2024-07-10,Completed,67.0,No
3545,492,57,2025-10-10,In Progress,,No
3546,2021,34,2024-08-12,In Progress,,No
3547,1141,94,2025-09-23,Completed,68.0,No
3548,324,96,2024-04-02,Completed,82.0,Yes
3549,1340,21,2025-04-21,Completed,64.0,No
3550,1858,81,2025-02-24,Completed,77.0,Yes
3551,2896,89,2025-09-06,Completed,64.0,No
3552,1776,13,2025-06-29,Completed,62.0,No
3553,2136,41,2024-11-11,In Progress,,No
3554,2708,81,2024-02-06,Completed,95.0,Yes
3555,2570,2,2025-06-05,Completed,100.0,Yes
3556,1541,29,2025-04-12,Completed,97.0,Yes
3557,1926,20,2025-10-04,Completed,76.0,Yes
3558,2035,37,2025-06-23,Completed,71.0,No
3559,364,67,2024-09-12,Completed,100.0,Yes
3560,878,1,2024-02-02,In Progress,,No
3561,2285,79,2024-02-06,Completed,91.0,Yes
3562,159,54,2024-09-25,Completed,71.0,No
3563,1558,81,2024-01-17,Completed,99.0,Yes
3564,1429,62,2024-04-04,Completed,100.0,Yes
3565,1230,30,2025-09-12,Completed,71.0,No
3566,2737,63,2024-12-13,In Progress,,No
3567,1607,77,2024-09-04,Completed,100.0,Yes
3568,1211,13,2025-06-21,Completed,90.0,Yes
3569,1719,58,2024-05-25,Completed,78.0,Yes
3570,475,23,2025-08-04,Completed,87.0,Yes
3571,2706,15,2024-11-14,Completed,80.0,Yes
3572,2887,17,2025-07-13,Completed,85.0,Yes
3573,2004,77,2024-09-19,Completed,90.0,Yes
3574,119,38,2025-09-03,Completed,75.0,Yes
3575,1676,8,2025-06-12,Completed,73.0,No
3576,1072,87,2025-05-08,Completed,80.0,Yes
3577,1811,55,2025-05-28,Completed,85.0,Yes
3578,1100,63,2024-10-19,Completed,63.0,No
3579,2607,6,2025-11-02,Completed,81.0,Yes
3580,907,74,2024-11-24,Completed,86.0,Yes
3581,2196,27,2024-01-05,In Progress,,No
3582,2513,79,2024-01-03,Completed,67.0,No
3583,2211,3,2024-09-01,Completed,98.0,Yes
3584,87,49,2024-05-17,Not Completed,,No
3585,1445,99,2024-03-30,Completed,81.0,Yes
3586,2683,7,2024-01-21,Completed,64.0,No
3587,2194,26,2024-10-14,Completed,83.0,Yes
3588,2195,51,2025-05-11,Not Completed,,No
3589,940,38,2025-05-03,In Progress,,No
3590,1532,43,2025-09-05,In Progress,,No
3591,1019,2,2025-03-15,Completed,95.0,Yes
3592,2157,14,2025-11-12,Completed,61.0,No
3593,174,21,2024-06-28,Completed,91.0,Yes
3594,943,81,2025-02-25,Completed,61.0,No
3595,139,35,2024-03-22,Completed,75.0,Yes
3596,2685,52,2025-10-15,Completed,84.0,Yes
3597,348,10,2025-01-28,Completed,77.0,Yes
3598,83,2,2025-06-27,Completed,86.0,Yes
3599,2478,20,2024-10-14,Completed,94.0,Yes
3600,1603,25,2024-10-30,Completed,97.0,Yes
3601,1279,42,2024-08-10,In Progress,,No
3602,1238,36,2024-07-02,Completed,61.0,No
3603,1083,84,2024-05-11,Completed,66.0,No
3604,1193,55,2024-10-27,Completed,84.0,Yes
3605,2298,36,2025-06-23,Completed,86.0,Yes
3606,2076,32,2025-05-23,Completed,94.0,Yes
3607,2981,51,2025-06-16,Completed,91.0,Yes
3608,2239,92,2024-05-23,Not Completed,,No
3609,2367,4,2025-07-17,Completed,74.0,No
3610,1832,48,2025-08-18,Completed,74.0,No
3611,2633,40,2024-02-18,Completed,66.0,No
3612,343,13,2024-08-02,Completed,100.0,Yes
3613,2007,76,2025-03-06,Completed,73.0,No
3614,1652,79,2025-01-26,Completed,69.0,No
3615,2144,93,2025-05-17,In Progress,,No
3616,953,8,2025-02-20,In Progress,,No
3617,1687,40,2025-06-16,Completed,76.0,Yes
3618,150,42,2025-04-22,Completed,69.0,No
3619,1666,1,2024-07-21,Completed,98.0,Yes
3620,2304,63,2025-11-02,Completed,73.0,No
3621,2671,31,2024-05-22,Completed,80.0,Yes
3622,2108,72,2024-12-04,Completed,90.0,Yes
3623,334,14,2025-11-08,In Progress,,No
3624,1539,17,2024-12-24,Completed,64.0,No
3625,2130,96,2024-05-23,Completed,70.0,No
3626,1793,15,2024-10-16,Completed,72.0,No
3627,2029,22,2025-07-09,Completed,87.0,Yes
3628,1996,18,2024-11-05,Completed,93.0,Yes
3629,1713,52,2025-04-29,Completed,95.0,Yes
3630,1784,38,2025-01-31,Completed,67.0,No
3631,2141,42,2024-09-11,Completed,77.0,Yes
3632,2310,84,2024-11-02,Completed,83.0,Yes
3633,2144,88,2024-09-01,Completed,78.0,Yes
3634,2927,48,2024-08-14,Completed,99.0,Yes
3635,1934,60,2024-03-27,Completed,76.0,Yes
3636,2950,18,2024-05-27,Completed,81.0,Yes
3637,41,41,2025-04-22,Completed,90.0,Yes
3638,1928,9,2025-11-05,Completed,69.0,No
3639,23,40,2025-11-27,Not Completed,,No
3640,2843,13,2024-06-28,Completed,72.0,No
3641,388,8,2025-05-10,Completed,81.0,Yes
3642,641,9,2024-04-12,Completed,98.0,Yes
3643,926,45,2025-02-21,Completed,95.0,Yes
3644,1125,37,2024-11-19,Completed,72.0,No
3645,1746,75,2024-06-17,In Progress,,No
3646,2558,99,2025-02-12,Completed,83.0,Yes
3647,2299,70,2025-09-07,Completed,76.0,Yes
3648,318,76,2024-04-06,Completed,72.0,No
3649,1147,23,2024-10-13,Completed,73.0,No
3650,519,67,2024-07-20,Completed,66.0,No
3651,1353,74,2024-09-11,Completed,84.0,Yes
3652,2478,36,2025-12-19,Completed,97.0,Yes
3653,2523,86,2024-10-20,Not Completed,,No
3654,858,22,2025-07-05,In Progress,,No
3655,887,12,2025-07-12,Completed,74.0,No
3656,2519,19,2024-06-01,In Progress,,No
3657,2,42,2025-12-27,Completed,90.0,Yes
3658,562,66,2025-08-08,Completed,63.0,No
3659,1743,86,2024-11-23,In Progress,,No
3660,2050,98,2025-12-27,Completed,79.0,Yes
3661,1611,49,2024-12-26,Completed,95.0,Yes
3662,1455,40,2024-08-31,Completed,90.0,Yes
3663,1299,68,2024-08-10,In Progress,,No
3664,877,22,2024-08-23,Completed,98.0,Yes
3665,1138,92,2024-08-16,In Progress,,No
3666,2296,57,2025-01-02,Completed,87.0,Yes
3667,2808,16,2024-04-28,Completed,76.0,Yes
3668,2671,45,2025-04-05,Completed,87.0,Yes
3669,1910,99,2024-09-04,Completed,83.0,Yes
3670,876,79,2025-08-05,Completed,87.0,Yes
3671,1567,48,2025-11-30,Completed,72.0,No
3672,803,57,2025-05-20,Completed,60.0,No
3673,23,76,2024-07-30,Completed,72.0,No
3674,1511,33,2025-01-23,Completed,66.0,No
3675,2486,35,2024-08-28,Completed,60.0,No
3676,2629,62,2024-07-28,Completed,77.0,Yes
3677,1124,81,2024-02-03,Completed,76.0,Yes
3678,125,92,2024-11-10,Completed,96.0,Yes
3679,2489,81,2025-08-21,In Progress,,No
3680,1940,96,2024-01-21,Completed,71.0,No
3681,2235,14,2025-11-15,In Progress,,No
3682,2511,92,2025-12-25,Completed,61.0,No
3683,540,11,2024-07-10,Completed,71.0,No
3684,230,57,2024-02-12,Completed,67.0,No
3685,1288,13,2025-09-30,Completed,63.0,No
3686,1137,25,2025-12-07,In Progress,,No
3687,1363,87,2025-06-24,Completed,61.0,No
3688,1297,91,2024-03-24,In Progress,,No
3689,2958,47,2024-12-05,Completed,97.0,Yes
3690,1706,86,2024-12-18,Completed,85.0,Yes
3691,791,98,2024-04-20,Completed,64.0,No
3692,344,23,2025-10-01,Completed,77.0,Yes
3693,2493,26,2025-02-08,Completed,77.0,Yes
3694,709,82,2025-02-09,Completed,86.0,Yes
3695,1275,36,2025-07-09,Completed,60.0,No
3696,1399,60,2025-04-23,Completed,67.0,No
3697,2320,60,2025-06-08,Completed,65.0,No
3698,748,94,2024-06-19,Completed,65.0,No
3699,2422,81,2024-08-25,Completed,80.0,Yes
3700,694,2,2024-10-14,Not Completed,,No
3701,1886,11,2024-11-05,Completed,83.0,Yes
3702,1011,40,2024-01-18,In Progress,,No
3703,2631,25,2024-10-11,In Progress,,No
3704,1272,7,2024-11-23,Completed,68.0,No
3705,730,36,2024-03-13,Completed,78.0,Yes
3706,1696,29,2024-03-25,Completed,80.0,Yes
3707,1118,26,2024-10-13,In Progress,,No
3708,1063,90,2025-06-18,Completed,78.0,Yes
3709,2007,46,2024-03-23,Completed,65.0,No
3710,2629,67,2024-01-06,Completed,82.0,Yes
3711,2815,22,2024-03-06,Completed,100.0,Yes
3712,1580,20,2025-05-28,Completed,97.0,Yes
3713,2877,56,2024-11-30,Completed,73.0,No
3714,850,44,2025-12-21,Completed,78.0,Yes
3715,2260,96,2025-07-20,Completed,92.0,Yes
3716,2103,99,2024-08-28,Completed,65.0,No
3717,1916,34,2025-11-01,Completed,73.0,No
3718,2118,85,2024-10-26,Completed,67.0,No
3719,573,60,2024-06-06,Completed,90.0,Yes
3720,2310,49,2025-02-23,Completed,83.0,Yes
3721,1321,90,2025-08-30,Completed,62.0,No
3722,33,21,2025-12-25,Completed,82.0,Yes
3723,1380,83,2024-05-04,Completed,81.0,Yes
3724,767,46,2024-04-04,In Progress,,No
3725,2240,24,2025-05-27,Completed,89.0,Yes
3726,2526,59,2025-04-05,Completed,88.0,Yes
3727,2994,52,2024-12-31,Completed,87.0,Yes
3728,1035,93,2024-08-06,Completed,75.0,Yes
3729,1977,87,2025-08-29,Completed,81.0,Yes
3730,960,98,2025-08-18,Completed,62.0,No
3731,2077,14,2024-09-18,In Progress,,No
3732,2366,52,2024-04-13,Completed,77.0,Yes
3733,2098,22,2025-08-06,Completed,70.0,No
3734,2445,90,2024-06-11,In Progress,,No
3735,813,73,2025-06-12,In Progress,,No
3736,2718,43,2024-06-18,Completed,68.0,No
3737,371,40,2024-04-07,Completed,63.0,No
3738,1418,59,2025-08-25,Completed,69.0,No
3739,4,85,2024-10-03,Completed,89.0,Yes
3740,1235,40,2024-01-19,Completed,71.0,No
3741,833,56,2024-02-14,Completed,75.0,Yes
3742,632,88,2025-07-14,Completed,75.0,Yes
3743,21,62,2024-08-30,Completed,83.0,Yes
3744,1929,71,2025-10-30,Completed,66.0,No
3745,1935,86,2025-11-06,Completed,73.0,No
3746,2893,32,2025-06-06,Completed,89.0,Yes
3747,1588,17,2024-01-20,Completed,66.0,No
3748,1638,99,2025-04-28,Completed,68.0,No
3749,2764,94,2025-06-07,Completed,78.0,Yes
3750,2446,51,2024-02-13,In Progress,,No
3751,2001,86,2025-09-06,Completed,82.0,Yes
3752,111,29,2025-08-22,Completed,97.0,Yes
3753,730,99,2025-06-17,In Progress,,No
3754,1393,65,2024-04-15,Completed,83.0,Yes
3755,2501,77,2024-07-09,In Progress,,No
3756,2645,30,2025-09-04,Completed,64.0,No
3757,182,28,2025-09-22,Completed,72.0,No
3758,1391,50,2025-11-10,Completed,65.0,No
3759,618,37,2025-02-22,Completed,87.0,Yes
3760,143,34,2025-11-06,Completed,90.0,Yes
3761,1728,23,2025-02-08,Not Completed,,No
3762,436,60,2025-03-26,Completed,93.0,Yes
3763,1419,88,2024-07-19,In Progress,,No
3764,51,21,2025-10-11,Completed,85.0,Yes
3765,2077,50,2025-08-16,Completed,96.0,Yes
3766,1992,84,2025-04-02,Completed,60.0,No
3767,1646,55,2024-01-03,Not Completed,,No
3768,1741,34,2025-04-07,Completed,79.0,Yes
3769,2473,58,2024-07-03,Completed,67.0,No
3770,2917,43,2024-06-07,Completed,90.0,Yes
3771,1495,15,2024-03-15,In Progress,,No
3772,2178,98,2024-07-07,Completed,87.0,Yes
3773,616,1,2024-04-10,Completed,65.0,No
3774,1057,26,2025-11-19,Completed,97.0,Yes
3775,2981,59,2025-06-04,Completed,99.0,Yes
3776,1154,6,2024-02-11,Completed,89.0,Yes
3777,1886,47,2024-04-12,Completed,91.0,Yes
3778,2812,48,2025-08-29,Completed,98.0,Yes
3779,2765,38,2025-05-08,Completed,81.0,Yes
3780,2224,35,2025-02-26,Completed,61.0,No
3781,1709,3,2025-02-25,Completed,82.0,Yes
3782,2605,5,2024-01-13,Completed,79.0,Yes
3783,2998,5,2025-11-26,Completed,82.0,Yes
3784,1019,23,2025-06-05,Completed,85.0,Yes
3785,517,94,2024-06-15,Completed,66.0,No
3786,1766,36,2024-01-19,Completed,91.0,Yes
3787,2823,80,2025-08-13,Completed,89.0,Yes
3788,2331,59,2024-08-09,Completed,93.0,Yes
3789,1527,5,2024-07-28,Completed,80.0,Yes
3790,415,49,2024-08-29,Completed,100.0,Yes
3791,1384,82,2025-08-21,Completed,65.0,No
3792,1642,3,2024-07-16,Completed,87.0,Yes
3793,2956,84,2024-10-31,Completed,76.0,Yes
3794,1776,15,2025-05-19,Completed,65.0,No
3795,1069,39,2025-06-20,Completed,96.0,Yes
3796,999,89,2024-05-31,Completed,94.0,Yes
3797,2349,61,2024-10-10,Completed,83.0,Yes
3798,1126,96,2025-10-25,Completed,87.0,Yes
3799,1134,65,2024-01-23,Completed,71.0,No
3800,1633,24,2024-02-14,Completed,98.0,Yes
3801,21,53,2024-05-19,Completed,77.0,Yes
3802,2692,17,2024-07-02,Completed,86.0,Yes
3803,2454,82,2025-07-25,Completed,89.0,Yes
3804,921,3,2025-03-28,Completed,74.0,No
3805,262,79,2024-03-30,Completed,74.0,No
3806,1887,76,2024-03-03,Completed,98.0,Yes
3807,1347,70,2024-11-05,Completed,98.0,Yes
3808,52,44,2025-02-03,Completed,95.0,Yes
3809,1821,20,2024-06-29,Completed,82.0,Yes
3810,863,69,2025-11-28,Completed,91.0,Yes
3811,1048,52,2024-05-22,Completed,84.0,Yes
3812,322,81,2025-07-16,Completed,96.0,Yes
3813,341,27,2024-07-10,Completed,82.0,Yes
3814,1513,39,2024-12-07,Completed,93.0,Yes
3815,1850,87,2024-01-01,Completed,80.0,Yes
3816,2560,75,2024-05-24,Completed,69.0,No
3817,2314,56,2025-04-29,Completed,82.0,Yes
3818,1163,72,2024-09-15,Completed,61.0,No
3819,1538,69,2024-10-12,Completed,75.0,Yes
3820,506,13,2025-12-15,Completed,98.0,Yes
3821,454,74,2024-07-10,Completed,73.0,No
3822,1643,71,2024-01-04,Completed,70.0,No
3823,1713,77,2025-05-29,Completed,73.0,No
3824,2582,14,2024-02-23,Completed,83.0,Yes
3825,2606,41,2024-06-18,Completed,100.0,Yes
3826,1607,29,2025-12-29,Completed,94.0,Yes
3827,2027,97,2024-11-09,In Progress,,No
3828,643,23,2025-12-02,Completed,88.0,Yes
3829,2182,43,2025-07-11,Completed,60.0,No
3830,2800,13,2025-12-10,Completed,71.0,No
3831,1714,53,2024-05-31,Completed,86.0,Yes
3832,2535,29,2024-09-26,Completed,61.0,No
3833,2062,11,2024-02-12,Completed,99.0,Yes
3834,94,42,2024-09-27,Completed,86.0,Yes
3835,2332,81,2025-07-28,Completed,70.0,No
3836,1517,3,2024-08-19,Completed,65.0,No
3837,2262,66,2025-04-23,Completed,84.0,Yes
3838,662,59,2024-04-16,In Progress,,No
3839,718,61,2024-07-12,Completed,75.0,Yes
3840,819,42,2025-08-30,In Progress,,No
3841,127,27,2025-06-28,Completed,64.0,No
3842,1004,88,2025-12-04,Completed,89.0,Yes
3843,725,60,2025-04-21,Completed,75.0,Yes
3844,2475,43,2024-11-29,Completed,67.0,No
3845,653,32,2025-10-21,In Progress,,No
3846,29,96,2024-11-07,Completed,64.0,No
3847,2129,61,2024-07-04,Completed,86.0,Yes
3848,289,54,2025-08-23,In Progress,,No
3849,2933,69,2024-04-29,Not Completed,,No
3850,2651,69,2024-12-18,Completed,98.0,Yes
3851,1970,93,2025-08-29,Completed,88.0,Yes
3852,2971,99,2025-01-24,Completed,85.0,Yes
3853,2936,66,2024-08-21,Completed,85.0,Yes
3854,1756,16,2025-04-20,Completed,88.0,Yes
3855,2375,97,2025-01-03,Completed,76.0,Yes
3856,1502,53,2024-09-02,Completed,70.0,No
3857,996,62,2024-12-04,Completed,69.0,No
3858,1352,83,2024-09-03,Completed,66.0,No
3859,2905,63,2024-09-04,Completed,89.0,Yes
3860,1403,38,2024-11-27,Completed,76.0,Yes
3861,1845,90,2024-01-15,Completed,81.0,Yes
3862,2435,5,2024-07-16,Completed,77.0,Yes
3863,2138,37,2024-06-20,Completed,69.0,No
3864,2309,47,2024-03-04,Completed,83.0,Yes
3865,2933,21,2025-03-01,Completed,79.0,Yes
3866,1947,92,2025-02-26,Completed,79.0,Yes
3867,633,96,2024-06-26,Completed,78.0,Yes
3868,527,19,2025-03-20,In Progress,,No
3869,1054,82,2025-12-11,Completed,84.0,Yes
3870,2389,39,2024-01-16,Completed,73.0,No
3871,1063,47,2024-09-13,Completed,60.0,No
3872,1663,62,2024-08-03,Completed,93.0,Yes
3873,1410,83,2025-05-29,Completed,70.0,No
3874,1288,67,2024-05-14,Completed,92.0,Yes
3875,2656,22,2024-12-11,Completed,91.0,Yes
3876,1975,23,2024-02-15,In Progress,,No
3877,59,86,2025-05-18,Completed,84.0,Yes
3878,1403,29,2024-11-01,In Progress,,No
3879,615,36,2024-07-25,Completed,74.0,No
3880,2663,26,2025-08-29,Completed,67.0,No
3881,2333,82,2024-08-21,Completed,89.0,Yes
3882,2147,30,2025-09-27,In Progress,,No
3883,2721,5,2024-08-15,Completed,83.0,Yes
3884,1350,65,2025-03-10,Completed,66.0,No
3885,2191,95,2025-01-25,Completed,95.0,Yes
3886,230,58,2025-04-06,Completed,65.0,No
3887,1003,33,2025-04-16,Completed,75.0,Yes
3888,2826,84,2025-09-21,Completed,71.0,No
3889,936,89,2024-04-19,In Progress,,No
3890,165,78,2024-08-05,Completed,71.0,No
3891,375,96,2024-02-22,Completed,77.0,Yes
3892,543,67,2024-12-19,Completed,64.0,No
3893,933,32,2024-08-16,Completed,73.0,No
3894,1955,60,2025-08-11,Completed,97.0,Yes
3895,1307,82,2025-05-04,Completed,63.0,No
3896,477,57,2024-02-25,Completed,90.0,Yes
3897,410,70,2025-10-22,Completed,72.0,No
3898,1996,39,2024-06-24,Completed,98.0,Yes
3899,1761,15,2025-08-27,Completed,97.0,Yes
3900,2633,25,2025-05-25,Completed,88.0,Yes
3901,2517,97,2024-06-01,Completed,100.0,Yes
3902,1032,97,2024-09-06,Completed,60.0,No
3903,2018,81,2025-05-14,Completed,77.0,Yes
3904,1980,66,2025-06-01,Completed,92.0,Yes
3905,1083,69,2024-08-23,Completed,79.0,Yes
3906,2777,72,2024-05-14,Completed,77.0,Yes
3907,1803,15,2024-10-02,Completed,100.0,Yes
3908,747,63,2024-04-21,Not Completed,,No
3909,1928,64,2024-04-26,Completed,92.0,Yes
3910,1770,87,2024-12-25,Completed,64.0,No
3911,1403,82,2025-12-02,Completed,88.0,Yes
3912,793,100,2024-07-10,Completed,71.0,No
3913,874,40,2024-05-22,Completed,74.0,No
3914,2173,61,2025-09-29,Completed,80.0,Yes
3915,2497,27,2024-02-18,Completed,79.0,Yes
3916,1327,21,2024-02-25,Completed,69.0,No
3917,704,21,2024-05-14,Completed,85.0,Yes
3918,1334,67,2025-07-03,Completed,70.0,No
3919,2677,77,2024-06-17,Not Completed,,No
3920,937,34,2025-02-07,Completed,77.0,Yes
3921,1519,19,2024-03-01,Completed,79.0,Yes
3922,1292,58,2025-06-30,Completed,82.0,Yes
3923,1612,98,2024-01-13,Completed,96.0,Yes
3924,227,53,2024-07-04,Completed,85.0,Yes
3925,1872,99,2025-08-10,Completed,68.0,No
3926,855,85,2025-08-16,Completed,72.0,No
3927,1530,4,2024-04-24,Completed,78.0,Yes
3928,1335,72,2025-09-29,Completed,84.0,Yes
3929,881,80,2025-02-10,Completed,72.0,No
3930,438,10,2025-07-06,Completed,77.0,Yes
3931,2961,62,2025-03-10,Completed,80.0,Yes
3932,2429,61,2025-11-01,In Progress,,No
3933,189,100,2024-01-16,Not Completed,,No
3934,1024,36,2024-09-24,Completed,91.0,Yes
3935,2401,49,2024-09-01,Not Completed,,No
3936,2620,44,2024-10-07,Completed,63.0,No
3937,1795,37,2024-11-09,Completed,83.0,Yes
3938,304,42,2025-07-27,Completed,68.0,No
3939,1695,20,2024-04-15,Not Completed,,No
3940,2416,39,2025-09-28,In Progress,,No
3941,361,57,2025-12-23,Completed,95.0,Yes
3942,2239,98,2024-04-02,Completed,96.0,Yes
3943,2176,38,2024-03-04,Completed,95.0,Yes
3944,279,90,2024-05-14,Completed,68.0,No
3945,1480,99,2024-02-15,Completed,80.0,Yes
3946,755,42,2025-01-06,Completed,73.0,No
3947,1484,43,2025-01-02,Completed,89.0,Yes
3948,1046,78,2025-01-07,Completed,76.0,Yes
3949,575,16,2025-09-14,Completed,61.0,No
3950,1624,63,2024-07-13,Completed,87.0,Yes
3951,247,66,2025-07-03,Completed,93.0,Yes
3952,1791,5,2024-06-11,Completed,96.0,Yes
3953,1340,69,2024-06-16,Not Completed,,No
3954,1368,82,2024-08-09,Completed,96.0,Yes
3955,2316,12,2025-01-25,Completed,64.0,No
3956,461,69,2025-01-17,Not Completed,,No
3957,360,74,2024-08-12,Completed,92.0,Yes
3958,2499,84,2025-06-17,In Progress,,No
3959,300,99,2024-12-02,Not Completed,,No
3960,1908,58,2025-08-24,Completed,77.0,Yes
3961,624,84,2025-05-29,In Progress,,No
3962,2654,74,2025-01-31,Completed,71.0,No
3963,2837,95,2024-08-29,Completed,93.0,Yes
3964,1772,3,2025-04-26,In Progress,,No
3965,27,80,2025-07-20,Completed,78.0,Yes
3966,78,2,2025-08-26,In Progress,,No
3967,617,34,2025-09-13,Completed,87.0,Yes
3968,2394,87,2024-07-30,In Progress,,No
3969,1875,84,2024-07-21,Completed,94.0,Yes
3970,1453,92,2025-10-22,Completed,96.0,Yes
3971,626,25,2024-03-23,In Progress,,No
3972,1264,24,2024-12-07,Completed,73.0,No
3973,2466,6,2024-04-11,Completed,94.0,Yes
3974,1428,9,2025-04-28,Completed,94.0,Yes
3975,943,85,2024-01-20,Completed,80.0,Yes
3976,669,55,2025-02-07,Completed,79.0,Yes
3977,955,28,2024-09-05,Not Completed,,No
3978,563,57,2025-08-28,Completed,61.0,No
3979,105,57,2024-10-07,Completed,84.0,Yes
3980,855,49,2024-12-19,In Progress,,No
3981,1636,26,2025-03-02,Completed,88.0,Yes
3982,2418,16,2024-04-26,Completed,84.0,Yes
3983,2076,75,2025-02-15,Completed,71.0,No
3984,668,97,2025-07-04,Completed,67.0,No
3985,2478,46,2024-07-03,Completed,91.0,Yes
3986,1701,25,2025-12-01,Completed,80.0,Yes
3987,2077,47,2025-06-06,Completed,65.0,No
3988,459,59,2025-12-28,Completed,92.0,Yes
3989,1721,52,2025-05-15,Completed,84.0,Yes
3990,410,46,2024-10-14,Not Completed,,No
3991,268,56,2025-09-06,Completed,79.0,Yes
3992,2671,39,2025-03-03,In Progress,,No
3993,2665,83,2024-08-03,Completed,65.0,No
3994,1931,3,2025-11-23,In Progress,,No
3995,1126,94,2024-12-25,Not Completed,,No
3996,186,19,2025-11-26,Completed,80.0,Yes
3997,727,73,2024-07-04,In Progress,,No
3998,638,18,2024-05-18,Completed,93.0,Yes
3999,251,77,2025-02-20,Completed,62.0,No
4000,2708,38,2025-09-05,In Progress,,No
4001,646,54,2025-08-26,Completed,86.0,Yes
4002,621,95,2024-08-20,Completed,93.0,Yes
4003,2739,24,2025-12-23,In Progress,,No
4004,666,4,2024-09-12,Completed,67.0,No
4005,1654,81,2024-06-21,Completed,79.0,Yes
4006,2548,42,2025-09-27,Completed,76.0,Yes
4007,1359,4,2024-11-13,Completed,61.0,No
4008,141,95,2025-03-13,In Progress,,No
4009,1670,6,2024-03-21,In Progress,,No
4010,2960,68,2025-04-15,Completed,98.0,Yes
4011,62,45,2024-07-05,Completed,66.0,No
4012,378,54,2024-09-10,In Progress,,No
4013,461,61,2025-11-13,Not Completed,,No
4014,2199,57,2024-09-14,Completed,86.0,Yes
4015,2609,1,2025-05-27,Completed,98.0,Yes
4016,1053,17,2024-10-05,Completed,90.0,Yes
4017,1498,79,2024-07-14,Completed,94.0,Yes
4018,1958,64,2024-04-24,Completed,66.0,No
4019,804,17,2025-08-06,Completed,96.0,Yes
4020,585,29,2024-10-02,Completed,68.0,No
4021,2938,52,2024-03-28,Completed,66.0,No
4022,432,32,2024-07-21,Completed,99.0,Yes
4023,2991,85,2025-05-04,Completed,71.0,No
4024,2738,76,2025-06-13,Completed,89.0,Yes
4025,1093,98,2024-06-08,Completed,96.0,Yes
4026,1344,55,2025-05-08,In Progress,,No
4027,2374,95,2025-06-19,Completed,69.0,No
4028,141,96,2025-10-08,In Progress,,No
4029,1578,81,2024-08-16,In Progress,,No
4030,747,2,2024-06-10,Completed,72.0,No
4031,975,21,2024-08-23,Completed,62.0,No
4032,2344,62,2024-01-03,Completed,60.0,No
4033,770,81,2025-01-17,Completed,82.0,Yes
4034,2365,52,2025-05-03,In Progress,,No
4035,1857,80,2024-05-27,Completed,73.0,No
4036,483,96,2025-03-02,Completed,88.0,Yes
4037,1382,44,2025-07-17,Completed,92.0,Yes
4038,764,33,2025-11-22,Not Completed,,No
4039,2249,59,2025-12-15,Completed,91.0,Yes
4040,2127,34,2025-05-03,Completed,81.0,Yes
4041,1748,83,2025-12-20,Completed,83.0,Yes
4042,518,13,2025-04-16,Completed,94.0,Yes
4043,456,16,2024-12-05,Completed,89.0,Yes
4044,518,45,2025-05-08,Completed,78.0,Yes
4045,2267,11,2024-07-31,Completed,87.0,Yes
4046,2068,24,2024-02-20,Not Completed,,No
4047,799,19,2025-12-20,Completed,92.0,Yes
4048,909,100,2024-07-03,In Progress,,No
4049,2153,77,2025-02-01,Completed,82.0,Yes
4050,2174,68,2024-04-27,Completed,96.0,Yes
4051,1486,70,2024-08-23,Completed,94.0,Yes
4052,684,48,2024-12-20,Completed,93.0,Yes
4053,2601,82,2024-01-01,Completed,70.0,No
4054,927,97,2025-05-08,In Progress,,No
4055,2498,55,2025-12-10,Completed,94.0,Yes
4056,1141,7,2024-04-22,In Progress,,No
4057,1642,38,2024-01-22,Not Completed,,No
4058,1726,61,2025-10-26,Completed,93.0,Yes
4059,2956,39,2025-01-13,Completed,68.0,No
4060,2902,72,2024-12-07,Completed,76.0,Yes
4061,2512,77,2025-10-05,Completed,73.0,No
4062,243,97,2025-05-18,Not Completed,,No
4063,1970,21,2025-08-18,Completed,69.0,No
4064,1603,21,2025-04-30,Completed,75.0,Yes
4065,2423,25,2025-01-23,Completed,85.0,Yes
4066,289,29,2024-05-17,Completed,82.0,Yes
4067,1132,18,2024-04-09,Not Completed,,No
4068,506,93,2025-12-11,In Progress,,No
4069,844,57,2024-07-27,Completed,69.0,No
4070,1342,2,2024-12-30,Completed,77.0,Yes
4071,1275,68,2025-08-04,Completed,93.0,Yes
4072,2452,61,2025-02-23,Completed,100.0,Yes
4073,1224,16,2024-07-06,Completed,88.0,Yes
4074,1862,20,2024-09-05,Completed,99.0,Yes
4075,1115,6,2024-06-04,Completed,81.0,Yes
4076,463,81,2025-03-15,Completed,76.0,Yes
4077,690,91,2024-08-04,Completed,97.0,Yes
4078,1193,29,2024-06-12,Completed,91.0,Yes
4079,2998,78,2025-01-30,Completed,65.0,No
4080,1486,31,2025-01-08,Not Completed,,No
4081,2724,64,2025-06-19,In Progress,,No
4082,1772,54,2024-05-12,In Progress,,No
4083,1148,93,2024-02-18,Completed,66.0,No
4084,2623,66,2024-04-16,Completed,76.0,Yes
4085,1461,11,2025-05-08,Completed,76.0,Yes
4086,995,75,2024-11-30,Completed,91.0,Yes
4087,1777,86,2025-10-10,Completed,97.0,Yes
4088,2297,78,2024-06-05,Completed,91.0,Yes
4089,1540,78,2024-04-15,In Progress,,No
4090,173,78,2025-05-26,Completed,84.0,Yes
4091,2358,13,2025-04-15,Completed,66.0,No
4092,1478,75,2025-07-07,Completed,75.0,Yes
4093,1728,51,2024-02-24,Completed,98.0,Yes
4094,1423,83,2024-03-07,Completed,62.0,No
4095,2349,67,2025-01-21,Completed,89.0,Yes
4096,2573,96,2025-08-29,Completed,85.0,Yes
4097,885,73,2024-11-13,Completed,61.0,No
4098,1348,13,2024-07-13,Completed,100.0,Yes
4099,117,94,2025-11-14,Completed,86.0,Yes
4100,1469,88,2025-04-06,Completed,76.0,Yes
4101,1134,58,2024-05-20,Completed,75.0,Yes
4102,1877,90,2024-11-22,Completed,80.0,Yes
4103,1078,99,2025-04-18,Not Completed,,No
4104,2288,99,2024-08-26,Completed,73.0,No
4105,2656,42,2024-04-04,In Progress,,No
4106,705,64,2025-03-18,Completed,82.0,Yes
4107,1368,46,2025-06-28,In Progress,,No
4108,1297,40,2025-09-30,Completed,74.0,No
4109,2620,52,2024-06-25,Completed,65.0,No
4110,2620,24,2025-10-26,Completed,91.0,Yes
4111,1085,91,2025-09-28,Completed,72.0,No
4112,1794,47,2025-11-03,Completed,81.0,Yes
4113,1323,3,2024-10-04,Completed,70.0,No
4114,1272,65,2024-12-19,Completed,97.0,Yes
4115,1214,97,2025-07-23,Completed,95.0,Yes
4116,1631,80,2025-11-27,Completed,71.0,No
4117,383,12,2025-06-29,Completed,72.0,No
4118,1079,19,2025-01-16,Completed,85.0,Yes
4119,1450,51,2025-08-26,Completed,94.0,Yes
4120,425,95,2024-11-09,Completed,84.0,Yes
4121,1204,79,2025-09-13,In Progress,,No
4122,1327,29,2025-11-23,Completed,65.0,No
4123,1008,71,2025-05-06,Completed,62.0,No
4124,108,64,2024-04-15,Completed,77.0,Yes
4125,1005,29,2025-07-22,Completed,74.0,No
4126,596,2,2024-02-20,Completed,73.0,No
4127,2508,62,2025-06-17,Completed,61.0,No
4128,1698,72,2024-10-19,In Progress,,No
4129,788,53,2025-04-27,Completed,96.0,Yes
4130,2380,52,2024-10-06,Completed,93.0,Yes
4131,1072,91,2024-06-28,Completed,84.0,Yes
4132,1080,56,2024-07-25,Completed,83.0,Yes
4133,1312,70,2024-03-18,Completed,75.0,Yes
4134,1318,90,2024-10-30,Completed,68.0,No
4135,2372,17,2024-01-29,Completed,94.0,Yes
4136,2902,61,2024-10-23,Completed,92.0,Yes
4137,2475,30,2025-07-07,Completed,66.0,No
4138,918,60,2025-06-15,Completed,95.0,Yes
4139,1886,80,2025-08-04,Completed,63.0,No
4140,1787,9,2024-07-21,Completed,97.0,Yes
4141,702,3,2025-09-03,Not Completed,,No
4142,2664,8,2025-04-09,Completed,95.0,Yes
4143,1953,91,2025-02-01,In Progress,,No
4144,268,93,2025-07-22,Completed,82.0,Yes
4145,2981,4,2025-03-17,Completed,76.0,Yes
4146,1765,91,2024-07-24,Completed,91.0,Yes
4147,1624,28,2024-06-21,Completed,68.0,No
4148,2206,90,2024-10-17,Completed,79.0,Yes
4149,953,73,2024-06-14,Completed,81.0,Yes
4150,1668,19,2024-07-01,Completed,92.0,Yes
4151,1289,1,2024-02-28,Completed,97.0,Yes
4152,217,92,2024-12-15,Not Completed,,No
4153,491,100,2024-07-14,Completed,97.0,Yes
4154,2515,9,2025-01-30,Not Completed,,No
4155,798,32,2025-07-21,Completed,70.0,No
4156,735,24,2025-12-01,Not Completed,,No
4157,2985,16,2025-07-28,Completed,91.0,Yes
4158,1653,74,2025-02-02,Completed,66.0,No
4159,1670,49,2025-07-13,Completed,84.0,Yes
4160,1407,24,2024-04-06,Completed,68.0,No
4161,727,91,2024-08-22,Completed,82.0,Yes
4162,2047,12,2025-12-16,Completed,76.0,Yes
4163,822,30,2024-03-22,Completed,85.0,Yes
4164,335,44,2025-11-01,Completed,100.0,Yes
4165,2146,33,2025-12-07,Completed,66.0,No
4166,250,72,2024-03-30,Completed,98.0,Yes
4167,392,22,2025-08-29,Completed,83.0,Yes
4168,52,1,2025-07-16,Completed,93.0,Yes
4169,114,73,2024-05-01,Completed,79.0,Yes
4170,707,25,2025-11-26,Completed,64.0,No
4171,745,69,2025-12-13,Completed,91.0,Yes
4172,398,88,2025-01-31,Completed,82.0,Yes
4173,2457,48,2025-10-24,In Progress,,No
4174,2894,99,2024-03-08,Completed,88.0,Yes
4175,1824,4,2025-08-15,Completed,69.0,No
4176,493,40,2024-12-22,Completed,94.0,Yes
4177,442,45,2025-05-17,In Progress,,No
4178,2124,22,2025-10-27,Completed,97.0,Yes
4179,2039,25,2024-11-24,In Progress,,No
4180,1382,59,2024-05-25,Completed,99.0,Yes
4181,2245,50,2025-01-26,In Progress,,No
4182,2740,71,2025-11-06,Completed,67.0,No
4183,1498,19,2024-04-09,Completed,75.0,Yes
4184,772,52,2025-02-16,Completed,91.0,Yes
4185,1968,85,2024-02-10,Completed,63.0,No
4186,405,67,2025-01-20,Completed,97.0,Yes
4187,2160,73,2024-01-02,Completed,80.0,Yes
4188,2137,51,2025-08-13,Completed,94.0,Yes
4189,1158,42,2024-01-11,Completed,72.0,No
4190,1200,81,2025-12-02,Completed,72.0,No
4191,1545,11,2025-08-10,Completed,87.0,Yes
4192,428,42,2024-03-21,Completed,91.0,Yes
4193,1593,40,2025-06-08,Completed,99.0,Yes
4194,2802,90,2025-12-29,Completed,78.0,Yes
4195,771,12,2025-09-14,Completed,62.0,No
4196,2340,70,2024-08-17,Completed,97.0,Yes
4197,197,69,2025-07-01,Completed,80.0,Yes
4198,1577,25,2024-09-27,Completed,79.0,Yes
4199,215,88,2024-10-23,Completed,94.0,Yes
4200,2083,68,2025-03-29,In Progress,,No
4201,2084,48,2024-07-13,In Progress,,No
4202,879,13,2024-12-26,Completed,62.0,No
4203,908,92,2024-07-26,Completed,71.0,No
4204,2029,27,2025-07-15,Completed,73.0,No
4205,64,6,2024-04-26,Completed,99.0,Yes
4206,844,89,2025-09-17,In Progress,,No
4207,20,31,2025-10-21,Completed,78.0,Yes
4208,726,50,2024-11-28,Completed,81.0,Yes
4209,1523,52,2025-04-30,In Progress,,No
4210,2453,32,2025-06-04,Completed,69.0,No
4211,1732,88,2024-02-23,Completed,76.0,Yes
4212,1269,27,2025-04-07,Completed,100.0,Yes
4213,2677,95,2024-04-16,In Progress,,No
4214,1677,89,2025-08-16,In Progress,,No
4215,1545,36,2024-02-22,Completed,86.0,Yes
4216,777,100,2024-09-05,In Progress,,No
4217,43,81,2025-12-10,Completed,98.0,Yes
4218,2851,99,2025-08-15,Completed,62.0,No
4219,289,82,2025-06-29,Completed,74.0,No
4220,2002,9,2024-08-03,Completed,70.0,No
4221,686,95,2024-03-31,Completed,80.0,Yes
4222,1167,69,2024-06-24,Completed,85.0,Yes
4223,1072,14,2025-04-04,Completed,96.0,Yes
4224,828,12,2025-05-23,Completed,85.0,Yes
4225,823,17,2024-11-09,Completed,91.0,Yes
4226,1921,62,2025-05-13,Completed,62.0,No
4227,156,50,2025-02-17,Completed,74.0,No
4228,991,56,2024-02-28,Completed,64.0,No
4229,585,57,2025-10-20,Completed,88.0,Yes
4230,2716,65,2025-09-04,Completed,62.0,No
4231,862,93,2024-03-20,Completed,72.0,No
4232,59,20,2024-11-16,Completed,96.0,Yes
4233,719,45,2025-02-19,Completed,76.0,Yes
4234,1603,49,2025-02-07,Completed,63.0,No
4235,2071,9,2024-08-03,Completed,78.0,Yes
4236,797,43,2024-01-14,Completed,100.0,Yes
4237,104,57,2024-07-05,Completed,88.0,Yes
4238,2465,68,2024-11-02,Completed,75.0,Yes
4239,588,71,2025-03-20,Completed,70.0,No
4240,233,15,2025-02-12,Not Completed,,No
4241,2122,69,2024-10-06,Completed,86.0,Yes
4242,2966,42,2024-05-04,Completed,70.0,No
4243,426,88,2024-02-09,Completed,69.0,No
4244,15,73,2025-10-01,Completed,84.0,Yes
4245,2323,16,2025-07-13,Completed,84.0,Yes
4246,2574,5,2024-07-22,In Progress,,No
4247,82,84,2025-05-16,Completed,64.0,No
4248,1952,74,2024-04-13,In Progress,,No
4249,2809,79,2025-05-19,Completed,78.0,Yes
4250,2798,63,2025-08-27,Completed,75.0,Yes
4251,2608,59,2025-09-25,Completed,82.0,Yes
4252,1861,69,2024-04-07,Completed,69.0,No
4253,917,19,2024-10-28,In Progress,,No
4254,1592,33,2025-07-07,Completed,71.0,No
4255,1508,95,2024-04-14,In Progress,,No
4256,590,6,2025-06-12,Completed,79.0,Yes
4257,930,52,2025-06-06,Completed,94.0,Yes
4258,1446,27,2024-12-20,Completed,100.0,Yes
4259,1725,54,2025-02-10,In Progress,,No
4260,1819,50,2024-10-22,Completed,88.0,Yes
4261,1336,86,2025-03-12,Completed,81.0,Yes
4262,844,32,2025-02-01,Completed,93.0,Yes
4263,2329,25,2025-02-06,Completed,72.0,No
4264,2988,85,2025-08-29,In Progress,,No
4265,1898,71,2024-07-05,Completed,83.0,Yes
4266,1673,48,2024-10-25,In Progress,,No
4267,1610,19,2024-10-09,Completed,73.0,No
4268,2672,58,2025-05-08,Completed,94.0,Yes
4269,1689,7,2024-03-23,Completed,99.0,Yes
4270,2260,21,2024-10-18,Completed,81.0,Yes
4271,1769,24,2025-11-03,Completed,93.0,Yes
4272,98,89,2025-12-04,In Progress,,No
4273,2733,23,2024-07-29,Completed,96.0,Yes
4274,639,83,2024-06-02,Completed,96.0,Yes
4275,618,53,2025-06-20,Completed,72.0,No
4276,535,98,2024-12-20,Completed,75.0,Yes
4277,1296,79,2025-07-27,In Progress,,No
4278,2509,68,2024-06-03,In Progress,,No
4279,2770,13,2024-12-24,Completed,62.0,No
4280,88,2,2025-05-15,Completed,65.0,No
4281,217,43,2025-06-06,In Progress,,No
4282,1284,46,2024-11-16,In Progress,,No
4283,873,40,2025-03-26,Completed,69.0,No
4284,1487,80,2024-10-09,In Progress,,No
4285,2390,58,2024-01-20,In Progress,,No
4286,1187,39,2025-12-25,Completed,71.0,No
4287,655,20,2024-12-12,Completed,95.0,Yes
4288,2181,80,2025-05-02,Completed,67.0,No
4289,2263,81,2024-03-13,Completed,95.0,Yes
4290,2827,32,2025-04-11,Completed,77.0,Yes
4291,2720,19,2025-08-26,Not Completed,,No
4292,398,97,2025-12-20,In Progress,,No
4293,1937,49,2025-06-01,Completed,84.0,Yes
4294,2401,89,2025-01-21,Completed,61.0,No
4295,1485,57,2025-02-09,Not Completed,,No
4296,1833,3,2025-02-24,Completed,71.0,No
4297,2752,73,2024-04-23,Not Completed,,No
4298,349,48,2024-06-06,Completed,81.0,Yes
4299,2557,39,2024-12-27,Completed,68.0,No
4300,455,86,2025-02-09,Completed,69.0,No
4301,1314,38,2024-03-05,Completed,100.0,Yes
4302,1453,78,2025-03-09,Completed,65.0,No
4303,2027,3,2025-07-19,Not Completed,,No
4304,1712,22,2025-08-31,Completed,97.0,Yes
4305,787,66,2024-05-02,Completed,76.0,Yes
4306,97,63,2025-03-30,Completed,93.0,Yes
4307,214,84,2025-04-28,Completed,70.0,No
4308,1078,58,2025-07-18,Completed,79.0,Yes
4309,1383,6,2025-04-05,Not Completed,,No
4310,2701,11,2024-12-14,Completed,89.0,Yes
4311,536,80,2025-01-09,Completed,62.0,No
4312,79,39,2025-11-03,Completed,96.0,Yes
4313,1557,50,2025-12-22,Completed,90.0,Yes
4314,2855,49,2025-03-18,Completed,77.0,Yes
4315,1739,53,2024-12-27,Completed,92.0,Yes
4316,1419,93,2025-10-07,Completed,68.0,No
4317,2003,37,2024-04-21,Completed,72.0,No
4318,2752,11,2024-06-03,Completed,88.0,Yes
4319,1306,66,2024-06-28,In Progress,,No
4320,95,17,2025-10-24,In Progress,,No
4321,439,32,2025-09-18,In Progress,,No
4322,267,20,2024-02-24,Completed,83.0,Yes
4323,358,10,2024-04-07,Completed,75.0,Yes
4324,1398,80,2025-08-13,Completed,60.0,No
4325,2565,59,2024-10-08,Completed,97.0,Yes
4326,2724,14,2024-08-09,Completed,81.0,Yes
4327,2885,18,2025-11-15,Completed,63.0,No
4328,761,12,2025-12-06,Completed,65.0,No
4329,16,56,2025-01-13,Completed,65.0,No
4330,862,7,2024-10-07,Completed,74.0,No
4331,1313,81,2024-01-27,Completed,84.0,Yes
4332,809,91,2025-09-10,Completed,90.0,Yes
4333,2480,91,2025-10-25,Not Completed,,No
4334,2997,87,2024-08-18,Completed,78.0,Yes
4335,1813,24,2025-03-13,Completed,63.0,No
4336,721,26,2024-11-28,Completed,65.0,No
4337,2357,25,2024-12-01,Completed,94.0,Yes
4338,771,24,2024-09-12,Completed,64.0,No
4339,933,21,2025-05-03,In Progress,,No
4340,1216,77,2024-12-04,Completed,97.0,Yes
4341,1170,28,2024-09-07,Completed,100.0,Yes
4342,987,68,2025-07-02,Completed,82.0,Yes
4343,1153,97,2025-10-22,Completed,76.0,Yes
4344,258,64,2025-03-21,Completed,63.0,No
4345,2539,97,2024-02-13,Completed,63.0,No
4346,328,87,2025-11-22,In Progress,,No
4347,50,96,2024-01-21,Completed,88.0,Yes
4348,2410,99,2024-03-31,Completed,80.0,Yes
4349,1481,90,2025-02-21,In Progress,,No
4350,2332,34,2024-04-27,Completed,64.0,No
4351,1847,46,2025-05-22,Completed,80.0,Yes
4352,1518,64,2024-05-04,Completed,90.0,Yes
4353,1284,70,2024-10-26,Completed,91.0,Yes
4354,780,30,2024-06-07,Not Completed,,No
4355,2830,46,2024-03-26,Completed,62.0,No
4356,1329,52,2024-03-03,Completed,89.0,Yes
4357,1853,20,2025-08-21,Completed,89.0,Yes
4358,1719,4,2025-08-08,Completed,84.0,Yes
4359,1298,49,2024-09-22,In Progress,,No
4360,2590,20,2025-04-02,Not Completed,,No
4361,1780,85,2024-10-04,Completed,60.0,No
4362,619,76,2024-10-11,In Progress,,No
4363,889,13,2024-12-13,In Progress,,No
4364,614,35,2024-08-20,Completed,90.0,Yes
4365,2038,51,2025-06-27,Completed,61.0,No
4366,1138,30,2025-04-02,Completed,95.0,Yes
4367,2965,64,2025-09-13,Completed,98.0,Yes
4368,1997,86,2024-07-15,Completed,70.0,No
4369,275,42,2025-12-10,Completed,66.0,No
4370,1186,19,2025-04-01,Completed,98.0,Yes
4371,887,54,2024-10-06,Completed,91.0,Yes
4372,2587,21,2024-08-07,Completed,79.0,Yes
4373,2802,80,2025-11-25,Completed,79.0,Yes
4374,2454,17,2024-01-04,Completed,67.0,No
4375,2969,48,2024-10-26,Completed,81.0,Yes
4376,525,48,2025-08-28,In Progress,,No
4377,259,3,2025-07-09,Completed,90.0,Yes
4378,1009,27,2024-07-12,Completed,86.0,Yes
4379,2820,30,2025-09-26,In Progress,,No
4380,1281,82,2024-10-03,In Progress,,No
4381,1951,36,2024-11-26,In Progress,,No
4382,1357,90,2024-04-02,Completed,96.0,Yes
4383,1319,81,2025-12-10,Completed,68.0,No
4384,2901,76,2024-01-10,Completed,74.0,No
4385,2002,73,2024-06-17,Completed,75.0,Yes
4386,1284,66,2024-08-05,Completed,61.0,No
4387,1574,97,2025-07-31,In Progress,,No
4388,334,68,2025-08-06,Completed,80.0,Yes
4389,2982,35,2025-06-18,Completed,98.0,Yes
4390,792,99,2025-07-28,Completed,84.0,Yes
4391,1491,100,2024-07-20,Completed,69.0,No
4392,915,82,2025-12-24,Completed,75.0,Yes
4393,2543,62,2024-01-05,Completed,82.0,Yes
4394,1311,63,2024-05-20,Completed,77.0,Yes
4395,2478,69,2025-09-18,Not Completed,,No
4396,2448,78,2024-09-13,Completed,72.0,No
4397,799,68,2025-05-12,Completed,63.0,No
4398,1017,49,2025-01-12,Completed,78.0,Yes
4399,1222,34,2025-01-05,Completed,60.0,No
4400,104,4,2025-11-24,Completed,78.0,Yes
4401,323,48,2025-03-28,Completed,86.0,Yes
4402,1830,81,2025-05-07,Completed,69.0,No
4403,2433,57,2025-05-28,Completed,70.0,No
4404,1121,59,2025-05-01,Completed,66.0,No
4405,1857,37,2024-01-04,Completed,98.0,Yes
4406,1323,3,2024-12-19,Completed,68.0,No
4407,2264,62,2024-08-16,Completed,80.0,Yes
4408,2952,49,2024-06-07,Completed,80.0,Yes
4409,1779,83,2024-05-16,Completed,100.0,Yes
4410,1338,79,2024-05-06,Completed,71.0,No
4411,142,83,2025-09-07,In Progress,,No
4412,2329,6,2025-02-25,Completed,96.0,Yes
4413,229,93,2025-03-22,In Progress,,No
4414,2035,9,2025-10-30,Completed,68.0,No
4415,574,20,2024-05-03,In Progress,,No
4416,2924,31,2025-06-16,Completed,70.0,No
4417,1463,44,2024-05-05,Completed,83.0,Yes
4418,285,64,2025-11-13,Completed,81.0,Yes
4419,2150,54,2025-05-07,Completed,63.0,No
4420,2846,20,2024-01-09,Completed,85.0,Yes
4421,849,58,2024-03-27,Completed,65.0,No
4422,932,31,2025-03-29,Completed,76.0,Yes
4423,100,7,2025-12-23,Completed,95.0,Yes
4424,1961,6,2025-04-25,Completed,74.0,No
4425,626,18,2025-05-25,Completed,74.0,No
4426,1588,97,2024-10-19,Completed,80.0,Yes
4427,79,66,2024-08-28,Completed,85.0,Yes
4428,97,86,2024-12-05,Completed,91.0,Yes
4429,2253,9,2025-10-24,Completed,86.0,Yes
4430,148,27,2024-11-28,Completed,97.0,Yes
4431,30,45,2025-08-09,Completed,91.0,Yes
4432,1508,66,2025-01-05,Completed,97.0,Yes
4433,673,51,2024-01-31,In Progress,,No
4434,31,81,2025-04-09,Completed,94.0,Yes
4435,1089,72,2025-12-28,Completed,78.0,Yes
4436,655,26,2024-08-11,Completed,84.0,Yes
4437,1371,26,2024-08-07,Completed,76.0,Yes
4438,1609,16,2024-09-28,Completed,76.0,Yes
4439,119,58,2025-03-12,Completed,88.0,Yes
4440,1662,27,2025-02-26,Completed,92.0,Yes
4441,1588,14,2024-06-22,Completed,62.0,No
4442,820,98,2024-03-15,Completed,73.0,No
4443,2826,87,2025-08-26,Completed,79.0,Yes
4444,1243,47,2024-09-06,Completed,97.0,Yes
4445,942,73,2025-09-18,Completed,100.0,Yes
4446,1034,28,2025-01-07,In Progress,,No
4447,51,28,2024-08-11,Completed,79.0,Yes
4448,1368,27,2025-07-31,In Progress,,No
4449,2949,42,2024-02-04,Completed,84.0,Yes
4450,2466,97,2025-02-13,Completed,85.0,Yes
4451,1967,72,2024-03-14,Completed,91.0,Yes
4452,319,79,2024-11-07,Completed,75.0,Yes
4453,128,80,2025-11-11,Completed,60.0,No
4454,1124,1,2025-05-24,Completed,60.0,No
4455,2985,73,2025-01-08,Completed,84.0,Yes
4456,399,7,2024-12-27,Not Completed,,No
4457,1734,95,2025-06-03,Completed,72.0,No
4458,312,36,2025-05-27,In Progress,,No
4459,1219,99,2025-07-22,Completed,61.0,No
4460,1238,19,2024-10-05,Completed,67.0,No
4461,493,82,2024-08-01,Completed,73.0,No
4462,1952,23,2024-07-21,Completed,61.0,No
4463,2969,31,2025-05-31,Completed,65.0,No
4464,2847,72,2025-05-07,Completed,97.0,Yes
4465,2879,73,2024-02-08,Completed,61.0,No
4466,883,9,2024-06-20,Completed,69.0,No
4467,123,5,2025-10-31,Completed,84.0,Yes
4468,1690,23,2024-02-18,Completed,89.0,Yes
4469,2363,6,2025-06-07,Not Completed,,No
4470,2908,37,2025-05-27,Completed,77.0,Yes
4471,1095,4,2024-09-19,Completed,72.0,No
4472,962,89,2025-02-22,Completed,72.0,No
4473,2664,6,2024-08-12,Completed,60.0,No
4474,1784,72,2024-10-12,In Progress,,No
4475,2002,30,2025-11-02,Not Completed,,No
4476,1174,47,2024-02-12,Completed,63.0,No
4477,1869,61,2024-01-15,Completed,83.0,Yes
4478,2698,48,2025-05-24,Completed,83.0,Yes
4479,597,42,2024-12-19,Completed,94.0,Yes
4480,1668,23,2025-08-24,Completed,82.0,Yes
4481,1915,45,2024-07-30,Completed,83.0,Yes
4482,2756,97,2025-03-04,Completed,69.0,No
4483,2768,70,2025-03-29,In Progress,,No
4484,355,78,2025-07-23,Completed,87.0,Yes
4485,1364,46,2025-01-06,Completed,68.0,No
4486,2209,88,2024-05-13,Completed,88.0,Yes
4487,1407,65,2025-10-13,Completed,62.0,No
4488,2561,19,2024-03-14,In Progress,,No
4489,2592,96,2025-05-11,Completed,94.0,Yes
4490,572,27,2025-05-09,Completed,96.0,Yes
4491,1624,11,2025-08-19,In Progress,,No
4492,459,65,2025-11-08,In Progress,,No
4493,426,74,2024-09-12,Completed,93.0,Yes
4494,2723,22,2024-09-02,Completed,95.0,Yes
4495,2004,15,2024-07-07,Completed,81.0,Yes
4496,2247,51,2024-09-02,Completed,83.0,Yes
4497,898,74,2024-12-13,Completed,85.0,Yes
4498,2818,97,2025-03-04,Completed,86.0,Yes
4499,925,82,2024-10-14,Not Completed,,No
4500,2843,97,2025-08-11,Completed,69.0,No
4501,2067,14,2024-04-19,Completed,60.0,No
4502,2847,40,2025-09-18,Completed,64.0,No
4503,1241,27,2025-01-13,Completed,85.0,Yes
4504,783,4,2024-04-20,Completed,66.0,No
4505,496,27,2025-02-15,Completed,78.0,Yes
4506,275,33,2025-08-20,Completed,64.0,No
4507,1729,46,2024-01-03,Completed,67.0,No
4508,2859,77,2024-06-29,Completed,60.0,No
4509,1536,27,2025-08-22,Completed,84.0,Yes
4510,2416,62,2024-11-29,Completed,99.0,Yes
4511,172,87,2024-07-01,Completed,97.0,Yes
4512,2048,41,2024-06-18,Completed,62.0,No
4513,2870,61,2024-04-09,Completed,76.0,Yes
4514,1572,97,2025-12-28,In Progress,,No
4515,1732,89,2024-03-14,Completed,66.0,No
4516,2806,63,2025-12-29,Completed,82.0,Yes
4517,1557,5,2025-01-18,Not Completed,,No
4518,356,61,2024-02-01,Not Completed,,No
4519,340,32,2025-04-07,Completed,65.0,No
4520,386,59,2024-10-19,Completed,100.0,Yes
4521,989,78,2025-02-18,Completed,81.0,Yes
4522,141,42,2025-05-23,Not Completed,,No
4523,888,79,2025-06-24,Completed,88.0,Yes
4524,2801,17,2025-04-15,Completed,60.0,No
4525,2074,57,2024-12-25,Completed,61.0,No
4526,1898,36,2025-05-28,Completed,71.0,No
4527,2195,84,2025-11-12,Completed,84.0,Yes
4528,2399,16,2025-07-18,Completed,76.0,Yes
4529,713,58,2024-02-10,Completed,91.0,Yes
4530,164,38,2024-04-15,Completed,70.0,No
4531,450,88,2025-03-11,Completed,87.0,Yes
4532,816,62,2024-05-30,Completed,64.0,No
4533,1587,100,2025-03-28,Completed,60.0,No
4534,1544,6,2024-12-28,Completed,71.0,No
4535,1393,88,2024-11-06,Completed,74.0,No
4536,937,92,2025-01-07,Completed,91.0,Yes
4537,416,22,2024-08-04,Completed,67.0,No
4538,2306,4,2024-05-27,Completed,98.0,Yes
4539,2863,56,2025-08-28,Completed,83.0,Yes
4540,2842,48,2024-07-14,Completed,93.0,Yes
4541,1715,61,2024-10-19,Completed,66.0,No
4542,2283,90,2024-04-21,Completed,87.0,Yes
4543,358,34,2024-07-10,Completed,64.0,No
4544,2723,46,2025-08-04,In Progress,,No
4545,997,18,2024-04-13,Completed,92.0,Yes
4546,354,74,2024-05-27,Completed,70.0,No
4547,1828,85,2025-10-22,Completed,72.0,No
4548,1530,72,2025-07-31,Not Completed,,No
4549,2689,24,2024-10-30,Completed,64.0,No
4550,2293,6,2025-10-03,Completed,67.0,No
4551,1231,18,2025-10-13,Completed,69.0,No
4552,46,48,2024-09-23,Completed,85.0,Yes
4553,462,68,2025-06-01,Completed,60.0,No
4554,2174,2,2024-08-24,Completed,97.0,Yes
4555,1309,32,2024-12-13,Completed,68.0,No
4556,875,25,2025-05-09,In Progress,,No
4557,1961,28,2025-05-10,Completed,90.0,Yes
4558,2266,82,2025-04-14,Completed,84.0,Yes
4559,599,86,2025-12-07,Completed,64.0,No
4560,596,98,2025-05-30,Completed,92.0,Yes
4561,298,73,2025-04-07,Completed,92.0,Yes
4562,1694,81,2025-07-14,Completed,100.0,Yes
4563,1076,53,2025-04-14,Completed,74.0,No
4564,176,42,2025-12-02,Completed,87.0,Yes
4565,789,86,2025-10-02,Completed,61.0,No
4566,1601,58,2025-09-15,Completed,83.0,Yes
4567,522,62,2025-11-03,Completed,74.0,No
4568,1666,83,2024-05-20,Completed,92.0,Yes
4569,2603,21,2025-08-19,In Progress,,No
4570,1179,64,2024-02-06,Completed,93.0,Yes
4571,2457,4,2025-07-08,Completed,87.0,Yes
4572,348,91,2024-10-16,Completed,95.0,Yes
4573,597,99,2024-12-01,In Progress,,No
4574,1137,51,2024-12-06,Completed,83.0,Yes
4575,1244,69,2024-07-18,Completed,81.0,Yes
4576,1925,66,2025-04-16,Completed,79.0,Yes
4577,2848,72,2025-07-10,Completed,97.0,Yes
4578,2479,77,2025-07-17,In Progress,,No
4579,563,61,2024-12-08,Completed,96.0,Yes
4580,1403,69,2025-04-07,Completed,91.0,Yes
4581,258,33,2024-08-26,Completed,100.0,Yes
4582,1184,77,2024-04-26,Completed,77.0,Yes
4583,1328,31,2025-08-13,Completed,80.0,Yes
4584,1255,25,2024-07-22,Completed,82.0,Yes
4585,2121,87,2025-01-07,In Progress,,No
4586,2449,55,2025-04-15,Completed,76.0,Yes
4587,2512,18,2025-07-18,Completed,72.0,No
4588,2820,38,2025-01-17,In Progress,,No
4589,2919,70,2024-01-04,Completed,83.0,Yes
4590,1896,75,2025-09-27,Completed,73.0,No
4591,2968,93,2024-07-31,Completed,67.0,No
4592,2616,32,2025-12-19,In Progress,,No
4593,1382,24,2025-12-30,Completed,100.0,Yes
4594,2036,48,2025-08-22,In Progress,,No
4595,2938,35,2024-03-20,Completed,90.0,Yes
4596,1881,69,2025-11-23,In Progress,,No
4597,2483,10,2025-10-06,Completed,76.0,Yes
4598,2256,51,2025-10-13,Completed,84.0,Yes
4599,1044,64,2025-10-16,Completed,72.0,No
4600,2391,36,2024-09-25,Completed,95.0,Yes
4601,816,35,2025-09-13,Completed,86.0,Yes
4602,2573,63,2024-07-17,Completed,87.0,Yes
4603,1791,50,2024-07-14,Completed,90.0,Yes
4604,742,16,2024-06-30,Completed,68.0,No
4605,169,9,2025-08-11,Completed,63.0,No
4606,2193,35,2024-05-09,Completed,95.0,Yes
4607,2813,55,2024-02-14,Completed,66.0,No
4608,246,2,2025-02-12,Completed,96.0,Yes
4609,2948,36,2024-07-08,Completed,99.0,Yes
4610,945,29,2024-09-16,Completed,75.0,Yes
4611,1093,71,2024-03-24,Completed,96.0,Yes
4612,622,3,2024-08-12,Completed,75.0,Yes
4613,901,22,2025-02-25,Completed,80.0,Yes
4614,1570,27,2025-04-03,In Progress,,No
4615,657,12,2025-01-06,Completed,61.0,No
4616,1105,63,2025-10-17,Completed,99.0,Yes
4617,1665,29,2025-04-07,Completed,75.0,Yes
4618,679,23,2024-11-21,Completed,99.0,Yes
4619,1145,14,2024-11-05,In Progress,,No
4620,1783,75,2025-05-18,Completed,79.0,Yes
4621,1584,58,2024-08-07,In Progress,,No
4622,336,53,2024-12-08,Completed,66.0,No
4623,616,95,2024-08-09,Completed,88.0,Yes
4624,2520,97,2025-08-18,In Progress,,No
4625,1113,27,2024-10-18,Completed,94.0,Yes
4626,2014,56,2025-06-26,In Progress,,No
4627,1403,42,2025-06-21,Completed,93.0,Yes
4628,2522,50,2024-04-06,Completed,92.0,Yes
4629,2485,27,2024-09-20,In Progress,,No
4630,2462,90,2024-11-24,Completed,64.0,No
4631,1655,27,2024-10-28,Completed,70.0,No
4632,1660,36,2025-06-04,Completed,82.0,Yes
4633,946,49,2024-02-15,Completed,78.0,Yes
4634,100,88,2025-03-06,Completed,90.0,Yes
4635,1000,83,2024-05-11,In Progress,,No
4636,2921,3,2025-03-15,Completed,88.0,Yes
4637,1473,49,2025-01-22,Completed,82.0,Yes
4638,2967,58,2025-10-03,Completed,87.0,Yes
4639,367,56,2024-11-30,In Progress,,No
4640,1103,47,2025-01-12,Completed,74.0,No
4641,1065,62,2024-05-18,In Progress,,No
4642,2399,83,2025-10-17,Completed,74.0,No
4643,802,5,2024-09-20,Completed,93.0,Yes
4644,1494,7,2025-02-08,Not Completed,,No
4645,2897,21,2024-01-30,Completed,65.0,No
4646,206,33,2024-03-23,Completed,95.0,Yes
4647,1856,20,2024-07-21,Completed,76.0,Yes
4648,1141,24,2024-01-14,Completed,87.0,Yes
4649,683,67,2025-07-26,Completed,79.0,Yes
4650,2544,7,2024-08-17,Completed,65.0,No
4651,1181,71,2025-08-25,Completed,71.0,No
4652,688,31,2024-02-20,Completed,87.0,Yes
4653,2469,92,2025-07-02,Completed,72.0,No
4654,1103,23,2024-03-08,Completed,66.0,No
4655,2267,98,2025-12-19,Completed,89.0,Yes
4656,626,69,2025-10-09,Completed,71.0,No
4657,1007,2,2024-03-19,In Progress,,No
4658,1116,66,2025-01-21,Completed,70.0,No
4659,2052,65,2024-05-21,In Progress,,No
4660,1614,18,2024-01-09,In Progress,,No
4661,639,17,2024-08-22,Completed,90.0,Yes
4662,1505,74,2025-02-11,Completed,98.0,Yes
4663,1007,59,2024-06-25,Completed,89.0,Yes
4664,2923,32,2025-12-16,Completed,67.0,No
4665,174,9,2025-01-19,Completed,98.0,Yes
4666,557,1,2024-11-22,Not Completed,,No
4667,2007,87,2025-04-12,Completed,93.0,Yes
4668,2218,93,2024-03-30,Completed,95.0,Yes
4669,1912,83,2024-05-25,Completed,93.0,Yes
4670,1450,78,2025-07-08,In Progress,,No
4671,1030,68,2025-06-29,Completed,85.0,Yes
4672,684,65,2024-08-06,In Progress,,No
4673,518,5,2024-05-17,In Progress,,No
4674,1506,39,2025-12-10,Completed,98.0,Yes
4675,1568,49,2025-10-01,Completed,86.0,Yes
4676,1289,63,2025-05-23,Completed,61.0,No
4677,883,56,2024-01-27,Completed,61.0,No
4678,1843,76,2025-04-29,Completed,69.0,No
4679,2659,39,2025-11-29,Completed,68.0,No
4680,68,30,2024-11-03,Completed,69.0,No
4681,1036,63,2024-05-03,In Progress,,No
4682,1522,27,2024-03-18,Completed,89.0,Yes
4683,211,32,2025-03-24,Completed,86.0,Yes
4684,2622,13,2025-02-08,In Progress,,No
4685,1436,60,2025-03-26,Completed,63.0,No
4686,2677,56,2025-11-14,In Progress,,No
4687,1454,66,2024-07-18,Completed,78.0,Yes
4688,1964,9,2024-12-02,Completed,62.0,No
4689,1272,65,2024-09-03,Completed,72.0,No
4690,598,96,2024-10-13,Completed,66.0,No
4691,246,4,2025-06-25,Completed,77.0,Yes
4692,2135,48,2025-09-04,Completed,100.0,Yes
4693,1369,79,2024-04-14,Completed,85.0,Yes
4694,1338,37,2024-01-10,Completed,99.0,Yes
4695,2399,16,2024-11-01,Completed,93.0,Yes
4696,1997,56,2025-02-06,In Progress,,No
4697,2730,100,2025-01-16,Completed,62.0,No
4698,2073,9,2025-04-11,Completed,96.0,Yes
4699,629,49,2024-08-03,Not Completed,,No
4700,2997,93,2024-10-07,Completed,88.0,Yes
4701,583,98,2025-12-21,Completed,69.0,No
4702,382,79,2024-05-10,In Progress,,No
4703,903,6,2025-06-22,Completed,85.0,Yes
4704,545,25,2024-09-12,Completed,60.0,No
4705,1711,20,2024-08-07,Completed,72.0,No
4706,1046,27,2024-10-06,Completed,96.0,Yes
4707,670,5,2025-08-08,Completed,64.0,No
4708,271,29,2025-09-06,Completed,90.0,Yes
4709,2756,64,2024-02-10,Completed,70.0,No
4710,1404,79,2025-11-05,Completed,89.0,Yes
4711,1921,34,2024-12-26,Completed,83.0,Yes
4712,1355,81,2024-09-17,Completed,95.0,Yes
4713,638,86,2025-07-04,Completed,93.0,Yes
4714,2131,88,2025-05-22,Completed,97.0,Yes
4715,1005,29,2024-04-21,Completed,98.0,Yes
4716,1778,62,2025-08-27,In Progress,,No
4717,1232,64,2024-04-24,Completed,92.0,Yes
4718,1658,7,2024-01-07,Not Completed,,No
4719,1231,33,2024-10-05,Not Completed,,No
4720,2274,29,2025-05-17,Completed,69.0,No
4721,897,32,2025-12-10,In Progress,,No
4722,404,90,2024-01-17,Completed,69.0,No
4723,1691,96,2025-04-04,Completed,83.0,Yes
4724,1357,39,2024-04-17,Completed,96.0,Yes
4725,2553,62,2024-05-24,Completed,70.0,No
4726,2716,9,2025-01-03,In Progress,,No
4727,1785,52,2025-04-30,Completed,63.0,No
4728,631,54,2025-05-21,In Progress,,No
4729,1368,48,2025-12-02,Completed,61.0,No
4730,1993,63,2024-08-15,Completed,75.0,Yes
4731,1624,76,2024-12-01,In Progress,,No
4732,964,37,2024-07-24,Completed,87.0,Yes
4733,1377,21,2025-07-28,Completed,70.0,No
4734,1544,11,2024-07-08,Completed,97.0,Yes
4735,35,20,2025-05-21,Completed,65.0,No
4736,379,90,2024-06-16,Completed,91.0,Yes
4737,9,61,2025-11-19,Completed,63.0,No
4738,1194,47,2024-09-11,Completed,68.0,No
4739,2729,74,2024-06-23,Completed,82.0,Yes
4740,1269,43,2025-10-22,Completed,70.0,No
4741,338,6,2025-01-11,Completed,97.0,Yes
4742,697,51,2025-01-28,Completed,72.0,No
4743,2009,14,2025-03-25,In Progress,,No
4744,2521,68,2024-10-08,Completed,78.0,Yes
4745,1166,18,2025-10-28,Completed,99.0,Yes
4746,1065,21,2025-01-08,Completed,98.0,Yes
4747,394,64,2024-07-11,Completed,92.0,Yes
4748,132,51,2025-12-10,Completed,78.0,Yes
4749,2724,21,2025-12-16,In Progress,,No
4750,1470,66,2025-10-30,Completed,88.0,Yes
4751,1713,31,2025-11-21,Completed,85.0,Yes
4752,2729,42,2025-05-05,Completed,79.0,Yes
4753,610,91,2025-11-16,Completed,89.0,Yes
4754,241,76,2025-02-03,Completed,65.0,No
4755,605,14,2024-01-04,In Progress,,No
4756,517,20,2025-04-15,Not Completed,,No
4757,1363,89,2025-06-22,Completed,78.0,Yes
4758,2944,62,2024-04-18,Completed,75.0,Yes
4759,2640,86,2024-04-28,Completed,67.0,No
4760,2262,94,2025-01-12,In Progress,,No
4761,1939,84,2025-02-02,Completed,73.0,No
4762,1601,25,2025-09-28,Completed,70.0,No
4763,129,33,2024-07-05,Completed,63.0,No
4764,1899,85,2025-06-16,Completed,91.0,Yes
4765,2905,42,2025-06-17,Not Completed,,No
4766,2898,55,2025-06-22,Completed,80.0,Yes
4767,2867,24,2024-06-09,Completed,96.0,Yes
4768,1027,54,2025-10-04,Completed,70.0,No
4769,607,6,2025-01-12,Completed,81.0,Yes
4770,984,66,2024-08-02,In Progress,,No
4771,829,93,2024-07-25,Completed,77.0,Yes
4772,38,81,2025-04-26,Completed,62.0,No
4773,2519,48,2025-02-14,Completed,81.0,Yes
4774,1978,99,2025-11-20,Completed,66.0,No
4775,2053,26,2024-01-23,In Progress,,No
4776,2787,85,2024-02-22,Completed,81.0,Yes
4777,2069,36,2025-11-01,In Progress,,No
4778,2419,79,2024-10-03,Completed,93.0,Yes
4779,806,56,2024-12-10,In Progress,,No
4780,1864,93,2024-02-07,Completed,62.0,No
4781,2207,97,2025-01-19,Completed,78.0,Yes
4782,1363,3,2025-11-11,Completed,78.0,Yes
4783,258,61,2025-03-06,Completed,100.0,Yes
4784,1710,60,2024-04-16,In Progress,,No
4785,2494,74,2025-12-18,In Progress,,No
4786,2421,29,2024-01-27,Completed,80.0,Yes
4787,2671,5,2024-05-13,Completed,79.0,Yes
4788,2738,75,2024-08-21,In Progress,,No
4789,18,68,2024-09-01,Completed,76.0,Yes
4790,1841,31,2024-04-03,Completed,74.0,No
4791,196,10,2024-02-17,Completed,87.0,Yes
4792,1121,69,2025-08-27,In Progress,,No
4793,2239,54,2025-07-07,In Progress,,No
4794,1255,99,2025-01-14,Completed,100.0,Yes
4795,2035,75,2025-01-21,Completed,63.0,No
4796,1178,100,2024-12-01,Completed,95.0,Yes
4797,1594,72,2024-09-15,Completed,75.0,Yes
4798,2233,84,2025-08-14,Completed,71.0,No
4799,327,43,2024-08-09,Completed,87.0,Yes
4800,85,13,2024-10-09,Completed,90.0,Yes
4801,693,85,2025-12-08,Completed,76.0,Yes
4802,1703,21,2024-02-22,Completed,76.0,Yes
4803,836,94,2024-06-14,In Progress,,No
4804,1183,40,2024-06-08,Completed,66.0,No
4805,2833,71,2025-12-08,Not Completed,,No
4806,638,16,2025-09-30,Completed,64.0,No
4807,14,31,2025-04-21,In Progress,,No
4808,734,15,2025-11-18,Completed,77.0,Yes
4809,498,65,2025-05-06,Completed,81.0,Yes
4810,1906,66,2024-07-28,Completed,94.0,Yes
4811,1140,11,2025-06-11,Completed,99.0,Yes
4812,1447,23,2024-10-29,Completed,65.0,No
4813,2234,33,2025-10-20,Completed,72.0,No
4814,354,9,2024-07-10,Completed,99.0,Yes
4815,657,67,2024-06-04,Completed,81.0,Yes
4816,2191,25,2025-10-17,In Progress,,No
4817,1440,4,2024-01-03,Completed,100.0,Yes
4818,1772,14,2024-07-22,Completed,84.0,Yes
4819,1649,28,2024-10-18,In Progress,,No
4820,2612,62,2025-03-25,Completed,99.0,Yes
4821,929,85,2024-05-08,Completed,64.0,No
4822,2025,72,2025-07-04,In Progress,,No
4823,1320,83,2025-02-05,Completed,84.0,Yes
4824,150,58,2024-07-23,Completed,62.0,No
4825,1456,3,2025-07-10,Completed,96.0,Yes
4826,1526,84,2024-09-21,Not Completed,,No
4827,1291,60,2025-02-20,Completed,60.0,No
4828,2436,67,2024-08-06,Completed,66.0,No
4829,2429,18,2025-12-25,Completed,67.0,No
4830,2260,93,2025-09-30,Completed,95.0,Yes
4831,2560,5,2025-03-24,Completed,67.0,No
4832,1299,32,2024-03-21,Completed,100.0,Yes
4833,1202,5,2024-08-19,Completed,87.0,Yes
4834,225,39,2024-08-17,In Progress,,No
4835,2851,34,2024-04-13,Completed,68.0,No
4836,627,36,2025-07-26,In Progress,,No
4837,305,68,2025-01-29,Completed,86.0,Yes
4838,1264,95,2024-05-26,Completed,91.0,Yes
4839,108,37,2025-07-16,Completed,61.0,No
4840,563,68,2024-09-10,Completed,65.0,No
4841,1485,15,2024-08-15,Completed,66.0,No
4842,1368,41,2024-10-12,Completed,76.0,Yes
4843,749,74,2025-05-01,In Progress,,No
4844,949,7,2025-07-16,Completed,65.0,No
4845,2218,11,2024-05-12,Completed,95.0,Yes
4846,2249,74,2025-07-25,In Progress,,No
4847,2237,39,2024-09-10,In Progress,,No
4848,2695,39,2024-02-21,In Progress,,No
4849,167,40,2025-10-21,Completed,85.0,Yes
4850,1722,12,2025-03-22,In Progress,,No
4851,214,18,2024-04-30,Completed,77.0,Yes
4852,17,14,2024-10-22,Completed,97.0,Yes
4853,175,61,2024-11-08,In Progress,,No
4854,1663,70,2025-04-19,In Progress,,No
4855,2421,72,2025-07-21,Completed,70.0,No
4856,1015,11,2024-01-13,In Progress,,No
4857,2657,73,2025-11-08,Completed,71.0,No
4858,2584,3,2024-04-24,Completed,66.0,No
4859,694,95,2025-03-10,Completed,68.0,No
4860,2796,66,2024-06-27,Not Completed,,No
4861,22,88,2024-07-23,Completed,86.0,Yes
4862,2363,94,2024-08-23,Completed,77.0,Yes
4863,2018,71,2025-07-18,Completed,72.0,No
4864,865,79,2024-05-03,Completed,87.0,Yes
4865,2162,38,2024-07-28,Completed,72.0,No
4866,2420,53,2025-04-01,Completed,85.0,Yes
4867,1179,35,2025-05-06,In Progress,,No
4868,2896,54,2024-10-12,Completed,67.0,No
4869,2039,1,2024-01-04,Completed,98.0,Yes
4870,1662,76,2024-10-31,Not Completed,,No
4871,2832,17,2024-06-06,Completed,76.0,Yes
4872,492,86,2025-05-06,Completed,97.0,Yes
4873,946,32,2025-01-09,Completed,62.0,No
4874,2802,51,2024-08-21,Completed,64.0,No
4875,1133,15,2024-04-17,Completed,73.0,No
4876,2938,15,2024-04-22,Completed,73.0,No
4877,57,53,2024-12-14,In Progress,,No
4878,1832,19,2024-07-14,Completed,73.0,No
4879,1511,42,2025-04-27,Completed,67.0,No
4880,1552,85,2024-09-04,Not Completed,,No
4881,1817,85,2025-12-24,Completed,77.0,Yes
4882,598,27,2024-06-14,Completed,100.0,Yes
4883,2728,85,2024-10-25,Completed,72.0,No
4884,1122,56,2025-01-28,Completed,91.0,Yes
4885,1775,60,2024-02-12,Completed,60.0,No
4886,1880,68,2024-11-07,Completed,63.0,No
4887,453,37,2024-08-20,Completed,86.0,Yes
4888,726,55,2024-09-05,Completed,77.0,Yes
4889,2170,9,2024-01-19,Completed,90.0,Yes
4890,1242,83,2025-11-12,Completed,82.0,Yes
4891,2820,36,2024-04-03,Completed,72.0,No
4892,1600,35,2025-06-13,In Progress,,No
4893,1795,18,2025-11-22,Completed,74.0,No
4894,2643,63,2024-05-20,Completed,75.0,Yes
4895,2088,83,2025-04-02,Completed,95.0,Yes
4896,450,35,2025-09-20,In Progress,,No
4897,1044,89,2024-09-02,Completed,93.0,Yes
4898,1271,96,2025-07-29,Completed,93.0,Yes
4899,2324,14,2024-11-09,Completed,64.0,No
4900,1033,32,2024-06-14,Completed,78.0,Yes
4901,2514,74,2024-09-08,Completed,95.0,Yes
4902,750,81,2024-05-10,Completed,93.0,Yes
4903,14,20,2024-03-06,Completed,93.0,Yes
4904,1341,99,2025-11-05,Not Completed,,No
4905,1720,73,2024-05-23,Completed,95.0,Yes
4906,793,24,2025-12-02,Completed,90.0,Yes
4907,2953,98,2024-03-14,Completed,79.0,Yes
4908,2402,26,2024-04-25,Completed,77.0,Yes
4909,2316,73,2024-06-02,Completed,98.0,Yes
4910,1933,80,2025-08-31,Completed,84.0,Yes
4911,1331,6,2025-07-17,Completed,75.0,Yes
4912,1462,61,2025-09-27,In Progress,,No
4913,1366,64,2024-05-18,Completed,94.0,Yes
4914,68,89,2025-01-03,Completed,95.0,Yes
4915,562,30,2024-05-07,Completed,96.0,Yes
4916,840,60,2025-11-22,Completed,62.0,No
4917,421,88,2025-12-11,Completed,64.0,No
4918,2247,57,2024-11-12,Not Completed,,No
4919,879,28,2025-01-28,Completed,74.0,No
4920,1051,2,2024-12-02,Completed,62.0,No
4921,1676,16,2025-03-16,In Progress,,No
4922,2634,76,2025-03-03,Not Completed,,No
4923,857,12,2025-01-08,In Progress,,No
4924,2506,16,2025-06-08,Completed,75.0,Yes
4925,2451,69,2025-02-14,Completed,76.0,Yes
4926,181,61,2025-02-08,Completed,75.0,Yes
4927,685,85,2024-11-29,Completed,94.0,Yes
4928,2006,28,2024-01-12,Completed,60.0,No
4929,410,12,2024-05-02,Completed,81.0,Yes
4930,2358,36,2024-04-18,Completed,74.0,No
4931,1462,97,2025-04-12,Completed,82.0,Yes
4932,111,95,2025-05-17,Completed,70.0,No
4933,2342,3,2025-07-31,Completed,100.0,Yes
4934,705,21,2024-01-26,Completed,72.0,No
4935,735,26,2025-01-07,Completed,62.0,No
4936,810,17,2024-06-12,In Progress,,No
4937,2711,58,2024-02-26,Completed,63.0,No
4938,129,16,2025-11-10,Completed,68.0,No
4939,1502,81,2025-05-14,Completed,73.0,No
4940,2813,56,2025-12-02,Completed,79.0,Yes
4941,652,61,2024-09-02,Completed,64.0,No
4942,1535,5,2025-06-03,Completed,70.0,No
4943,445,11,2024-07-30,Completed,86.0,Yes
4944,300,20,2024-06-15,Completed,73.0,No
4945,940,90,2024-11-29,Completed,87.0,Yes
4946,1091,92,2025-01-19,In Progress,,No
4947,2774,68,2024-05-26,Completed,95.0,Yes
4948,2424,75,2024-05-25,In Progress,,No
4949,1856,21,2024-03-01,Not Completed,,No
4950,2435,69,2025-03-20,In Progress,,No
4951,1840,55,2025-10-04,Completed,73.0,No
4952,1144,41,2024-12-04,Completed,88.0,Yes
4953,83,26,2025-06-24,Completed,73.0,No
4954,2194,60,2025-06-17,Completed,84.0,Yes
4955,2382,15,2024-02-02,In Progress,,No
4956,221,30,2025-07-18,Completed,68.0,No
4957,464,72,2024-10-02,Completed,94.0,Yes
4958,2919,95,2024-02-16,Completed,97.0,Yes
4959,217,67,2024-03-07,In Progress,,No
4960,518,31,2025-07-06,Completed,74.0,No
4961,2083,78,2024-11-27,In Progress,,No
4962,990,69,2024-05-10,Completed,64.0,No
4963,2151,69,2024-08-30,Completed,81.0,Yes
4964,1361,71,2024-12-07,Completed,76.0,Yes
4965,181,55,2025-02-17,Completed,71.0,No
4966,573,29,2025-11-26,Completed,73.0,No
4967,2122,19,2024-07-16,Completed,65.0,No
4968,1730,93,2024-01-01,Completed,64.0,No
4969,1319,59,2025-08-30,Completed,65.0,No
4970,1384,4,2024-02-25,Completed,77.0,Yes
4971,112,100,2024-02-01,Completed,60.0,No
4972,2962,4,2024-03-27,Completed,61.0,No
4973,2610,75,2024-07-08,Completed,70.0,No
4974,1970,13,2025-05-20,Completed,72.0,No
4975,2653,48,2024-10-19,Completed,94.0,Yes
4976,2478,4,2025-03-31,Completed,100.0,Yes
4977,1282,49,2025-03-10,Completed,82.0,Yes
4978,2645,38,2024-04-27,Completed,92.0,Yes
4979,653,11,2024-05-27,Completed,76.0,Yes
4980,2460,86,2024-04-03,Completed,69.0,No
4981,1177,63,2025-12-24,Completed,90.0,Yes
4982,617,23,2024-02-24,Completed,64.0,No
4983,1184,65,2025-10-30,In Progress,,No
4984,1287,49,2025-08-05,Completed,62.0,No
4985,1781,60,2024-02-16,Completed,92.0,Yes
4986,201,1,2025-11-23,Completed,98.0,Yes
4987,1548,45,2025-08-20,Completed,75.0,Yes
4988,1481,93,2024-07-31,Completed,65.0,No
4989,615,52,2025-05-16,Completed,93.0,Yes
4990,966,53,2025-01-29,Completed,67.0,No
4991,2096,30,2025-09-15,Completed,77.0,Yes
4992,1514,85,2024-10-17,Not Completed,,No
4993,698,74,2025-12-17,Completed,79.0,Yes
4994,2264,92,2024-08-12,Completed,62.0,No
4995,218,53,2025-01-13,Completed,90.0,Yes
4996,2467,79,2024-09-13,Completed,86.0,Yes
4997,1455,3,2025-02-19,Completed,99.0,Yes
4998,2154,24,2024-12-14,Completed,100.0,Yes
4999,1097,7,2025-07-10,Completed,63.0,No
5000,1605,33,2024-11-15,In Progress,,No
5001,509,72,2025-03-06,In Progress,,No
5002,21,34,2024-10-16,In Progress,,No
5003,2637,23,2024-11-02,Completed,76.0,Yes
5004,2042,32,2025-09-12,Completed,90.0,Yes
5005,2942,98,2024-12-14,Completed,84.0,Yes
5006,1638,35,2025-11-14,Completed,64.0,No
5007,580,90,2025-07-26,Completed,64.0,No
5008,2974,22,2024-05-24,Completed,78.0,Yes
5009,1670,39,2024-01-03,Completed,79.0,Yes
5010,1720,97,2025-01-23,Completed,75.0,Yes
5011,2959,93,2025-07-09,Completed,83.0,Yes
5012,1765,28,2025-03-02,In Progress,,No
5013,337,60,2025-05-27,Completed,76.0,Yes
5014,1599,38,2024-07-18,In Progress,,No
5015,2588,50,2024-10-08,In Progress,,No
5016,1191,6,2025-01-22,Completed,83.0,Yes
5017,2954,87,2024-05-01,Completed,74.0,No
5018,2799,24,2024-05-20,Completed,94.0,Yes
5019,2739,11,2024-06-26,Completed,61.0,No
5020,1685,36,2024-08-28,Completed,79.0,Yes
5021,2102,74,2024-06-24,In Progress,,No
5022,2173,65,2024-02-02,Not Completed,,No
5023,93,99,2024-02-13,In Progress,,No
5024,1509,31,2024-09-23,Completed,66.0,No
5025,2125,23,2025-12-22,Completed,92.0,Yes
5026,1129,43,2025-12-21,In Progress,,No
5027,1908,79,2025-11-09,Completed,68.0,No
5028,253,87,2024-03-06,In Progress,,No
5029,1187,88,2024-01-07,Completed,62.0,No
5030,979,27,2025-12-14,Completed,78.0,Yes
5031,856,98,2024-11-13,In Progress,,No
5032,796,68,2025-02-22,In Progress,,No
5033,2904,16,2024-01-12,Completed,80.0,Yes
5034,580,14,2025-05-21,Completed,74.0,No
5035,1863,68,2025-03-14,Completed,98.0,Yes
5036,2230,7,2024-12-05,Completed,67.0,No
5037,988,76,2024-04-21,Completed,72.0,No
5038,2018,28,2025-05-28,Completed,72.0,No
5039,925,6,2024-01-16,Completed,80.0,Yes
5040,143,93,2024-07-13,In Progress,,No
5041,2507,98,2025-02-12,Completed,65.0,No
5042,1595,13,2025-09-09,Completed,80.0,Yes
5043,1668,100,2025-04-28,Completed,92.0,Yes
5044,35,2,2024-05-20,Completed,93.0,Yes
5045,855,4,2024-02-05,In Progress,,No
5046,121,76,2025-08-22,Not Completed,,No
5047,459,71,2024-02-07,Completed,86.0,Yes
5048,2146,2,2024-04-16,Completed,98.0,Yes
5049,1368,61,2025-06-08,Completed,84.0,Yes
5050,1081,94,2024-12-11,Completed,91.0,Yes
5051,491,93,2025-03-04,Completed,98.0,Yes
5052,13,80,2025-12-08,In Progress,,No
5053,1507,79,2024-01-12,Completed,85.0,Yes
5054,238,10,2024-05-05,Completed,68.0,No
5055,505,68,2025-07-10,Completed,64.0,No
5056,1175,14,2024-02-29,Completed,96.0,Yes
5057,948,51,2024-07-01,Completed,74.0,No
5058,109,76,2025-04-28,Completed,81.0,Yes
5059,798,22,2025-08-18,Completed,86.0,Yes
5060,646,28,2024-08-04,In Progress,,No
5061,606,10,2025-10-31,Completed,92.0,Yes
5062,1373,44,2024-02-09,Completed,77.0,Yes
5063,1046,5,2024-05-17,Completed,65.0,No
5064,533,67,2025-10-02,Completed,78.0,Yes
5065,1503,81,2024-09-19,Completed,62.0,No
5066,974,64,2024-05-07,Completed,81.0,Yes
5067,1756,56,2024-05-17,In Progress,,No
5068,190,67,2025-10-28,Not Completed,,No
5069,528,55,2025-12-23,Completed,67.0,No
5070,173,25,2025-11-08,Completed,61.0,No
5071,227,67,2024-09-10,In Progress,,No
5072,1480,50,2024-11-09,In Progress,,No
5073,363,98,2024-12-13,Completed,98.0,Yes
5074,2806,59,2025-03-22,Completed,69.0,No
5075,410,23,2025-12-06,Completed,73.0,No
5076,1395,46,2025-04-10,Completed,76.0,Yes
5077,2086,71,2025-10-10,Completed,87.0,Yes
5078,446,63,2024-03-26,Completed,96.0,Yes
5079,1739,98,2025-11-17,Completed,91.0,Yes
5080,2545,27,2025-08-16,Completed,69.0,No
5081,1081,38,2025-11-28,Not Completed,,No
5082,475,31,2024-11-14,Completed,62.0,No
5083,21,68,2024-11-02,Completed,95.0,Yes
5084,795,44,2025-12-26,Not Completed,,No
5085,2733,71,2024-07-01,Completed,90.0,Yes
5086,560,53,2025-09-23,Completed,93.0,Yes
5087,2643,48,2024-10-20,Completed,74.0,No
5088,219,14,2024-05-23,Completed,67.0,No
5089,2831,89,2024-03-01,Completed,88.0,Yes
5090,2079,48,2025-05-19,Completed,63.0,No
5091,2380,91,2025-10-18,Not Completed,,No
5092,1171,74,2025-08-27,Completed,78.0,Yes
5093,2928,58,2025-05-10,Completed,61.0,No
5094,2388,22,2024-04-29,Not Completed,,No
5095,2893,74,2024-10-29,Completed,98.0,Yes
5096,1724,99,2025-06-05,Completed,100.0,Yes
5097,2691,38,2025-01-04,Completed,84.0,Yes
5098,2629,78,2025-05-14,In Progress,,No
5099,368,67,2024-11-22,Completed,89.0,Yes
5100,1500,75,2025-06-10,Completed,94.0,Yes
5101,1017,19,2025-01-10,Completed,96.0,Yes
5102,1206,3,2024-07-30,Completed,66.0,No
5103,2333,80,2024-09-22,Completed,79.0,Yes
5104,718,25,2024-03-06,Completed,72.0,No
5105,1206,100,2024-04-26,Completed,74.0,No
5106,1656,73,2024-06-15,Completed,87.0,Yes
5107,1671,80,2025-03-06,Completed,63.0,No
5108,1938,20,2024-05-02,Completed,95.0,Yes
5109,1873,98,2025-11-17,Completed,67.0,No
5110,2630,57,2025-04-25,Completed,61.0,No
5111,1268,72,2025-03-25,Completed,73.0,No
5112,2968,30,2025-03-02,In Progress,,No
5113,1335,86,2024-02-21,Completed,74.0,No
5114,2664,32,2025-04-16,Completed,83.0,Yes
5115,2131,18,2025-07-23,In Progress,,No
5116,72,37,2024-07-09,Completed,95.0,Yes
5117,1412,53,2024-03-31,In Progress,,No
5118,483,19,2025-10-10,In Progress,,No
5119,2320,79,2025-05-24,In Progress,,No
5120,2250,19,2024-06-28,Completed,61.0,No
5121,2231,87,2024-05-04,Completed,82.0,Yes
5122,383,71,2025-07-27,Completed,77.0,Yes
5123,1412,53,2024-10-04,Completed,84.0,Yes
5124,62,72,2024-12-18,Completed,73.0,No
5125,403,87,2025-12-07,Completed,87.0,Yes
5126,597,99,2025-06-17,In Progress,,No
5127,1285,74,2024-05-09,Completed,93.0,Yes
5128,1032,25,2024-07-26,Completed,67.0,No
5129,2218,20,2024-01-13,Completed,85.0,Yes
5130,2085,35,2024-09-06,Completed,79.0,Yes
5131,121,22,2025-03-06,Completed,62.0,No
5132,5,1,2024-06-17,Completed,74.0,No
5133,1779,77,2025-05-23,Completed,92.0,Yes
5134,257,8,2025-06-30,Completed,84.0,Yes
5135,2064,26,2024-06-19,Completed,84.0,Yes
5136,2507,43,2025-07-14,Completed,72.0,No
5137,105,7,2025-05-10,In Progress,,No
5138,1537,68,2024-10-10,In Progress,,No
5139,329,38,2024-02-09,Completed,77.0,Yes
5140,1317,7,2024-02-28,Completed,64.0,No
5141,2579,67,2024-01-30,Completed,71.0,No
5142,1816,83,2024-10-29,Completed,97.0,Yes
5143,207,94,2025-04-24,Completed,69.0,No
5144,1147,35,2025-11-24,Completed,100.0,Yes
5145,1805,57,2024-10-03,Completed,91.0,Yes
5146,665,8,2024-10-24,Completed,85.0,Yes
5147,573,93,2024-10-26,Completed,88.0,Yes
5148,2751,17,2024-06-16,Completed,86.0,Yes
5149,80,72,2024-10-14,Completed,82.0,Yes
5150,2970,81,2024-06-09,Completed,91.0,Yes
5151,1575,7,2025-09-12,In Progress,,No
5152,2316,90,2024-05-13,Not Completed,,No
5153,274,99,2025-09-15,In Progress,,No
5154,1628,68,2025-03-24,Completed,61.0,No
5155,276,25,2024-07-30,Completed,76.0,Yes
5156,951,12,2025-04-05,Completed,89.0,Yes
5157,1287,46,2025-02-26,In Progress,,No
5158,830,45,2025-03-02,Completed,70.0,No
5159,1644,14,2025-04-03,In Progress,,No
5160,1902,2,2024-05-17,Completed,65.0,No
5161,2778,14,2025-12-09,Completed,70.0,No
5162,2,49,2025-12-01,Completed,70.0,No
5163,975,66,2024-05-18,Completed,87.0,Yes
5164,1302,17,2025-11-20,Not Completed,,No
5165,2349,45,2025-08-21,Completed,94.0,Yes
5166,894,58,2025-03-08,Completed,72.0,No
5167,1216,40,2025-03-12,Completed,94.0,Yes
5168,2974,22,2024-08-14,Completed,63.0,No
5169,1324,7,2025-06-19,In Progress,,No
5170,1205,66,2024-06-08,Completed,85.0,Yes
5171,1767,36,2025-11-11,Completed,66.0,No
5172,969,58,2024-04-20,Completed,63.0,No
5173,417,51,2024-09-18,Completed,76.0,Yes
5174,581,60,2025-07-31,Completed,66.0,No
5175,2734,66,2025-08-10,Completed,91.0,Yes
5176,308,2,2024-01-14,Completed,71.0,No
5177,2618,12,2025-06-23,In Progress,,No
5178,2413,69,2024-07-03,In Progress,,No
5179,420,81,2024-10-16,In Progress,,No
5180,1720,22,2024-10-26,Completed,93.0,Yes
5181,2013,94,2024-09-24,Completed,81.0,Yes
5182,958,98,2024-04-28,Completed,88.0,Yes
5183,2210,32,2025-12-12,Completed,74.0,No
5184,2111,23,2025-10-24,In Progress,,No
5185,1673,4,2025-12-30,Completed,80.0,Yes
5186,1842,95,2025-09-04,Completed,96.0,Yes
5187,2231,93,2024-08-19,Completed,97.0,Yes
5188,2789,16,2025-03-10,Completed,85.0,Yes
5189,1650,64,2024-07-09,Completed,63.0,No
5190,2123,100,2024-02-09,Completed,85.0,Yes
5191,64,47,2024-08-01,In Progress,,No
5192,2215,19,2024-12-07,Completed,84.0,Yes
5193,740,29,2024-04-11,Completed,70.0,No
5194,2761,21,2024-12-13,Completed,80.0,Yes
5195,2781,85,2024-09-03,Completed,85.0,Yes
5196,2209,58,2025-05-22,Completed,81.0,Yes
5197,2813,34,2025-02-14,In Progress,,No
5198,299,67,2024-05-15,Completed,69.0,No
5199,298,74,2024-02-04,Completed,71.0,No
5200,1630,59,2025-11-18,Completed,96.0,Yes
5201,2284,76,2025-07-13,Completed,62.0,No
5202,964,56,2025-10-12,Completed,77.0,Yes
5203,1183,70,2024-10-09,Completed,94.0,Yes
5204,649,17,2024-06-24,In Progress,,No
5205,155,43,2025-12-29,In Progress,,No
5206,2834,94,2025-06-28,Completed,98.0,Yes
5207,1775,93,2025-10-15,Completed,94.0,Yes
5208,2079,38,2025-01-06,Completed,76.0,Yes
5209,2481,44,2025-06-06,Completed,79.0,Yes
5210,2498,66,2025-11-08,In Progress,,No
5211,2652,11,2025-08-24,Completed,64.0,No
5212,2565,70,2025-01-21,Completed,88.0,Yes
5213,2848,84,2024-06-29,Completed,62.0,No
5214,734,31,2024-09-25,Completed,82.0,Yes
5215,1646,58,2025-05-16,In Progress,,No
5216,2209,99,2025-01-07,Completed,72.0,No
5217,765,4,2024-08-01,Not Completed,,No
5218,1852,36,2024-06-28,In Progress,,No
5219,2516,9,2024-05-13,Completed,64.0,No
5220,2028,79,2025-10-04,Completed,89.0,Yes
5221,2220,20,2024-01-13,Completed,84.0,Yes
5222,2354,56,2025-09-23,In Progress,,No
5223,531,41,2025-10-23,Completed,69.0,No
5224,2024,96,2025-04-22,Completed,72.0,No
5225,1304,88,2024-05-20,Completed,94.0,Yes
5226,2636,24,2025-09-29,Completed,85.0,Yes
5227,1511,7,2025-07-17,Completed,75.0,Yes
5228,2718,47,2025-03-07,Completed,61.0,No
5229,1561,94,2025-08-24,Completed,84.0,Yes
5230,2332,5,2025-02-17,Completed,89.0,Yes
5231,688,36,2024-02-29,Completed,67.0,No
5232,721,100,2025-02-10,In Progress,,No
5233,1100,33,2024-03-12,Completed,83.0,Yes
5234,1611,59,2025-04-13,Completed,93.0,Yes
5235,575,46,2025-04-06,Completed,72.0,No
5236,2505,38,2025-06-06,In Progress,,No
5237,2597,18,2024-09-19,Completed,75.0,Yes
5238,1103,51,2024-01-05,Completed,96.0,Yes
5239,911,25,2024-06-11,In Progress,,No
5240,423,44,2024-12-12,Completed,96.0,Yes
5241,327,88,2025-09-01,Completed,76.0,Yes
5242,765,69,2024-05-10,Completed,80.0,Yes
5243,729,44,2024-11-05,Completed,90.0,Yes
5244,704,52,2025-02-17,Completed,96.0,Yes
5245,908,89,2024-05-17,In Progress,,No
5246,2491,88,2024-05-01,Completed,93.0,Yes
5247,2067,14,2024-07-03,Completed,74.0,No
5248,1513,47,2025-12-04,Completed,85.0,Yes
5249,2126,34,2024-12-13,Completed,91.0,Yes
5250,2289,42,2024-05-24,Not Completed,,No
5251,1998,99,2024-01-24,Completed,80.0,Yes
5252,919,1,2024-08-25,Completed,76.0,Yes
5253,2553,16,2025-11-06,Completed,100.0,Yes
5254,2099,74,2024-05-21,In Progress,,No
5255,1972,77,2024-11-06,Completed,67.0,No
5256,816,67,2024-07-12,Completed,63.0,No
5257,1367,75,2025-10-31,In Progress,,No
5258,353,47,2025-05-02,Completed,62.0,No
5259,362,42,2024-07-19,Completed,79.0,Yes
5260,1339,42,2025-03-24,Completed,66.0,No
5261,2986,23,2025-04-15,Completed,73.0,No
5262,1719,61,2024-09-15,Completed,73.0,No
5263,399,31,2024-12-22,Completed,93.0,Yes
5264,1300,6,2024-01-21,Completed,88.0,Yes
5265,1089,20,2024-08-27,Completed,99.0,Yes
5266,1162,99,2025-07-12,Completed,66.0,No
5267,1450,23,2025-07-23,Completed,62.0,No
5268,2168,16,2025-01-20,Completed,99.0,Yes
5269,1937,72,2024-04-28,Completed,93.0,Yes
5270,1958,1,2024-11-14,Completed,68.0,No
5271,963,66,2025-10-07,Completed,68.0,No
5272,1648,21,2025-08-13,Completed,82.0,Yes
5273,1356,72,2025-06-11,In Progress,,No
5274,1754,54,2025-11-01,In Progress,,No
5275,2391,65,2025-12-21,Completed,80.0,Yes
5276,2208,57,2025-09-03,Completed,88.0,Yes
5277,567,64,2025-06-06,Completed,70.0,No
5278,1382,95,2024-08-02,Completed,92.0,Yes
5279,1146,70,2024-09-17,In Progress,,No
5280,1729,47,2025-03-26,Completed,97.0,Yes
5281,2920,79,2024-06-06,Completed,80.0,Yes
5282,528,39,2024-03-29,Completed,92.0,Yes
5283,487,11,2025-11-18,Not Completed,,No
5284,1754,43,2025-05-09,In Progress,,No
5285,162,6,2025-09-05,Completed,60.0,No
5286,1526,82,2025-06-05,Completed,79.0,Yes
5287,298,31,2024-10-21,Completed,74.0,No
5288,1336,41,2024-09-07,Completed,67.0,No
5289,1328,44,2025-10-08,Completed,60.0,No
5290,836,82,2025-05-14,Completed,93.0,Yes
5291,747,88,2025-03-22,Completed,95.0,Yes
5292,1165,67,2025-10-26,Completed,79.0,Yes
5293,1581,76,2024-01-03,Completed,84.0,Yes
5294,591,64,2025-05-26,Completed,91.0,Yes
5295,2828,29,2024-02-10,Not Completed,,No
5296,1807,93,2025-04-19,Completed,100.0,Yes
5297,2635,53,2024-06-04,In Progress,,No
5298,532,47,2025-10-16,Completed,60.0,No
5299,2883,22,2024-04-23,In Progress,,No
5300,1180,27,2024-03-22,In Progress,,No
5301,286,68,2025-07-05,In Progress,,No
5302,2899,70,2025-12-24,Completed,71.0,No
5303,434,95,2024-10-12,In Progress,,No
5304,518,26,2025-09-26,Completed,64.0,No
5305,2568,40,2024-06-11,Completed,60.0,No
5306,1545,95,2025-07-31,Completed,63.0,No
5307,2129,32,2024-02-27,Completed,65.0,No
5308,656,27,2024-12-13,Completed,91.0,Yes
5309,1414,4,2024-11-02,Completed,89.0,Yes
5310,1655,67,2024-01-10,Completed,90.0,Yes
5311,725,24,2024-07-10,Completed,89.0,Yes
5312,1967,60,2025-11-14,In Progress,,No
5313,2303,81,2024-08-04,Completed,83.0,Yes
5314,1553,20,2024-03-13,Completed,68.0,No
5315,134,42,2024-02-08,In Progress,,No
5316,2093,100,2025-10-17,Completed,65.0,No
5317,1858,49,2025-12-14,In Progress,,No
5318,2269,31,2025-09-10,In Progress,,No
5319,218,71,2025-07-22,Completed,85.0,Yes
5320,2943,57,2024-02-19,In Progress,,No
5321,2644,61,2024-08-12,Not Completed,,No
5322,2816,28,2025-08-13,Completed,89.0,Yes
5323,2313,84,2024-09-10,Completed,73.0,No
5324,120,42,2024-08-31,Completed,71.0,No
5325,2362,73,2024-08-10,Completed,69.0,No
5326,877,95,2025-01-21,In Progress,,No
5327,413,94,2025-03-14,Completed,70.0,No
5328,2693,75,2024-08-10,Completed,80.0,Yes
5329,968,71,2024-02-16,Completed,79.0,Yes
5330,683,42,2024-11-08,Completed,75.0,Yes
5331,2366,70,2025-10-04,Completed,75.0,Yes
5332,1262,35,2024-05-14,Completed,95.0,Yes
5333,2969,83,2024-11-21,Completed,91.0,Yes
5334,897,21,2024-11-29,Completed,91.0,Yes
5335,1188,32,2024-11-17,In Progress,,No
5336,2339,43,2025-11-04,In Progress,,No
5337,2366,100,2024-12-07,Completed,76.0,Yes
5338,740,58,2025-12-13,Completed,67.0,No
5339,1798,1,2024-01-11,Completed,97.0,Yes
5340,1803,9,2024-11-07,Completed,71.0,No
5341,1010,86,2024-04-01,Completed,81.0,Yes
5342,1920,98,2024-08-07,In Progress,,No
5343,2945,15,2025-10-11,Completed,91.0,Yes
5344,567,75,2024-07-31,Completed,80.0,Yes
5345,2126,32,2024-10-31,Not Completed,,No
5346,2766,97,2025-07-31,Completed,61.0,No
5347,552,47,2024-12-17,Not Completed,,No
5348,2245,25,2024-05-26,Completed,63.0,No
5349,1087,98,2024-01-16,Completed,62.0,No
5350,2810,60,2025-11-27,Completed,98.0,Yes
5351,2331,57,2025-08-31,Completed,92.0,Yes
5352,2840,95,2024-04-08,Completed,73.0,No
5353,2734,66,2024-12-06,Completed,83.0,Yes
5354,2611,69,2025-05-31,Completed,75.0,Yes
5355,166,26,2024-08-19,Completed,63.0,No
5356,968,50,2025-08-06,Completed,79.0,Yes
5357,2351,42,2025-06-03,Completed,96.0,Yes
5358,1421,21,2025-09-21,Completed,64.0,No
5359,2982,74,2024-02-03,Not Completed,,No
5360,384,3,2025-08-18,In Progress,,No
5361,686,100,2025-01-12,Completed,96.0,Yes
5362,2404,96,2025-04-07,In Progress,,No
5363,379,39,2025-01-24,Completed,61.0,No
5364,2678,95,2024-07-12,Completed,77.0,Yes
5365,2508,26,2025-01-14,Completed,63.0,No
5366,2362,54,2024-04-30,In Progress,,No
5367,339,27,2025-03-10,Not Completed,,No
5368,381,78,2024-07-07,Completed,91.0,Yes
5369,595,51,2024-05-15,Not Completed,,No
5370,2998,20,2024-12-14,Completed,69.0,No
5371,484,88,2025-07-22,Completed,70.0,No
5372,1886,53,2024-09-01,In Progress,,No
5373,220,15,2025-01-30,Completed,68.0,No
5374,475,15,2024-06-27,Completed,65.0,No
5375,531,24,2025-10-28,Completed,66.0,No
5376,2956,5,2025-01-10,Completed,99.0,Yes
5377,2711,96,2024-08-06,Completed,81.0,Yes
5378,1793,32,2025-05-04,In Progress,,No
5379,2989,28,2024-08-09,Completed,99.0,Yes
5380,789,56,2024-10-21,Completed,96.0,Yes
5381,2197,2,2025-04-19,Completed,73.0,No
5382,2665,86,2025-08-03,Completed,89.0,Yes
5383,2134,14,2025-09-14,In Progress,,No
5384,722,13,2025-07-26,Completed,78.0,Yes
5385,2288,88,2025-08-31,Completed,61.0,No
5386,576,44,2025-05-16,Completed,93.0,Yes
5387,2362,86,2025-09-27,In Progress,,No
5388,615,77,2024-12-30,Completed,68.0,No
5389,71,76,2024-02-25,Completed,68.0,No
5390,1434,93,2024-11-06,Completed,83.0,Yes
5391,2684,1,2025-11-30,Completed,64.0,No
5392,880,92,2024-03-26,In Progress,,No
5393,1415,17,2024-09-11,Completed,98.0,Yes
5394,2034,3,2024-06-30,Completed,97.0,Yes
5395,1859,16,2024-06-19,Completed,74.0,No
5396,1737,46,2024-02-26,Completed,72.0,No
5397,1502,50,2024-08-13,Completed,94.0,Yes
5398,869,4,2025-07-29,Completed,68.0,No
5399,640,4,2025-04-19,Completed,64.0,No
5400,221,55,2024-08-07,Completed,90.0,Yes
5401,664,62,2025-05-12,Completed,99.0,Yes
5402,1139,8,2024-10-27,Completed,91.0,Yes
5403,252,57,2025-06-27,Completed,99.0,Yes
5404,1767,55,2024-01-13,Completed,65.0,No
5405,92,53,2025-06-02,In Progress,,No
5406,1153,68,2024-03-23,Completed,68.0,No
5407,1403,41,2025-01-13,Completed,66.0,No
5408,2804,81,2025-11-12,Completed,70.0,No
5409,2873,91,2024-12-18,Completed,74.0,No
5410,133,32,2025-12-02,In Progress,,No
5411,2524,47,2025-08-30,Completed,61.0,No
5412,1662,64,2024-03-18,In Progress,,No
5413,1850,48,2025-02-27,Completed,100.0,Yes
5414,2552,9,2025-11-13,Completed,79.0,Yes
5415,2774,100,2024-12-31,Completed,97.0,Yes
5416,1524,37,2025-11-18,Not Completed,,No
5417,1009,33,2025-09-27,Completed,71.0,No
5418,561,33,2025-07-19,Completed,66.0,No
5419,453,6,2024-02-02,Completed,60.0,No
5420,2107,16,2024-06-01,Completed,67.0,No
5421,1690,71,2024-08-05,Completed,61.0,No
5422,1633,36,2024-07-02,Completed,88.0,Yes
5423,2003,21,2025-11-15,Completed,65.0,No
5424,2230,2,2024-09-16,Completed,62.0,No
5425,1835,14,2025-10-28,Completed,83.0,Yes
5426,2949,14,2024-11-29,Completed,61.0,No
5427,2885,8,2024-03-03,Not Completed,,No
5428,2083,6,2024-01-07,Completed,72.0,No
5429,1010,7,2025-07-27,Completed,66.0,No
5430,1361,11,2025-10-13,Completed,74.0,No
5431,1179,47,2024-02-19,Not Completed,,No
5432,1129,63,2025-02-23,Not Completed,,No
5433,717,15,2025-11-18,Completed,85.0,Yes
5434,72,73,2024-01-09,Completed,61.0,No
5435,2178,68,2025-01-07,Completed,82.0,Yes
5436,1745,91,2025-02-17,Completed,88.0,Yes
5437,2033,4,2025-09-25,Completed,76.0,Yes
5438,23,43,2025-01-05,Completed,95.0,Yes
5439,2487,52,2024-01-02,Completed,72.0,No
5440,1042,56,2025-12-13,Completed,88.0,Yes
5441,1790,20,2024-08-17,In Progress,,No
5442,263,68,2024-12-13,Completed,97.0,Yes
5443,2866,61,2024-08-18,Completed,68.0,No
5444,1090,52,2024-05-28,Completed,63.0,No
5445,1273,43,2025-12-07,Completed,66.0,No
5446,278,15,2025-12-22,Completed,61.0,No
5447,1990,86,2025-10-17,Completed,97.0,Yes
5448,153,3,2025-08-29,Completed,76.0,Yes
5449,2399,31,2025-09-20,Completed,76.0,Yes
5450,279,92,2025-05-31,Completed,95.0,Yes
5451,2853,35,2024-04-19,Completed,100.0,Yes
5452,1022,86,2024-01-16,Completed,80.0,Yes
5453,270,41,2025-09-27,Not Completed,,No
5454,1047,79,2025-06-12,Completed,62.0,No
5455,2416,39,2024-07-21,Completed,62.0,No
5456,2036,51,2025-02-22,Completed,98.0,Yes
5457,2019,82,2024-03-13,Completed,93.0,Yes
5458,814,60,2024-02-16,Completed,64.0,No
5459,1699,49,2024-12-21,Completed,67.0,No
5460,419,53,2025-06-21,Completed,78.0,Yes
5461,408,20,2024-09-30,In Progress,,No
5462,202,63,2024-02-15,Completed,78.0,Yes
5463,1017,30,2024-01-20,Completed,77.0,Yes
5464,1321,56,2024-07-30,In Progress,,No
5465,2744,76,2024-07-02,Completed,92.0,Yes
5466,2329,15,2025-02-24,Completed,97.0,Yes
5467,1828,2,2024-11-09,Not Completed,,No
5468,677,56,2025-12-12,Completed,76.0,Yes
5469,2705,18,2025-03-03,In Progress,,No
5470,209,66,2025-12-24,Completed,89.0,Yes
5471,703,14,2025-06-01,Completed,94.0,Yes
5472,649,85,2024-07-10,Completed,63.0,No
5473,2584,85,2024-01-06,Completed,61.0,No
5474,2236,11,2024-10-15,Completed,66.0,No
5475,2342,66,2024-07-25,Completed,99.0,Yes
5476,1838,19,2025-04-01,Completed,97.0,Yes
5477,343,57,2025-02-24,In Progress,,No
5478,2994,69,2025-07-03,Not Completed,,No
5479,1187,85,2024-09-28,Completed,97.0,Yes
5480,2239,52,2025-05-18,Completed,64.0,No
5481,1246,69,2025-01-08,In Progress,,No
5482,1849,46,2024-02-15,Completed,67.0,No
5483,2340,57,2024-02-23,Completed,74.0,No
5484,1532,57,2024-04-13,Not Completed,,No
5485,2209,23,2025-07-26,In Progress,,No
5486,1063,70,2024-12-25,Completed,61.0,No
5487,1312,61,2024-07-08,Completed,90.0,Yes
5488,774,49,2024-05-07,Completed,71.0,No
5489,2440,52,2024-05-12,Completed,79.0,Yes
5490,647,66,2024-05-24,Completed,65.0,No
5491,2763,76,2025-03-19,In Progress,,No
5492,2458,86,2024-04-29,Completed,70.0,No
5493,617,60,2025-07-14,Completed,92.0,Yes
5494,2370,86,2024-03-05,Completed,85.0,Yes
5495,1955,86,2025-12-05,In Progress,,No
5496,177,76,2024-03-01,Completed,77.0,Yes
5497,1060,12,2025-09-26,Completed,67.0,No
5498,461,46,2024-11-18,Completed,87.0,Yes
5499,2261,83,2025-05-02,Completed,91.0,Yes
5500,1164,87,2024-03-04,Completed,91.0,Yes
5501,2831,71,2024-06-06,In Progress,,No
5502,2961,49,2025-08-22,Completed,81.0,Yes
5503,2380,85,2025-10-02,Completed,89.0,Yes
5504,745,38,2025-12-08,Completed,85.0,Yes
5505,1728,90,2024-08-04,Completed,98.0,Yes
5506,1542,50,2025-11-23,Completed,99.0,Yes
5507,2506,55,2025-03-01,Completed,76.0,Yes
5508,2096,40,2024-03-19,Completed,88.0,Yes
5509,48,20,2025-09-08,Completed,88.0,Yes
5510,1581,19,2025-05-17,Completed,66.0,No
5511,2376,98,2025-05-24,Completed,82.0,Yes
5512,1666,36,2025-04-05,Completed,100.0,Yes
5513,2,65,2024-12-17,Completed,68.0,No
5514,910,35,2025-03-23,Not Completed,,No
5515,2854,65,2025-07-06,Completed,94.0,Yes
5516,1786,18,2025-06-26,Completed,62.0,No
5517,1619,62,2024-02-16,Not Completed,,No
5518,1824,78,2025-08-22,Completed,93.0,Yes
5519,91,80,2024-06-20,Completed,87.0,Yes
5520,366,39,2024-12-25,In Progress,,No
5521,2403,97,2025-06-20,Completed,67.0,No
5522,1017,46,2025-06-29,Not Completed,,No
5523,2622,21,2024-05-02,Completed,98.0,Yes
5524,838,92,2024-11-10,Not Completed,,No
5525,874,61,2024-04-08,Completed,74.0,No
5526,1400,24,2024-12-10,Completed,60.0,No
5527,180,33,2024-11-16,Not Completed,,No
5528,387,52,2024-04-16,Completed,92.0,Yes
5529,679,47,2025-07-12,Completed,61.0,No
5530,1141,97,2024-09-19,In Progress,,No
5531,1074,16,2024-05-07,Completed,69.0,No
5532,1303,84,2025-06-03,Completed,87.0,Yes
5533,2855,38,2025-09-10,Completed,72.0,No
5534,1706,52,2024-10-19,Completed,96.0,Yes
5535,1926,97,2025-09-22,In Progress,,No
5536,2113,17,2024-08-30,Completed,64.0,No
5537,2205,74,2024-06-26,Completed,98.0,Yes
5538,172,70,2024-03-24,Completed,100.0,Yes
5539,1642,60,2024-01-28,Completed,60.0,No
5540,596,13,2024-09-15,In Progress,,No
5541,1110,53,2025-10-08,Completed,88.0,Yes
5542,928,42,2024-04-23,Completed,66.0,No
5543,2567,49,2025-10-03,Completed,85.0,Yes
5544,2237,55,2025-08-04,In Progress,,No
5545,2529,32,2025-11-25,Completed,94.0,Yes
5546,1622,90,2024-11-14,Completed,97.0,Yes
5547,1277,65,2024-11-19,Completed,88.0,Yes
5548,2821,12,2024-03-19,Completed,79.0,Yes
5549,1070,41,2025-08-18,Completed,97.0,Yes
5550,202,15,2024-09-06,In Progress,,No
5551,2959,77,2024-05-17,Completed,68.0,No
5552,2816,100,2025-05-07,Completed,63.0,No
5553,1010,90,2024-12-18,Completed,83.0,Yes
5554,2846,6,2024-01-21,In Progress,,No
5555,1944,11,2025-12-17,Completed,64.0,No
5556,931,77,2024-08-30,Completed,63.0,No
5557,1618,27,2024-12-14,Completed,95.0,Yes
5558,1683,91,2025-02-24,Completed,75.0,Yes
5559,2109,75,2024-05-06,Completed,66.0,No
5560,2456,8,2025-06-22,Completed,83.0,Yes
5561,202,4,2024-07-08,Completed,60.0,No
5562,1234,18,2024-09-19,Completed,96.0,Yes
5563,1025,23,2025-03-20,Completed,97.0,Yes
5564,1537,88,2024-05-12,Completed,84.0,Yes
5565,2281,79,2024-12-29,In Progress,,No
5566,1682,7,2024-12-02,Completed,91.0,Yes
5567,1074,21,2025-02-02,Completed,87.0,Yes
5568,1290,55,2025-11-20,Completed,79.0,Yes
5569,2008,97,2024-10-27,In Progress,,No
5570,120,74,2025-09-15,Completed,94.0,Yes
5571,1307,29,2024-11-01,Completed,79.0,Yes
5572,2493,4,2025-11-23,Completed,92.0,Yes
5573,1514,34,2025-02-07,Completed,75.0,Yes
5574,536,82,2025-11-06,Completed,84.0,Yes
5575,1379,90,2025-03-12,Completed,86.0,Yes
5576,1625,81,2024-09-12,Completed,66.0,No
5577,1422,30,2024-11-18,Completed,98.0,Yes
5578,38,89,2024-03-31,In Progress,,No
5579,1743,21,2024-05-29,In Progress,,No
5580,486,23,2024-02-19,In Progress,,No
5581,1852,55,2024-04-10,Completed,71.0,No
5582,1960,89,2025-02-21,Not Completed,,No
5583,1644,18,2024-10-04,Completed,79.0,Yes
5584,276,50,2024-02-03,Completed,99.0,Yes
5585,725,36,2025-05-22,Completed,65.0,No
5586,379,48,2024-01-13,Completed,66.0,No
5587,2062,33,2025-10-09,In Progress,,No
5588,2620,50,2025-02-21,Completed,93.0,Yes
5589,26,98,2025-09-16,Not Completed,,No
5590,2199,2,2025-09-04,In Progress,,No
5591,2115,51,2025-12-24,Completed,97.0,Yes
5592,2289,17,2025-11-03,Completed,91.0,Yes
5593,709,74,2025-10-28,Completed,65.0,No
5594,1819,2,2024-09-29,Completed,82.0,Yes
5595,1120,58,2025-05-21,In Progress,,No
5596,1078,22,2024-04-01,Completed,86.0,Yes
5597,312,19,2025-05-30,Completed,87.0,Yes
5598,220,27,2025-07-11,Completed,70.0,No
5599,1961,44,2024-01-10,Completed,74.0,No
5600,2853,76,2025-07-15,Completed,82.0,Yes
5601,197,60,2024-11-17,Completed,94.0,Yes
5602,692,48,2025-04-03,Completed,100.0,Yes
5603,2106,23,2025-03-17,Not Completed,,No
5604,2752,72,2025-05-08,Completed,67.0,No
5605,2063,42,2024-09-18,Completed,74.0,No
5606,1483,97,2024-03-20,In Progress,,No
5607,1100,7,2024-08-21,Not Completed,,No
5608,1043,40,2024-04-21,Completed,87.0,Yes
5609,2672,60,2025-05-26,Completed,78.0,Yes
5610,807,10,2025-04-25,Completed,69.0,No
5611,632,92,2025-08-19,Completed,72.0,No
5612,1170,99,2025-10-14,Not Completed,,No
5613,2795,80,2024-08-11,Completed,91.0,Yes
5614,1847,57,2024-01-29,Completed,65.0,No
5615,1631,98,2025-02-28,In Progress,,No
5616,2643,83,2024-07-15,Completed,78.0,Yes
5617,2005,22,2025-03-09,Completed,70.0,No
5618,2208,49,2024-11-03,Completed,95.0,Yes
5619,1945,46,2025-10-28,Completed,64.0,No
5620,249,9,2025-02-06,Completed,94.0,Yes
5621,1012,6,2025-04-01,Completed,84.0,Yes
5622,797,5,2024-08-24,Completed,100.0,Yes
5623,1332,93,2025-02-23,Completed,74.0,No
5624,1093,80,2025-12-17,Completed,69.0,No
5625,1356,30,2025-08-14,In Progress,,No
5626,49,5,2024-08-02,In Progress,,No
5627,2868,82,2024-12-05,In Progress,,No
5628,284,92,2024-09-09,Completed,92.0,Yes
5629,1805,61,2024-02-14,In Progress,,No
5630,275,55,2025-02-24,Completed,92.0,Yes
5631,1143,33,2025-06-17,Completed,71.0,No
5632,1072,34,2025-06-16,Completed,83.0,Yes
5633,862,69,2025-04-01,Completed,94.0,Yes
5634,2820,9,2025-06-05,In Progress,,No
5635,891,58,2024-02-25,Completed,99.0,Yes
5636,439,2,2024-03-30,Completed,95.0,Yes
5637,987,83,2025-06-25,Completed,80.0,Yes
5638,2199,59,2024-10-07,Completed,69.0,No
5639,2100,85,2025-07-01,Not Completed,,No
5640,1582,80,2024-10-04,Completed,94.0,Yes
5641,2402,68,2024-10-19,Completed,87.0,Yes
5642,2829,77,2025-11-20,Completed,69.0,No
5643,1972,75,2024-10-30,Completed,80.0,Yes
5644,429,36,2025-12-02,Completed,90.0,Yes
5645,2790,18,2024-05-07,In Progress,,No
5646,150,12,2025-06-18,Completed,74.0,No
5647,2451,70,2024-06-17,In Progress,,No
5648,2911,33,2025-11-20,Completed,84.0,Yes
5649,835,72,2024-02-07,Completed,68.0,No
5650,1842,21,2024-03-24,Completed,97.0,Yes
5651,2327,14,2024-01-19,Completed,75.0,Yes
5652,2647,85,2025-11-19,Completed,67.0,No
5653,1606,21,2024-04-17,Completed,61.0,No
5654,2321,27,2025-02-22,In Progress,,No
5655,2118,66,2024-01-26,Not Completed,,No
5656,2916,74,2024-03-10,In Progress,,No
5657,688,19,2024-08-06,Completed,73.0,No
5658,62,24,2025-09-27,Completed,67.0,No
5659,67,9,2024-07-23,Completed,60.0,No
5660,1890,56,2024-07-21,Completed,84.0,Yes
5661,123,66,2025-12-04,Completed,62.0,No
5662,2445,86,2025-08-13,In Progress,,No
5663,2772,62,2024-08-23,In Progress,,No
5664,46,71,2025-04-30,Completed,67.0,No
5665,776,48,2025-01-21,Completed,78.0,Yes
5666,1183,8,2024-07-15,Completed,65.0,No
5667,964,71,2024-01-17,In Progress,,No
5668,2662,32,2025-06-03,Completed,80.0,Yes
5669,2416,66,2024-03-18,Completed,65.0,No
5670,1132,54,2024-07-06,Completed,90.0,Yes
5671,2628,18,2024-01-10,Completed,95.0,Yes
5672,1674,76,2025-06-29,Completed,79.0,Yes
5673,143,1,2024-08-18,Completed,66.0,No
5674,1873,97,2024-10-15,Completed,61.0,No
5675,15,48,2025-09-30,Completed,71.0,No
5676,1143,43,2025-02-17,In Progress,,No
5677,2410,49,2024-03-31,Not Completed,,No
5678,1358,3,2025-12-15,Completed,64.0,No
5679,189,56,2024-01-11,In Progress,,No
5680,1729,35,2025-08-25,Completed,84.0,Yes
5681,2652,51,2025-03-01,Completed,60.0,No
5682,1226,12,2025-06-02,In Progress,,No
5683,1156,1,2024-09-02,Completed,74.0,No
5684,2219,42,2024-11-12,In Progress,,No
5685,2423,35,2024-04-22,Completed,99.0,Yes
5686,172,67,2024-01-07,Completed,90.0,Yes
5687,2301,98,2025-10-07,Completed,83.0,Yes
5688,2246,26,2024-02-21,Completed,86.0,Yes
5689,1548,69,2024-04-03,Completed,69.0,No
5690,2548,52,2024-06-13,Completed,96.0,Yes
5691,1881,2,2025-05-05,Completed,98.0,Yes
5692,1776,72,2024-07-07,Completed,94.0,Yes
5693,2318,16,2024-03-18,Completed,100.0,Yes
5694,2517,10,2025-08-18,Completed,91.0,Yes
5695,2423,55,2025-01-06,Completed,83.0,Yes
5696,318,73,2024-03-10,Completed,89.0,Yes
5697,96,89,2025-01-27,Completed,84.0,Yes
5698,92,12,2025-11-30,Completed,68.0,No
5699,1862,81,2024-12-07,Completed,82.0,Yes
5700,766,49,2024-04-10,Completed,95.0,Yes
5701,2267,1,2024-11-04,Completed,65.0,No
5702,1510,18,2024-04-27,Completed,96.0,Yes
5703,1889,47,2025-05-14,In Progress,,No
5704,483,59,2025-09-18,Completed,80.0,Yes
5705,2893,12,2024-04-27,Completed,78.0,Yes
5706,2000,38,2024-08-14,Completed,68.0,No
5707,306,13,2024-11-07,Completed,71.0,No
5708,593,36,2025-12-11,Completed,95.0,Yes
5709,1650,18,2025-07-01,Completed,97.0,Yes
5710,667,19,2025-12-08,Completed,71.0,No
5711,1370,66,2024-04-13,Completed,90.0,Yes
5712,219,91,2024-06-18,Completed,88.0,Yes
5713,1083,93,2024-08-09,In Progress,,No
5714,541,14,2024-02-24,Completed,77.0,Yes
5715,1420,88,2024-09-19,In Progress,,No
5716,186,41,2024-07-30,Completed,91.0,Yes
5717,518,1,2024-10-15,Completed,92.0,Yes
5718,580,17,2024-08-31,In Progress,,No
5719,1504,64,2024-11-19,In Progress,,No
5720,2910,74,2025-08-18,In Progress,,No
5721,260,81,2024-07-26,Completed,63.0,No
5722,1680,36,2024-08-14,Completed,81.0,Yes
5723,1882,22,2024-09-08,Not Completed,,No
5724,1141,61,2025-08-19,Completed,68.0,No
5725,2061,21,2025-03-13,Not Completed,,No
5726,2503,42,2025-06-03,In Progress,,No
5727,1147,1,2025-02-01,In Progress,,No
5728,2131,84,2024-09-22,Completed,91.0,Yes
5729,2117,24,2025-09-12,In Progress,,No
5730,2938,58,2025-06-20,Completed,76.0,Yes
5731,1720,10,2025-12-22,Completed,68.0,No
5732,1529,1,2024-08-17,Completed,94.0,Yes
5733,1440,72,2024-12-02,Completed,63.0,No
5734,375,15,2025-05-16,Completed,63.0,No
5735,2501,23,2024-11-21,Completed,60.0,No
5736,448,85,2024-11-27,In Progress,,No
5737,1751,11,2025-08-13,Completed,71.0,No
5738,1486,30,2024-02-27,Completed,62.0,No
5739,1805,7,2024-10-22,In Progress,,No
5740,558,26,2024-12-09,In Progress,,No
5741,291,56,2024-02-10,Completed,89.0,Yes
5742,19,62,2025-01-07,Completed,60.0,No
5743,2066,74,2024-03-08,Completed,65.0,No
5744,2914,42,2024-04-01,Completed,95.0,Yes
5745,2646,19,2025-05-30,Completed,74.0,No
5746,1919,53,2024-06-23,Completed,93.0,Yes
5747,874,53,2024-05-24,Completed,96.0,Yes
5748,1054,36,2025-12-28,Completed,98.0,Yes
5749,474,53,2025-09-13,Not Completed,,No
5750,361,80,2025-10-13,In Progress,,No
5751,579,61,2025-09-03,Completed,92.0,Yes
5752,2206,11,2024-05-31,Completed,79.0,Yes
5753,146,34,2024-05-16,Completed,64.0,No
5754,1441,100,2025-04-08,Completed,69.0,No
5755,1652,29,2025-12-23,Completed,99.0,Yes
5756,1919,38,2024-04-14,Completed,64.0,No
5757,1794,33,2024-07-07,Completed,83.0,Yes
5758,1382,20,2024-07-04,Completed,75.0,Yes
5759,1662,35,2024-11-29,Completed,63.0,No
5760,1784,5,2024-07-20,Not Completed,,No
5761,794,76,2025-12-18,Completed,88.0,Yes
5762,1228,70,2025-10-02,Completed,76.0,Yes
5763,1244,23,2025-01-22,Completed,95.0,Yes
5764,1568,81,2025-11-07,Completed,74.0,No
5765,1221,52,2025-05-30,Not Completed,,No
5766,2213,7,2024-08-07,In Progress,,No
5767,1825,57,2025-05-26,Completed,63.0,No
5768,2887,7,2024-07-27,In Progress,,No
5769,2540,43,2024-02-28,Completed,88.0,Yes
5770,1627,21,2025-05-27,Completed,83.0,Yes
5771,2987,2,2024-08-16,Completed,71.0,No
5772,1366,99,2025-05-29,Completed,94.0,Yes
5773,2021,81,2024-07-09,Completed,62.0,No
5774,2729,77,2024-02-25,Completed,61.0,No
5775,409,11,2024-01-03,Completed,74.0,No
5776,1896,100,2024-06-09,Not Completed,,No
5777,389,77,2024-02-05,Completed,84.0,Yes
5778,79,19,2025-05-01,Not Completed,,No
5779,2885,57,2025-06-10,Completed,78.0,Yes
5780,2813,90,2025-07-18,Completed,63.0,No
5781,98,52,2024-10-16,Completed,100.0,Yes
5782,958,41,2024-12-19,Completed,83.0,Yes
5783,1098,90,2024-01-01,In Progress,,No
5784,2796,23,2024-05-07,In Progress,,No
5785,339,86,2025-10-17,Not Completed,,No
5786,1286,73,2024-09-05,Completed,88.0,Yes
5787,44,21,2024-08-10,Completed,63.0,No
5788,2866,7,2025-10-18,In Progress,,No
5789,1382,28,2025-05-02,Completed,67.0,No
5790,750,45,2024-06-17,In Progress,,No
5791,2682,88,2025-11-24,Not Completed,,No
5792,1803,82,2025-06-19,Completed,76.0,Yes
5793,1392,5,2025-11-06,In Progress,,No
5794,2017,13,2024-09-19,Completed,62.0,No
5795,529,60,2025-11-27,Completed,72.0,No
5796,1450,91,2025-05-23,Completed,63.0,No
5797,2638,4,2024-11-10,Completed,83.0,Yes
5798,2730,97,2025-07-14,In Progress,,No
5799,198,2,2024-04-09,In Progress,,No
5800,1180,87,2024-06-27,Not Completed,,No
5801,2955,2,2025-05-09,Completed,79.0,Yes
5802,486,1,2024-10-28,Completed,97.0,Yes
5803,129,28,2024-04-01,Completed,68.0,No
5804,2506,90,2024-09-24,Completed,92.0,Yes
5805,1165,9,2025-11-24,Not Completed,,No
5806,2568,79,2025-06-30,Completed,79.0,Yes
5807,907,84,2025-07-02,In Progress,,No
5808,2526,23,2024-09-05,Completed,99.0,Yes
5809,1472,45,2025-12-16,Not Completed,,No
5810,1532,88,2024-06-17,Completed,75.0,Yes
5811,188,47,2024-12-22,Completed,69.0,No
5812,243,53,2025-04-12,Completed,62.0,No
5813,2333,74,2025-06-13,Not Completed,,No
5814,1630,74,2025-06-13,Completed,61.0,No
5815,241,10,2025-09-17,Completed,95.0,Yes
5816,1956,34,2025-12-08,Completed,88.0,Yes
5817,1962,65,2024-07-18,Completed,75.0,Yes
5818,2936,28,2024-09-08,Completed,68.0,No
5819,1184,40,2024-08-17,Completed,96.0,Yes
5820,922,3,2024-05-18,Completed,83.0,Yes
5821,1878,49,2024-08-15,Completed,91.0,Yes
5822,1369,42,2024-07-31,Completed,70.0,No
5823,2593,45,2024-04-16,Completed,70.0,No
5824,299,64,2024-08-09,In Progress,,No
5825,1283,33,2025-04-18,Completed,84.0,Yes
5826,753,37,2024-01-19,Completed,85.0,Yes
5827,1044,24,2024-04-10,Completed,94.0,Yes
5828,766,85,2025-08-27,Completed,100.0,Yes
5829,2878,100,2025-02-23,In Progress,,No
5830,1261,43,2025-11-04,Completed,74.0,No
5831,286,2,2025-05-24,In Progress,,No
5832,2341,6,2025-05-23,Completed,62.0,No
5833,2773,6,2024-11-01,Completed,86.0,Yes
5834,2610,98,2024-05-17,Completed,60.0,No
5835,2277,53,2025-01-01,Not Completed,,No
5836,58,20,2024-10-27,Completed,75.0,Yes
5837,478,12,2025-03-26,In Progress,,No
5838,901,18,2025-04-15,Completed,88.0,Yes
5839,1154,87,2025-09-27,Completed,60.0,No
5840,1369,97,2025-05-03,Completed,89.0,Yes
5841,2305,72,2025-07-31,In Progress,,No
5842,1848,42,2024-12-15,Completed,94.0,Yes
5843,763,12,2025-01-29,In Progress,,No
5844,1735,40,2024-10-30,Completed,97.0,Yes
5845,946,31,2025-03-22,Completed,62.0,No
5846,35,89,2024-05-25,Completed,71.0,No
5847,1449,67,2024-10-10,Completed,83.0,Yes
5848,1893,60,2024-02-09,Completed,76.0,Yes
5849,2847,77,2025-08-13,In Progress,,No
5850,470,12,2025-04-09,Completed,88.0,Yes
5851,664,29,2025-05-24,In Progress,,No
5852,26,24,2025-03-31,Completed,95.0,Yes
5853,406,83,2025-01-10,Completed,70.0,No
5854,277,46,2024-08-23,Completed,70.0,No
5855,2149,16,2025-01-11,In Progress,,No
5856,2961,1,2024-05-23,Completed,91.0,Yes
5857,387,56,2025-08-17,Completed,96.0,Yes
5858,2061,56,2025-08-20,Completed,67.0,No
5859,1362,71,2025-11-10,Completed,83.0,Yes
5860,1282,73,2025-09-20,Completed,97.0,Yes
5861,686,91,2025-01-31,Completed,90.0,Yes
5862,2278,67,2024-08-15,Completed,84.0,Yes
5863,1392,31,2024-03-10,Completed,63.0,No
5864,885,9,2024-09-06,Completed,98.0,Yes
5865,2494,20,2024-09-08,Completed,84.0,Yes
5866,1965,23,2024-07-21,Completed,97.0,Yes
5867,1131,43,2025-11-24,In Progress,,No
5868,1274,7,2025-01-22,Not Completed,,No
5869,566,22,2024-08-15,Completed,92.0,Yes
5870,666,1,2024-10-20,Completed,90.0,Yes
5871,876,79,2024-01-07,Completed,95.0,Yes
5872,2562,30,2024-05-26,Completed,68.0,No
5873,243,33,2025-04-10,Completed,69.0,No
5874,1996,36,2025-11-07,Completed,77.0,Yes
5875,2150,96,2024-07-09,Completed,68.0,No
5876,1475,74,2025-07-19,Completed,86.0,Yes
5877,2872,2,2025-05-10,Completed,72.0,No
5878,54,17,2025-05-20,Completed,100.0,Yes
5879,208,36,2024-01-04,Completed,73.0,No
5880,2851,20,2024-11-15,In Progress,,No
5881,535,92,2024-07-26,Completed,68.0,No
5882,521,90,2025-05-21,Completed,82.0,Yes
5883,999,48,2025-06-09,In Progress,,No
5884,536,65,2024-07-02,Completed,62.0,No
5885,193,53,2024-10-25,Completed,81.0,Yes
5886,12,88,2025-12-16,Completed,72.0,No
5887,236,45,2025-08-28,Not Completed,,No
5888,946,57,2024-02-18,Completed,98.0,Yes
5889,1630,75,2024-11-04,Completed,82.0,Yes
5890,919,17,2025-04-07,Completed,94.0,Yes
5891,2670,21,2024-05-12,Completed,61.0,No
5892,368,54,2025-05-16,Not Completed,,No
5893,1924,39,2025-08-31,Completed,64.0,No
5894,168,21,2025-10-11,Completed,98.0,Yes
5895,894,16,2025-11-25,Completed,93.0,Yes
5896,120,34,2024-07-06,In Progress,,No
5897,1131,9,2024-01-16,Completed,94.0,Yes
5898,665,20,2024-10-15,Completed,85.0,Yes
5899,486,54,2025-08-09,Completed,72.0,No
5900,229,47,2024-09-14,Completed,92.0,Yes
5901,1711,51,2024-12-16,Completed,83.0,Yes
5902,1570,30,2025-11-17,Completed,62.0,No
5903,345,74,2024-01-09,Completed,69.0,No
5904,1483,47,2024-03-03,Completed,85.0,Yes
5905,1176,100,2025-10-04,Completed,97.0,Yes
5906,1231,84,2024-03-14,Completed,76.0,Yes
5907,1604,26,2024-03-09,Completed,87.0,Yes
5908,773,92,2024-07-23,Completed,98.0,Yes
5909,1409,2,2024-01-31,Completed,86.0,Yes
5910,1544,22,2024-12-27,Completed,98.0,Yes
5911,692,50,2025-10-20,Completed,68.0,No
5912,363,38,2024-07-02,Completed,67.0,No
5913,1048,28,2024-07-21,Not Completed,,No
5914,1408,84,2024-09-21,Completed,68.0,No
5915,1092,87,2024-10-07,Completed,80.0,Yes
5916,2103,82,2025-07-30,Completed,92.0,Yes
5917,161,69,2025-05-10,In Progress,,No
5918,2815,80,2025-10-09,Completed,98.0,Yes
5919,1670,19,2024-11-26,Completed,99.0,Yes
5920,2914,11,2025-07-21,Completed,79.0,Yes
5921,2797,49,2025-01-26,Completed,96.0,Yes
5922,2293,44,2024-06-15,Completed,72.0,No
5923,549,93,2025-02-19,In Progress,,No
5924,1154,59,2025-05-24,Not Completed,,No
5925,765,47,2025-03-22,Not Completed,,No
5926,2178,31,2024-08-28,Completed,83.0,Yes
5927,829,5,2025-10-02,Completed,76.0,Yes
5928,987,10,2025-12-02,In Progress,,No
5929,2739,68,2024-09-05,Completed,83.0,Yes
5930,1532,93,2025-10-17,Completed,61.0,No
5931,2981,50,2025-08-25,Completed,89.0,Yes
5932,2309,87,2024-08-21,In Progress,,No
5933,1858,52,2025-11-08,Completed,81.0,Yes
5934,2957,99,2024-02-20,Completed,77.0,Yes
5935,2604,43,2025-12-11,In Progress,,No
5936,1477,31,2025-05-27,In Progress,,No
5937,1935,35,2024-10-24,Completed,96.0,Yes
5938,2060,49,2025-09-13,Completed,98.0,Yes
5939,261,56,2024-06-30,Not Completed,,No
5940,519,11,2025-05-22,Completed,77.0,Yes
5941,1516,3,2024-09-02,Completed,78.0,Yes
5942,2346,43,2025-09-28,Completed,60.0,No
5943,2533,40,2024-07-03,In Progress,,No
5944,760,98,2025-08-09,Completed,81.0,Yes
5945,1324,48,2024-09-17,Completed,69.0,No
5946,1238,58,2024-02-25,Completed,85.0,Yes
5947,56,59,2025-11-24,Completed,75.0,Yes
5948,1132,18,2024-06-23,In Progress,,No
5949,487,35,2025-02-25,Completed,97.0,Yes
5950,1172,7,2025-09-06,Completed,67.0,No
5951,1085,84,2024-08-28,Not Completed,,No
5952,1016,21,2024-04-23,Completed,72.0,No
5953,477,39,2024-01-21,In Progress,,No
5954,875,92,2024-03-15,Completed,79.0,Yes
5955,1855,73,2024-07-31,In Progress,,No
5956,926,14,2025-08-13,Completed,89.0,Yes
5957,2789,3,2024-04-21,Not Completed,,No
5958,2031,68,2025-04-28,Completed,67.0,No
5959,685,19,2025-09-25,In Progress,,No
5960,326,48,2025-11-24,In Progress,,No
5961,379,72,2024-04-26,Completed,88.0,Yes
5962,857,47,2024-04-30,Completed,70.0,No
5963,2695,36,2025-01-14,In Progress,,No
5964,1774,65,2025-12-07,Completed,71.0,No
5965,1094,88,2024-05-07,Completed,76.0,Yes
5966,200,15,2025-10-22,Completed,91.0,Yes
5967,2655,87,2025-02-02,Completed,70.0,No
5968,1684,44,2025-04-06,Completed,93.0,Yes
5969,605,29,2025-09-01,In Progress,,No
5970,1896,58,2025-10-19,In Progress,,No
5971,1640,88,2025-09-27,Completed,87.0,Yes
5972,799,60,2024-07-16,Completed,72.0,No
5973,254,83,2024-09-18,Completed,77.0,Yes
5974,2578,90,2025-03-20,In Progress,,No
5975,1800,69,2025-12-02,Completed,69.0,No
5976,1334,84,2025-07-09,Completed,83.0,Yes
5977,149,4,2025-11-03,Completed,62.0,No
5978,1982,88,2024-10-23,In Progress,,No
5979,270,40,2025-03-16,Completed,68.0,No
5980,2714,25,2024-01-29,Completed,89.0,Yes
5981,2475,39,2025-10-24,Completed,61.0,No
5982,2836,16,2024-09-06,Completed,96.0,Yes
5983,1631,68,2025-09-06,Completed,73.0,No
5984,2844,12,2024-03-05,In Progress,,No
5985,144,26,2025-08-16,Completed,70.0,No
5986,2550,45,2025-10-09,Completed,84.0,Yes
5987,2123,100,2024-05-27,Completed,69.0,No
5988,2462,83,2025-07-06,Completed,61.0,No
5989,1986,32,2024-05-30,Completed,100.0,Yes
5990,2521,46,2025-05-13,Completed,83.0,Yes
5991,2701,88,2025-02-14,In Progress,,No
5992,608,22,2024-01-03,Completed,75.0,Yes
5993,930,90,2024-08-20,Completed,88.0,Yes
5994,2472,78,2024-04-25,Completed,93.0,Yes
5995,1490,61,2024-12-13,Completed,78.0,Yes
5996,1451,29,2025-06-20,Completed,74.0,No
5997,1749,12,2024-10-10,Completed,87.0,Yes
5998,1924,51,2024-03-06,Completed,62.0,No
5999,2258,59,2025-02-27,Completed,63.0,No
6000,1594,78,2024-02-22,Completed,71.0,No
6001,2072,21,2025-05-31,Completed,67.0,No
6002,819,49,2025-02-05,In Progress,,No
6003,2013,16,2024-11-16,Completed,60.0,No
6004,1451,83,2025-11-08,Completed,66.0,No
6005,2268,29,2024-02-01,In Progress,,No
6006,2287,87,2024-04-08,In Progress,,No
6007,2893,12,2025-05-09,Completed,71.0,No
6008,2020,86,2025-10-07,Not Completed,,No
6009,1781,91,2024-09-26,Completed,100.0,Yes
6010,1058,100,2024-07-03,Completed,94.0,Yes
6011,1329,57,2024-10-10,Completed,72.0,No
6012,595,27,2024-10-30,Completed,68.0,No
6013,888,89,2025-12-21,Not Completed,,No
6014,581,21,2024-02-22,Not Completed,,No
6015,2083,3,2025-06-03,In Progress,,No
6016,1197,33,2024-11-07,Completed,98.0,Yes
6017,1418,72,2025-02-18,Not Completed,,No
6018,2319,20,2025-10-02,Not Completed,,No
6019,755,23,2025-01-23,Completed,100.0,Yes
6020,1659,8,2025-05-10,Completed,82.0,Yes
6021,1383,28,2024-10-22,Completed,99.0,Yes
6022,1596,32,2025-03-29,Completed,63.0,No
6023,2603,93,2024-12-25,In Progress,,No
6024,274,83,2025-04-25,Completed,75.0,Yes
6025,1113,51,2024-12-31,Completed,63.0,No
6026,1130,14,2024-05-13,Completed,91.0,Yes
6027,26,63,2025-02-11,In Progress,,No
6028,2290,40,2025-09-30,Completed,74.0,No
6029,1327,20,2025-01-03,Completed,95.0,Yes
6030,901,100,2024-08-28,Completed,64.0,No
6031,2708,8,2025-06-04,Completed,85.0,Yes
6032,2720,52,2025-08-07,Completed,78.0,Yes
6033,2691,47,2024-04-28,Completed,90.0,Yes
6034,2993,36,2024-02-04,Completed,80.0,Yes
6035,1481,41,2025-09-04,Completed,62.0,No
6036,714,81,2024-07-09,Completed,64.0,No
6037,355,55,2024-08-16,Completed,83.0,Yes
6038,1097,10,2024-01-27,Not Completed,,No
6039,1352,55,2025-06-26,Completed,81.0,Yes
6040,2747,12,2024-11-20,Completed,96.0,Yes
6041,2427,28,2024-10-24,Completed,84.0,Yes
6042,2242,64,2025-11-23,Completed,88.0,Yes
6043,247,62,2024-04-11,Completed,71.0,No
6044,562,3,2025-09-24,In Progress,,No
6045,649,86,2025-05-13,Completed,87.0,Yes
6046,2671,64,2025-04-01,Completed,99.0,Yes
6047,614,40,2024-04-21,Completed,65.0,No
6048,2342,32,2025-12-02,Completed,72.0,No
6049,2541,52,2025-11-26,Completed,87.0,Yes
6050,2652,59,2024-03-15,Completed,96.0,Yes
6051,2144,61,2025-03-04,Completed,96.0,Yes
6052,1747,63,2025-09-14,Completed,70.0,No
6053,948,11,2024-03-19,In Progress,,No
6054,541,57,2025-11-12,Completed,71.0,No
6055,1886,44,2025-08-03,Completed,61.0,No
6056,2191,80,2024-04-11,Completed,93.0,Yes
6057,1722,46,2024-01-20,Completed,94.0,Yes
6058,852,81,2025-04-24,Completed,100.0,Yes
6059,832,15,2025-10-25,Completed,79.0,Yes
6060,1566,43,2025-09-29,Completed,100.0,Yes
6061,2100,87,2025-12-09,Completed,61.0,No
6062,2609,43,2024-11-12,Completed,97.0,Yes
6063,593,6,2025-07-10,Completed,67.0,No
6064,284,46,2024-06-28,Completed,97.0,Yes
6065,1430,63,2024-03-08,In Progress,,No
6066,1116,37,2024-12-13,In Progress,,No
6067,1164,62,2024-10-26,Completed,89.0,Yes
6068,5,18,2025-03-01,Completed,63.0,No
6069,1902,51,2025-04-17,Completed,95.0,Yes
6070,2726,98,2025-08-27,Completed,94.0,Yes
6071,1220,74,2024-02-07,Completed,85.0,Yes
6072,1268,12,2025-10-03,Completed,88.0,Yes
6073,1580,45,2025-10-02,Completed,72.0,No
6074,1053,43,2025-08-29,Completed,62.0,No
6075,1001,46,2024-05-31,Completed,86.0,Yes
6076,1927,26,2024-10-17,Completed,74.0,No
6077,1116,73,2025-05-08,Completed,84.0,Yes
6078,1903,57,2025-02-24,Completed,71.0,No
6079,2317,84,2024-02-02,Completed,100.0,Yes
6080,2851,49,2024-10-04,Completed,96.0,Yes
6081,203,89,2025-05-02,Completed,73.0,No
6082,2946,2,2024-05-06,Completed,89.0,Yes
6083,452,21,2025-05-19,Completed,82.0,Yes
6084,1694,87,2024-11-11,Completed,89.0,Yes
6085,962,11,2025-10-29,Completed,79.0,Yes
6086,2516,38,2025-02-27,In Progress,,No
6087,2543,72,2024-02-10,In Progress,,No
6088,1374,79,2025-02-17,In Progress,,No
6089,1696,85,2024-06-20,Completed,78.0,Yes
6090,1354,97,2025-04-25,Completed,79.0,Yes
6091,907,40,2024-09-10,Completed,78.0,Yes
6092,1251,79,2024-07-10,Completed,64.0,No
6093,2472,76,2025-01-25,Completed,96.0,Yes
6094,994,91,2024-09-19,Completed,98.0,Yes
6095,1059,36,2024-05-29,In Progress,,No
6096,928,74,2025-06-30,Completed,78.0,Yes
6097,1680,34,2025-11-29,In Progress,,No
6098,702,19,2025-06-13,Completed,95.0,Yes
6099,1345,65,2025-06-27,Completed,97.0,Yes
6100,2962,62,2025-01-13,Completed,98.0,Yes
6101,2358,86,2025-03-23,Completed,73.0,No
6102,2632,99,2025-01-13,In Progress,,No
6103,2387,35,2024-07-28,In Progress,,No
6104,425,2,2025-10-25,Completed,70.0,No
6105,2339,58,2024-06-16,Not Completed,,No
6106,472,62,2024-04-14,Completed,71.0,No
6107,1339,39,2024-11-08,Completed,90.0,Yes
6108,2125,45,2025-12-07,In Progress,,No
6109,2908,53,2025-07-02,Completed,100.0,Yes
6110,2399,17,2025-01-24,Completed,90.0,Yes
6111,515,5,2024-07-07,In Progress,,No
6112,1237,36,2024-05-18,Completed,62.0,No
6113,1563,9,2024-02-15,Completed,79.0,Yes
6114,916,73,2025-05-19,Completed,99.0,Yes
6115,580,95,2024-07-24,Completed,61.0,No
6116,437,18,2025-08-09,In Progress,,No
6117,1891,43,2024-08-08,Completed,73.0,No
6118,1460,68,2025-10-05,In Progress,,No
6119,780,43,2024-01-23,Completed,85.0,Yes
6120,2776,61,2024-12-17,Completed,100.0,Yes
6121,2275,56,2025-10-29,Not Completed,,No
6122,324,74,2024-12-12,Not Completed,,No
6123,1070,91,2024-06-12,Completed,64.0,No
6124,775,34,2024-01-25,Completed,79.0,Yes
6125,1589,29,2024-07-18,Completed,85.0,Yes
6126,2221,71,2024-04-10,Completed,74.0,No
6127,1215,24,2025-01-13,Completed,73.0,No
6128,646,86,2025-11-30,Completed,86.0,Yes
6129,1019,25,2025-02-06,Completed,62.0,No
6130,751,34,2024-02-09,Completed,78.0,Yes
6131,77,39,2025-06-19,Completed,66.0,No
6132,2926,75,2025-07-28,Completed,88.0,Yes
6133,2213,4,2024-11-16,Completed,85.0,Yes
6134,2912,91,2024-09-13,Completed,80.0,Yes
6135,2331,36,2024-03-21,In Progress,,No
6136,206,20,2024-02-16,Completed,97.0,Yes
6137,2679,12,2025-10-18,In Progress,,No
6138,1795,37,2024-03-03,Completed,91.0,Yes
6139,772,5,2024-12-06,Completed,76.0,Yes
6140,240,20,2024-07-06,Completed,80.0,Yes
6141,193,21,2025-01-31,Completed,83.0,Yes
6142,2497,36,2025-02-15,Completed,95.0,Yes
6143,743,58,2024-06-23,Completed,81.0,Yes
6144,815,26,2024-11-12,Completed,70.0,No
6145,2555,30,2024-09-22,Completed,69.0,No
6146,551,43,2024-02-04,Completed,61.0,No
6147,883,27,2025-04-01,Completed,66.0,No
6148,941,3,2024-05-21,In Progress,,No
6149,1673,60,2024-06-28,Completed,76.0,Yes
6150,2746,55,2024-07-10,Completed,67.0,No
6151,44,57,2025-02-21,Completed,83.0,Yes
6152,582,100,2024-12-13,In Progress,,No
6153,1423,97,2024-01-27,Completed,99.0,Yes
6154,1021,96,2025-09-08,In Progress,,No
6155,2629,48,2024-11-22,Completed,77.0,Yes
6156,709,30,2025-07-23,Completed,65.0,No
6157,1059,63,2024-07-25,Completed,95.0,Yes
6158,888,35,2024-10-17,Completed,61.0,No
6159,192,17,2024-10-20,Completed,68.0,No
6160,279,75,2025-07-07,Completed,89.0,Yes
6161,68,12,2024-08-29,In Progress,,No
6162,670,85,2024-02-05,Completed,70.0,No
6163,214,48,2024-10-23,Completed,78.0,Yes
6164,1061,85,2025-03-05,Completed,86.0,Yes
6165,1895,94,2025-06-02,In Progress,,No
6166,1951,83,2025-07-23,Completed,66.0,No
6167,1316,34,2025-12-28,Completed,91.0,Yes
6168,2461,24,2025-08-17,Completed,99.0,Yes
6169,205,50,2024-06-14,In Progress,,No
6170,932,69,2025-01-07,Completed,94.0,Yes
6171,1806,20,2025-05-04,In Progress,,No
6172,2577,19,2024-11-14,Completed,90.0,Yes
6173,737,20,2025-03-08,Completed,64.0,No
6174,2396,89,2024-08-28,Completed,62.0,No
6175,2187,37,2025-04-22,Completed,85.0,Yes
6176,2969,95,2025-11-26,Completed,92.0,Yes
6177,1989,32,2024-11-24,Completed,75.0,Yes
6178,2349,99,2024-01-27,Completed,88.0,Yes
6179,764,13,2025-06-08,In Progress,,No
6180,194,16,2024-05-16,Completed,65.0,No
6181,172,31,2024-06-09,Completed,92.0,Yes
6182,1704,96,2025-03-12,Completed,95.0,Yes
6183,1862,7,2024-07-14,Completed,64.0,No
6184,1986,38,2025-08-29,In Progress,,No
6185,924,77,2025-07-15,Completed,100.0,Yes
6186,2408,80,2025-02-15,Completed,66.0,No
6187,730,77,2025-07-22,Completed,82.0,Yes
6188,2024,14,2025-12-04,Completed,67.0,No
6189,2017,50,2024-02-13,Completed,69.0,No
6190,903,72,2024-01-27,Completed,75.0,Yes
6191,88,47,2024-06-19,Completed,70.0,No
6192,613,19,2025-01-23,In Progress,,No
6193,1544,87,2025-12-27,Completed,71.0,No
6194,2422,83,2025-03-08,Completed,76.0,Yes
6195,800,95,2025-04-19,Completed,72.0,No
6196,801,26,2024-08-28,Completed,94.0,Yes
6197,1206,39,2025-03-22,Not Completed,,No
6198,1249,65,2024-04-14,Completed,61.0,No
6199,2045,66,2024-09-27,In Progress,,No
6200,49,35,2025-08-30,Completed,81.0,Yes
6201,43,48,2024-09-15,Completed,70.0,No
6202,2079,88,2024-05-06,Completed,84.0,Yes
6203,1283,25,2025-11-28,Completed,99.0,Yes
6204,2036,33,2024-12-30,Completed,88.0,Yes
6205,1628,55,2025-10-28,Completed,71.0,No
6206,656,77,2024-01-06,Completed,73.0,No
6207,956,35,2024-09-29,Completed,86.0,Yes
6208,1943,41,2025-09-18,Completed,91.0,Yes
6209,1470,73,2024-08-17,Completed,70.0,No
6210,330,52,2024-02-16,Completed,86.0,Yes
6211,581,78,2024-11-13,Completed,65.0,No
6212,2346,93,2024-04-09,Completed,83.0,Yes
6213,619,76,2024-12-04,In Progress,,No
6214,1322,99,2025-01-26,Completed,64.0,No
6215,622,76,2025-12-11,Completed,62.0,No
6216,1648,30,2025-10-13,Completed,97.0,Yes
6217,2738,93,2024-06-17,Completed,89.0,Yes
6218,2646,53,2025-04-17,In Progress,,No
6219,2961,38,2024-05-07,Completed,99.0,Yes
6220,176,56,2025-09-06,Completed,71.0,No
6221,2717,34,2024-05-12,Completed,81.0,Yes
6222,2648,86,2024-04-16,Completed,61.0,No
6223,797,27,2024-11-09,Completed,66.0,No
6224,2682,69,2025-03-28,Completed,74.0,No
6225,179,35,2025-05-28,Completed,62.0,No
6226,2886,21,2025-03-26,Completed,74.0,No
6227,725,20,2025-08-25,Completed,65.0,No
6228,313,48,2024-04-20,Completed,71.0,No
6229,2715,15,2025-12-14,Completed,92.0,Yes
6230,630,56,2025-04-25,Completed,94.0,Yes
6231,2046,52,2025-01-11,Completed,94.0,Yes
6232,426,98,2025-12-05,Completed,60.0,No
6233,1339,34,2024-08-25,Completed,93.0,Yes
6234,1596,40,2024-01-22,Completed,63.0,No
6235,548,87,2024-09-13,Not Completed,,No
6236,728,73,2025-05-15,Completed,84.0,Yes
6237,2040,57,2024-08-24,In Progress,,No
6238,1002,41,2025-01-02,Completed,90.0,Yes
6239,2613,52,2025-11-24,Completed,84.0,Yes
6240,1274,100,2025-02-18,Completed,85.0,Yes
6241,1784,93,2024-01-19,Completed,98.0,Yes
6242,2698,24,2024-06-25,Completed,78.0,Yes
6243,2929,56,2025-05-18,Completed,69.0,No
6244,734,10,2024-12-30,In Progress,,No
6245,1252,89,2025-03-09,Completed,61.0,No
6246,669,79,2024-03-28,Completed,78.0,Yes
6247,462,37,2024-07-04,Completed,73.0,No
6248,2328,99,2025-11-04,Completed,92.0,Yes
6249,459,12,2025-09-08,In Progress,,No
6250,1829,20,2025-06-01,Completed,99.0,Yes
6251,1665,76,2025-07-02,In Progress,,No
6252,1138,74,2024-07-27,Completed,99.0,Yes
6253,2670,21,2024-03-15,Completed,66.0,No
6254,455,95,2024-09-01,Completed,72.0,No
6255,899,56,2024-05-25,Completed,63.0,No
6256,2819,96,2024-07-01,Completed,61.0,No
6257,256,1,2024-06-21,Completed,60.0,No
6258,661,70,2024-11-18,Completed,72.0,No
6259,1623,25,2024-08-11,Completed,94.0,Yes
6260,16,42,2025-06-23,In Progress,,No
6261,736,35,2025-02-27,Completed,80.0,Yes
6262,963,71,2024-12-28,Completed,93.0,Yes
6263,2266,89,2024-08-02,Completed,82.0,Yes
6264,2523,22,2025-09-16,Completed,86.0,Yes
6265,2505,8,2025-08-16,Completed,96.0,Yes
6266,2188,90,2025-10-16,Completed,85.0,Yes
6267,1787,32,2025-02-27,Completed,89.0,Yes
6268,727,72,2025-06-27,In Progress,,No
6269,848,65,2025-11-18,Not Completed,,No
6270,2758,27,2025-01-19,Completed,84.0,Yes
6271,1670,96,2025-02-23,Completed,90.0,Yes
6272,2601,15,2024-03-18,Completed,81.0,Yes
6273,2222,97,2024-09-12,In Progress,,No
6274,1649,23,2024-12-07,In Progress,,No
6275,1016,56,2025-09-29,Completed,66.0,No
6276,4,10,2024-01-15,Completed,66.0,No
6277,643,26,2024-10-06,Completed,92.0,Yes
6278,2937,78,2024-10-26,In Progress,,No
6279,2082,94,2024-04-11,Completed,94.0,Yes
6280,1431,24,2025-08-24,Not Completed,,No
6281,2984,9,2024-07-20,Completed,98.0,Yes
6282,2901,98,2024-12-26,Completed,80.0,Yes
6283,1664,62,2025-12-19,Completed,61.0,No
6284,2666,6,2024-08-07,Completed,66.0,No
6285,2963,48,2024-03-18,Completed,100.0,Yes
6286,685,1,2024-11-14,In Progress,,No
6287,2141,13,2025-12-18,Completed,94.0,Yes
6288,1092,32,2024-07-09,In Progress,,No
6289,522,60,2024-08-25,Completed,99.0,Yes
6290,479,59,2024-03-29,Completed,86.0,Yes
6291,2846,15,2025-04-27,In Progress,,No
6292,1717,75,2025-05-22,Completed,97.0,Yes
6293,2635,32,2025-04-30,In Progress,,No
6294,1434,85,2025-09-22,Completed,79.0,Yes
6295,2934,94,2024-12-08,Completed,61.0,No
6296,1544,48,2024-06-28,Completed,85.0,Yes
6297,2187,50,2024-01-26,Completed,85.0,Yes
6298,1450,74,2024-05-31,Completed,99.0,Yes
6299,567,42,2025-02-12,In Progress,,No
6300,2527,65,2024-07-17,Completed,79.0,Yes
6301,1407,42,2025-11-09,Completed,70.0,No
6302,2750,56,2024-08-31,Completed,77.0,Yes
6303,1821,95,2025-06-15,Completed,60.0,No
6304,2373,78,2025-12-28,Completed,68.0,No
6305,2570,61,2024-08-17,Completed,77.0,Yes
6306,1688,55,2024-01-24,Completed,99.0,Yes
6307,258,98,2025-02-17,Completed,79.0,Yes
6308,1624,63,2025-02-08,Completed,99.0,Yes
6309,2267,77,2024-08-09,Completed,60.0,No
6310,1045,72,2024-11-08,Completed,91.0,Yes
6311,2339,37,2024-06-05,Completed,99.0,Yes
6312,2086,25,2024-09-07,Completed,64.0,No
6313,2065,39,2024-06-09,In Progress,,No
6314,994,37,2024-12-16,Completed,89.0,Yes
6315,2126,81,2025-10-07,In Progress,,No
6316,2382,69,2024-07-23,Completed,85.0,Yes
6317,438,49,2024-09-11,In Progress,,No
6318,2187,4,2025-07-31,Completed,97.0,Yes
6319,41,78,2025-11-15,Completed,80.0,Yes
6320,2109,51,2025-02-02,Completed,100.0,Yes
6321,1339,22,2025-02-01,In Progress,,No
6322,672,52,2025-11-06,Completed,62.0,No
6323,161,51,2025-06-17,Completed,89.0,Yes
6324,2466,8,2025-01-08,Completed,95.0,Yes
6325,734,35,2025-08-17,Completed,94.0,Yes
6326,1469,67,2025-04-24,Completed,76.0,Yes
6327,3,72,2024-02-24,Completed,74.0,No
6328,2348,72,2025-07-06,In Progress,,No
6329,1352,62,2024-09-05,Completed,62.0,No
6330,2258,31,2024-04-22,Completed,94.0,Yes
6331,1073,96,2024-05-01,Completed,90.0,Yes
6332,2267,45,2025-11-30,Not Completed,,No
6333,60,20,2025-07-19,Completed,75.0,Yes
6334,1832,48,2024-10-18,In Progress,,No
6335,194,1,2025-07-15,In Progress,,No
6336,2950,50,2025-06-05,Completed,82.0,Yes
6337,418,76,2024-12-29,Completed,85.0,Yes
6338,2444,46,2025-12-13,In Progress,,No
6339,1465,50,2024-08-11,Completed,61.0,No
6340,1070,99,2025-02-24,Completed,95.0,Yes
6341,2218,86,2025-06-30,Completed,88.0,Yes
6342,1206,56,2024-11-03,In Progress,,No
6343,2059,98,2024-04-29,Completed,63.0,No
6344,2678,16,2025-04-16,Completed,61.0,No
6345,1698,83,2025-03-30,Completed,70.0,No
6346,128,15,2024-10-07,In Progress,,No
6347,1752,48,2025-10-15,Completed,73.0,No
6348,504,7,2024-07-03,In Progress,,No
6349,1242,33,2025-10-13,Completed,78.0,Yes
6350,178,51,2024-06-19,Completed,98.0,Yes
6351,1729,72,2025-03-09,Completed,81.0,Yes
6352,1642,48,2024-05-29,In Progress,,No
6353,1548,19,2024-05-26,Completed,62.0,No
6354,479,42,2025-08-21,Completed,68.0,No
6355,2504,77,2024-02-27,In Progress,,No
6356,561,41,2024-03-20,Completed,90.0,Yes
6357,731,24,2024-02-02,In Progress,,No
6358,741,16,2025-07-26,In Progress,,No
6359,967,28,2024-01-25,Completed,81.0,Yes
6360,2653,85,2024-05-21,In Progress,,No
6361,1060,64,2024-12-20,Completed,61.0,No
6362,1244,70,2024-09-25,Completed,84.0,Yes
6363,1526,77,2025-09-07,Completed,80.0,Yes
6364,1337,22,2024-12-12,Completed,87.0,Yes
6365,2189,29,2025-06-07,Completed,74.0,No
6366,336,18,2024-11-05,Completed,91.0,Yes
6367,894,14,2024-08-18,Completed,82.0,Yes
6368,231,1,2025-03-07,Completed,98.0,Yes
6369,524,85,2024-01-02,Completed,85.0,Yes
6370,279,92,2024-08-22,Completed,65.0,No
6371,2622,19,2025-06-09,Completed,75.0,Yes
6372,2027,21,2025-08-08,Completed,89.0,Yes
6373,2196,83,2025-06-10,Completed,77.0,Yes
6374,2530,45,2025-06-26,Completed,75.0,Yes
6375,2270,42,2024-10-09,Completed,80.0,Yes
6376,2739,40,2025-09-23,Completed,97.0,Yes
6377,574,92,2024-03-10,Completed,82.0,Yes
6378,416,52,2024-05-04,In Progress,,No
6379,1343,63,2025-10-24,Completed,92.0,Yes
6380,1838,9,2024-05-26,Completed,65.0,No
6381,2168,82,2024-10-31,Completed,63.0,No
6382,2455,12,2024-01-18,Completed,79.0,Yes
6383,1259,35,2024-04-14,Completed,89.0,Yes
6384,2616,28,2024-07-20,Completed,83.0,Yes
6385,1219,57,2025-09-20,Completed,69.0,No
6386,2998,96,2024-12-16,In Progress,,No
6387,1212,15,2024-03-30,In Progress,,No
6388,1890,16,2024-09-11,In Progress,,No
6389,2877,74,2025-11-17,Completed,79.0,Yes
6390,1186,78,2024-04-14,Completed,76.0,Yes
6391,948,63,2024-10-15,Completed,81.0,Yes
6392,911,25,2024-01-30,Completed,61.0,No
6393,1726,11,2024-12-31,Completed,73.0,No
6394,282,89,2025-05-20,In Progress,,No
6395,2462,24,2024-11-04,Completed,93.0,Yes
6396,2102,61,2025-06-08,Completed,62.0,No
6397,2281,9,2025-07-10,Completed,71.0,No
6398,1966,70,2024-01-05,Completed,71.0,No
6399,1169,72,2024-08-10,Completed,60.0,No
6400,2803,9,2024-09-14,Completed,80.0,Yes
6401,1824,89,2025-12-25,Completed,67.0,No
6402,2708,28,2024-02-11,Completed,80.0,Yes
6403,2986,29,2024-04-23,In Progress,,No
6404,205,13,2025-05-07,Completed,92.0,Yes
6405,1460,55,2024-09-20,Completed,66.0,No
6406,1199,36,2025-01-09,Completed,72.0,No
6407,2034,12,2025-06-08,In Progress,,No
6408,1552,21,2025-03-02,Completed,88.0,Yes
6409,2412,9,2024-09-09,Completed,85.0,Yes
6410,920,27,2024-10-18,Not Completed,,No
6411,560,76,2025-06-27,In Progress,,No
6412,1541,81,2025-01-07,Completed,76.0,Yes
6413,1399,7,2025-01-20,Completed,76.0,Yes
6414,2400,4,2025-12-16,Completed,96.0,Yes
6415,198,69,2025-03-11,Completed,67.0,No
6416,1965,30,2025-11-16,Completed,81.0,Yes
6417,959,88,2025-05-14,Completed,94.0,Yes
6418,390,91,2024-09-25,Completed,70.0,No
6419,1678,85,2025-07-21,Completed,98.0,Yes
6420,698,84,2024-02-10,Completed,78.0,Yes
6421,2108,100,2024-08-19,Completed,77.0,Yes
6422,2745,79,2025-04-08,Completed,99.0,Yes
6423,1519,57,2024-10-05,Completed,97.0,Yes
6424,2009,43,2024-03-02,Completed,83.0,Yes
6425,1428,97,2025-08-16,Completed,96.0,Yes
6426,456,76,2024-05-20,Completed,93.0,Yes
6427,293,57,2024-08-04,Completed,69.0,No
6428,2995,69,2024-09-23,Completed,89.0,Yes
6429,304,18,2024-12-25,Completed,100.0,Yes
6430,769,82,2024-09-23,Completed,94.0,Yes
6431,336,60,2024-10-11,Completed,88.0,Yes
6432,2379,68,2025-12-18,Completed,81.0,Yes
6433,1347,13,2024-08-23,Completed,76.0,Yes
6434,1743,64,2025-04-06,Completed,73.0,No
6435,2143,51,2024-09-11,Completed,70.0,No
6436,430,11,2025-03-29,Not Completed,,No
6437,2615,4,2025-01-14,Completed,73.0,No
6438,1400,97,2024-10-08,Completed,92.0,Yes
6439,468,100,2024-06-05,Completed,94.0,Yes
6440,2498,63,2024-01-01,Completed,75.0,Yes
6441,327,36,2025-08-07,In Progress,,No
6442,1379,74,2024-12-24,In Progress,,No
6443,2529,85,2024-04-16,Completed,61.0,No
6444,2950,74,2024-10-30,In Progress,,No
6445,432,57,2024-04-22,Completed,70.0,No
6446,1518,41,2024-08-17,Completed,63.0,No
6447,1733,75,2025-03-10,Completed,87.0,Yes
6448,367,81,2024-12-22,Completed,83.0,Yes
6449,1283,96,2025-06-27,In Progress,,No
6450,2957,60,2025-10-11,Completed,61.0,No
6451,49,99,2024-09-18,Not Completed,,No
6452,1305,25,2025-08-31,In Progress,,No
6453,82,96,2024-07-27,Completed,85.0,Yes
6454,2358,31,2024-11-12,Completed,67.0,No
6455,43,32,2024-11-24,Completed,65.0,No
6456,2182,17,2024-11-25,Not Completed,,No
6457,1943,40,2025-06-02,In Progress,,No
6458,1432,16,2024-12-05,Completed,80.0,Yes
6459,174,74,2024-11-03,Completed,87.0,Yes
6460,1344,69,2025-02-06,Completed,93.0,Yes
6461,2938,16,2024-01-04,Completed,92.0,Yes
6462,250,18,2024-11-08,Completed,80.0,Yes
6463,847,52,2025-11-27,Completed,89.0,Yes
6464,2856,68,2024-05-29,Completed,81.0,Yes
6465,1647,18,2025-10-04,Completed,84.0,Yes
6466,324,28,2024-11-01,In Progress,,No
6467,2952,77,2024-04-03,Completed,92.0,Yes
6468,857,46,2025-07-31,Completed,75.0,Yes
6469,248,91,2024-05-02,Completed,99.0,Yes
6470,2231,42,2025-03-07,Completed,81.0,Yes
6471,1763,12,2024-04-20,Not Completed,,No
6472,1845,86,2025-07-24,Completed,78.0,Yes
6473,1581,49,2024-11-10,Completed,81.0,Yes
6474,2327,24,2025-05-26,Completed,91.0,Yes
6475,415,49,2024-05-06,Completed,67.0,No
6476,2781,79,2024-11-25,Completed,85.0,Yes
6477,2082,31,2024-10-06,Completed,68.0,No
6478,1872,4,2025-12-11,Completed,71.0,No
6479,2232,77,2025-02-10,In Progress,,No
6480,1679,1,2024-11-20,Completed,84.0,Yes
6481,1209,23,2025-04-19,Completed,75.0,Yes
6482,1045,33,2024-05-14,Completed,84.0,Yes
6483,314,5,2024-10-03,Completed,86.0,Yes
6484,2554,90,2024-04-27,In Progress,,No
6485,2600,27,2024-10-14,Completed,80.0,Yes
6486,1228,53,2025-10-21,Completed,100.0,Yes
6487,176,48,2024-06-14,In Progress,,No
6488,154,25,2025-03-02,Not Completed,,No
6489,6,18,2024-03-19,Completed,94.0,Yes
6490,34,34,2024-12-08,Completed,73.0,No
6491,855,55,2024-01-23,Completed,86.0,Yes
6492,420,34,2025-08-05,Completed,92.0,Yes
6493,1857,15,2024-02-07,Completed,77.0,Yes
6494,942,76,2025-04-17,Completed,97.0,Yes
6495,89,74,2025-08-15,Completed,73.0,No
6496,1714,64,2025-05-17,Completed,62.0,No
6497,2567,89,2025-06-11,Completed,98.0,Yes
6498,2334,23,2024-11-17,In Progress,,No
6499,1140,79,2025-06-04,Completed,94.0,Yes
6500,1311,97,2025-10-28,Completed,77.0,Yes
6501,459,91,2024-11-16,Not Completed,,No
6502,2203,96,2024-05-29,Completed,81.0,Yes
6503,557,63,2025-07-18,In Progress,,No
6504,806,3,2025-03-31,Completed,77.0,Yes
6505,2265,72,2025-09-19,Completed,87.0,Yes
6506,433,97,2024-06-12,Not Completed,,No
6507,2953,99,2024-03-20,Completed,77.0,Yes
6508,832,40,2024-09-18,In Progress,,No
6509,2420,65,2024-03-31,In Progress,,No
6510,2078,64,2025-08-18,Completed,64.0,No
6511,1816,84,2024-08-11,Completed,90.0,Yes
6512,912,94,2025-01-13,Completed,92.0,Yes
6513,1164,98,2024-10-14,Completed,85.0,Yes
6514,1029,13,2025-04-05,Completed,60.0,No
6515,2479,2,2024-10-13,Completed,60.0,No
6516,1430,25,2025-10-17,Completed,67.0,No
6517,1717,3,2024-03-01,Completed,100.0,Yes
6518,1622,18,2025-11-01,Completed,68.0,No
6519,162,34,2024-08-31,Completed,70.0,No
6520,953,11,2025-08-26,Completed,70.0,No
6521,1845,60,2025-09-02,Completed,82.0,Yes
6522,1145,9,2025-03-06,Completed,77.0,Yes
6523,2825,76,2024-10-13,Completed,91.0,Yes
6524,1115,13,2025-04-29,In Progress,,No
6525,1109,48,2025-02-11,Completed,70.0,No
6526,984,71,2024-10-05,Not Completed,,No
6527,2546,62,2024-03-21,Completed,63.0,No
6528,405,82,2024-03-08,Completed,79.0,Yes
6529,591,97,2025-02-09,In Progress,,No
6530,116,76,2025-03-13,Completed,89.0,Yes
6531,1945,20,2024-08-05,Completed,95.0,Yes
6532,2353,53,2025-06-14,Completed,76.0,Yes
6533,1529,11,2024-11-26,Completed,71.0,No
6534,1223,19,2025-08-08,Not Completed,,No
6535,1086,89,2024-01-14,Completed,60.0,No
6536,707,54,2024-01-21,Completed,73.0,No
6537,2548,7,2025-03-11,Completed,94.0,Yes
6538,1568,68,2024-03-05,Completed,79.0,Yes
6539,882,7,2025-11-17,Completed,84.0,Yes
6540,2238,52,2025-04-29,Completed,69.0,No
6541,230,20,2024-01-07,Completed,70.0,No
6542,2436,43,2025-05-19,Completed,62.0,No
6543,1602,54,2024-02-28,Completed,75.0,Yes
6544,2340,47,2025-09-10,Completed,64.0,No
6545,2390,4,2025-03-03,Completed,94.0,Yes
6546,1949,78,2025-12-19,Completed,89.0,Yes
6547,393,64,2025-03-30,Completed,63.0,No
6548,2307,2,2025-03-29,Completed,81.0,Yes
6549,886,79,2025-06-29,Completed,89.0,Yes
6550,142,84,2025-07-07,Completed,72.0,No
6551,384,14,2025-04-07,Completed,70.0,No
6552,2320,6,2025-02-14,Completed,84.0,Yes
6553,310,84,2024-08-15,Completed,90.0,Yes
6554,761,16,2025-07-09,Completed,69.0,No
6555,1296,91,2024-06-18,Completed,76.0,Yes
6556,459,64,2024-04-23,Completed,86.0,Yes
6557,2242,9,2024-04-02,Completed,70.0,No
6558,1863,33,2024-06-03,Completed,60.0,No
6559,221,19,2025-10-25,Completed,86.0,Yes
6560,1236,38,2025-05-30,In Progress,,No
6561,540,24,2024-01-24,In Progress,,No
6562,2654,51,2025-01-08,Completed,65.0,No
6563,742,28,2025-04-19,Completed,81.0,Yes
6564,1106,97,2025-08-25,In Progress,,No
6565,2390,35,2025-01-30,Completed,61.0,No
6566,1944,24,2024-07-29,Completed,88.0,Yes
6567,853,87,2024-10-07,Completed,61.0,No
6568,1447,41,2024-07-05,Completed,100.0,Yes
6569,1927,53,2024-02-25,Completed,68.0,No
6570,2469,39,2024-11-15,Completed,89.0,Yes
6571,2774,18,2024-11-14,Completed,61.0,No
6572,2835,46,2024-08-04,Completed,82.0,Yes
6573,459,49,2025-02-28,Completed,82.0,Yes
6574,436,74,2024-04-02,Completed,66.0,No
6575,2200,75,2025-01-22,Completed,80.0,Yes
6576,373,22,2024-08-11,In Progress,,No
6577,2214,52,2024-01-31,In Progress,,No
6578,2880,37,2025-02-24,Not Completed,,No
6579,1695,33,2025-10-04,Completed,94.0,Yes
6580,2105,87,2025-02-26,Completed,87.0,Yes
6581,1899,49,2025-10-24,Completed,73.0,No
6582,40,65,2025-04-28,Not Completed,,No
6583,1869,34,2024-09-13,Completed,79.0,Yes
6584,1796,85,2024-09-13,Completed,74.0,No
6585,2313,15,2024-01-02,Completed,65.0,No
6586,1195,80,2025-12-20,Completed,91.0,Yes
6587,536,11,2025-12-30,In Progress,,No
6588,207,52,2025-11-09,Completed,62.0,No
6589,826,51,2025-02-24,Completed,93.0,Yes
6590,524,26,2024-03-31,Completed,100.0,Yes
6591,1142,70,2024-05-21,Completed,74.0,No
6592,1108,58,2025-10-22,Completed,87.0,Yes
6593,161,65,2025-01-05,In Progress,,No
6594,2352,68,2025-12-18,Completed,74.0,No
6595,1769,24,2024-03-13,Completed,77.0,Yes
6596,689,9,2025-10-01,Completed,60.0,No
6597,817,96,2024-06-01,Not Completed,,No
6598,60,46,2024-07-18,Completed,69.0,No
6599,7,27,2024-06-03,In Progress,,No
6600,250,3,2025-10-20,Completed,60.0,No
6601,1544,32,2025-04-27,Completed,93.0,Yes
6602,1858,31,2025-03-06,Completed,85.0,Yes
6603,20,1,2025-09-07,Completed,99.0,Yes
6604,2328,12,2025-03-29,Completed,96.0,Yes
6605,1664,1,2024-06-23,Completed,67.0,No
6606,1575,73,2024-07-25,Completed,65.0,No
6607,624,31,2024-07-16,Completed,100.0,Yes
6608,826,59,2024-02-03,Completed,91.0,Yes
6609,2758,69,2025-04-08,Completed,97.0,Yes
6610,2365,94,2024-11-09,In Progress,,No
6611,184,50,2025-07-15,Completed,99.0,Yes
6612,1230,70,2025-09-16,Completed,81.0,Yes
6613,337,71,2025-02-04,Not Completed,,No
6614,1592,32,2025-02-11,Completed,76.0,Yes
6615,2445,76,2024-03-26,Completed,61.0,No
6616,1021,56,2024-05-29,Completed,74.0,No
6617,2962,32,2025-05-13,Completed,66.0,No
6618,338,13,2025-07-29,Not Completed,,No
6619,1304,12,2025-11-07,Completed,65.0,No
6620,2646,48,2025-03-15,Completed,95.0,Yes
6621,2054,19,2024-02-19,Completed,81.0,Yes
6622,615,3,2025-12-13,Completed,79.0,Yes
6623,2723,2,2025-07-23,Completed,76.0,Yes
6624,1327,98,2024-01-13,Completed,73.0,No
6625,1684,4,2024-08-05,Completed,86.0,Yes
6626,2355,78,2024-06-11,Completed,84.0,Yes
6627,2384,91,2025-07-06,Completed,78.0,Yes
6628,1770,57,2025-08-24,Completed,85.0,Yes
6629,392,8,2024-05-23,Completed,63.0,No
6630,2638,93,2025-04-03,Completed,77.0,Yes
6631,2894,99,2024-01-16,Completed,68.0,No
6632,2821,65,2024-02-08,Completed,65.0,No
6633,2674,29,2024-08-26,Completed,68.0,No
6634,1184,1,2024-06-08,Completed,98.0,Yes
6635,577,5,2024-11-13,Completed,85.0,Yes
6636,287,64,2024-08-01,Completed,92.0,Yes
6637,557,60,2024-11-02,Completed,80.0,Yes
6638,2610,25,2025-09-30,Completed,82.0,Yes
6639,911,45,2024-10-07,Completed,70.0,No
6640,72,2,2025-06-07,Not Completed,,No
6641,2539,13,2025-07-16,Completed,70.0,No
6642,2294,18,2025-12-09,Not Completed,,No
6643,440,71,2024-05-04,Completed,81.0,Yes
6644,285,81,2025-09-20,Completed,86.0,Yes
6645,1341,45,2025-10-08,Completed,100.0,Yes
6646,2727,51,2024-10-26,Completed,78.0,Yes
6647,250,60,2024-01-31,Completed,62.0,No
6648,227,34,2025-12-19,Completed,74.0,No
6649,221,11,2024-12-31,Completed,61.0,No
6650,2140,19,2024-12-24,Completed,75.0,Yes
6651,368,93,2024-07-18,Completed,61.0,No
6652,720,26,2025-04-13,In Progress,,No
6653,521,73,2025-09-08,Not Completed,,No
6654,1750,9,2025-02-02,Completed,100.0,Yes
6655,121,84,2024-05-25,Completed,68.0,No
6656,2181,92,2025-07-22,In Progress,,No
6657,1759,56,2025-04-22,Completed,91.0,Yes
6658,2993,97,2025-07-16,Completed,74.0,No
6659,2972,6,2025-06-29,Completed,84.0,Yes
6660,1252,84,2024-05-14,Not Completed,,No
6661,1802,54,2025-03-20,Completed,69.0,No
6662,2597,39,2024-04-23,Not Completed,,No
6663,439,80,2025-11-03,Completed,61.0,No
6664,29,47,2025-11-17,Completed,75.0,Yes
6665,840,94,2024-08-14,Completed,100.0,Yes
6666,1063,31,2024-02-17,Completed,69.0,No
6667,341,63,2025-06-23,Completed,86.0,Yes
6668,2191,22,2024-05-19,Not Completed,,No
6669,416,96,2024-12-13,Completed,80.0,Yes
6670,2737,24,2024-09-17,Completed,89.0,Yes
6671,2087,51,2024-07-24,Completed,60.0,No
6672,2882,50,2024-02-26,In Progress,,No
6673,2863,52,2024-11-19,In Progress,,No
6674,533,36,2025-08-15,Not Completed,,No
6675,2546,57,2024-02-09,Not Completed,,No
6676,1675,70,2024-03-09,In Progress,,No
6677,2555,38,2025-08-06,Completed,77.0,Yes
6678,2714,21,2024-09-18,Completed,65.0,No
6679,851,47,2025-12-19,Completed,100.0,Yes
6680,446,66,2024-01-01,Completed,86.0,Yes
6681,1980,39,2024-06-17,Completed,96.0,Yes
6682,515,31,2024-06-17,Not Completed,,No
6683,859,40,2025-08-21,Completed,77.0,Yes
6684,1550,71,2025-04-18,Completed,86.0,Yes
6685,618,12,2024-02-24,Completed,67.0,No
6686,1773,33,2025-10-12,Completed,100.0,Yes
6687,671,46,2024-10-11,Completed,82.0,Yes
6688,71,52,2024-03-23,Completed,71.0,No
6689,1160,83,2025-02-11,Completed,77.0,Yes
6690,507,13,2025-09-18,In Progress,,No
6691,2020,100,2025-10-06,Completed,99.0,Yes
6692,329,68,2024-09-04,Completed,95.0,Yes
6693,11,86,2025-05-23,Completed,75.0,Yes
6694,924,44,2025-07-20,Completed,79.0,Yes
6695,2050,65,2024-08-23,Completed,78.0,Yes
6696,2966,9,2024-04-26,In Progress,,No
6697,2404,54,2024-11-26,Completed,77.0,Yes
6698,1660,34,2024-07-06,Completed,85.0,Yes
6699,75,45,2025-07-15,In Progress,,No
6700,413,6,2025-08-20,In Progress,,No
6701,1520,40,2024-08-03,Completed,70.0,No
6702,337,93,2024-01-23,Completed,77.0,Yes
6703,486,91,2025-03-15,Completed,61.0,No
6704,2504,96,2025-04-21,Completed,79.0,Yes
6705,1737,1,2024-05-12,Not Completed,,No
6706,982,64,2024-11-19,In Progress,,No
6707,1578,7,2025-05-30,Completed,92.0,Yes
6708,830,21,2025-12-05,Not Completed,,No
6709,431,77,2025-01-08,Completed,72.0,No
6710,2552,78,2024-06-02,Completed,97.0,Yes
6711,203,11,2024-01-08,In Progress,,No
6712,133,2,2025-02-25,Completed,77.0,Yes
6713,479,31,2024-02-25,Completed,90.0,Yes
6714,406,76,2025-05-01,Completed,91.0,Yes
6715,2672,72,2025-05-08,In Progress,,No
6716,2582,97,2024-02-03,Completed,66.0,No
6717,1454,88,2025-09-12,Completed,69.0,No
6718,2957,65,2024-05-01,Completed,63.0,No
6719,2655,37,2025-06-27,Completed,97.0,Yes
6720,2606,60,2024-03-12,In Progress,,No
6721,1347,47,2024-12-20,In Progress,,No
6722,2576,16,2024-02-23,In Progress,,No
6723,1396,29,2024-07-03,Completed,88.0,Yes
6724,2893,16,2025-06-18,Completed,70.0,No
6725,2287,68,2024-08-11,Completed,70.0,No
6726,2141,96,2025-10-07,Completed,88.0,Yes
6727,1917,77,2024-01-12,Completed,68.0,No
6728,1917,15,2025-08-31,Completed,74.0,No
6729,434,55,2025-12-13,In Progress,,No
6730,455,100,2024-06-30,Completed,92.0,Yes
6731,532,26,2025-08-20,Completed,69.0,No
6732,2596,50,2024-05-07,Completed,97.0,Yes
6733,495,69,2025-01-12,Completed,91.0,Yes
6734,929,6,2025-01-23,Completed,81.0,Yes
6735,2293,14,2024-05-24,Completed,86.0,Yes
6736,29,24,2025-01-25,In Progress,,No
6737,62,87,2024-02-29,Completed,95.0,Yes
6738,1501,46,2024-11-29,Completed,95.0,Yes
6739,129,2,2024-12-29,Completed,92.0,Yes
6740,2741,38,2024-03-22,Completed,76.0,Yes
6741,874,51,2025-06-19,Completed,68.0,No
6742,665,16,2025-10-02,Not Completed,,No
6743,1575,78,2024-10-10,Completed,62.0,No
6744,2259,46,2024-05-08,Completed,84.0,Yes
6745,1064,51,2025-12-26,In Progress,,No
6746,1594,57,2024-09-21,Completed,61.0,No
6747,272,56,2025-09-10,Completed,82.0,Yes
6748,1008,74,2025-06-08,Completed,67.0,No
6749,1494,90,2024-10-14,In Progress,,No
6750,367,42,2025-03-13,Completed,69.0,No
6751,1666,39,2025-12-17,Completed,67.0,No
6752,1591,10,2024-03-11,In Progress,,No
6753,892,26,2024-09-17,Completed,60.0,No
6754,1057,21,2025-06-27,Completed,93.0,Yes
6755,2879,96,2024-12-30,Completed,73.0,No
6756,2205,29,2024-12-26,Completed,99.0,Yes
6757,2220,38,2025-05-12,Completed,78.0,Yes
6758,97,2,2024-05-13,Completed,74.0,No
6759,1742,77,2024-05-17,Completed,66.0,No
6760,306,2,2025-02-25,In Progress,,No
6761,192,19,2024-07-05,Completed,74.0,No
6762,1545,61,2025-04-19,Completed,64.0,No
6763,1590,90,2024-06-13,Completed,95.0,Yes
6764,947,86,2024-10-02,Completed,75.0,Yes
6765,2517,43,2025-04-24,In Progress,,No
6766,372,12,2025-05-03,Completed,95.0,Yes
6767,486,98,2025-11-03,Completed,61.0,No
6768,1723,34,2024-12-26,Completed,91.0,Yes
6769,2010,65,2024-01-28,Completed,69.0,No
6770,2398,55,2025-03-07,In Progress,,No
6771,501,41,2024-06-13,In Progress,,No
6772,1381,42,2024-07-23,Completed,95.0,Yes
6773,561,70,2024-01-24,Completed,67.0,No
6774,2019,43,2024-05-20,Completed,88.0,Yes
6775,549,30,2025-04-21,In Progress,,No
6776,2039,65,2025-11-21,Completed,96.0,Yes
6777,1064,20,2024-03-01,Completed,83.0,Yes
6778,187,98,2025-02-07,Completed,100.0,Yes
6779,1892,21,2024-01-31,Completed,98.0,Yes
6780,78,20,2024-11-26,Completed,84.0,Yes
6781,1783,98,2025-08-01,Completed,78.0,Yes
6782,1148,55,2024-06-01,Completed,83.0,Yes
6783,579,5,2025-03-19,Completed,89.0,Yes
6784,417,4,2025-11-24,Completed,88.0,Yes
6785,2049,60,2025-02-13,Completed,63.0,No
6786,1080,97,2024-07-04,Completed,84.0,Yes
6787,2627,97,2025-12-07,Completed,94.0,Yes
6788,887,13,2024-06-20,Completed,63.0,No
6789,935,68,2024-11-19,Completed,79.0,Yes
6790,1812,38,2025-08-19,Completed,71.0,No
6791,1236,65,2025-02-02,In Progress,,No
6792,2891,59,2024-05-13,In Progress,,No
6793,205,21,2024-07-12,Completed,84.0,Yes
6794,1064,99,2025-09-29,Completed,81.0,Yes
6795,1650,19,2025-09-26,Completed,93.0,Yes
6796,762,72,2024-02-15,In Progress,,No
6797,188,58,2025-12-05,Completed,79.0,Yes
6798,558,2,2025-05-29,Completed,76.0,Yes
6799,2799,27,2024-05-14,Completed,84.0,Yes
6800,2894,27,2024-04-12,Completed,64.0,No
6801,853,94,2025-05-28,In Progress,,No
6802,1950,54,2025-01-05,Completed,85.0,Yes
6803,2473,17,2025-08-22,Completed,82.0,Yes
6804,1767,93,2024-12-20,Completed,93.0,Yes
6805,2488,7,2025-11-21,Completed,90.0,Yes
6806,1079,67,2024-11-13,Completed,61.0,No
6807,2144,51,2024-03-31,In Progress,,No
6808,723,8,2025-06-12,Completed,74.0,No
6809,964,34,2025-11-11,Completed,83.0,Yes
6810,2816,68,2025-06-20,Completed,61.0,No
6811,2474,99,2025-02-20,In Progress,,No
6812,2367,54,2024-10-27,Completed,72.0,No
6813,2442,58,2024-10-31,Completed,80.0,Yes
6814,37,41,2024-04-29,Completed,76.0,Yes
6815,1686,58,2024-02-26,Completed,80.0,Yes
6816,2049,77,2025-08-04,Completed,90.0,Yes
6817,2048,91,2025-01-02,In Progress,,No
6818,651,56,2024-04-21,Completed,76.0,Yes
6819,2404,91,2024-09-07,In Progress,,No
6820,989,68,2024-08-31,In Progress,,No
6821,1954,27,2025-06-09,Completed,71.0,No
6822,534,59,2025-06-08,In Progress,,No
6823,245,91,2025-12-19,Completed,71.0,No
6824,1975,14,2025-12-22,Completed,69.0,No
6825,1904,48,2024-05-19,Completed,64.0,No
6826,1745,78,2024-08-12,Completed,91.0,Yes
6827,437,55,2025-07-06,Completed,91.0,Yes
6828,646,79,2024-08-04,Completed,78.0,Yes
6829,1524,15,2024-07-10,In Progress,,No
6830,1656,74,2025-02-22,Completed,95.0,Yes
6831,1536,23,2025-02-23,Completed,62.0,No
6832,1741,75,2024-09-15,In Progress,,No
6833,734,24,2025-07-29,Completed,97.0,Yes
6834,1693,73,2025-01-04,Completed,71.0,No
6835,392,35,2025-11-15,Completed,60.0,No
6836,1101,64,2024-05-09,Completed,85.0,Yes
6837,249,55,2024-07-16,In Progress,,No
6838,1846,60,2024-02-18,Completed,64.0,No
6839,80,28,2025-02-01,In Progress,,No
6840,330,52,2025-12-13,In Progress,,No
6841,1826,100,2024-04-16,In Progress,,No
6842,2807,2,2024-06-01,Completed,81.0,Yes
6843,1193,75,2024-04-17,In Progress,,No
6844,1693,59,2025-05-07,Completed,71.0,No
6845,1544,74,2025-06-03,Completed,77.0,Yes
6846,1805,21,2025-02-13,Completed,67.0,No
6847,1775,31,2025-05-20,Completed,88.0,Yes
6848,22,70,2025-03-16,In Progress,,No
6849,134,95,2025-01-09,Completed,96.0,Yes
6850,1066,8,2024-07-04,Completed,80.0,Yes
6851,2523,94,2025-08-30,Completed,82.0,Yes
6852,1332,14,2024-03-17,Completed,95.0,Yes
6853,2477,29,2025-12-01,Completed,74.0,No
6854,2021,24,2025-03-15,Completed,70.0,No
6855,656,74,2025-01-25,Completed,65.0,No
6856,911,45,2025-04-28,Completed,84.0,Yes
6857,2307,55,2024-08-17,Completed,79.0,Yes
6858,2944,54,2025-12-24,Completed,87.0,Yes
6859,704,59,2025-11-22,Completed,81.0,Yes
6860,2265,83,2025-05-10,In Progress,,No
6861,2409,63,2025-12-23,Completed,73.0,No
6862,2402,48,2025-01-19,Completed,100.0,Yes
6863,2072,70,2025-05-11,Completed,60.0,No
6864,1715,96,2024-01-05,Completed,60.0,No
6865,1691,3,2025-05-24,Completed,83.0,Yes
6866,42,86,2025-01-13,Completed,94.0,Yes
6867,2315,22,2024-11-26,Completed,66.0,No
6868,763,99,2024-03-06,Completed,70.0,No
6869,1226,31,2025-04-21,Completed,83.0,Yes
6870,1062,70,2025-11-07,Completed,77.0,Yes
6871,2396,29,2024-07-29,Completed,62.0,No
6872,1428,25,2024-11-16,Completed,70.0,No
6873,27,22,2024-09-09,Completed,71.0,No
6874,167,20,2024-06-10,Completed,64.0,No
6875,2671,43,2025-11-03,In Progress,,No
6876,465,80,2024-08-17,Completed,63.0,No
6877,927,44,2025-07-23,In Progress,,No
6878,926,52,2025-02-26,Completed,62.0,No
6879,2295,37,2024-12-08,Completed,95.0,Yes
6880,2556,25,2024-01-09,Completed,73.0,No
6881,790,21,2024-03-10,Completed,75.0,Yes
6882,1615,21,2024-06-03,Completed,75.0,Yes
6883,30,69,2025-03-18,Completed,68.0,No
6884,2206,83,2024-02-05,Completed,96.0,Yes
6885,1104,97,2024-04-29,Completed,68.0,No
6886,2375,8,2025-04-24,Completed,70.0,No
6887,2452,51,2025-04-13,Completed,81.0,Yes
6888,2463,79,2024-11-22,Completed,99.0,Yes
6889,483,19,2024-10-22,Completed,63.0,No
6890,1645,26,2025-09-11,Completed,91.0,Yes
6891,1266,76,2025-07-16,Completed,89.0,Yes
6892,269,2,2025-08-28,Completed,70.0,No
6893,1099,83,2024-02-12,Completed,98.0,Yes
6894,1836,44,2025-01-25,Completed,73.0,No
6895,2401,17,2024-03-26,Completed,66.0,No
6896,312,90,2024-02-14,Completed,88.0,Yes
6897,1526,30,2024-08-03,Completed,90.0,Yes
6898,1735,36,2024-10-14,Completed,68.0,No
6899,2736,66,2025-12-13,Completed,69.0,No
6900,1032,50,2025-02-25,Completed,85.0,Yes
6901,2873,4,2024-05-14,Completed,69.0,No
6902,1744,16,2025-06-08,In Progress,,No
6903,109,1,2025-01-12,Completed,74.0,No
6904,2703,95,2024-11-29,Completed,70.0,No
6905,1101,41,2025-12-02,In Progress,,No
6906,1108,8,2024-06-27,In Progress,,No
6907,258,46,2024-06-14,Completed,66.0,No
6908,1453,2,2025-01-11,Completed,81.0,Yes
6909,860,93,2024-01-16,Completed,77.0,Yes
6910,2384,82,2025-08-29,Completed,66.0,No
6911,2729,7,2025-02-21,Completed,75.0,Yes
6912,1988,76,2025-05-08,Completed,88.0,Yes
6913,1069,60,2025-12-07,Completed,68.0,No
6914,1534,89,2024-06-10,Completed,68.0,No
6915,629,12,2025-08-27,Completed,68.0,No
6916,2901,33,2024-11-02,Completed,75.0,Yes
6917,2869,70,2024-03-31,Completed,80.0,Yes
6918,739,95,2025-05-08,Completed,97.0,Yes
6919,31,39,2024-03-28,In Progress,,No
6920,2018,6,2025-03-07,Completed,90.0,Yes
6921,1566,74,2025-09-30,Completed,100.0,Yes
6922,961,97,2024-11-28,Completed,73.0,No
6923,2287,56,2025-04-04,Completed,97.0,Yes
6924,2530,8,2025-11-13,Completed,82.0,Yes
6925,2935,70,2025-11-07,Completed,89.0,Yes
6926,1127,8,2024-10-04,Completed,87.0,Yes
6927,1367,82,2025-01-13,In Progress,,No
6928,2160,68,2024-04-20,Completed,82.0,Yes
6929,704,100,2025-02-25,Completed,94.0,Yes
6930,2911,62,2024-06-30,Completed,87.0,Yes
6931,74,95,2025-05-23,Completed,71.0,No
6932,1976,17,2025-05-04,Completed,85.0,Yes
6933,1485,40,2025-03-02,Completed,70.0,No
6934,2612,41,2025-02-05,In Progress,,No
6935,2399,51,2025-01-11,Completed,65.0,No
6936,708,24,2024-06-29,Completed,70.0,No
6937,36,97,2025-12-22,In Progress,,No
6938,1445,94,2025-08-25,Completed,71.0,No
6939,1662,22,2025-12-22,Completed,100.0,Yes
6940,1832,23,2025-05-27,Completed,79.0,Yes
6941,2413,98,2024-01-11,Completed,72.0,No
6942,2647,2,2024-12-19,Completed,71.0,No
6943,666,32,2024-06-22,Completed,70.0,No
6944,358,37,2025-01-09,In Progress,,No
6945,2434,2,2025-11-22,Completed,71.0,No
6946,2877,84,2024-12-13,Completed,98.0,Yes
6947,2842,57,2024-09-27,Completed,70.0,No
6948,1633,1,2025-01-02,Completed,86.0,Yes
6949,216,75,2025-02-03,Completed,81.0,Yes
6950,759,9,2024-12-06,Completed,72.0,No
6951,2651,6,2024-12-11,Completed,78.0,Yes
6952,2518,10,2025-03-04,Completed,74.0,No
6953,2355,29,2024-12-30,Completed,65.0,No
6954,2207,80,2024-02-01,Completed,72.0,No
6955,1221,60,2025-09-02,Completed,70.0,No
6956,911,49,2025-10-07,Completed,97.0,Yes
6957,2847,6,2024-01-01,In Progress,,No
6958,2167,19,2024-09-15,Completed,61.0,No
6959,1313,52,2025-01-21,Completed,62.0,No
6960,2807,96,2024-04-02,Completed,67.0,No
6961,1942,56,2025-04-30,Completed,63.0,No
6962,1602,37,2024-01-19,In Progress,,No
6963,2922,46,2025-11-23,Completed,93.0,Yes
6964,1334,30,2025-12-12,Completed,96.0,Yes
6965,1112,55,2024-06-24,Completed,72.0,No
6966,2700,19,2024-09-27,Completed,87.0,Yes
6967,2758,15,2025-06-09,In Progress,,No
6968,1681,15,2025-04-02,Completed,72.0,No
6969,1061,37,2024-04-27,Completed,99.0,Yes
6970,1228,18,2024-07-09,Completed,87.0,Yes
6971,2931,13,2024-01-29,In Progress,,No
6972,1179,15,2024-02-04,Completed,77.0,Yes
6973,806,59,2024-09-29,In Progress,,No
6974,2698,50,2025-11-05,Completed,90.0,Yes
6975,1722,97,2025-04-27,Completed,90.0,Yes
6976,1029,78,2025-08-16,Completed,73.0,No
6977,185,36,2024-08-09,Completed,99.0,Yes
6978,285,61,2024-08-12,In Progress,,No
6979,410,66,2025-01-07,Completed,81.0,Yes
6980,355,64,2025-01-18,Completed,61.0,No
6981,774,23,2024-11-15,Completed,96.0,Yes
6982,169,22,2024-12-13,Completed,71.0,No
6983,1824,40,2025-01-24,Completed,74.0,No
6984,319,99,2024-06-16,Completed,77.0,Yes
6985,1101,45,2025-05-18,Completed,74.0,No
6986,805,65,2024-06-29,Completed,81.0,Yes
6987,2346,33,2025-08-05,In Progress,,No
6988,678,46,2025-12-10,Completed,60.0,No
6989,2196,48,2024-02-22,In Progress,,No
6990,561,54,2024-07-06,Completed,84.0,Yes
6991,1151,89,2025-12-02,Completed,62.0,No
6992,2113,56,2024-08-13,Completed,72.0,No
6993,259,84,2024-08-30,Completed,77.0,Yes
6994,2440,44,2024-04-23,Completed,60.0,No
6995,2564,41,2024-11-16,Completed,81.0,Yes
6996,715,12,2024-08-06,Completed,77.0,Yes
6997,961,42,2024-07-07,Completed,77.0,Yes
6998,66,5,2024-11-07,Completed,98.0,Yes
6999,1954,69,2024-03-30,Completed,74.0,No
7000,205,40,2025-02-14,Completed,87.0,Yes
7001,1682,95,2025-07-26,Completed,100.0,Yes
7002,1867,65,2025-12-13,Completed,74.0,No
7003,2141,34,2025-05-18,Not Completed,,No
7004,210,51,2024-03-26,Completed,89.0,Yes
7005,2221,97,2024-04-29,Completed,65.0,No
7006,1703,33,2024-01-20,Completed,82.0,Yes
7007,1915,17,2024-03-18,In Progress,,No
7008,958,52,2025-09-01,Completed,84.0,Yes
7009,1507,85,2024-09-16,Completed,64.0,No
7010,2128,48,2024-12-18,Completed,65.0,No
7011,2495,74,2025-05-03,In Progress,,No
7012,611,58,2025-02-22,Completed,63.0,No
7013,2363,15,2025-03-23,Completed,70.0,No
7014,1262,43,2025-09-11,Completed,93.0,Yes
7015,2662,72,2025-09-12,Completed,89.0,Yes
7016,968,47,2025-08-27,Completed,78.0,Yes
7017,137,44,2024-05-28,Completed,87.0,Yes
7018,934,91,2025-03-22,In Progress,,No
7019,1741,76,2024-01-13,Completed,77.0,Yes
7020,111,51,2024-12-20,Completed,73.0,No
7021,2728,28,2025-12-02,Completed,88.0,Yes
7022,1930,90,2024-05-16,Completed,85.0,Yes
7023,2245,18,2024-11-04,Completed,67.0,No
7024,1723,53,2024-10-21,Completed,71.0,No
7025,1948,74,2024-07-04,In Progress,,No
7026,2517,3,2024-03-28,Completed,65.0,No
7027,2082,83,2024-06-14,Completed,88.0,Yes
7028,894,65,2024-11-02,Completed,81.0,Yes
7029,192,50,2025-12-11,Completed,98.0,Yes
7030,2346,54,2024-04-02,Completed,73.0,No
7031,2853,66,2025-10-09,Completed,70.0,No
7032,1973,52,2024-05-31,Completed,92.0,Yes
7033,2612,42,2024-01-25,Completed,80.0,Yes
7034,2748,82,2025-10-11,In Progress,,No
7035,570,16,2024-03-15,Completed,68.0,No
7036,1075,83,2024-10-18,Completed,63.0,No
7037,1731,98,2025-03-03,In Progress,,No
7038,2233,52,2025-09-19,Completed,64.0,No
7039,122,53,2025-05-12,Completed,88.0,Yes
7040,251,98,2024-01-09,Completed,71.0,No
7041,2367,87,2025-03-10,Completed,70.0,No
7042,61,61,2024-02-02,In Progress,,No
7043,2382,23,2025-08-18,Completed,97.0,Yes
7044,2522,11,2025-10-13,Completed,92.0,Yes
7045,2198,21,2025-01-16,Completed,96.0,Yes
7046,631,54,2024-09-04,Completed,95.0,Yes
7047,956,60,2025-07-28,Completed,73.0,No
7048,2187,55,2024-06-10,Completed,60.0,No
7049,1262,79,2024-05-26,In Progress,,No
7050,2406,38,2024-12-30,Completed,85.0,Yes
7051,2941,90,2025-05-26,Completed,73.0,No
7052,357,87,2024-03-20,Completed,75.0,Yes
7053,1239,88,2024-01-11,Completed,80.0,Yes
7054,2464,89,2025-09-01,Not Completed,,No
7055,1470,100,2024-10-10,Completed,78.0,Yes
7056,1842,4,2025-11-10,Completed,86.0,Yes
7057,2453,23,2025-10-10,Not Completed,,No
7058,2207,57,2024-01-16,Completed,81.0,Yes
7059,1059,78,2024-01-27,Completed,83.0,Yes
7060,951,72,2024-09-18,Completed,77.0,Yes
7061,1139,85,2025-05-10,In Progress,,No
7062,2857,19,2024-01-30,Completed,63.0,No
7063,1909,93,2024-01-04,Completed,64.0,No
7064,1932,65,2025-01-20,Completed,86.0,Yes
7065,23,50,2024-09-12,In Progress,,No
7066,2717,29,2024-08-15,Completed,77.0,Yes
7067,2643,68,2024-08-02,Completed,81.0,Yes
7068,422,49,2024-09-09,Completed,63.0,No
7069,2380,93,2024-08-21,Completed,76.0,Yes
7070,382,43,2024-08-31,Completed,92.0,Yes
7071,190,15,2025-03-24,Completed,88.0,Yes
7072,640,53,2025-04-15,Completed,98.0,Yes
7073,1828,7,2025-09-03,Completed,62.0,No
7074,2577,70,2025-05-08,Completed,92.0,Yes
7075,269,59,2024-12-15,Completed,100.0,Yes
7076,2166,22,2025-10-09,Completed,69.0,No
7077,2254,23,2025-09-06,Completed,86.0,Yes
7078,1226,68,2025-05-21,Completed,78.0,Yes
7079,2706,3,2024-12-21,Completed,61.0,No
7080,2080,85,2024-11-06,Completed,93.0,Yes
7081,2315,24,2024-07-23,Completed,81.0,Yes
7082,2586,36,2024-03-01,Completed,89.0,Yes
7083,2212,1,2025-04-08,Completed,86.0,Yes
7084,2808,15,2025-09-29,Completed,97.0,Yes
7085,452,22,2025-06-20,Completed,84.0,Yes
7086,1606,17,2024-06-18,Completed,85.0,Yes
7087,2173,18,2024-04-06,Completed,62.0,No
7088,984,80,2024-12-16,In Progress,,No
7089,2604,97,2025-09-09,Completed,63.0,No
7090,1726,25,2025-07-30,In Progress,,No
7091,1150,35,2025-05-16,Completed,76.0,Yes
7092,1563,81,2025-01-13,Completed,98.0,Yes
7093,1369,67,2024-09-30,Completed,76.0,Yes
7094,25,11,2024-09-11,Completed,91.0,Yes
7095,2712,85,2024-02-28,Completed,78.0,Yes
7096,2694,48,2024-01-10,Completed,70.0,No
7097,77,75,2025-03-02,Completed,98.0,Yes
7098,913,59,2024-06-06,Completed,69.0,No
7099,749,71,2024-04-06,Completed,60.0,No
7100,2335,58,2024-11-07,In Progress,,No
7101,1024,79,2024-12-27,Completed,63.0,No
7102,4,17,2024-04-13,Completed,88.0,Yes
7103,1203,32,2025-05-25,In Progress,,No
7104,2826,40,2025-07-18,Completed,68.0,No
7105,911,90,2025-04-15,Completed,82.0,Yes
7106,2054,97,2024-04-05,Completed,76.0,Yes
7107,1801,48,2025-12-11,Completed,94.0,Yes
7108,2784,3,2025-05-25,Completed,77.0,Yes
7109,1639,90,2025-02-02,Not Completed,,No
7110,2240,19,2024-04-04,Completed,92.0,Yes
7111,1851,64,2024-03-03,Completed,96.0,Yes
7112,1133,92,2024-05-07,Completed,83.0,Yes
7113,810,17,2024-09-27,Completed,69.0,No
7114,1562,52,2024-04-06,Completed,62.0,No
7115,2476,100,2024-09-04,In Progress,,No
7116,1671,37,2025-08-11,Completed,93.0,Yes
7117,1528,75,2025-02-18,Completed,68.0,No
7118,2731,23,2024-02-22,Completed,91.0,Yes
7119,1051,24,2025-03-12,Completed,63.0,No
7120,756,22,2025-04-02,Completed,84.0,Yes
7121,2309,80,2024-10-05,Not Completed,,No
7122,1708,51,2024-08-09,Completed,84.0,Yes
7123,2332,75,2025-05-29,Completed,89.0,Yes
7124,1413,49,2025-07-11,Completed,72.0,No
7125,2461,85,2024-10-05,Completed,97.0,Yes
7126,2409,95,2024-12-16,In Progress,,No
7127,1016,28,2024-07-22,Completed,95.0,Yes
7128,1956,52,2025-11-06,Completed,95.0,Yes
7129,2909,64,2024-09-11,Completed,89.0,Yes
7130,1525,100,2025-01-04,Completed,71.0,No
7131,498,32,2024-04-12,Completed,79.0,Yes
7132,201,67,2025-03-06,Completed,71.0,No
7133,1031,78,2025-07-03,In Progress,,No
7134,392,42,2025-10-17,In Progress,,No
7135,777,98,2025-02-17,Completed,93.0,Yes
7136,517,52,2024-11-03,Completed,69.0,No
7137,273,38,2025-04-01,Completed,60.0,No
7138,1634,19,2025-02-13,Completed,89.0,Yes
7139,2968,96,2024-01-10,In Progress,,No
7140,1250,95,2024-03-26,In Progress,,No
7141,139,37,2025-07-23,Completed,74.0,No
7142,290,28,2025-06-10,Completed,96.0,Yes
7143,837,67,2024-03-01,Completed,61.0,No
7144,2031,42,2024-12-22,In Progress,,No
7145,2227,61,2025-02-22,Completed,100.0,Yes
7146,2511,70,2024-02-13,Completed,97.0,Yes
7147,2750,50,2024-06-22,Completed,80.0,Yes
7148,1216,2,2024-09-23,Completed,68.0,No
7149,228,67,2025-08-18,Completed,69.0,No
7150,951,4,2025-12-29,Completed,81.0,Yes
7151,1748,55,2025-12-07,Completed,91.0,Yes
7152,2550,34,2024-07-23,Completed,66.0,No
7153,1642,17,2025-04-16,Completed,99.0,Yes
7154,2329,100,2025-08-24,In Progress,,No
7155,2659,48,2024-03-09,Completed,62.0,No
7156,18,11,2024-10-14,Completed,68.0,No
7157,1008,81,2025-09-30,Completed,83.0,Yes
7158,1838,79,2025-07-28,In Progress,,No
7159,2156,56,2025-11-10,Completed,66.0,No
7160,627,97,2025-10-09,Completed,90.0,Yes
7161,28,40,2024-03-31,Completed,78.0,Yes
7162,2011,33,2025-08-27,Completed,79.0,Yes
7163,1303,29,2024-12-03,Completed,70.0,No
7164,2690,25,2024-03-16,Not Completed,,No
7165,1294,52,2025-05-11,Completed,99.0,Yes
7166,2033,63,2025-10-29,Completed,63.0,No
7167,301,64,2024-07-17,Completed,70.0,No
7168,1433,8,2024-07-05,Not Completed,,No
7169,2358,98,2025-08-02,Completed,65.0,No
7170,601,89,2025-06-01,Completed,62.0,No
7171,2392,77,2025-03-18,Completed,99.0,Yes
7172,813,67,2024-09-10,Completed,97.0,Yes
7173,1883,6,2024-04-14,Completed,73.0,No
7174,1204,40,2025-04-23,Completed,71.0,No
7175,1174,71,2025-09-09,Completed,88.0,Yes
7176,2021,56,2024-12-31,Completed,77.0,Yes
7177,1704,17,2024-12-20,Completed,94.0,Yes
7178,270,1,2024-10-27,Completed,80.0,Yes
7179,1694,42,2025-10-17,Completed,90.0,Yes
7180,293,61,2025-02-06,Completed,98.0,Yes
7181,1464,12,2025-12-26,Completed,95.0,Yes
7182,2693,22,2025-12-25,Completed,75.0,Yes
7183,2430,45,2025-12-01,In Progress,,No
7184,1571,25,2024-06-18,Completed,82.0,Yes
7185,152,78,2025-04-08,Not Completed,,No
7186,2287,46,2025-11-18,In Progress,,No
7187,1419,70,2024-03-10,Completed,82.0,Yes
7188,1315,58,2024-09-03,Completed,66.0,No
7189,1608,86,2025-08-11,Completed,99.0,Yes
7190,2730,15,2025-06-14,Completed,98.0,Yes
7191,193,83,2025-11-06,In Progress,,No
7192,12,7,2025-03-21,Completed,90.0,Yes
7193,1007,2,2025-02-14,Completed,97.0,Yes
7194,1277,16,2025-02-17,Completed,80.0,Yes
7195,1019,78,2024-11-15,Completed,61.0,No
7196,2916,70,2024-09-11,In Progress,,No
7197,2211,4,2024-01-10,Completed,65.0,No
7198,1568,51,2024-11-09,Completed,97.0,Yes
7199,978,66,2024-03-16,Completed,62.0,No
7200,2272,52,2024-02-03,Completed,94.0,Yes
7201,2574,89,2024-07-01,Completed,77.0,Yes
7202,2188,70,2024-12-01,Completed,88.0,Yes
7203,1318,21,2025-05-24,Completed,85.0,Yes
7204,371,49,2024-07-29,Completed,81.0,Yes
7205,2906,77,2024-06-16,Completed,87.0,Yes
7206,2959,31,2025-10-28,Completed,73.0,No
7207,542,26,2024-07-10,Completed,86.0,Yes
7208,2478,60,2025-03-29,Completed,72.0,No
7209,2061,65,2025-02-04,Completed,61.0,No
7210,1770,63,2025-04-01,In Progress,,No
7211,2288,62,2024-07-25,Completed,98.0,Yes
7212,175,77,2025-12-19,Not Completed,,No
7213,2456,90,2024-01-10,Completed,67.0,No
7214,2961,89,2025-02-10,Completed,94.0,Yes
7215,911,11,2024-05-11,Completed,78.0,Yes
7216,1597,49,2025-12-14,Completed,69.0,No
7217,2201,36,2024-06-24,Completed,81.0,Yes
7218,193,44,2025-08-14,Completed,95.0,Yes
7219,988,24,2025-10-13,Completed,85.0,Yes
7220,2434,84,2025-07-01,Completed,67.0,No
7221,1863,88,2024-04-29,Completed,78.0,Yes
7222,602,3,2024-01-03,Completed,70.0,No
7223,1927,87,2024-01-27,Completed,98.0,Yes
7224,1117,47,2025-11-06,Completed,90.0,Yes
7225,1968,93,2024-08-11,Completed,78.0,Yes
7226,2179,87,2024-02-04,Completed,63.0,No
7227,564,82,2024-03-16,In Progress,,No
7228,328,57,2024-09-21,In Progress,,No
7229,1600,96,2025-09-18,Completed,78.0,Yes
7230,2345,44,2024-08-30,Completed,99.0,Yes
7231,1116,54,2025-07-24,Completed,96.0,Yes
7232,1991,50,2025-11-24,In Progress,,No
7233,542,53,2024-04-04,Not Completed,,No
7234,2880,98,2024-10-26,Completed,80.0,Yes
7235,1489,30,2025-10-26,Completed,60.0,No
7236,565,96,2025-03-06,Not Completed,,No
7237,1234,3,2025-11-29,Completed,94.0,Yes
7238,2276,58,2024-07-28,Completed,91.0,Yes
7239,2118,52,2025-05-01,Completed,84.0,Yes
7240,1612,31,2024-06-04,Completed,63.0,No
7241,978,56,2025-12-13,Completed,85.0,Yes
7242,1520,6,2024-10-30,In Progress,,No
7243,2626,12,2025-03-28,Completed,93.0,Yes
7244,1090,2,2025-07-09,Completed,87.0,Yes
7245,495,2,2025-08-10,Completed,97.0,Yes
7246,2403,6,2025-03-17,In Progress,,No
7247,241,95,2025-02-23,Completed,70.0,No
7248,587,47,2025-03-17,Completed,61.0,No
7249,1075,44,2024-11-16,Completed,98.0,Yes
7250,1885,97,2024-11-18,Completed,72.0,No
7251,2852,77,2024-03-20,Completed,89.0,Yes
7252,2354,84,2024-07-30,Completed,67.0,No
7253,1608,6,2024-08-21,In Progress,,No
7254,1763,6,2025-07-19,Completed,94.0,Yes
7255,1429,64,2025-12-16,Completed,89.0,Yes
7256,2710,42,2024-06-29,In Progress,,No
7257,2582,76,2024-09-11,Completed,77.0,Yes
7258,180,41,2024-02-01,Not Completed,,No
7259,2478,37,2025-09-23,Completed,95.0,Yes
7260,923,66,2025-02-25,Completed,81.0,Yes
7261,67,81,2025-03-28,Completed,95.0,Yes
7262,2439,50,2024-12-03,Completed,95.0,Yes
7263,2169,28,2024-09-14,Completed,82.0,Yes
7264,1353,51,2024-11-28,Completed,78.0,Yes
7265,643,22,2024-08-03,Not Completed,,No
7266,612,16,2024-06-02,Completed,83.0,Yes
7267,215,41,2025-05-24,Completed,91.0,Yes
7268,50,31,2025-12-23,Completed,84.0,Yes
7269,1673,14,2025-10-11,Not Completed,,No
7270,572,40,2025-02-28,In Progress,,No
7271,1834,2,2025-07-09,Completed,61.0,No
7272,632,97,2024-01-12,Completed,100.0,Yes
7273,66,17,2024-01-17,Completed,85.0,Yes
7274,1500,65,2025-10-09,Completed,64.0,No
7275,1534,26,2025-03-04,Completed,64.0,No
7276,1808,30,2024-07-19,Completed,64.0,No
7277,370,55,2025-01-26,Completed,100.0,Yes
7278,1295,55,2024-04-03,Completed,66.0,No
7279,1803,74,2025-09-25,Completed,93.0,Yes
7280,735,33,2024-05-23,Completed,68.0,No
7281,1005,76,2024-08-12,Completed,73.0,No
7282,2324,34,2025-09-26,Completed,88.0,Yes
7283,1083,94,2025-02-20,Completed,84.0,Yes
7284,398,88,2025-03-30,Completed,73.0,No
7285,2845,60,2025-08-29,In Progress,,No
7286,2961,59,2025-01-23,Completed,80.0,Yes
7287,2634,68,2025-12-02,Completed,65.0,No
7288,1630,56,2024-06-10,Completed,94.0,Yes
7289,1231,92,2025-12-17,Not Completed,,No
7290,1760,43,2024-03-29,Completed,73.0,No
7291,2269,31,2025-02-20,Completed,67.0,No
7292,2923,78,2024-12-22,Completed,80.0,Yes
7293,2747,72,2025-01-25,Completed,100.0,Yes
7294,29,48,2025-01-13,Completed,95.0,Yes
7295,761,32,2024-04-21,Completed,63.0,No
7296,2843,62,2025-03-20,Not Completed,,No
7297,2995,12,2024-03-21,In Progress,,No
7298,25,83,2024-05-26,Completed,75.0,Yes
7299,672,4,2025-04-29,Completed,71.0,No
7300,2003,31,2024-05-28,Completed,87.0,Yes
7301,2828,91,2024-11-08,Completed,69.0,No
7302,872,88,2024-06-29,Completed,90.0,Yes
7303,1659,38,2025-02-19,Completed,96.0,Yes
7304,2297,18,2025-01-25,Completed,71.0,No
7305,1618,59,2024-03-05,Completed,70.0,No
7306,2674,24,2024-11-01,Completed,97.0,Yes
7307,1940,31,2025-03-27,Completed,88.0,Yes
7308,917,93,2024-12-11,Completed,70.0,No
7309,2670,19,2024-02-15,Completed,81.0,Yes
7310,2810,24,2025-11-11,Completed,75.0,Yes
7311,1030,89,2025-05-25,Completed,66.0,No
7312,268,55,2025-04-01,Not Completed,,No
7313,718,67,2025-03-12,Completed,74.0,No
7314,871,39,2024-07-03,Completed,68.0,No
7315,2477,76,2024-04-05,Completed,64.0,No
7316,38,87,2024-09-14,Completed,98.0,Yes
7317,345,43,2024-09-04,Completed,80.0,Yes
7318,2827,44,2025-03-09,In Progress,,No
7319,236,57,2025-03-14,Completed,84.0,Yes
7320,2826,78,2025-04-08,Completed,96.0,Yes
7321,2258,29,2025-08-16,Completed,72.0,No
7322,2936,51,2025-04-08,Completed,60.0,No
7323,875,87,2024-05-05,Completed,75.0,Yes
7324,2562,93,2024-08-23,Completed,87.0,Yes
7325,2019,58,2025-12-30,Completed,68.0,No
7326,835,10,2024-07-07,Completed,73.0,No
7327,2867,5,2025-11-11,Completed,92.0,Yes
7328,1646,39,2024-06-09,Not Completed,,No
7329,1815,1,2024-03-02,Completed,61.0,No
7330,215,31,2024-06-24,Completed,83.0,Yes
7331,1373,79,2025-11-25,Completed,62.0,No
7332,2063,39,2025-10-02,Completed,99.0,Yes
7333,348,94,2025-01-09,Completed,78.0,Yes
7334,2623,61,2025-07-12,In Progress,,No
7335,2982,7,2024-05-16,Completed,79.0,Yes
7336,1107,3,2024-02-18,Completed,91.0,Yes
7337,1939,98,2024-06-28,Completed,87.0,Yes
7338,1754,59,2025-01-12,Completed,70.0,No
7339,2332,1,2025-04-02,Completed,83.0,Yes
7340,1761,21,2024-04-28,In Progress,,No
7341,1004,91,2025-04-16,Completed,62.0,No
7342,2714,46,2024-05-14,Completed,92.0,Yes
7343,1075,53,2024-06-07,Completed,85.0,Yes
7344,2350,58,2025-07-28,Completed,78.0,Yes
7345,1990,83,2025-12-28,Completed,98.0,Yes
7346,2142,28,2025-02-21,Completed,66.0,No
7347,2864,99,2024-10-11,Not Completed,,No
7348,2353,70,2024-02-03,Completed,91.0,Yes
7349,317,33,2025-05-06,Completed,98.0,Yes
7350,1751,5,2025-08-20,Completed,92.0,Yes
7351,1291,41,2025-06-14,Completed,99.0,Yes
7352,2447,90,2025-04-05,Completed,78.0,Yes
7353,851,19,2025-12-27,In Progress,,No
7354,1788,38,2025-08-06,In Progress,,No
7355,912,76,2024-04-28,Completed,68.0,No
7356,416,17,2025-03-12,Completed,84.0,Yes
7357,2400,91,2025-06-22,Completed,95.0,Yes
7358,2186,84,2024-08-22,In Progress,,No
7359,1350,79,2025-07-21,Completed,66.0,No
7360,934,33,2025-10-16,Completed,81.0,Yes
7361,748,88,2025-12-18,Completed,64.0,No
7362,564,25,2024-11-08,Completed,70.0,No
7363,2176,91,2024-06-21,In Progress,,No
7364,2039,39,2024-01-31,In Progress,,No
7365,662,44,2024-12-31,Completed,100.0,Yes
7366,2065,90,2024-11-23,Completed,89.0,Yes
7367,2053,68,2024-04-02,Completed,92.0,Yes
7368,840,58,2024-02-04,Completed,68.0,No
7369,2659,62,2025-02-20,Completed,94.0,Yes
7370,1189,9,2024-09-02,Completed,94.0,Yes
7371,1575,90,2024-11-13,Completed,63.0,No
7372,2859,93,2025-08-13,Completed,72.0,No
7373,1642,40,2024-05-07,Completed,83.0,Yes
7374,2456,69,2024-12-08,Completed,96.0,Yes
7375,1111,51,2024-12-23,Not Completed,,No
7376,2111,55,2025-07-21,Completed,80.0,Yes
7377,1104,73,2025-11-14,Completed,99.0,Yes
7378,790,87,2025-05-17,Completed,84.0,Yes
7379,2544,57,2024-01-31,Completed,60.0,No
7380,489,7,2024-10-03,Completed,85.0,Yes
7381,244,74,2024-04-28,In Progress,,No
7382,1709,11,2024-12-29,In Progress,,No
7383,31,13,2024-02-18,Completed,68.0,No
7384,1306,94,2025-03-06,Completed,82.0,Yes
7385,1665,36,2025-04-17,Completed,92.0,Yes
7386,1633,42,2024-03-13,Completed,93.0,Yes
7387,2022,46,2024-10-26,Completed,82.0,Yes
7388,1044,61,2025-08-26,Completed,71.0,No
7389,29,7,2024-07-18,Completed,60.0,No
7390,1383,67,2024-09-23,Completed,88.0,Yes
7391,2175,17,2024-07-30,Completed,86.0,Yes
7392,1464,10,2025-05-04,Completed,63.0,No
7393,1046,42,2025-12-26,Completed,82.0,Yes
7394,1052,39,2025-04-25,Completed,71.0,No
7395,2412,79,2024-05-02,Completed,92.0,Yes
7396,21,19,2025-03-03,Completed,78.0,Yes
7397,827,26,2024-10-28,In Progress,,No
7398,1745,3,2024-02-01,Completed,94.0,Yes
7399,1304,61,2024-01-25,Completed,74.0,No
7400,2991,9,2025-07-27,In Progress,,No
7401,1673,25,2025-05-09,Completed,75.0,Yes
7402,1222,35,2024-08-24,Completed,99.0,Yes
7403,2100,83,2024-03-26,Completed,73.0,No
7404,186,89,2025-03-26,Completed,71.0,No
7405,2215,79,2024-12-31,Completed,63.0,No
7406,125,78,2024-03-26,Completed,74.0,No
7407,284,28,2024-01-16,Completed,77.0,Yes
7408,50,75,2025-06-26,Completed,97.0,Yes
7409,272,78,2024-10-12,Completed,100.0,Yes
7410,2359,63,2024-11-21,Completed,91.0,Yes
7411,1379,20,2024-12-22,Completed,77.0,Yes
7412,860,47,2024-10-03,Completed,67.0,No
7413,2158,2,2024-05-15,Completed,77.0,Yes
7414,1901,27,2024-10-09,Completed,62.0,No
7415,2832,63,2024-08-28,Completed,84.0,Yes
7416,59,74,2024-08-14,Completed,92.0,Yes
7417,2618,29,2024-12-23,Completed,100.0,Yes
7418,1380,75,2024-04-23,Completed,61.0,No
7419,2247,6,2024-12-26,In Progress,,No
7420,5,22,2024-11-06,Completed,87.0,Yes
7421,1108,19,2025-10-08,Completed,76.0,Yes
7422,956,12,2024-06-13,Completed,62.0,No
7423,2460,98,2024-06-15,Completed,93.0,Yes
7424,1149,79,2025-03-07,Completed,93.0,Yes
7425,72,60,2025-05-16,In Progress,,No
7426,630,6,2025-05-17,Completed,79.0,Yes
7427,1803,86,2024-09-30,Completed,96.0,Yes
7428,2182,56,2025-02-06,Completed,78.0,Yes
7429,1497,15,2025-08-25,Completed,99.0,Yes
7430,2104,55,2025-02-04,Completed,64.0,No
7431,2956,21,2024-05-22,Completed,93.0,Yes
7432,2139,97,2024-09-11,Completed,92.0,Yes
7433,1311,83,2024-06-14,Completed,98.0,Yes
7434,2853,66,2025-04-03,Completed,85.0,Yes
7435,1133,14,2024-09-11,In Progress,,No
7436,1003,83,2025-09-21,Completed,70.0,No
7437,1759,4,2025-05-12,Completed,70.0,No
7438,2960,71,2024-03-26,Completed,83.0,Yes
7439,1147,22,2024-12-15,Completed,99.0,Yes
7440,1199,67,2025-04-09,Completed,90.0,Yes
7441,789,90,2025-01-02,Completed,88.0,Yes
7442,745,76,2025-11-15,Completed,85.0,Yes
7443,1522,12,2025-07-30,Completed,65.0,No
7444,2170,98,2025-08-21,Not Completed,,No
7445,2051,20,2024-04-04,Completed,94.0,Yes
7446,1563,47,2024-04-06,Completed,69.0,No
7447,2307,40,2025-03-28,In Progress,,No
7448,2432,3,2024-05-21,Completed,95.0,Yes
7449,626,31,2024-09-14,In Progress,,No
7450,902,84,2024-07-28,Completed,69.0,No
7451,2559,65,2024-07-30,Completed,88.0,Yes
7452,111,20,2024-06-08,In Progress,,No
7453,934,61,2024-02-04,In Progress,,No
7454,232,5,2024-05-03,Completed,96.0,Yes
7455,1296,35,2024-09-21,Completed,87.0,Yes
7456,2927,70,2024-12-14,In Progress,,No
7457,228,86,2025-02-21,Completed,88.0,Yes
7458,1150,60,2025-02-07,In Progress,,No
7459,2380,42,2025-03-31,Not Completed,,No
7460,2569,57,2025-11-24,Completed,64.0,No
7461,1286,26,2025-04-13,Completed,80.0,Yes
7462,2231,70,2024-01-22,Completed,64.0,No
7463,1854,96,2024-01-23,Completed,62.0,No
7464,272,46,2025-03-16,Completed,92.0,Yes
7465,2024,78,2025-10-11,Completed,80.0,Yes
7466,1240,48,2025-07-02,Completed,97.0,Yes
7467,2918,81,2024-06-10,Completed,98.0,Yes
7468,2253,27,2024-11-17,Completed,85.0,Yes
7469,2097,57,2024-09-20,Completed,95.0,Yes
7470,94,20,2025-09-22,Completed,93.0,Yes
7471,2807,62,2024-05-12,Not Completed,,No
7472,975,76,2024-03-21,Completed,69.0,No
7473,739,15,2025-07-28,Completed,66.0,No
7474,2736,78,2025-12-09,In Progress,,No
7475,362,71,2025-04-14,Completed,81.0,Yes
7476,2240,13,2025-09-20,In Progress,,No
7477,2651,70,2024-11-02,Completed,96.0,Yes
7478,2686,98,2024-09-08,Completed,84.0,Yes
7479,109,84,2025-03-12,Completed,68.0,No
7480,29,52,2025-08-31,In Progress,,No
7481,151,16,2024-10-16,Completed,98.0,Yes
7482,541,29,2025-10-26,Completed,97.0,Yes
7483,2415,72,2024-06-24,Completed,69.0,No
7484,2486,30,2024-07-22,Completed,95.0,Yes
7485,2715,56,2024-12-11,Completed,92.0,Yes
7486,1861,6,2024-12-16,Completed,98.0,Yes
7487,182,54,2024-04-25,Completed,80.0,Yes
7488,2094,79,2025-02-22,Completed,89.0,Yes
7489,2989,29,2025-09-12,Completed,93.0,Yes
7490,783,44,2024-09-04,Not Completed,,No
7491,55,63,2025-10-10,Completed,88.0,Yes
7492,700,85,2025-02-08,Completed,66.0,No
7493,894,13,2025-10-20,In Progress,,No
7494,2590,6,2024-01-30,Completed,81.0,Yes
7495,1803,87,2025-10-23,Completed,80.0,Yes
7496,1465,17,2025-03-27,In Progress,,No
7497,1960,80,2025-07-27,Completed,93.0,Yes
7498,2116,36,2024-11-14,Completed,74.0,No
7499,1079,6,2025-10-23,Completed,77.0,Yes
7500,2202,27,2025-11-23,Completed,92.0,Yes
7501,1276,9,2025-09-26,Completed,64.0,No
7502,211,84,2024-11-01,Completed,90.0,Yes
7503,420,97,2025-10-25,In Progress,,No
7504,2655,42,2024-02-27,Completed,74.0,No
7505,813,52,2024-10-09,In Progress,,No
7506,467,42,2025-07-05,Completed,88.0,Yes
7507,2187,78,2025-08-09,Completed,85.0,Yes
7508,2388,82,2024-12-04,Completed,62.0,No
7509,2531,58,2025-06-11,Completed,88.0,Yes
7510,951,82,2024-10-10,Completed,69.0,No
7511,2571,35,2025-10-23,Not Completed,,No
7512,1196,34,2025-01-03,Completed,92.0,Yes
7513,2354,38,2024-07-08,Completed,90.0,Yes
7514,1734,93,2025-10-28,Completed,74.0,No
7515,1222,3,2025-05-27,In Progress,,No
7516,552,79,2025-01-08,Completed,73.0,No
7517,2043,65,2024-11-08,Completed,73.0,No
7518,1455,75,2025-06-24,Completed,67.0,No
7519,1500,58,2024-10-20,In Progress,,No
7520,2464,91,2025-06-30,Completed,70.0,No
7521,957,14,2025-04-06,Completed,88.0,Yes
7522,854,91,2025-02-22,Completed,95.0,Yes
7523,364,43,2024-06-16,Completed,96.0,Yes
7524,2632,21,2024-05-23,Completed,79.0,Yes
7525,929,30,2025-10-11,Not Completed,,No
7526,1540,95,2024-01-12,Completed,65.0,No
7527,1422,81,2024-05-31,Completed,95.0,Yes
7528,1014,75,2024-12-23,Completed,94.0,Yes
7529,99,60,2025-08-28,Completed,84.0,Yes
7530,1229,38,2024-02-08,In Progress,,No
7531,2905,33,2025-07-28,Completed,90.0,Yes
7532,1415,96,2025-01-11,Completed,67.0,No
7533,2232,37,2025-06-14,Completed,82.0,Yes
7534,1995,35,2025-03-05,Completed,100.0,Yes
7535,471,55,2025-03-25,Completed,99.0,Yes
7536,1380,2,2025-11-28,Completed,60.0,No
7537,679,10,2024-09-20,In Progress,,No
7538,1657,73,2024-12-29,Completed,66.0,No
7539,406,30,2024-01-09,Completed,78.0,Yes
7540,1121,86,2024-09-07,Completed,79.0,Yes
7541,2889,76,2024-07-17,Completed,63.0,No
7542,834,89,2025-08-23,Completed,95.0,Yes
7543,1179,4,2024-10-30,Completed,88.0,Yes
7544,2423,93,2025-02-04,Completed,68.0,No
7545,2196,52,2024-06-17,In Progress,,No
7546,989,26,2024-07-28,Completed,100.0,Yes
7547,621,55,2024-07-28,Completed,61.0,No
7548,2599,45,2025-10-26,Not Completed,,No
7549,122,74,2024-12-04,Not Completed,,No
7550,1575,91,2025-09-26,Completed,97.0,Yes
7551,478,72,2025-07-10,In Progress,,No
7552,1703,49,2024-10-20,In Progress,,No
7553,2457,96,2025-11-28,Completed,67.0,No
7554,1696,56,2025-10-13,Completed,86.0,Yes
7555,7,18,2025-12-30,Not Completed,,No
7556,1615,31,2024-05-03,Not Completed,,No
7557,551,17,2025-03-26,Completed,62.0,No
7558,1101,79,2024-01-06,Completed,74.0,No
7559,297,27,2024-01-01,Completed,62.0,No
7560,2269,29,2024-01-01,Completed,87.0,Yes
7561,2000,46,2025-06-03,In Progress,,No
7562,385,61,2025-09-29,Completed,61.0,No
7563,2517,10,2025-02-15,In Progress,,No
7564,1247,36,2024-04-10,Completed,100.0,Yes
7565,493,36,2024-12-01,In Progress,,No
7566,673,28,2024-10-30,Completed,99.0,Yes
7567,257,59,2024-07-07,Completed,82.0,Yes
7568,1477,56,2025-10-15,Completed,85.0,Yes
7569,574,49,2024-03-17,In Progress,,No
7570,451,71,2025-02-03,In Progress,,No
7571,526,49,2024-07-23,Completed,91.0,Yes
7572,2395,97,2024-04-29,Completed,96.0,Yes
7573,2509,82,2025-03-15,Completed,84.0,Yes
7574,647,82,2024-04-16,Completed,97.0,Yes
7575,1539,34,2024-05-26,Completed,88.0,Yes
7576,1224,78,2024-06-19,In Progress,,No
7577,2243,42,2024-11-30,Completed,73.0,No
7578,1371,44,2024-11-20,Completed,71.0,No
7579,1111,100,2024-02-09,Completed,73.0,No
7580,2251,52,2025-05-24,Completed,76.0,Yes
7581,2185,69,2024-07-28,Completed,71.0,No
7582,1232,61,2025-01-30,Completed,60.0,No
7583,271,33,2024-02-02,Completed,74.0,No
7584,1131,49,2025-12-21,In Progress,,No
7585,1532,88,2025-03-17,Completed,65.0,No
7586,811,20,2025-12-27,Completed,97.0,Yes
7587,1068,90,2024-03-13,Completed,67.0,No
7588,2155,67,2024-06-02,Completed,89.0,Yes
7589,876,9,2025-06-08,Completed,80.0,Yes
7590,1186,2,2024-03-28,Completed,60.0,No
7591,999,57,2025-03-14,Completed,78.0,Yes
7592,1741,13,2024-08-02,Completed,87.0,Yes
7593,2861,68,2024-05-28,Completed,63.0,No
7594,2057,7,2024-04-08,In Progress,,No
7595,1968,32,2025-12-03,Completed,94.0,Yes
7596,2386,11,2025-03-01,Completed,73.0,No
7597,1025,30,2025-12-07,Completed,64.0,No
7598,1690,22,2025-06-25,Completed,94.0,Yes
7599,1991,71,2024-03-21,Completed,60.0,No
7600,399,6,2024-02-14,Completed,89.0,Yes
7601,2585,68,2024-07-30,Completed,85.0,Yes
7602,528,43,2025-11-02,Completed,79.0,Yes
7603,1666,83,2024-05-01,Completed,63.0,No
7604,585,55,2025-11-12,Completed,60.0,No
7605,2690,26,2024-12-22,In Progress,,No
7606,1525,34,2025-03-30,Completed,64.0,No
7607,51,52,2025-12-30,Completed,72.0,No
7608,800,7,2025-04-02,Completed,71.0,No
7609,1769,43,2025-03-18,Completed,92.0,Yes
7610,2832,43,2025-03-01,Not Completed,,No
7611,78,87,2025-07-08,In Progress,,No
7612,689,37,2025-07-06,Completed,68.0,No
7613,1185,20,2024-11-19,Completed,66.0,No
7614,1968,5,2025-06-15,Completed,86.0,Yes
7615,1049,41,2024-02-04,Completed,64.0,No
7616,581,3,2024-10-10,Completed,96.0,Yes
7617,1739,32,2024-10-23,Completed,85.0,Yes
7618,577,17,2025-02-16,Completed,93.0,Yes
7619,1139,5,2025-05-29,Completed,68.0,No
7620,951,76,2025-04-04,Completed,80.0,Yes
7621,194,48,2024-04-23,Completed,71.0,No
7622,392,85,2024-12-18,Completed,61.0,No
7623,310,15,2024-12-11,Completed,62.0,No
7624,2189,40,2024-10-19,Completed,76.0,Yes
7625,414,25,2025-10-31,Completed,96.0,Yes
7626,1490,24,2024-09-17,Completed,71.0,No
7627,880,21,2024-05-23,Completed,67.0,No
7628,1042,43,2025-07-19,Completed,98.0,Yes
7629,1687,87,2025-11-02,In Progress,,No
7630,888,39,2025-04-14,Completed,68.0,No
7631,1223,99,2024-03-11,Completed,85.0,Yes
7632,2497,57,2024-08-14,In Progress,,No
7633,710,34,2025-05-15,Completed,60.0,No
7634,1759,25,2024-01-05,Completed,87.0,Yes
7635,2989,75,2025-08-27,Completed,63.0,No
7636,1014,56,2024-05-11,Not Completed,,No
7637,2745,61,2024-10-29,Completed,100.0,Yes
7638,1134,85,2025-09-20,Completed,75.0,Yes
7639,2561,47,2024-09-07,Completed,100.0,Yes
7640,951,46,2024-11-28,Completed,90.0,Yes
7641,1371,89,2024-09-09,Completed,65.0,No
7642,1656,48,2024-05-15,Completed,84.0,Yes
7643,2305,9,2025-12-11,In Progress,,No
7644,646,48,2025-05-27,Completed,84.0,Yes
7645,2093,8,2024-02-25,Completed,100.0,Yes
7646,1706,39,2025-01-30,Completed,86.0,Yes
7647,1514,29,2024-02-24,Completed,90.0,Yes
7648,2859,48,2024-12-19,Completed,97.0,Yes
7649,1110,98,2025-10-04,Completed,88.0,Yes
7650,2732,30,2024-09-09,Completed,80.0,Yes
7651,2378,90,2024-09-16,Completed,95.0,Yes
7652,522,98,2025-10-13,Completed,86.0,Yes
7653,2259,44,2024-10-24,Completed,96.0,Yes
7654,1187,26,2025-06-11,Completed,69.0,No
7655,2897,97,2025-06-13,In Progress,,No
7656,2023,76,2025-02-04,Not Completed,,No
7657,1388,61,2025-04-06,Completed,66.0,No
7658,2642,90,2025-02-20,Completed,89.0,Yes
7659,805,96,2024-06-01,In Progress,,No
7660,1328,35,2025-06-20,Completed,74.0,No
7661,1683,71,2024-01-04,Completed,78.0,Yes
7662,1010,86,2024-07-07,Completed,87.0,Yes
7663,415,51,2024-11-18,Completed,86.0,Yes
7664,1213,73,2025-10-26,Completed,69.0,No
7665,969,79,2024-04-11,Completed,100.0,Yes
7666,2693,10,2024-04-29,Completed,94.0,Yes
7667,920,87,2025-03-08,Completed,82.0,Yes
7668,342,13,2025-07-23,In Progress,,No
7669,2687,26,2024-12-27,Completed,92.0,Yes
7670,120,32,2024-10-03,Completed,65.0,No
7671,1942,17,2024-05-02,Completed,73.0,No
7672,2831,22,2025-03-21,Completed,90.0,Yes
7673,391,36,2025-11-29,Completed,60.0,No
7674,1975,71,2024-07-24,Completed,87.0,Yes
7675,79,72,2024-11-17,In Progress,,No
7676,1584,94,2024-11-04,In Progress,,No
7677,483,17,2025-05-04,Completed,73.0,No
7678,1170,51,2025-11-11,Not Completed,,No
7679,1220,99,2024-08-06,Completed,97.0,Yes
7680,1325,83,2024-03-27,Completed,71.0,No
7681,2369,82,2025-11-02,Completed,69.0,No
7682,1411,97,2025-06-23,Completed,78.0,Yes
7683,2449,14,2024-05-15,Completed,72.0,No
7684,2412,81,2024-08-18,Completed,97.0,Yes
7685,47,28,2025-03-30,In Progress,,No
7686,1075,65,2025-05-03,Completed,96.0,Yes
7687,328,86,2025-05-08,In Progress,,No
7688,2878,50,2025-02-20,Completed,86.0,Yes
7689,1885,12,2024-04-03,Completed,96.0,Yes
7690,2754,4,2024-01-28,Completed,88.0,Yes
7691,919,28,2024-02-23,Completed,95.0,Yes
7692,455,5,2025-05-19,Completed,98.0,Yes
7693,441,22,2025-04-09,Completed,84.0,Yes
7694,113,15,2024-01-25,Completed,96.0,Yes
7695,2326,78,2025-10-08,Completed,75.0,Yes
7696,139,98,2025-03-05,Completed,97.0,Yes
7697,928,30,2025-09-04,Completed,72.0,No
7698,883,61,2024-04-01,Completed,77.0,Yes
7699,1718,62,2024-07-26,In Progress,,No
7700,2809,36,2025-03-27,Completed,73.0,No
7701,1153,6,2025-04-18,Completed,66.0,No
7702,2235,89,2025-01-03,In Progress,,No
7703,292,56,2025-08-08,Completed,63.0,No
7704,155,10,2025-02-12,Completed,73.0,No
7705,2230,12,2025-10-29,Not Completed,,No
7706,1159,75,2025-01-17,Completed,60.0,No
7707,2716,85,2025-09-01,Completed,97.0,Yes
7708,195,40,2025-11-30,Completed,61.0,No
7709,159,20,2024-06-13,Completed,70.0,No
7710,1709,16,2025-04-06,Completed,86.0,Yes
7711,136,96,2025-11-20,Completed,94.0,Yes
7712,2543,78,2024-08-23,Not Completed,,No
7713,592,16,2024-04-07,Completed,78.0,Yes
7714,822,34,2025-01-08,Not Completed,,No
7715,1239,71,2024-02-09,Completed,81.0,Yes
7716,246,27,2024-12-05,Completed,69.0,No
7717,1743,8,2024-02-10,Completed,64.0,No
7718,2750,13,2025-09-26,Completed,96.0,Yes
7719,409,27,2024-09-10,Completed,97.0,Yes
7720,1566,8,2025-08-18,In Progress,,No
7721,406,90,2025-08-16,Completed,90.0,Yes
7722,2030,15,2025-09-08,In Progress,,No
7723,2890,13,2024-08-20,Completed,68.0,No
7724,67,18,2025-01-25,Completed,79.0,Yes
7725,2741,1,2024-08-30,Completed,89.0,Yes
7726,2276,84,2024-03-08,Completed,93.0,Yes
7727,489,17,2024-04-22,Completed,65.0,No
7728,1882,81,2024-03-17,In Progress,,No
7729,1985,90,2025-05-14,Completed,68.0,No
7730,873,56,2024-10-25,Completed,98.0,Yes
7731,1510,63,2025-06-08,Completed,92.0,Yes
7732,769,78,2025-07-01,Completed,87.0,Yes
7733,327,5,2025-05-06,Completed,95.0,Yes
7734,2046,39,2025-04-01,In Progress,,No
7735,2694,49,2025-07-28,Completed,67.0,No
7736,1173,22,2024-05-12,Completed,96.0,Yes
7737,488,45,2024-10-20,Completed,69.0,No
7738,312,91,2024-09-14,Completed,63.0,No
7739,893,43,2024-07-13,Completed,81.0,Yes
7740,2718,56,2025-11-25,Completed,98.0,Yes
7741,760,50,2024-02-20,Not Completed,,No
7742,1038,45,2024-11-12,Completed,95.0,Yes
7743,719,97,2025-07-27,Completed,80.0,Yes
7744,308,1,2024-07-06,Completed,79.0,Yes
7745,1160,63,2025-06-27,Completed,83.0,Yes
7746,2899,60,2024-05-24,Completed,64.0,No
7747,2887,79,2025-07-25,Completed,98.0,Yes
7748,1471,55,2025-04-22,Completed,93.0,Yes
7749,2076,73,2024-06-25,Completed,78.0,Yes
7750,2449,29,2024-09-03,Not Completed,,No
7751,126,48,2024-11-05,Not Completed,,No
7752,2871,94,2025-03-19,Completed,100.0,Yes
7753,1425,85,2024-06-08,Completed,88.0,Yes
7754,853,47,2024-06-10,In Progress,,No
7755,1214,19,2024-06-03,Completed,92.0,Yes
7756,755,58,2025-01-09,In Progress,,No
7757,1867,20,2024-10-11,Completed,65.0,No
7758,2677,47,2025-10-24,Completed,68.0,No
7759,1061,49,2025-05-02,Completed,61.0,No
7760,1952,3,2024-09-02,In Progress,,No
7761,1205,84,2024-01-16,Completed,65.0,No
7762,456,29,2024-08-11,In Progress,,No
7763,2086,83,2024-10-27,Completed,84.0,Yes
7764,1725,24,2025-08-25,Not Completed,,No
7765,1824,100,2025-06-13,Completed,92.0,Yes
7766,22,1,2025-11-04,In Progress,,No
7767,1687,53,2024-03-12,Not Completed,,No
7768,2754,35,2025-02-24,Completed,63.0,No
7769,411,63,2024-11-26,Not Completed,,No
7770,32,61,2025-05-16,Completed,69.0,No
7771,2055,93,2024-01-05,Completed,72.0,No
7772,2702,21,2024-10-26,Completed,82.0,Yes
7773,2262,19,2024-04-15,Completed,69.0,No
7774,635,37,2024-12-26,Completed,95.0,Yes
7775,1930,42,2024-05-18,Completed,77.0,Yes
7776,2155,25,2024-08-21,In Progress,,No
7777,2421,77,2024-05-26,Completed,98.0,Yes
7778,1118,12,2024-06-13,Completed,60.0,No
7779,1098,58,2024-07-01,Completed,95.0,Yes
7780,935,48,2024-04-13,Completed,67.0,No
7781,417,91,2025-05-11,In Progress,,No
7782,1422,86,2024-05-13,Completed,75.0,Yes
7783,796,41,2024-02-27,Completed,80.0,Yes
7784,1815,19,2024-05-19,Not Completed,,No
7785,2426,17,2024-03-22,Completed,93.0,Yes
7786,32,56,2024-12-21,In Progress,,No
7787,2869,86,2025-03-12,Completed,100.0,Yes
7788,2280,6,2024-08-08,Completed,91.0,Yes
7789,2148,31,2025-03-11,Completed,89.0,Yes
7790,71,10,2025-12-14,Completed,94.0,Yes
7791,420,80,2024-02-22,Completed,79.0,Yes
7792,994,39,2024-01-10,Completed,81.0,Yes
7793,518,98,2024-01-15,Completed,81.0,Yes
7794,2687,34,2024-12-21,Completed,66.0,No
7795,1680,59,2025-02-19,Completed,95.0,Yes
7796,528,71,2024-01-21,Completed,100.0,Yes
7797,2628,66,2024-02-17,Completed,65.0,No
7798,915,3,2025-03-26,Completed,99.0,Yes
7799,2039,72,2025-06-21,Completed,82.0,Yes
7800,2760,30,2024-01-16,Completed,61.0,No
7801,473,86,2025-01-26,Completed,97.0,Yes
7802,2707,80,2025-02-19,Completed,74.0,No
7803,1027,31,2025-03-26,Completed,88.0,Yes
7804,1649,77,2024-08-09,In Progress,,No
7805,1360,71,2025-12-07,Completed,80.0,Yes
7806,2020,48,2024-04-26,Completed,82.0,Yes
7807,2859,99,2025-03-09,Completed,79.0,Yes
7808,765,74,2025-06-27,Completed,77.0,Yes
7809,3,54,2025-08-03,In Progress,,No
7810,2321,82,2024-01-09,Completed,87.0,Yes
7811,1472,20,2025-01-11,Completed,79.0,Yes
7812,1758,2,2024-10-16,Completed,94.0,Yes
7813,1592,43,2025-10-25,Completed,63.0,No
7814,957,58,2024-09-30,Completed,75.0,Yes
7815,1819,6,2025-03-03,Completed,83.0,Yes
7816,590,57,2024-01-06,Completed,80.0,Yes
7817,1714,85,2025-02-08,Completed,74.0,No
7818,2408,71,2024-05-19,Completed,79.0,Yes
7819,901,82,2025-01-29,Completed,82.0,Yes
7820,797,62,2024-04-12,Completed,77.0,Yes
7821,2515,21,2024-02-06,Completed,99.0,Yes
7822,1212,35,2024-04-02,Completed,85.0,Yes
7823,739,42,2024-05-29,Completed,91.0,Yes
7824,38,69,2025-01-31,In Progress,,No
7825,985,96,2025-06-02,Completed,71.0,No
7826,714,28,2025-06-23,Completed,76.0,Yes
7827,131,36,2025-07-25,Completed,60.0,No
7828,1261,15,2024-06-03,Completed,68.0,No
7829,1011,51,2024-10-10,Completed,81.0,Yes
7830,2190,44,2025-04-30,Completed,80.0,Yes
7831,2396,4,2024-08-10,Completed,78.0,Yes
7832,2307,49,2025-07-14,Completed,91.0,Yes
7833,674,48,2024-05-24,Completed,77.0,Yes
7834,873,29,2024-08-24,Completed,75.0,Yes
7835,1385,87,2024-09-22,Completed,99.0,Yes
7836,743,29,2025-01-21,Completed,82.0,Yes
7837,1320,82,2025-09-01,In Progress,,No
7838,2152,50,2025-02-07,Completed,68.0,No
7839,83,18,2024-09-06,Completed,77.0,Yes
7840,753,89,2024-12-02,Completed,85.0,Yes
7841,1813,21,2024-11-11,Completed,65.0,No
7842,643,77,2025-12-26,Completed,78.0,Yes
7843,109,39,2025-09-27,Completed,68.0,No
7844,2219,99,2024-08-30,Completed,89.0,Yes
7845,1472,88,2025-05-03,Completed,67.0,No
7846,1664,49,2024-12-14,Completed,71.0,No
7847,21,51,2024-06-07,Completed,90.0,Yes
7848,1454,97,2024-08-06,Completed,68.0,No
7849,497,30,2025-01-17,Completed,73.0,No
7850,185,39,2024-02-20,Completed,92.0,Yes
7851,32,24,2025-03-30,Completed,82.0,Yes
7852,391,86,2024-12-23,Completed,86.0,Yes
7853,2362,31,2024-05-14,Completed,66.0,No
7854,1531,80,2024-06-01,Completed,73.0,No
7855,1996,11,2024-11-27,Completed,98.0,Yes
7856,239,83,2025-06-15,Completed,60.0,No
7857,2655,44,2025-04-15,Completed,97.0,Yes
7858,599,24,2025-12-13,Completed,84.0,Yes
7859,1543,92,2025-04-03,In Progress,,No
7860,2868,64,2025-03-03,Completed,77.0,Yes
7861,1450,77,2025-10-22,Completed,83.0,Yes
7862,2374,80,2024-05-08,Completed,88.0,Yes
7863,585,30,2025-09-01,In Progress,,No
7864,2978,28,2025-12-17,Completed,82.0,Yes
7865,340,50,2024-03-24,Completed,74.0,No
7866,1907,69,2024-12-27,Completed,89.0,Yes
7867,1358,49,2024-02-04,Completed,78.0,Yes
7868,1004,57,2024-02-20,Completed,78.0,Yes
7869,2519,38,2024-07-07,Completed,67.0,No
7870,1445,26,2024-10-10,In Progress,,No
7871,329,86,2025-07-18,Completed,66.0,No
7872,1753,54,2025-08-07,Completed,91.0,Yes
7873,240,45,2025-02-01,Completed,81.0,Yes
7874,2655,98,2025-05-18,Completed,90.0,Yes
7875,109,74,2025-03-07,Completed,68.0,No
7876,2869,83,2025-07-11,Completed,65.0,No
7877,226,53,2025-10-17,Completed,95.0,Yes
7878,246,20,2024-03-08,Completed,99.0,Yes
7879,2766,15,2025-01-14,Completed,64.0,No
7880,2241,88,2025-05-13,Completed,100.0,Yes
7881,99,50,2025-02-15,In Progress,,No
7882,2592,55,2024-08-12,Completed,90.0,Yes
7883,555,20,2025-02-19,Completed,75.0,Yes
7884,505,70,2024-03-09,Completed,91.0,Yes
7885,294,18,2024-12-07,Completed,69.0,No
7886,2117,93,2024-04-29,Completed,100.0,Yes
7887,1506,54,2024-11-07,Completed,92.0,Yes
7888,344,11,2025-09-21,Completed,91.0,Yes
7889,2484,40,2024-10-02,Completed,69.0,No
7890,119,96,2024-08-01,Completed,62.0,No
7891,1007,73,2025-08-22,Completed,81.0,Yes
7892,2855,20,2024-12-09,Completed,96.0,Yes
7893,2880,90,2024-08-03,In Progress,,No
7894,1064,56,2025-09-25,Completed,69.0,No
7895,2058,49,2025-03-20,Completed,100.0,Yes
7896,520,62,2024-08-23,Completed,73.0,No
7897,2923,34,2024-12-31,Completed,94.0,Yes
7898,827,88,2025-01-08,Completed,95.0,Yes
7899,2336,10,2024-07-03,Completed,81.0,Yes
7900,1397,27,2024-01-04,In Progress,,No
7901,572,6,2024-10-20,In Progress,,No
7902,2734,4,2024-05-27,Completed,77.0,Yes
7903,1447,21,2024-12-20,In Progress,,No
7904,1200,24,2025-10-08,Completed,85.0,Yes
7905,1511,9,2025-07-10,Completed,74.0,No
7906,1999,24,2024-05-31,In Progress,,No
7907,1295,45,2024-07-19,Not Completed,,No
7908,2003,47,2025-05-26,Completed,75.0,Yes
7909,1581,79,2025-01-07,Completed,80.0,Yes
7910,1066,68,2024-07-28,Completed,86.0,Yes
7911,2412,55,2024-12-17,Completed,78.0,Yes
7912,2367,37,2025-10-13,Completed,77.0,Yes
7913,89,40,2024-09-06,Completed,67.0,No
7914,1290,1,2024-03-26,Completed,68.0,No
7915,2370,17,2024-07-30,Not Completed,,No
7916,1716,42,2025-08-19,Not Completed,,No
7917,450,19,2025-10-13,Completed,81.0,Yes
7918,223,54,2025-08-13,In Progress,,No
7919,1712,92,2024-03-26,Completed,88.0,Yes
7920,948,95,2025-01-24,Completed,98.0,Yes
7921,2515,57,2024-03-26,Completed,61.0,No
7922,1055,88,2024-10-31,Completed,73.0,No
7923,568,10,2024-01-10,In Progress,,No
7924,1234,56,2025-03-13,Completed,67.0,No
7925,2691,48,2025-07-29,In Progress,,No
7926,763,19,2025-08-05,In Progress,,No
7927,2022,60,2025-07-12,Completed,78.0,Yes
7928,1176,45,2025-07-22,Completed,60.0,No
7929,2962,73,2024-01-23,Not Completed,,No
7930,1531,15,2024-07-18,Completed,68.0,No
7931,1194,90,2025-12-16,In Progress,,No
7932,100,27,2024-04-08,Completed,89.0,Yes
7933,2170,18,2024-04-01,Completed,99.0,Yes
7934,2276,88,2025-12-10,Completed,88.0,Yes
7935,590,100,2025-09-16,In Progress,,No
7936,2643,94,2025-07-28,Completed,88.0,Yes
7937,2841,8,2024-07-25,In Progress,,No
7938,2862,91,2024-05-22,In Progress,,No
7939,2940,51,2025-08-26,Completed,64.0,No
7940,49,51,2025-11-30,Completed,88.0,Yes
7941,900,86,2024-02-27,Completed,100.0,Yes
7942,1747,26,2024-03-12,Completed,93.0,Yes
7943,567,20,2025-05-13,Completed,64.0,No
7944,2950,87,2024-08-10,Completed,63.0,No
7945,1100,17,2025-04-23,Completed,92.0,Yes
7946,2225,27,2024-07-16,Completed,76.0,Yes
7947,1733,58,2025-05-15,Completed,73.0,No
7948,94,66,2024-10-01,Completed,84.0,Yes
7949,2480,52,2025-05-15,Completed,94.0,Yes
7950,352,90,2025-10-19,Completed,100.0,Yes
7951,1375,82,2025-05-24,Completed,60.0,No
7952,1172,56,2024-08-02,Completed,98.0,Yes
7953,2456,18,2024-12-20,In Progress,,No
7954,1718,36,2024-06-14,Completed,83.0,Yes
7955,466,25,2024-12-31,Completed,63.0,No
7956,1514,98,2024-11-15,Completed,99.0,Yes
7957,2310,28,2025-07-03,In Progress,,No
7958,318,14,2025-04-25,Completed,60.0,No
7959,1196,51,2025-08-31,In Progress,,No
7960,2174,92,2024-12-26,Completed,82.0,Yes
7961,2216,7,2025-08-24,Completed,63.0,No
7962,2088,74,2024-09-19,Completed,93.0,Yes
7963,1171,33,2025-03-31,Completed,62.0,No
7964,1155,8,2025-02-06,Completed,63.0,No
7965,1428,52,2024-01-11,Completed,64.0,No
7966,1393,10,2024-07-20,Completed,92.0,Yes
7967,783,67,2024-07-10,Completed,81.0,Yes
7968,1125,66,2025-01-09,Completed,66.0,No
7969,1271,59,2025-12-03,Completed,90.0,Yes
7970,205,26,2024-04-27,Completed,92.0,Yes
7971,50,14,2024-11-28,Completed,100.0,Yes
7972,2115,41,2025-10-20,In Progress,,No
7973,451,63,2025-04-09,Completed,88.0,Yes
7974,1847,71,2025-02-18,In Progress,,No
7975,2492,5,2025-02-18,Completed,65.0,No
7976,2692,14,2024-07-27,Completed,89.0,Yes
7977,2160,89,2024-05-30,Completed,98.0,Yes
7978,1982,90,2025-03-19,Completed,73.0,No
7979,438,47,2025-12-07,Completed,65.0,No
7980,1738,67,2024-09-08,Completed,84.0,Yes
7981,463,11,2025-06-16,Not Completed,,No
7982,1579,57,2025-12-11,Completed,90.0,Yes
7983,828,85,2024-09-15,Completed,93.0,Yes
7984,269,61,2024-03-11,Completed,86.0,Yes
7985,2947,42,2024-11-17,In Progress,,No
7986,1364,69,2024-07-02,In Progress,,No
7987,1047,46,2025-02-11,Completed,72.0,No
7988,2409,45,2025-02-11,Completed,64.0,No
7989,2891,20,2024-07-28,Completed,88.0,Yes
7990,1494,31,2025-05-22,Completed,75.0,Yes
7991,2370,84,2025-08-04,Not Completed,,No
7992,669,37,2024-12-01,Completed,92.0,Yes
7993,2702,19,2024-03-31,Completed,85.0,Yes
7994,1373,72,2024-02-22,Completed,90.0,Yes
7995,2210,35,2024-04-08,Completed,81.0,Yes
7996,1753,71,2024-11-10,In Progress,,No
7997,18,100,2025-11-25,Completed,73.0,No
7998,2112,44,2024-08-20,Completed,69.0,No
7999,733,62,2025-03-27,Completed,89.0,Yes
8000,2427,72,2024-03-29,Completed,87.0,Yes
